solid OpenSCAD_Model
  facet normal -0.699979 -0.139601 -0.700386
    outer loop
      vertex -137.566 -181.063 0.7465778
      vertex -138.841 -181.591 2.1260768
      vertex -137.778 -180 0.7465778
    endloop
  endfacet
  facet normal -0.323503 -0.216148 0.921209
    outer loop
      vertex -135.901 -180.373 15.8078268
      vertex -137.566 -181.063 15.0612268
      vertex -136.964 -181.964 15.0612268
    endloop
  endfacet
  facet normal -0.21618 0.323444 -0.921222
    outer loop
      vertex -135.373 60.9012 0
      vertex -136.964 61.9642 0.7465778
      vertex -136.063 62.5664 0.7465778
    endloop
  endfacet
  facet normal -0.700359 -0.139103 -0.700106
    outer loop
      vertex -138.841 -181.591 2.1260768
      vertex -139.157 -180 2.1260768
      vertex -137.778 -180 0.7465778
    endloop
  endfacet
  facet normal 0.699954 -0.139596 0.700412
    outer loop
      vertex 137.778 -180 15.0612268
      vertex 137.566 -181.063 15.0612268
      vertex 138.841 -181.591 13.6818268
    endloop
  endfacet
  facet normal -0.0757214 -0.381677 -0.921189
    outer loop
      vertex -135 -180.975 0
      vertex -136.063 -182.566 0.7465778
      vertex -135.373 -180.901 0
    endloop
  endfacet
  facet normal 0 -1 0
    outer loop
      vertex -135 -184.904 3.9284768
      vertex 135 -184.904 11.8794268
      vertex -135 -184.904 11.8794268
    endloop
  endfacet
  facet normal 0 -1 -0
    outer loop
      vertex 135 -184.904 11.8794268
      vertex -135 -184.904 3.9284768
      vertex 135 -184.904 3.9284768
    endloop
  endfacet
  facet normal 0 1 -0
    outer loop
      vertex 135 64.9039 3.9284768
      vertex -135 64.9039 11.8794268
      vertex 135 64.9039 11.8794268
    endloop
  endfacet
  facet normal 0 1 0
    outer loop
      vertex -135 64.9039 11.8794268
      vertex 135 64.9039 3.9284768
      vertex -135 64.9039 3.9284768
    endloop
  endfacet
  facet normal -0.593537 -0.396425 -0.700401
    outer loop
      vertex -137.94 -182.94 2.1260768
      vertex -138.841 -181.591 2.1260768
      vertex -136.964 -181.964 0.7465778
    endloop
  endfacet
  facet normal -0.139601 -0.699979 -0.700386
    outer loop
      vertex -135 -182.778 0.7465778
      vertex -136.591 -183.841 2.1260768
      vertex -136.063 -182.566 0.7465778
    endloop
  endfacet
  facet normal -0.396714 0.593557 -0.70022
    outer loop
      vertex -136.063 62.5664 0.7465778
      vertex -136.964 61.9642 0.7465778
      vertex -136.591 63.8409 2.1260768
    endloop
  endfacet
  facet normal -0.195061 0.980791 0
    outer loop
      vertex -135 64.9039 3.9284768
      vertex -136.877 64.5306 11.8794268
      vertex -135 64.9039 11.8794268
    endloop
  endfacet
  facet normal -0.195061 0.980791 0
    outer loop
      vertex -136.877 64.5306 11.8794268
      vertex -135 64.9039 3.9284768
      vertex -136.877 64.5306 3.9284768
    endloop
  endfacet
  facet normal -0.707235 0 -0.706979
    outer loop
      vertex -139.157 -180 2.1260768
      vertex -137.778 60 0.7465778
      vertex -137.778 -180 0.7465778
    endloop
  endfacet
  facet normal -0.707235 0 -0.706979
    outer loop
      vertex -137.778 60 0.7465778
      vertex -139.157 -180 2.1260768
      vertex -139.157 60 2.1260768
    endloop
  endfacet
  facet normal 0.980821 -0.19491 0
    outer loop
      vertex 139.531 -181.877 11.8794268
      vertex 139.904 -180 3.9284768
      vertex 139.904 -180 11.8794268
    endloop
  endfacet
  facet normal 0.980821 -0.19491 0
    outer loop
      vertex 139.904 -180 3.9284768
      vertex 139.531 -181.877 11.8794268
      vertex 139.531 -181.877 3.9284768
    endloop
  endfacet
  facet normal -0.980815 0.19494 0
    outer loop
      vertex -139.904 60 3.9284768
      vertex -139.531 61.8767 11.8794268
      vertex -139.531 61.8767 3.9284768
    endloop
  endfacet
  facet normal -0.980815 0.19494 0
    outer loop
      vertex -139.531 61.8767 11.8794268
      vertex -139.904 60 3.9284768
      vertex -139.904 60 11.8794268
    endloop
  endfacet
  facet normal -0.514634 0.770353 0.376441
    outer loop
      vertex -136.877 64.5306 11.8794268
      vertex -137.94 62.9397 13.6818268
      vertex -136.591 63.8409 13.6818268
    endloop
  endfacet
  facet normal -0.180477 -0.908668 -0.376497
    outer loop
      vertex -135 -184.157 2.1260768
      vertex -136.877 -184.531 3.9284768
      vertex -136.591 -183.841 2.1260768
    endloop
  endfacet
  facet normal -0.381677 -0.0757214 -0.921189
    outer loop
      vertex -135.901 -180.373 0
      vertex -137.566 -181.063 0.7465778
      vertex -135.975 -180 0
    endloop
  endfacet
  facet normal -0.381466 -0.0760778 -0.921247
    outer loop
      vertex -137.566 -181.063 0.7465778
      vertex -137.778 -180 0.7465778
      vertex -135.975 -180 0
    endloop
  endfacet
  facet normal 0 -0.382574 -0.923925
    outer loop
      vertex -135 -182.778 0.7465778
      vertex 135 -180.975 0
      vertex 135 -182.778 0.7465778
    endloop
  endfacet
  facet normal -0 -0.382574 -0.923925
    outer loop
      vertex 135 -180.975 0
      vertex -135 -182.778 0.7465778
      vertex -135 -180.975 0
    endloop
  endfacet
  facet normal 0.831487 -0.555544 0
    outer loop
      vertex 138.468 -183.468 11.8794268
      vertex 139.531 -181.877 3.9284768
      vertex 139.531 -181.877 11.8794268
    endloop
  endfacet
  facet normal 0.831487 -0.555544 0
    outer loop
      vertex 139.531 -181.877 3.9284768
      vertex 138.468 -183.468 11.8794268
      vertex 138.468 -183.468 3.9284768
    endloop
  endfacet
  facet normal 0.382574 0 -0.923925
    outer loop
      vertex 135.975 -180 0
      vertex 137.778 60 0.7465778
      vertex 137.778 -180 0.7465778
    endloop
  endfacet
  facet normal 0.382574 0 -0.923925
    outer loop
      vertex 137.778 60 0.7465778
      vertex 135.975 -180 0
      vertex 135.975 60 0
    endloop
  endfacet
  facet normal 1 -0 0
    outer loop
      vertex 139.904 -180 11.8794268
      vertex 139.904 60 3.9284768
      vertex 139.904 60 11.8794268
    endloop
  endfacet
  facet normal 1 0 0
    outer loop
      vertex 139.904 60 3.9284768
      vertex 139.904 -180 11.8794268
      vertex 139.904 -180 3.9284768
    endloop
  endfacet
  facet normal 0.908614 0.18059 -0.376573
    outer loop
      vertex 139.904 60 3.9284768
      vertex 139.157 60 2.1260768
      vertex 139.531 61.8767 3.9284768
    endloop
  endfacet
  facet normal -0 0.707107 0.707107
    outer loop
      vertex -135 64.1573 13.6818268
      vertex 135 62.7779 15.0612268
      vertex 135 64.1573 13.6818268
    endloop
  endfacet
  facet normal 0 0.707107 0.707107
    outer loop
      vertex 135 62.7779 15.0612268
      vertex -135 64.1573 13.6818268
      vertex -135 62.7779 15.0612268
    endloop
  endfacet
  facet normal -0.323537 0.216122 -0.921203
    outer loop
      vertex -135.901 60.3733 0
      vertex -137.566 61.063 0.7465778
      vertex -136.964 61.9642 0.7465778
    endloop
  endfacet
  facet normal 0.555544 0.831487 -0
    outer loop
      vertex 138.468 63.4676 3.9284768
      vertex 136.877 64.5306 11.8794268
      vertex 138.468 63.4676 11.8794268
    endloop
  endfacet
  facet normal 0.555544 0.831487 0
    outer loop
      vertex 136.877 64.5306 11.8794268
      vertex 138.468 63.4676 3.9284768
      vertex 136.877 64.5306 3.9284768
    endloop
  endfacet
  facet normal 0.700334 -0.139098 0.700131
    outer loop
      vertex 139.157 -180 13.6818268
      vertex 137.778 -180 15.0612268
      vertex 138.841 -181.591 13.6818268
    endloop
  endfacet
  facet normal 0.216186 0.323453 0.921218
    outer loop
      vertex 136.063 62.5664 15.0612268
      vertex 135.373 60.9012 15.8078268
      vertex 136.964 61.9642 15.0612268
    endloop
  endfacet
  facet normal 0.323503 -0.216148 0.921209
    outer loop
      vertex 137.566 -181.063 15.0612268
      vertex 135.901 -180.373 15.8078268
      vertex 136.964 -181.964 15.0612268
    endloop
  endfacet
  facet normal -0.19491 -0.980821 0
    outer loop
      vertex -136.877 -184.531 3.9284768
      vertex -135 -184.904 11.8794268
      vertex -136.877 -184.531 11.8794268
    endloop
  endfacet
  facet normal -0.19491 -0.980821 -0
    outer loop
      vertex -135 -184.904 11.8794268
      vertex -136.877 -184.531 3.9284768
      vertex -135 -184.904 3.9284768
    endloop
  endfacet
  facet normal -0.908679 0.180479 -0.376471
    outer loop
      vertex -139.157 60 2.1260768
      vertex -139.531 61.8767 3.9284768
      vertex -138.841 61.591 2.1260768
    endloop
  endfacet
  facet normal 0.770366 -0.514529 -0.376558
    outer loop
      vertex 139.531 -181.877 3.9284768
      vertex 137.94 -182.94 2.1260768
      vertex 138.841 -181.591 2.1260768
    endloop
  endfacet
  facet normal 0.180562 -0.908619 -0.376575
    outer loop
      vertex 136.877 -184.531 3.9284768
      vertex 135 -184.904 3.9284768
      vertex 135 -184.157 2.1260768
    endloop
  endfacet
  facet normal 0.908619 -0.180562 0.376575
    outer loop
      vertex 139.904 -180 11.8794268
      vertex 139.157 -180 13.6818268
      vertex 139.531 -181.877 11.8794268
    endloop
  endfacet
  facet normal -0.699979 0.139601 -0.700386
    outer loop
      vertex -137.778 60 0.7465778
      vertex -138.841 61.591 2.1260768
      vertex -137.566 61.063 0.7465778
    endloop
  endfacet
  facet normal -0.514634 0.770353 -0.376441
    outer loop
      vertex -136.591 63.8409 2.1260768
      vertex -137.94 62.9397 2.1260768
      vertex -136.877 64.5306 3.9284768
    endloop
  endfacet
  facet normal 0.514529 -0.770366 -0.376558
    outer loop
      vertex 136.877 -184.531 3.9284768
      vertex 136.591 -183.841 2.1260768
      vertex 137.94 -182.94 2.1260768
    endloop
  endfacet
  facet normal -0.908614 0.18059 -0.376573
    outer loop
      vertex -139.157 60 2.1260768
      vertex -139.904 60 3.9284768
      vertex -139.531 61.8767 3.9284768
    endloop
  endfacet
  facet normal -0.770326 -0.51468 -0.376433
    outer loop
      vertex -138.468 -183.468 3.9284768
      vertex -139.531 -181.877 3.9284768
      vertex -137.94 -182.94 2.1260768
    endloop
  endfacet
  facet normal -0.831471 0.555568 0
    outer loop
      vertex -139.531 61.8767 3.9284768
      vertex -138.468 63.4676 11.8794268
      vertex -138.468 63.4676 3.9284768
    endloop
  endfacet
  facet normal -0.831471 0.555568 0
    outer loop
      vertex -138.468 63.4676 11.8794268
      vertex -139.531 61.8767 3.9284768
      vertex -139.531 61.8767 11.8794268
    endloop
  endfacet
  facet normal 0 0.923876 0.382693
    outer loop
      vertex 135 64.9039 11.8794268
      vertex -135 64.1573 13.6818268
      vertex 135 64.1573 13.6818268
    endloop
  endfacet
  facet normal 0 0.923876 0.382693
    outer loop
      vertex -135 64.1573 13.6818268
      vertex 135 64.9039 11.8794268
      vertex -135 64.9039 11.8794268
    endloop
  endfacet
  facet normal 0.908668 -0.180477 0.376497
    outer loop
      vertex 139.157 -180 13.6818268
      vertex 138.841 -181.591 13.6818268
      vertex 139.531 -181.877 11.8794268
    endloop
  endfacet
  facet normal 0.381475 -0.0760797 0.921243
    outer loop
      vertex 137.778 -180 15.0612268
      vertex 135.975 -180 15.8078268
      vertex 137.566 -181.063 15.0612268
    endloop
  endfacet
  facet normal -0.323546 0.216128 0.921199
    outer loop
      vertex -136.964 61.9642 15.0612268
      vertex -137.566 61.063 15.0612268
      vertex -135.901 60.3733 15.8078268
    endloop
  endfacet
  facet normal 0.593537 -0.396425 -0.700401
    outer loop
      vertex 137.94 -182.94 2.1260768
      vertex 136.964 -181.964 0.7465778
      vertex 138.841 -181.591 2.1260768
    endloop
  endfacet
  facet normal -0.323495 -0.216142 -0.921213
    outer loop
      vertex -136.964 -181.964 0.7465778
      vertex -137.566 -181.063 0.7465778
      vertex -135.901 -180.373 0
    endloop
  endfacet
  facet normal -0.324081 -0.215714 0.921107
    outer loop
      vertex -135.901 -180.373 15.8078268
      vertex -136.964 -181.964 15.0612268
      vertex -135.69 -180.69 15.8078268
    endloop
  endfacet
  facet normal 0.216142 -0.323495 -0.921213
    outer loop
      vertex 136.063 -182.566 0.7465778
      vertex 135.373 -180.901 0
      vertex 136.964 -181.964 0.7465778
    endloop
  endfacet
  facet normal 0.381686 -0.0757233 0.921185
    outer loop
      vertex 135.975 -180 15.8078268
      vertex 135.901 -180.373 15.8078268
      vertex 137.566 -181.063 15.0612268
    endloop
  endfacet
  facet normal 0 -0.923803 -0.382868
    outer loop
      vertex -135 -184.157 2.1260768
      vertex 135 -184.904 3.9284768
      vertex -135 -184.904 3.9284768
    endloop
  endfacet
  facet normal 0 -0.923803 -0.382868
    outer loop
      vertex 135 -184.904 3.9284768
      vertex -135 -184.157 2.1260768
      vertex 135 -184.157 2.1260768
    endloop
  endfacet
  facet normal 0.0760797 -0.381475 0.921243
    outer loop
      vertex 135 -180.975 15.8078268
      vertex 135 -182.778 15.0612268
      vertex 136.063 -182.566 15.0612268
    endloop
  endfacet
  facet normal -0.180477 -0.908668 0.376497
    outer loop
      vertex -136.591 -183.841 13.6818268
      vertex -136.877 -184.531 11.8794268
      vertex -135 -184.157 13.6818268
    endloop
  endfacet
  facet normal 0.908668 -0.180477 -0.376497
    outer loop
      vertex 139.531 -181.877 3.9284768
      vertex 138.841 -181.591 2.1260768
      vertex 139.157 -180 2.1260768
    endloop
  endfacet
  facet normal 0.707235 0 -0.706979
    outer loop
      vertex 137.778 -180 0.7465778
      vertex 139.157 60 2.1260768
      vertex 139.157 -180 2.1260768
    endloop
  endfacet
  facet normal 0.707235 0 -0.706979
    outer loop
      vertex 139.157 60 2.1260768
      vertex 137.778 -180 0.7465778
      vertex 137.778 60 0.7465778
    endloop
  endfacet
  facet normal 0.707209 0 0.707004
    outer loop
      vertex 137.778 60 15.0612268
      vertex 139.157 -180 13.6818268
      vertex 139.157 60 13.6818268
    endloop
  endfacet
  facet normal 0.707209 0 0.707004
    outer loop
      vertex 139.157 -180 13.6818268
      vertex 137.778 60 15.0612268
      vertex 137.778 -180 15.0612268
    endloop
  endfacet
  facet normal 0.770366 -0.514529 0.376558
    outer loop
      vertex 138.841 -181.591 13.6818268
      vertex 137.94 -182.94 13.6818268
      vertex 139.531 -181.877 11.8794268
    endloop
  endfacet
  facet normal 0.908679 0.180479 -0.376471
    outer loop
      vertex 139.157 60 2.1260768
      vertex 138.841 61.591 2.1260768
      vertex 139.531 61.8767 3.9284768
    endloop
  endfacet
  facet normal -0.980821 -0.19491 0
    outer loop
      vertex -139.531 -181.877 3.9284768
      vertex -139.904 -180 11.8794268
      vertex -139.904 -180 3.9284768
    endloop
  endfacet
  facet normal -0.980821 -0.19491 0
    outer loop
      vertex -139.904 -180 11.8794268
      vertex -139.531 -181.877 3.9284768
      vertex -139.531 -181.877 11.8794268
    endloop
  endfacet
  facet normal 0 -0.923803 0.382868
    outer loop
      vertex -135 -184.904 11.8794268
      vertex 135 -184.157 13.6818268
      vertex -135 -184.157 13.6818268
    endloop
  endfacet
  facet normal 0 -0.923803 0.382868
    outer loop
      vertex 135 -184.157 13.6818268
      vertex -135 -184.904 11.8794268
      vertex 135 -184.904 11.8794268
    endloop
  endfacet
  facet normal 0.324081 -0.215714 0.921107
    outer loop
      vertex 135.901 -180.373 15.8078268
      vertex 135.69 -180.69 15.8078268
      vertex 136.964 -181.964 15.0612268
    endloop
  endfacet
  facet normal -0.139251 0.700217 0.700217
    outer loop
      vertex -135 64.1573 13.6818268
      vertex -136.591 63.8409 13.6818268
      vertex -135 62.7779 15.0612268
    endloop
  endfacet
  facet normal -0.770366 -0.514529 -0.376558
    outer loop
      vertex -137.94 -182.94 2.1260768
      vertex -139.531 -181.877 3.9284768
      vertex -138.841 -181.591 2.1260768
    endloop
  endfacet
  facet normal -0.593554 0.396493 -0.700348
    outer loop
      vertex -137.566 61.063 0.7465778
      vertex -138.841 61.591 2.1260768
      vertex -136.964 61.9642 0.7465778
    endloop
  endfacet
  facet normal -0.139256 0.700242 -0.700192
    outer loop
      vertex -135 62.7779 0.7465778
      vertex -136.591 63.8409 2.1260768
      vertex -135 64.1573 2.1260768
    endloop
  endfacet
  facet normal 0.180706 0.90867 -0.376382
    outer loop
      vertex 136.591 63.8409 2.1260768
      vertex 135 64.1573 2.1260768
      vertex 136.877 64.5306 3.9284768
    endloop
  endfacet
  facet normal -0.59355 0.396521 -0.700335
    outer loop
      vertex -136.964 61.9642 0.7465778
      vertex -138.841 61.591 2.1260768
      vertex -137.94 62.9397 2.1260768
    endloop
  endfacet
  facet normal -0.555544 0.831487 0
    outer loop
      vertex -136.877 64.5306 3.9284768
      vertex -138.468 63.4676 11.8794268
      vertex -136.877 64.5306 11.8794268
    endloop
  endfacet
  facet normal -0.555544 0.831487 0
    outer loop
      vertex -138.468 63.4676 11.8794268
      vertex -136.877 64.5306 3.9284768
      vertex -138.468 63.4676 3.9284768
    endloop
  endfacet
  facet normal -0.514689 0.770338 0.376397
    outer loop
      vertex -136.877 64.5306 11.8794268
      vertex -138.468 63.4676 11.8794268
      vertex -137.94 62.9397 13.6818268
    endloop
  endfacet
  facet normal 0.396411 -0.593516 0.700427
    outer loop
      vertex 136.964 -181.964 15.0612268
      vertex 136.591 -183.841 13.6818268
      vertex 137.94 -182.94 13.6818268
    endloop
  endfacet
  facet normal 0.700334 0.139098 0.700131
    outer loop
      vertex 138.841 61.591 13.6818268
      vertex 137.778 60 15.0612268
      vertex 139.157 60 13.6818268
    endloop
  endfacet
  facet normal 0.980815 0.19494 0
    outer loop
      vertex 139.904 60 11.8794268
      vertex 139.531 61.8767 3.9284768
      vertex 139.531 61.8767 11.8794268
    endloop
  endfacet
  facet normal 0.980815 0.19494 0
    outer loop
      vertex 139.531 61.8767 3.9284768
      vertex 139.904 60 11.8794268
      vertex 139.904 60 3.9284768
    endloop
  endfacet
  facet normal -0.396558 -0.593519 -0.700341
    outer loop
      vertex -136.591 -183.841 2.1260768
      vertex -136.964 -181.964 0.7465778
      vertex -136.063 -182.566 0.7465778
    endloop
  endfacet
  facet normal -0.324073 -0.215708 -0.921112
    outer loop
      vertex -135.69 -180.69 0
      vertex -136.964 -181.964 0.7465778
      vertex -135.901 -180.373 0
    endloop
  endfacet
  facet normal -0.593519 -0.396558 -0.700341
    outer loop
      vertex -136.964 -181.964 0.7465778
      vertex -138.841 -181.591 2.1260768
      vertex -137.566 -181.063 0.7465778
    endloop
  endfacet
  facet normal 0.51468 -0.770326 -0.376433
    outer loop
      vertex 138.468 -183.468 3.9284768
      vertex 136.877 -184.531 3.9284768
      vertex 137.94 -182.94 2.1260768
    endloop
  endfacet
  facet normal -0.215708 -0.324073 -0.921112
    outer loop
      vertex -135.373 -180.901 0
      vertex -136.964 -181.964 0.7465778
      vertex -135.69 -180.69 0
    endloop
  endfacet
  facet normal -0.139103 -0.700359 -0.700106
    outer loop
      vertex -135 -184.157 2.1260768
      vertex -136.591 -183.841 2.1260768
      vertex -135 -182.778 0.7465778
    endloop
  endfacet
  facet normal 0.0760778 -0.381466 -0.921247
    outer loop
      vertex 136.063 -182.566 0.7465778
      vertex 135 -182.778 0.7465778
      vertex 135 -180.975 0
    endloop
  endfacet
  facet normal 0.51468 -0.770326 0.376433
    outer loop
      vertex 137.94 -182.94 13.6818268
      vertex 136.877 -184.531 11.8794268
      vertex 138.468 -183.468 11.8794268
    endloop
  endfacet
  facet normal 0.555544 -0.831487 0
    outer loop
      vertex 136.877 -184.531 3.9284768
      vertex 138.468 -183.468 11.8794268
      vertex 136.877 -184.531 11.8794268
    endloop
  endfacet
  facet normal 0.555544 -0.831487 0
    outer loop
      vertex 138.468 -183.468 11.8794268
      vertex 136.877 -184.531 3.9284768
      vertex 138.468 -183.468 3.9284768
    endloop
  endfacet
  facet normal 0.923803 0 -0.382868
    outer loop
      vertex 139.904 -180 3.9284768
      vertex 139.157 60 2.1260768
      vertex 139.904 60 3.9284768
    endloop
  endfacet
  facet normal 0.923803 0 -0.382868
    outer loop
      vertex 139.157 60 2.1260768
      vertex 139.904 -180 3.9284768
      vertex 139.157 -180 2.1260768
    endloop
  endfacet
  facet normal 0.923803 -0 0.382868
    outer loop
      vertex 139.157 -180 13.6818268
      vertex 139.904 60 11.8794268
      vertex 139.157 60 13.6818268
    endloop
  endfacet
  facet normal 0.923803 0 0.382868
    outer loop
      vertex 139.904 60 11.8794268
      vertex 139.157 -180 13.6818268
      vertex 139.904 -180 11.8794268
    endloop
  endfacet
  facet normal 0.593554 0.396493 -0.700348
    outer loop
      vertex 137.566 61.063 0.7465778
      vertex 136.964 61.9642 0.7465778
      vertex 138.841 61.591 2.1260768
    endloop
  endfacet
  facet normal 0.908679 0.180479 0.376471
    outer loop
      vertex 139.531 61.8767 11.8794268
      vertex 138.841 61.591 13.6818268
      vertex 139.157 60 13.6818268
    endloop
  endfacet
  facet normal -0.396527 0.593559 0.700324
    outer loop
      vertex -136.591 63.8409 13.6818268
      vertex -137.94 62.9397 13.6818268
      vertex -136.964 61.9642 15.0612268
    endloop
  endfacet
  facet normal 0.195061 0.980791 -0
    outer loop
      vertex 136.877 64.5306 3.9284768
      vertex 135 64.9039 11.8794268
      vertex 136.877 64.5306 11.8794268
    endloop
  endfacet
  facet normal 0.195061 0.980791 0
    outer loop
      vertex 135 64.9039 11.8794268
      vertex 136.877 64.5306 3.9284768
      vertex 135 64.9039 3.9284768
    endloop
  endfacet
  facet normal -0.593533 0.396479 0.700374
    outer loop
      vertex -136.964 61.9642 15.0612268
      vertex -138.841 61.591 13.6818268
      vertex -137.566 61.063 15.0612268
    endloop
  endfacet
  facet normal -1 0 0
    outer loop
      vertex -139.904 -180 3.9284768
      vertex -139.904 60 11.8794268
      vertex -139.904 60 3.9284768
    endloop
  endfacet
  facet normal -1 -0 0
    outer loop
      vertex -139.904 60 11.8794268
      vertex -139.904 -180 3.9284768
      vertex -139.904 -180 11.8794268
    endloop
  endfacet
  facet normal -0.51468 -0.770326 0.376433
    outer loop
      vertex -137.94 -182.94 13.6818268
      vertex -138.468 -183.468 11.8794268
      vertex -136.877 -184.531 11.8794268
    endloop
  endfacet
  facet normal 0.396544 -0.593498 0.700366
    outer loop
      vertex 136.964 -181.964 15.0612268
      vertex 136.063 -182.566 15.0612268
      vertex 136.591 -183.841 13.6818268
    endloop
  endfacet
  facet normal -0.381686 -0.0757233 0.921185
    outer loop
      vertex -135.975 -180 15.8078268
      vertex -137.566 -181.063 15.0612268
      vertex -135.901 -180.373 15.8078268
    endloop
  endfacet
  facet normal -0.396541 0.59358 -0.700299
    outer loop
      vertex -136.964 61.9642 0.7465778
      vertex -137.94 62.9397 2.1260768
      vertex -136.591 63.8409 2.1260768
    endloop
  endfacet
  facet normal -0.700334 -0.139098 0.700131
    outer loop
      vertex -137.778 -180 15.0612268
      vertex -139.157 -180 13.6818268
      vertex -138.841 -181.591 13.6818268
    endloop
  endfacet
  facet normal -0.923803 0 -0.382868
    outer loop
      vertex -139.157 -180 2.1260768
      vertex -139.904 60 3.9284768
      vertex -139.157 60 2.1260768
    endloop
  endfacet
  facet normal -0.923803 -0 -0.382868
    outer loop
      vertex -139.904 60 3.9284768
      vertex -139.157 -180 2.1260768
      vertex -139.904 -180 3.9284768
    endloop
  endfacet
  facet normal -0.382574 0 -0.923925
    outer loop
      vertex -137.778 -180 0.7465778
      vertex -135.975 60 0
      vertex -135.975 -180 0
    endloop
  endfacet
  facet normal -0.382574 0 -0.923925
    outer loop
      vertex -135.975 60 0
      vertex -137.778 -180 0.7465778
      vertex -137.778 60 0.7465778
    endloop
  endfacet
  facet normal -0.514689 0.770338 -0.376397
    outer loop
      vertex -137.94 62.9397 2.1260768
      vertex -138.468 63.4676 3.9284768
      vertex -136.877 64.5306 3.9284768
    endloop
  endfacet
  facet normal -0.700359 0.139103 -0.700106
    outer loop
      vertex -137.778 60 0.7465778
      vertex -139.157 60 2.1260768
      vertex -138.841 61.591 2.1260768
    endloop
  endfacet
  facet normal -0.0760015 0.381542 0.921222
    outer loop
      vertex -135 60.9755 15.8078268
      vertex -136.063 62.5664 15.0612268
      vertex -135.373 60.9012 15.8078268
    endloop
  endfacet
  facet normal -0.323802 0.215936 0.921154
    outer loop
      vertex -135.69 60.6897 15.8078268
      vertex -136.964 61.9642 15.0612268
      vertex -135.901 60.3733 15.8078268
    endloop
  endfacet
  facet normal -0.593529 0.396508 0.700361
    outer loop
      vertex -137.94 62.9397 13.6818268
      vertex -138.841 61.591 13.6818268
      vertex -136.964 61.9642 15.0612268
    endloop
  endfacet
  facet normal 0.514689 0.770338 0.376397
    outer loop
      vertex 138.468 63.4676 11.8794268
      vertex 136.877 64.5306 11.8794268
      vertex 137.94 62.9397 13.6818268
    endloop
  endfacet
  facet normal 0.831471 0.555568 0
    outer loop
      vertex 139.531 61.8767 11.8794268
      vertex 138.468 63.4676 3.9284768
      vertex 138.468 63.4676 11.8794268
    endloop
  endfacet
  facet normal 0.831471 0.555568 0
    outer loop
      vertex 138.468 63.4676 3.9284768
      vertex 139.531 61.8767 11.8794268
      vertex 139.531 61.8767 3.9284768
    endloop
  endfacet
  facet normal -0.216142 -0.323495 -0.921213
    outer loop
      vertex -136.063 -182.566 0.7465778
      vertex -136.964 -181.964 0.7465778
      vertex -135.373 -180.901 0
    endloop
  endfacet
  facet normal 0 0.382683 -0.92388
    outer loop
      vertex -135 60.9755 0
      vertex 135 62.7779 0.7465778
      vertex 135 60.9755 0
    endloop
  endfacet
  facet normal 0 0.382683 -0.92388
    outer loop
      vertex 135 62.7779 0.7465778
      vertex -135 60.9755 0
      vertex -135 62.7779 0.7465778
    endloop
  endfacet
  facet normal 0.139098 -0.700334 0.700131
    outer loop
      vertex 135 -182.778 15.0612268
      vertex 135 -184.157 13.6818268
      vertex 136.591 -183.841 13.6818268
    endloop
  endfacet
  facet normal -0.381718 0.0756688 0.921176
    outer loop
      vertex -135.901 60.3733 15.8078268
      vertex -137.566 61.063 15.0612268
      vertex -135.975 60 15.8078268
    endloop
  endfacet
  facet normal -0.699954 0.139596 0.700412
    outer loop
      vertex -137.566 61.063 15.0612268
      vertex -138.841 61.591 13.6818268
      vertex -137.778 60 15.0612268
    endloop
  endfacet
  facet normal 0 -0.382584 0.923921
    outer loop
      vertex -135 -180.975 15.8078268
      vertex 135 -182.778 15.0612268
      vertex 135 -180.975 15.8078268
    endloop
  endfacet
  facet normal 0 -0.382584 0.923921
    outer loop
      vertex 135 -182.778 15.0612268
      vertex -135 -180.975 15.8078268
      vertex -135 -182.778 15.0612268
    endloop
  endfacet
  facet normal -0.139098 -0.700334 0.700131
    outer loop
      vertex -135 -182.778 15.0612268
      vertex -136.591 -183.841 13.6818268
      vertex -135 -184.157 13.6818268
    endloop
  endfacet
  facet normal 0.19491 -0.980821 0
    outer loop
      vertex 135 -184.904 3.9284768
      vertex 136.877 -184.531 11.8794268
      vertex 135 -184.904 11.8794268
    endloop
  endfacet
  facet normal 0.19491 -0.980821 0
    outer loop
      vertex 136.877 -184.531 11.8794268
      vertex 135 -184.904 3.9284768
      vertex 136.877 -184.531 3.9284768
    endloop
  endfacet
  facet normal 0.770326 -0.51468 -0.376433
    outer loop
      vertex 138.468 -183.468 3.9284768
      vertex 137.94 -182.94 2.1260768
      vertex 139.531 -181.877 3.9284768
    endloop
  endfacet
  facet normal 0.770326 -0.51468 0.376433
    outer loop
      vertex 139.531 -181.877 11.8794268
      vertex 137.94 -182.94 13.6818268
      vertex 138.468 -183.468 11.8794268
    endloop
  endfacet
  facet normal 0.396425 -0.593537 -0.700401
    outer loop
      vertex 137.94 -182.94 2.1260768
      vertex 136.591 -183.841 2.1260768
      vertex 136.964 -181.964 0.7465778
    endloop
  endfacet
  facet normal 0.381466 -0.0760778 -0.921247
    outer loop
      vertex 137.566 -181.063 0.7465778
      vertex 135.975 -180 0
      vertex 137.778 -180 0.7465778
    endloop
  endfacet
  facet normal -0.0759996 0.381532 -0.921226
    outer loop
      vertex -135.373 60.9012 0
      vertex -136.063 62.5664 0.7465778
      vertex -135 60.9755 0
    endloop
  endfacet
  facet normal -0.215979 0.323713 -0.921175
    outer loop
      vertex -135.69 60.6897 0
      vertex -136.964 61.9642 0.7465778
      vertex -135.373 60.9012 0
    endloop
  endfacet
  facet normal 0.908619 -0.180562 -0.376575
    outer loop
      vertex 139.531 -181.877 3.9284768
      vertex 139.157 -180 2.1260768
      vertex 139.904 -180 3.9284768
    endloop
  endfacet
  facet normal 0.593498 -0.396544 0.700366
    outer loop
      vertex 137.566 -181.063 15.0612268
      vertex 136.964 -181.964 15.0612268
      vertex 138.841 -181.591 13.6818268
    endloop
  endfacet
  facet normal 0.593516 -0.396411 0.700427
    outer loop
      vertex 138.841 -181.591 13.6818268
      vertex 136.964 -181.964 15.0612268
      vertex 137.94 -182.94 13.6818268
    endloop
  endfacet
  facet normal 0.700359 0.139103 -0.700106
    outer loop
      vertex 139.157 60 2.1260768
      vertex 137.778 60 0.7465778
      vertex 138.841 61.591 2.1260768
    endloop
  endfacet
  facet normal 0.323546 0.216128 0.921199
    outer loop
      vertex 136.964 61.9642 15.0612268
      vertex 135.901 60.3733 15.8078268
      vertex 137.566 61.063 15.0612268
    endloop
  endfacet
  facet normal -0.180716 0.908664 0.376392
    outer loop
      vertex -135 64.9039 11.8794268
      vertex -136.877 64.5306 11.8794268
      vertex -135 64.1573 13.6818268
    endloop
  endfacet
  facet normal 0.382584 0 0.923921
    outer loop
      vertex 135.975 60 15.8078268
      vertex 137.778 -180 15.0612268
      vertex 137.778 60 15.0612268
    endloop
  endfacet
  facet normal 0.382584 0 0.923921
    outer loop
      vertex 137.778 -180 15.0612268
      vertex 135.975 60 15.8078268
      vertex 135.975 -180 15.8078268
    endloop
  endfacet
  facet normal -0.831487 -0.555544 0
    outer loop
      vertex -138.468 -183.468 3.9284768
      vertex -139.531 -181.877 11.8794268
      vertex -139.531 -181.877 3.9284768
    endloop
  endfacet
  facet normal -0.831487 -0.555544 0
    outer loop
      vertex -139.531 -181.877 11.8794268
      vertex -138.468 -183.468 3.9284768
      vertex -138.468 -183.468 11.8794268
    endloop
  endfacet
  facet normal -0.51468 -0.770326 -0.376433
    outer loop
      vertex -136.877 -184.531 3.9284768
      vertex -138.468 -183.468 3.9284768
      vertex -137.94 -182.94 2.1260768
    endloop
  endfacet
  facet normal -0.770326 -0.51468 0.376433
    outer loop
      vertex -137.94 -182.94 13.6818268
      vertex -139.531 -181.877 11.8794268
      vertex -138.468 -183.468 11.8794268
    endloop
  endfacet
  facet normal -0.699954 -0.139596 0.700412
    outer loop
      vertex -137.778 -180 15.0612268
      vertex -138.841 -181.591 13.6818268
      vertex -137.566 -181.063 15.0612268
    endloop
  endfacet
  facet normal -0.77034 0.514626 0.376478
    outer loop
      vertex -137.94 62.9397 13.6818268
      vertex -139.531 61.8767 11.8794268
      vertex -138.841 61.591 13.6818268
    endloop
  endfacet
  facet normal -0.770319 0.514708 0.376411
    outer loop
      vertex -138.468 63.4676 11.8794268
      vertex -139.531 61.8767 11.8794268
      vertex -137.94 62.9397 13.6818268
    endloop
  endfacet
  facet normal -0.908614 0.18059 0.376573
    outer loop
      vertex -139.531 61.8767 11.8794268
      vertex -139.904 60 11.8794268
      vertex -139.157 60 13.6818268
    endloop
  endfacet
  facet normal -0.707209 0 0.707004
    outer loop
      vertex -139.157 60 13.6818268
      vertex -137.778 -180 15.0612268
      vertex -137.778 60 15.0612268
    endloop
  endfacet
  facet normal -0.707209 0 0.707004
    outer loop
      vertex -137.778 -180 15.0612268
      vertex -139.157 60 13.6818268
      vertex -139.157 -180 13.6818268
    endloop
  endfacet
  facet normal -0.381475 -0.0760797 0.921243
    outer loop
      vertex -135.975 -180 15.8078268
      vertex -137.778 -180 15.0612268
      vertex -137.566 -181.063 15.0612268
    endloop
  endfacet
  facet normal -0.0757233 -0.381686 0.921185
    outer loop
      vertex -135.373 -180.901 15.8078268
      vertex -136.063 -182.566 15.0612268
      vertex -135 -180.975 15.8078268
    endloop
  endfacet
  facet normal -0.593516 -0.396411 0.700427
    outer loop
      vertex -136.964 -181.964 15.0612268
      vertex -138.841 -181.591 13.6818268
      vertex -137.94 -182.94 13.6818268
    endloop
  endfacet
  facet normal -0.908619 -0.180562 0.376575
    outer loop
      vertex -139.157 -180 13.6818268
      vertex -139.904 -180 11.8794268
      vertex -139.531 -181.877 11.8794268
    endloop
  endfacet
  facet normal -0.908619 -0.180562 -0.376575
    outer loop
      vertex -139.531 -181.877 3.9284768
      vertex -139.904 -180 3.9284768
      vertex -139.157 -180 2.1260768
    endloop
  endfacet
  facet normal -0.908668 -0.180477 -0.376497
    outer loop
      vertex -138.841 -181.591 2.1260768
      vertex -139.531 -181.877 3.9284768
      vertex -139.157 -180 2.1260768
    endloop
  endfacet
  facet normal 0.396714 0.593557 -0.70022
    outer loop
      vertex 136.964 61.9642 0.7465778
      vertex 136.063 62.5664 0.7465778
      vertex 136.591 63.8409 2.1260768
    endloop
  endfacet
  facet normal 0.323793 0.21593 -0.921158
    outer loop
      vertex 135.901 60.3733 0
      vertex 135.69 60.6897 0
      vertex 136.964 61.9642 0.7465778
    endloop
  endfacet
  facet normal 0.323495 -0.216142 -0.921213
    outer loop
      vertex 136.964 -181.964 0.7465778
      vertex 135.901 -180.373 0
      vertex 137.566 -181.063 0.7465778
    endloop
  endfacet
  facet normal -0.396701 0.593536 0.700246
    outer loop
      vertex -136.591 63.8409 13.6818268
      vertex -136.964 61.9642 15.0612268
      vertex -136.063 62.5664 15.0612268
    endloop
  endfacet
  facet normal -0.381475 0.0760797 0.921243
    outer loop
      vertex -137.566 61.063 15.0612268
      vertex -137.778 60 15.0612268
      vertex -135.975 60 15.8078268
    endloop
  endfacet
  facet normal 0.215714 -0.324081 0.921107
    outer loop
      vertex 135.69 -180.69 15.8078268
      vertex 135.373 -180.901 15.8078268
      vertex 136.964 -181.964 15.0612268
    endloop
  endfacet
  facet normal 0.770319 0.514708 0.376411
    outer loop
      vertex 138.468 63.4676 11.8794268
      vertex 137.94 62.9397 13.6818268
      vertex 139.531 61.8767 11.8794268
    endloop
  endfacet
  facet normal 0.77034 0.514626 0.376478
    outer loop
      vertex 139.531 61.8767 11.8794268
      vertex 137.94 62.9397 13.6818268
      vertex 138.841 61.591 13.6818268
    endloop
  endfacet
  facet normal 0.77034 0.514626 -0.376478
    outer loop
      vertex 138.841 61.591 2.1260768
      vertex 137.94 62.9397 2.1260768
      vertex 139.531 61.8767 3.9284768
    endloop
  endfacet
  facet normal 0.770319 0.514708 -0.376411
    outer loop
      vertex 139.531 61.8767 3.9284768
      vertex 137.94 62.9397 2.1260768
      vertex 138.468 63.4676 3.9284768
    endloop
  endfacet
  facet normal -0.555544 -0.831487 0
    outer loop
      vertex -138.468 -183.468 3.9284768
      vertex -136.877 -184.531 11.8794268
      vertex -138.468 -183.468 11.8794268
    endloop
  endfacet
  facet normal -0.555544 -0.831487 -0
    outer loop
      vertex -136.877 -184.531 11.8794268
      vertex -138.468 -183.468 3.9284768
      vertex -136.877 -184.531 3.9284768
    endloop
  endfacet
  facet normal -0.0760778 -0.381466 -0.921247
    outer loop
      vertex -135 -182.778 0.7465778
      vertex -136.063 -182.566 0.7465778
      vertex -135 -180.975 0
    endloop
  endfacet
  facet normal 0 -0.707209 0.707004
    outer loop
      vertex -135 -182.778 15.0612268
      vertex 135 -184.157 13.6818268
      vertex 135 -182.778 15.0612268
    endloop
  endfacet
  facet normal 0 -0.707209 0.707004
    outer loop
      vertex 135 -184.157 13.6818268
      vertex -135 -182.778 15.0612268
      vertex -135 -184.157 13.6818268
    endloop
  endfacet
  facet normal -0.215714 -0.324081 0.921107
    outer loop
      vertex -135.69 -180.69 15.8078268
      vertex -136.964 -181.964 15.0612268
      vertex -135.373 -180.901 15.8078268
    endloop
  endfacet
  facet normal -0.514529 -0.770366 0.376558
    outer loop
      vertex -136.591 -183.841 13.6818268
      vertex -137.94 -182.94 13.6818268
      vertex -136.877 -184.531 11.8794268
    endloop
  endfacet
  facet normal 0.180562 -0.908619 0.376575
    outer loop
      vertex 135 -184.157 13.6818268
      vertex 135 -184.904 11.8794268
      vertex 136.877 -184.531 11.8794268
    endloop
  endfacet
  facet normal 0.139596 -0.699954 0.700412
    outer loop
      vertex 136.063 -182.566 15.0612268
      vertex 135 -182.778 15.0612268
      vertex 136.591 -183.841 13.6818268
    endloop
  endfacet
  facet normal 0.593533 0.396479 0.700374
    outer loop
      vertex 138.841 61.591 13.6818268
      vertex 136.964 61.9642 15.0612268
      vertex 137.566 61.063 15.0612268
    endloop
  endfacet
  facet normal 0.0757233 -0.381686 0.921185
    outer loop
      vertex 135.373 -180.901 15.8078268
      vertex 135 -180.975 15.8078268
      vertex 136.063 -182.566 15.0612268
    endloop
  endfacet
  facet normal 0.0757214 -0.381677 -0.921189
    outer loop
      vertex 136.063 -182.566 0.7465778
      vertex 135 -180.975 0
      vertex 135.373 -180.901 0
    endloop
  endfacet
  facet normal 0.215708 -0.324073 -0.921112
    outer loop
      vertex 136.964 -181.964 0.7465778
      vertex 135.373 -180.901 0
      vertex 135.69 -180.69 0
    endloop
  endfacet
  facet normal 0.699979 -0.139601 -0.700386
    outer loop
      vertex 138.841 -181.591 2.1260768
      vertex 137.566 -181.063 0.7465778
      vertex 137.778 -180 0.7465778
    endloop
  endfacet
  facet normal 0.700359 -0.139103 -0.700106
    outer loop
      vertex 138.841 -181.591 2.1260768
      vertex 137.778 -180 0.7465778
      vertex 139.157 -180 2.1260768
    endloop
  endfacet
  facet normal 0.180477 -0.908668 -0.376497
    outer loop
      vertex 136.877 -184.531 3.9284768
      vertex 135 -184.157 2.1260768
      vertex 136.591 -183.841 2.1260768
    endloop
  endfacet
  facet normal 0.139103 -0.700359 -0.700106
    outer loop
      vertex 136.591 -183.841 2.1260768
      vertex 135 -184.157 2.1260768
      vertex 135 -182.778 0.7465778
    endloop
  endfacet
  facet normal -0.13931 0.700173 0.700251
    outer loop
      vertex -135 62.7779 15.0612268
      vertex -136.591 63.8409 13.6818268
      vertex -136.063 62.5664 15.0612268
    endloop
  endfacet
  facet normal -0.180706 0.90867 0.376382
    outer loop
      vertex -135 64.1573 13.6818268
      vertex -136.877 64.5306 11.8794268
      vertex -136.591 63.8409 13.6818268
    endloop
  endfacet
  facet normal 0.216148 -0.323503 0.921209
    outer loop
      vertex 136.964 -181.964 15.0612268
      vertex 135.373 -180.901 15.8078268
      vertex 136.063 -182.566 15.0612268
    endloop
  endfacet
  facet normal 0.593529 0.396508 0.700361
    outer loop
      vertex 137.94 62.9397 13.6818268
      vertex 136.964 61.9642 15.0612268
      vertex 138.841 61.591 13.6818268
    endloop
  endfacet
  facet normal -0.180562 -0.908619 -0.376575
    outer loop
      vertex -135 -184.904 3.9284768
      vertex -136.877 -184.531 3.9284768
      vertex -135 -184.157 2.1260768
    endloop
  endfacet
  facet normal -0.139596 -0.699954 0.700412
    outer loop
      vertex -136.063 -182.566 15.0612268
      vertex -136.591 -183.841 13.6818268
      vertex -135 -182.778 15.0612268
    endloop
  endfacet
  facet normal -0.180562 -0.908619 0.376575
    outer loop
      vertex -135 -184.157 13.6818268
      vertex -136.877 -184.531 11.8794268
      vertex -135 -184.904 11.8794268
    endloop
  endfacet
  facet normal 0.324073 -0.215708 -0.921112
    outer loop
      vertex 136.964 -181.964 0.7465778
      vertex 135.69 -180.69 0
      vertex 135.901 -180.373 0
    endloop
  endfacet
  facet normal 0.0759996 0.381532 -0.921226
    outer loop
      vertex 135.373 60.9012 0
      vertex 135 60.9755 0
      vertex 136.063 62.5664 0.7465778
    endloop
  endfacet
  facet normal -0.180706 0.90867 -0.376382
    outer loop
      vertex -136.591 63.8409 2.1260768
      vertex -136.877 64.5306 3.9284768
      vertex -135 64.1573 2.1260768
    endloop
  endfacet
  facet normal -0.180716 0.908664 -0.376392
    outer loop
      vertex -135 64.1573 2.1260768
      vertex -136.877 64.5306 3.9284768
      vertex -135 64.9039 3.9284768
    endloop
  endfacet
  facet normal 0.139256 0.700242 -0.700192
    outer loop
      vertex 136.591 63.8409 2.1260768
      vertex 135 62.7779 0.7465778
      vertex 135 64.1573 2.1260768
    endloop
  endfacet
  facet normal 0.699979 0.139601 -0.700386
    outer loop
      vertex 137.778 60 0.7465778
      vertex 137.566 61.063 0.7465778
      vertex 138.841 61.591 2.1260768
    endloop
  endfacet
  facet normal 0.381466 0.0760778 -0.921247
    outer loop
      vertex 137.778 60 0.7465778
      vertex 135.975 60 0
      vertex 137.566 61.063 0.7465778
    endloop
  endfacet
  facet normal -0.381709 0.0756669 -0.92118
    outer loop
      vertex -135.975 60 0
      vertex -137.566 61.063 0.7465778
      vertex -135.901 60.3733 0
    endloop
  endfacet
  facet normal -0.323793 0.21593 -0.921158
    outer loop
      vertex -135.901 60.3733 0
      vertex -136.964 61.9642 0.7465778
      vertex -135.69 60.6897 0
    endloop
  endfacet
  facet normal 0 0 -1
    outer loop
      vertex 135 -180.975 0
      vertex 135.975 -180 0
      vertex 135.901 -180.373 0
    endloop
  endfacet
  facet normal -0 0 -1
    outer loop
      vertex 135.975 -180 0
      vertex 135 -180.975 0
      vertex 135.975 60 0
    endloop
  endfacet
  facet normal 0 0 -1
    outer loop
      vertex 135 -180.975 0
      vertex 135.901 -180.373 0
      vertex 135.69 -180.69 0
    endloop
  endfacet
  facet normal 0 0 -1
    outer loop
      vertex 135 60.9755 0
      vertex 135.975 60 0
      vertex 135 -180.975 0
    endloop
  endfacet
  facet normal 0 0 -1
    outer loop
      vertex 135 -180.975 0
      vertex 135.69 -180.69 0
      vertex 135.373 -180.901 0
    endloop
  endfacet
  facet normal 0 0 -1
    outer loop
      vertex 135.975 60 0
      vertex 135 60.9755 0
      vertex 135.901 60.3733 0
    endloop
  endfacet
  facet normal 0 0 -1
    outer loop
      vertex 135.901 60.3733 0
      vertex 135 60.9755 0
      vertex 135.69 60.6897 0
    endloop
  endfacet
  facet normal 0 0 -1
    outer loop
      vertex 135.69 60.6897 0
      vertex 135 60.9755 0
      vertex 135.373 60.9012 0
    endloop
  endfacet
  facet normal 0 0 -1
    outer loop
      vertex -135 -180.975 0
      vertex 135 60.9755 0
      vertex 135 -180.975 0
    endloop
  endfacet
  facet normal 0 0 -1
    outer loop
      vertex -135 -180.975 0
      vertex -135 60.9755 0
      vertex 135 60.9755 0
    endloop
  endfacet
  facet normal 0 0 -1
    outer loop
      vertex -135.975 -180 0
      vertex -135 -180.975 0
      vertex -135.373 -180.901 0
    endloop
  endfacet
  facet normal 0 0 -1
    outer loop
      vertex -135 -180.975 0
      vertex -135.975 -180 0
      vertex -135 60.9755 0
    endloop
  endfacet
  facet normal 0 0 -1
    outer loop
      vertex -135.975 -180 0
      vertex -135.373 -180.901 0
      vertex -135.69 -180.69 0
    endloop
  endfacet
  facet normal 0 0 -1
    outer loop
      vertex -135.975 60 0
      vertex -135 60.9755 0
      vertex -135.975 -180 0
    endloop
  endfacet
  facet normal 0 0 -1
    outer loop
      vertex -135.975 -180 0
      vertex -135.69 -180.69 0
      vertex -135.901 -180.373 0
    endloop
  endfacet
  facet normal 0 0 -1
    outer loop
      vertex -135 60.9755 0
      vertex -135.975 60 0
      vertex -135.373 60.9012 0
    endloop
  endfacet
  facet normal 0 0 -1
    outer loop
      vertex -135.373 60.9012 0
      vertex -135.975 60 0
      vertex -135.69 60.6897 0
    endloop
  endfacet
  facet normal 0 0 -1
    outer loop
      vertex -135.69 60.6897 0
      vertex -135.975 60 0
      vertex -135.901 60.3733 0
    endloop
  endfacet
  facet normal -0.381466 0.0760778 -0.921247
    outer loop
      vertex -135.975 60 0
      vertex -137.778 60 0.7465778
      vertex -137.566 61.063 0.7465778
    endloop
  endfacet
  facet normal -0.77034 0.514626 -0.376478
    outer loop
      vertex -138.841 61.591 2.1260768
      vertex -139.531 61.8767 3.9284768
      vertex -137.94 62.9397 2.1260768
    endloop
  endfacet
  facet normal -0.770319 0.514708 -0.376411
    outer loop
      vertex -137.94 62.9397 2.1260768
      vertex -139.531 61.8767 3.9284768
      vertex -138.468 63.4676 3.9284768
    endloop
  endfacet
  facet normal -0.139315 0.700197 -0.700225
    outer loop
      vertex -136.063 62.5664 0.7465778
      vertex -136.591 63.8409 2.1260768
      vertex -135 62.7779 0.7465778
    endloop
  endfacet
  facet normal -0.0759209 0.381579 -0.921213
    outer loop
      vertex -135 60.9755 0
      vertex -136.063 62.5664 0.7465778
      vertex -135 62.7779 0.7465778
    endloop
  endfacet
  facet normal 0 0 1
    outer loop
      vertex 135 60.9755 15.8078268
      vertex 135.975 60 15.8078268
      vertex 135.901 60.3733 15.8078268
    endloop
  endfacet
  facet normal 0 0 1
    outer loop
      vertex 135.975 60 15.8078268
      vertex 119.942 17 15.8078268
      vertex 135.975 -180 15.8078268
    endloop
  endfacet
  facet normal 0 0 1
    outer loop
      vertex 135 60.9755 15.8078268
      vertex 135.901 60.3733 15.8078268
      vertex 135.69 60.6897 15.8078268
    endloop
  endfacet
  facet normal -0 0 1
    outer loop
      vertex 119.942 -137 15.8078268
      vertex 135.975 -180 15.8078268
      vertex 119.942 17 15.8078268
    endloop
  endfacet
  facet normal 0 0 1
    outer loop
      vertex 135 60.9755 15.8078268
      vertex 135.69 60.6897 15.8078268
      vertex 135.373 60.9012 15.8078268
    endloop
  endfacet
  facet normal -0 0 1
    outer loop
      vertex 119.718 -138.126 15.8078268
      vertex 135.975 -180 15.8078268
      vertex 119.942 -137 15.8078268
    endloop
  endfacet
  facet normal 0 0 1
    outer loop
      vertex 117 19.9424 15.8078268
      vertex 135.975 60 15.8078268
      vertex 135 60.9755 15.8078268
    endloop
  endfacet
  facet normal -0 0 1
    outer loop
      vertex 119.081 -139.081 15.8078268
      vertex 135.975 -180 15.8078268
      vertex 119.718 -138.126 15.8078268
    endloop
  endfacet
  facet normal -0 0 1
    outer loop
      vertex 118.126 -139.718 15.8078268
      vertex 135.975 -180 15.8078268
      vertex 119.081 -139.081 15.8078268
    endloop
  endfacet
  facet normal 0 0 1
    outer loop
      vertex 135.975 60 15.8078268
      vertex 119.718 18.126 15.8078268
      vertex 119.942 17 15.8078268
    endloop
  endfacet
  facet normal 0 0 1
    outer loop
      vertex 135.975 60 15.8078268
      vertex 119.081 19.0806 15.8078268
      vertex 119.718 18.126 15.8078268
    endloop
  endfacet
  facet normal 0 0 1
    outer loop
      vertex 135.975 60 15.8078268
      vertex 118.126 19.7184 15.8078268
      vertex 119.081 19.0806 15.8078268
    endloop
  endfacet
  facet normal 0 0 1
    outer loop
      vertex 135.975 60 15.8078268
      vertex 117 19.9424 15.8078268
      vertex 118.126 19.7184 15.8078268
    endloop
  endfacet
  facet normal 0 0 1
    outer loop
      vertex 135 60.9755 15.8078268
      vertex 43 19.9424 15.8078268
      vertex 117 19.9424 15.8078268
    endloop
  endfacet
  facet normal 0 0 1
    outer loop
      vertex 135 60.9755 15.8078268
      vertex 41.874 19.7184 15.8078268
      vertex 43 19.9424 15.8078268
    endloop
  endfacet
  facet normal 0 0 1
    outer loop
      vertex 40.0576 17 15.8078268
      vertex 34.9424 -43 15.8078268
      vertex 40.0576 -137 15.8078268
    endloop
  endfacet
  facet normal 0 0 1
    outer loop
      vertex 40.0576 17 15.8078268
      vertex 34.7184 -41.874 15.8078268
      vertex 34.9424 -43 15.8078268
    endloop
  endfacet
  facet normal 0 0 1
    outer loop
      vertex 40.0576 17 15.8078268
      vertex 34.0806 -40.9194 15.8078268
      vertex 34.7184 -41.874 15.8078268
    endloop
  endfacet
  facet normal 0 0 1
    outer loop
      vertex 40.0576 17 15.8078268
      vertex 33.126 -40.2816 15.8078268
      vertex 34.0806 -40.9194 15.8078268
    endloop
  endfacet
  facet normal 0 0 1
    outer loop
      vertex 40.0576 17 15.8078268
      vertex 32 -40.0576 15.8078268
      vertex 33.126 -40.2816 15.8078268
    endloop
  endfacet
  facet normal 0 0 1
    outer loop
      vertex 40.0576 17 15.8078268
      vertex -32 -40.0576 15.8078268
      vertex 32 -40.0576 15.8078268
    endloop
  endfacet
  facet normal 0 0 1
    outer loop
      vertex -40.0576 17 15.8078268
      vertex 40.0576 17 15.8078268
      vertex 40.2816 18.126 15.8078268
    endloop
  endfacet
  facet normal 0 0 1
    outer loop
      vertex -40.2816 18.126 15.8078268
      vertex 40.2816 18.126 15.8078268
      vertex 40.9194 19.0806 15.8078268
    endloop
  endfacet
  facet normal 0 0 1
    outer loop
      vertex 40.0576 17 15.8078268
      vertex -40.0576 17 15.8078268
      vertex -32 -40.0576 15.8078268
    endloop
  endfacet
  facet normal 0 0 1
    outer loop
      vertex -32 -40.0576 15.8078268
      vertex -40.0576 17 15.8078268
      vertex -33.126 -40.2816 15.8078268
    endloop
  endfacet
  facet normal 0 0 1
    outer loop
      vertex -34.9424 -43 15.8078268
      vertex -40.0576 17 15.8078268
      vertex -34.9424 -77 15.8078268
    endloop
  endfacet
  facet normal 0 0 1
    outer loop
      vertex -34.7184 -41.874 15.8078268
      vertex -40.0576 17 15.8078268
      vertex -34.9424 -43 15.8078268
    endloop
  endfacet
  facet normal 0 0 1
    outer loop
      vertex -34.0806 -40.9194 15.8078268
      vertex -40.0576 17 15.8078268
      vertex -34.7184 -41.874 15.8078268
    endloop
  endfacet
  facet normal 0 0 1
    outer loop
      vertex -33.126 -40.2816 15.8078268
      vertex -40.0576 17 15.8078268
      vertex -34.0806 -40.9194 15.8078268
    endloop
  endfacet
  facet normal 0 0 1
    outer loop
      vertex -40.9194 19.0806 15.8078268
      vertex 40.9194 19.0806 15.8078268
      vertex 41.874 19.7184 15.8078268
    endloop
  endfacet
  facet normal 0 0 1
    outer loop
      vertex -41.874 19.7184 15.8078268
      vertex 41.874 19.7184 15.8078268
      vertex 135 60.9755 15.8078268
    endloop
  endfacet
  facet normal 0 0 1
    outer loop
      vertex 40.2816 18.126 15.8078268
      vertex -40.2816 18.126 15.8078268
      vertex -40.0576 17 15.8078268
    endloop
  endfacet
  facet normal 0 0 1
    outer loop
      vertex 40.9194 19.0806 15.8078268
      vertex -40.9194 19.0806 15.8078268
      vertex -40.2816 18.126 15.8078268
    endloop
  endfacet
  facet normal 0 0 1
    outer loop
      vertex 41.874 19.7184 15.8078268
      vertex -41.874 19.7184 15.8078268
      vertex -40.9194 19.0806 15.8078268
    endloop
  endfacet
  facet normal 0 0 1
    outer loop
      vertex 135 60.9755 15.8078268
      vertex -43 19.9424 15.8078268
      vertex -41.874 19.7184 15.8078268
    endloop
  endfacet
  facet normal -0 0 1
    outer loop
      vertex -135 60.9755 15.8078268
      vertex -43 19.9424 15.8078268
      vertex 135 60.9755 15.8078268
    endloop
  endfacet
  facet normal 0 0 1
    outer loop
      vertex -119.718 18.126 15.8078268
      vertex -135.975 60 15.8078268
      vertex -119.942 17 15.8078268
    endloop
  endfacet
  facet normal 0 0 1
    outer loop
      vertex -119.081 19.0806 15.8078268
      vertex -135.975 60 15.8078268
      vertex -119.718 18.126 15.8078268
    endloop
  endfacet
  facet normal 0 0 1
    outer loop
      vertex -118.126 19.7184 15.8078268
      vertex -135.975 60 15.8078268
      vertex -119.081 19.0806 15.8078268
    endloop
  endfacet
  facet normal 0 0 1
    outer loop
      vertex -117 19.9424 15.8078268
      vertex -135.975 60 15.8078268
      vertex -118.126 19.7184 15.8078268
    endloop
  endfacet
  facet normal -0 0 1
    outer loop
      vertex -135.975 60 15.8078268
      vertex -117 19.9424 15.8078268
      vertex -135 60.9755 15.8078268
    endloop
  endfacet
  facet normal 0 0 1
    outer loop
      vertex -43 19.9424 15.8078268
      vertex -135 60.9755 15.8078268
      vertex -117 19.9424 15.8078268
    endloop
  endfacet
  facet normal -0 0 1
    outer loop
      vertex 117 -139.942 15.8078268
      vertex 135.975 -180 15.8078268
      vertex 118.126 -139.718 15.8078268
    endloop
  endfacet
  facet normal 0 0 1
    outer loop
      vertex 135.975 -180 15.8078268
      vertex 135 -180.975 15.8078268
      vertex 135.901 -180.373 15.8078268
    endloop
  endfacet
  facet normal 0 0 1
    outer loop
      vertex 135.901 -180.373 15.8078268
      vertex 135 -180.975 15.8078268
      vertex 135.69 -180.69 15.8078268
    endloop
  endfacet
  facet normal 0 0 1
    outer loop
      vertex 135.69 -180.69 15.8078268
      vertex 135 -180.975 15.8078268
      vertex 135.373 -180.901 15.8078268
    endloop
  endfacet
  facet normal 0 0 1
    outer loop
      vertex 135.975 -180 15.8078268
      vertex 117 -139.942 15.8078268
      vertex 135 -180.975 15.8078268
    endloop
  endfacet
  facet normal -0 0 1
    outer loop
      vertex 43 -139.942 15.8078268
      vertex 135 -180.975 15.8078268
      vertex 117 -139.942 15.8078268
    endloop
  endfacet
  facet normal 0 0 1
    outer loop
      vertex 41.874 -139.718 15.8078268
      vertex 135 -180.975 15.8078268
      vertex 43 -139.942 15.8078268
    endloop
  endfacet
  facet normal -0 0 1
    outer loop
      vertex 34.9424 -77 15.8078268
      vertex 40.0576 -137 15.8078268
      vertex 34.9424 -43 15.8078268
    endloop
  endfacet
  facet normal -0 0 1
    outer loop
      vertex 34.7184 -78.126 15.8078268
      vertex 40.0576 -137 15.8078268
      vertex 34.9424 -77 15.8078268
    endloop
  endfacet
  facet normal -0 0 1
    outer loop
      vertex 34.0806 -79.0806 15.8078268
      vertex 40.0576 -137 15.8078268
      vertex 34.7184 -78.126 15.8078268
    endloop
  endfacet
  facet normal -0 0 1
    outer loop
      vertex 33.126 -79.7184 15.8078268
      vertex 40.0576 -137 15.8078268
      vertex 34.0806 -79.0806 15.8078268
    endloop
  endfacet
  facet normal -0 0 1
    outer loop
      vertex 32 -79.9424 15.8078268
      vertex 40.0576 -137 15.8078268
      vertex 33.126 -79.7184 15.8078268
    endloop
  endfacet
  facet normal -0 0 1
    outer loop
      vertex -32 -79.9424 15.8078268
      vertex 40.0576 -137 15.8078268
      vertex 32 -79.9424 15.8078268
    endloop
  endfacet
  facet normal 0 0 1
    outer loop
      vertex -40.0576 -137 15.8078268
      vertex 40.0576 -137 15.8078268
      vertex -32 -79.9424 15.8078268
    endloop
  endfacet
  facet normal 0 0 1
    outer loop
      vertex 40.0576 -137 15.8078268
      vertex -40.0576 -137 15.8078268
      vertex 40.2816 -138.126 15.8078268
    endloop
  endfacet
  facet normal 0 0 1
    outer loop
      vertex -40.0576 -137 15.8078268
      vertex -32 -79.9424 15.8078268
      vertex -33.126 -79.7184 15.8078268
    endloop
  endfacet
  facet normal 0 0 1
    outer loop
      vertex -40.0576 -137 15.8078268
      vertex -33.126 -79.7184 15.8078268
      vertex -34.0806 -79.0806 15.8078268
    endloop
  endfacet
  facet normal 0 0 1
    outer loop
      vertex -40.0576 -137 15.8078268
      vertex -34.9424 -77 15.8078268
      vertex -40.0576 17 15.8078268
    endloop
  endfacet
  facet normal 0 0 1
    outer loop
      vertex -40.0576 -137 15.8078268
      vertex -34.7184 -78.126 15.8078268
      vertex -34.9424 -77 15.8078268
    endloop
  endfacet
  facet normal 0 0 1
    outer loop
      vertex -40.0576 -137 15.8078268
      vertex -34.0806 -79.0806 15.8078268
      vertex -34.7184 -78.126 15.8078268
    endloop
  endfacet
  facet normal 0 0 1
    outer loop
      vertex -40.2816 -138.126 15.8078268
      vertex 40.2816 -138.126 15.8078268
      vertex -40.0576 -137 15.8078268
    endloop
  endfacet
  facet normal 0 0 1
    outer loop
      vertex 40.2816 -138.126 15.8078268
      vertex -40.2816 -138.126 15.8078268
      vertex 40.9194 -139.081 15.8078268
    endloop
  endfacet
  facet normal 0 0 1
    outer loop
      vertex -40.9194 -139.081 15.8078268
      vertex 40.9194 -139.081 15.8078268
      vertex -40.2816 -138.126 15.8078268
    endloop
  endfacet
  facet normal 0 0 1
    outer loop
      vertex 40.9194 -139.081 15.8078268
      vertex -40.9194 -139.081 15.8078268
      vertex 41.874 -139.718 15.8078268
    endloop
  endfacet
  facet normal 0 0 1
    outer loop
      vertex -41.874 -139.718 15.8078268
      vertex 41.874 -139.718 15.8078268
      vertex -40.9194 -139.081 15.8078268
    endloop
  endfacet
  facet normal 0 0 1
    outer loop
      vertex 41.874 -139.718 15.8078268
      vertex -41.874 -139.718 15.8078268
      vertex 135 -180.975 15.8078268
    endloop
  endfacet
  facet normal -0 0 1
    outer loop
      vertex -43 -139.942 15.8078268
      vertex 135 -180.975 15.8078268
      vertex -41.874 -139.718 15.8078268
    endloop
  endfacet
  facet normal 0 0 1
    outer loop
      vertex -135 -180.975 15.8078268
      vertex -43 -139.942 15.8078268
      vertex -117 -139.942 15.8078268
    endloop
  endfacet
  facet normal 0 0 1
    outer loop
      vertex -43 -139.942 15.8078268
      vertex -135 -180.975 15.8078268
      vertex 135 -180.975 15.8078268
    endloop
  endfacet
  facet normal 0 0 1
    outer loop
      vertex -135.975 -180 15.8078268
      vertex -117 -139.942 15.8078268
      vertex -118.126 -139.718 15.8078268
    endloop
  endfacet
  facet normal 0 0 1
    outer loop
      vertex -135.975 -180 15.8078268
      vertex -118.126 -139.718 15.8078268
      vertex -119.081 -139.081 15.8078268
    endloop
  endfacet
  facet normal 0 0 1
    outer loop
      vertex -135.975 -180 15.8078268
      vertex -119.081 -139.081 15.8078268
      vertex -119.718 -138.126 15.8078268
    endloop
  endfacet
  facet normal 0 0 1
    outer loop
      vertex -135.975 -180 15.8078268
      vertex -119.718 -138.126 15.8078268
      vertex -119.942 -137 15.8078268
    endloop
  endfacet
  facet normal 0 0 1
    outer loop
      vertex -119.942 17 15.8078268
      vertex -135.975 60 15.8078268
      vertex -119.942 -137 15.8078268
    endloop
  endfacet
  facet normal 0 0 1
    outer loop
      vertex -135.975 60 15.8078268
      vertex -135 60.9755 15.8078268
      vertex -135.373 60.9012 15.8078268
    endloop
  endfacet
  facet normal 0 0 1
    outer loop
      vertex -135.975 -180 15.8078268
      vertex -119.942 -137 15.8078268
      vertex -135.975 60 15.8078268
    endloop
  endfacet
  facet normal 0 0 1
    outer loop
      vertex -135.975 60 15.8078268
      vertex -135.373 60.9012 15.8078268
      vertex -135.69 60.6897 15.8078268
    endloop
  endfacet
  facet normal 0 0 1
    outer loop
      vertex -117 -139.942 15.8078268
      vertex -135.975 -180 15.8078268
      vertex -135 -180.975 15.8078268
    endloop
  endfacet
  facet normal 0 0 1
    outer loop
      vertex -135.975 60 15.8078268
      vertex -135.69 60.6897 15.8078268
      vertex -135.901 60.3733 15.8078268
    endloop
  endfacet
  facet normal 0 0 1
    outer loop
      vertex -135 -180.975 15.8078268
      vertex -135.975 -180 15.8078268
      vertex -135.373 -180.901 15.8078268
    endloop
  endfacet
  facet normal 0 0 1
    outer loop
      vertex -135.373 -180.901 15.8078268
      vertex -135.975 -180 15.8078268
      vertex -135.69 -180.69 15.8078268
    endloop
  endfacet
  facet normal 0 0 1
    outer loop
      vertex -135.69 -180.69 15.8078268
      vertex -135.975 -180 15.8078268
      vertex -135.901 -180.373 15.8078268
    endloop
  endfacet
  facet normal 0.215984 0.323721 0.921171
    outer loop
      vertex 136.964 61.9642 15.0612268
      vertex 135.373 60.9012 15.8078268
      vertex 135.69 60.6897 15.8078268
    endloop
  endfacet
  facet normal -0.908679 0.180479 0.376471
    outer loop
      vertex -138.841 61.591 13.6818268
      vertex -139.531 61.8767 11.8794268
      vertex -139.157 60 13.6818268
    endloop
  endfacet
  facet normal -0.700334 0.139098 0.700131
    outer loop
      vertex -138.841 61.591 13.6818268
      vertex -139.157 60 13.6818268
      vertex -137.778 60 15.0612268
    endloop
  endfacet
  facet normal 0.699954 0.139596 0.700412
    outer loop
      vertex 138.841 61.591 13.6818268
      vertex 137.566 61.063 15.0612268
      vertex 137.778 60 15.0612268
    endloop
  endfacet
  facet normal 0.139251 0.700217 0.700217
    outer loop
      vertex 135 64.1573 13.6818268
      vertex 135 62.7779 15.0612268
      vertex 136.591 63.8409 13.6818268
    endloop
  endfacet
  facet normal 0.180716 0.908664 0.376392
    outer loop
      vertex 135 64.9039 11.8794268
      vertex 135 64.1573 13.6818268
      vertex 136.877 64.5306 11.8794268
    endloop
  endfacet
  facet normal 0 -0.707235 -0.706979
    outer loop
      vertex -135 -184.157 2.1260768
      vertex 135 -182.778 0.7465778
      vertex 135 -184.157 2.1260768
    endloop
  endfacet
  facet normal -0 -0.707235 -0.706979
    outer loop
      vertex 135 -182.778 0.7465778
      vertex -135 -184.157 2.1260768
      vertex -135 -182.778 0.7465778
    endloop
  endfacet
  facet normal -0.216186 0.323453 0.921218
    outer loop
      vertex -136.063 62.5664 15.0612268
      vertex -136.964 61.9642 15.0612268
      vertex -135.373 60.9012 15.8078268
    endloop
  endfacet
  facet normal -0.215984 0.323721 0.921171
    outer loop
      vertex -135.373 60.9012 15.8078268
      vertex -136.964 61.9642 15.0612268
      vertex -135.69 60.6897 15.8078268
    endloop
  endfacet
  facet normal -0.593498 -0.396544 0.700366
    outer loop
      vertex -137.566 -181.063 15.0612268
      vertex -138.841 -181.591 13.6818268
      vertex -136.964 -181.964 15.0612268
    endloop
  endfacet
  facet normal -0.0760797 -0.381475 0.921243
    outer loop
      vertex -135 -180.975 15.8078268
      vertex -136.063 -182.566 15.0612268
      vertex -135 -182.778 15.0612268
    endloop
  endfacet
  facet normal -0.216148 -0.323503 0.921209
    outer loop
      vertex -135.373 -180.901 15.8078268
      vertex -136.964 -181.964 15.0612268
      vertex -136.063 -182.566 15.0612268
    endloop
  endfacet
  facet normal 0.180477 -0.908668 0.376497
    outer loop
      vertex 136.591 -183.841 13.6818268
      vertex 135 -184.157 13.6818268
      vertex 136.877 -184.531 11.8794268
    endloop
  endfacet
  facet normal 0.514529 -0.770366 0.376558
    outer loop
      vertex 137.94 -182.94 13.6818268
      vertex 136.591 -183.841 13.6818268
      vertex 136.877 -184.531 11.8794268
    endloop
  endfacet
  facet normal 0.593519 -0.396558 -0.700341
    outer loop
      vertex 138.841 -181.591 2.1260768
      vertex 136.964 -181.964 0.7465778
      vertex 137.566 -181.063 0.7465778
    endloop
  endfacet
  facet normal 0.381677 -0.0757214 -0.921189
    outer loop
      vertex 137.566 -181.063 0.7465778
      vertex 135.901 -180.373 0
      vertex 135.975 -180 0
    endloop
  endfacet
  facet normal 0.396558 -0.593519 -0.700341
    outer loop
      vertex 136.591 -183.841 2.1260768
      vertex 136.063 -182.566 0.7465778
      vertex 136.964 -181.964 0.7465778
    endloop
  endfacet
  facet normal 0.139601 -0.699979 -0.700386
    outer loop
      vertex 136.591 -183.841 2.1260768
      vertex 135 -182.778 0.7465778
      vertex 136.063 -182.566 0.7465778
    endloop
  endfacet
  facet normal 0.514634 0.770353 0.376441
    outer loop
      vertex 136.877 64.5306 11.8794268
      vertex 136.591 63.8409 13.6818268
      vertex 137.94 62.9397 13.6818268
    endloop
  endfacet
  facet normal 0.514634 0.770353 -0.376441
    outer loop
      vertex 137.94 62.9397 2.1260768
      vertex 136.591 63.8409 2.1260768
      vertex 136.877 64.5306 3.9284768
    endloop
  endfacet
  facet normal 0.514689 0.770338 -0.376397
    outer loop
      vertex 137.94 62.9397 2.1260768
      vertex 136.877 64.5306 3.9284768
      vertex 138.468 63.4676 3.9284768
    endloop
  endfacet
  facet normal 0.139315 0.700197 -0.700225
    outer loop
      vertex 136.063 62.5664 0.7465778
      vertex 135 62.7779 0.7465778
      vertex 136.591 63.8409 2.1260768
    endloop
  endfacet
  facet normal 0.215979 0.323713 -0.921175
    outer loop
      vertex 135.69 60.6897 0
      vertex 135.373 60.9012 0
      vertex 136.964 61.9642 0.7465778
    endloop
  endfacet
  facet normal -0.0759228 0.381588 0.921209
    outer loop
      vertex -135 62.7779 15.0612268
      vertex -136.063 62.5664 15.0612268
      vertex -135 60.9755 15.8078268
    endloop
  endfacet
  facet normal 0.323802 0.215936 0.921154
    outer loop
      vertex 136.964 61.9642 15.0612268
      vertex 135.69 60.6897 15.8078268
      vertex 135.901 60.3733 15.8078268
    endloop
  endfacet
  facet normal 0.0760015 0.381542 0.921222
    outer loop
      vertex 136.063 62.5664 15.0612268
      vertex 135 60.9755 15.8078268
      vertex 135.373 60.9012 15.8078268
    endloop
  endfacet
  facet normal 0.908614 0.18059 0.376573
    outer loop
      vertex 139.531 61.8767 11.8794268
      vertex 139.157 60 13.6818268
      vertex 139.904 60 11.8794268
    endloop
  endfacet
  facet normal 0.381718 0.0756688 0.921176
    outer loop
      vertex 137.566 61.063 15.0612268
      vertex 135.901 60.3733 15.8078268
      vertex 135.975 60 15.8078268
    endloop
  endfacet
  facet normal 0.381475 0.0760797 0.921243
    outer loop
      vertex 137.566 61.063 15.0612268
      vertex 135.975 60 15.8078268
      vertex 137.778 60 15.0612268
    endloop
  endfacet
  facet normal -0.514529 -0.770366 -0.376558
    outer loop
      vertex -136.877 -184.531 3.9284768
      vertex -137.94 -182.94 2.1260768
      vertex -136.591 -183.841 2.1260768
    endloop
  endfacet
  facet normal -0.396425 -0.593537 -0.700401
    outer loop
      vertex -136.591 -183.841 2.1260768
      vertex -137.94 -182.94 2.1260768
      vertex -136.964 -181.964 0.7465778
    endloop
  endfacet
  facet normal -0.923803 0 0.382868
    outer loop
      vertex -139.904 -180 11.8794268
      vertex -139.157 60 13.6818268
      vertex -139.904 60 11.8794268
    endloop
  endfacet
  facet normal -0.923803 0 0.382868
    outer loop
      vertex -139.157 60 13.6818268
      vertex -139.904 -180 11.8794268
      vertex -139.157 -180 13.6818268
    endloop
  endfacet
  facet normal -0.396544 -0.593498 0.700366
    outer loop
      vertex -136.063 -182.566 15.0612268
      vertex -136.964 -181.964 15.0612268
      vertex -136.591 -183.841 13.6818268
    endloop
  endfacet
  facet normal -0.396411 -0.593516 0.700427
    outer loop
      vertex -136.964 -181.964 15.0612268
      vertex -137.94 -182.94 13.6818268
      vertex -136.591 -183.841 13.6818268
    endloop
  endfacet
  facet normal 0.21618 0.323444 -0.921222
    outer loop
      vertex 136.964 61.9642 0.7465778
      vertex 135.373 60.9012 0
      vertex 136.063 62.5664 0.7465778
    endloop
  endfacet
  facet normal 0.180716 0.908664 -0.376392
    outer loop
      vertex 136.877 64.5306 3.9284768
      vertex 135 64.1573 2.1260768
      vertex 135 64.9039 3.9284768
    endloop
  endfacet
  facet normal 0.59355 0.396521 -0.700335
    outer loop
      vertex 138.841 61.591 2.1260768
      vertex 136.964 61.9642 0.7465778
      vertex 137.94 62.9397 2.1260768
    endloop
  endfacet
  facet normal 0.396541 0.59358 -0.700299
    outer loop
      vertex 136.964 61.9642 0.7465778
      vertex 136.591 63.8409 2.1260768
      vertex 137.94 62.9397 2.1260768
    endloop
  endfacet
  facet normal 0.323537 0.216122 -0.921203
    outer loop
      vertex 137.566 61.063 0.7465778
      vertex 135.901 60.3733 0
      vertex 136.964 61.9642 0.7465778
    endloop
  endfacet
  facet normal 0.381709 0.0756669 -0.92118
    outer loop
      vertex 135.975 60 0
      vertex 135.901 60.3733 0
      vertex 137.566 61.063 0.7465778
    endloop
  endfacet
  facet normal -0 0.382693 0.923876
    outer loop
      vertex -135 62.7779 15.0612268
      vertex 135 60.9755 15.8078268
      vertex 135 62.7779 15.0612268
    endloop
  endfacet
  facet normal 0 0.382693 0.923876
    outer loop
      vertex 135 60.9755 15.8078268
      vertex -135 62.7779 15.0612268
      vertex -135 60.9755 15.8078268
    endloop
  endfacet
  facet normal 0.180706 0.90867 0.376382
    outer loop
      vertex 136.877 64.5306 11.8794268
      vertex 135 64.1573 13.6818268
      vertex 136.591 63.8409 13.6818268
    endloop
  endfacet
  facet normal -0.908668 -0.180477 0.376497
    outer loop
      vertex -139.157 -180 13.6818268
      vertex -139.531 -181.877 11.8794268
      vertex -138.841 -181.591 13.6818268
    endloop
  endfacet
  facet normal -0.770366 -0.514529 0.376558
    outer loop
      vertex -138.841 -181.591 13.6818268
      vertex -139.531 -181.877 11.8794268
      vertex -137.94 -182.94 13.6818268
    endloop
  endfacet
  facet normal -0.382584 0 0.923921
    outer loop
      vertex -137.778 60 15.0612268
      vertex -135.975 -180 15.8078268
      vertex -135.975 60 15.8078268
    endloop
  endfacet
  facet normal -0.382584 0 0.923921
    outer loop
      vertex -135.975 -180 15.8078268
      vertex -137.778 60 15.0612268
      vertex -137.778 -180 15.0612268
    endloop
  endfacet
  facet normal 0.0759209 0.381579 -0.921213
    outer loop
      vertex 136.063 62.5664 0.7465778
      vertex 135 60.9755 0
      vertex 135 62.7779 0.7465778
    endloop
  endfacet
  facet normal 0 0.707132 -0.707081
    outer loop
      vertex -135 62.7779 0.7465778
      vertex 135 64.1573 2.1260768
      vertex 135 62.7779 0.7465778
    endloop
  endfacet
  facet normal 0 0.707132 -0.707081
    outer loop
      vertex 135 64.1573 2.1260768
      vertex -135 62.7779 0.7465778
      vertex -135 64.1573 2.1260768
    endloop
  endfacet
  facet normal 0 0.923876 -0.382693
    outer loop
      vertex 135 64.1573 2.1260768
      vertex -135 64.9039 3.9284768
      vertex 135 64.9039 3.9284768
    endloop
  endfacet
  facet normal 0 0.923876 -0.382693
    outer loop
      vertex -135 64.9039 3.9284768
      vertex 135 64.1573 2.1260768
      vertex -135 64.1573 2.1260768
    endloop
  endfacet
  facet normal 0.396701 0.593536 0.700246
    outer loop
      vertex 136.591 63.8409 13.6818268
      vertex 136.063 62.5664 15.0612268
      vertex 136.964 61.9642 15.0612268
    endloop
  endfacet
  facet normal 0.396527 0.593559 0.700324
    outer loop
      vertex 137.94 62.9397 13.6818268
      vertex 136.591 63.8409 13.6818268
      vertex 136.964 61.9642 15.0612268
    endloop
  endfacet
  facet normal 0.13931 0.700173 0.700251
    outer loop
      vertex 136.591 63.8409 13.6818268
      vertex 135 62.7779 15.0612268
      vertex 136.063 62.5664 15.0612268
    endloop
  endfacet
  facet normal 0.0759228 0.381588 0.921209
    outer loop
      vertex 135 62.7779 15.0612268
      vertex 135 60.9755 15.8078268
      vertex 136.063 62.5664 15.0612268
    endloop
  endfacet
  facet normal -0.700211 -0.139318 0.700211
    outer loop
      vertex -33.6667 -77 85.3983268
      vertex -34.4944 -77 84.5706268
      vertex -33.5398 -77.6378 85.3983268
    endloop
  endfacet
  facet normal 0.195111 -0.980781 0
    outer loop
      vertex 32 -79.9424 15.8078268
      vertex 33.126 -79.7184 83.4892268
      vertex 32 -79.9424 83.4892268
    endloop
  endfacet
  facet normal 0.195111 -0.980781 0
    outer loop
      vertex 33.126 -79.7184 83.4892268
      vertex 32 -79.9424 15.8078268
      vertex 33.126 -79.7184 15.8078268
    endloop
  endfacet
  facet normal -1 0 0
    outer loop
      vertex -34.9424 -77 15.8078268
      vertex -34.9424 -43 83.4892268
      vertex -34.9424 -43 15.8078268
    endloop
  endfacet
  facet normal -1 -0 0
    outer loop
      vertex -34.9424 -43 83.4892268
      vertex -34.9424 -77 15.8078268
      vertex -34.9424 -77 83.4892268
    endloop
  endfacet
  facet normal 0.908641 -0.180757 0.376427
    outer loop
      vertex 34.4944 -77 84.5706268
      vertex 34.3045 -77.9546 84.5706268
      vertex 34.7184 -78.126 83.4892268
    endloop
  endfacet
  facet normal 0.831487 -0.555544 0
    outer loop
      vertex 34.0806 -79.0806 83.4892268
      vertex 34.7184 -78.126 15.8078268
      vertex 34.7184 -78.126 83.4892268
    endloop
  endfacet
  facet normal 0.831487 -0.555544 0
    outer loop
      vertex 34.7184 -78.126 15.8078268
      vertex 34.0806 -79.0806 83.4892268
      vertex 34.0806 -79.0806 15.8078268
    endloop
  endfacet
  facet normal -0.770301 0.514708 0.376448
    outer loop
      vertex -34.0806 -40.9194 83.4892268
      vertex -34.3045 -42.0454 84.5706268
      vertex -33.7638 -41.2362 84.5706268
    endloop
  endfacet
  facet normal -0.555544 0.831487 0
    outer loop
      vertex -33.126 -40.2816 15.8078268
      vertex -34.0806 -40.9194 83.4892268
      vertex -33.126 -40.2816 83.4892268
    endloop
  endfacet
  facet normal -0.555544 0.831487 0
    outer loop
      vertex -34.0806 -40.9194 83.4892268
      vertex -33.126 -40.2816 15.8078268
      vertex -34.0806 -40.9194 15.8078268
    endloop
  endfacet
  facet normal -0.195111 0.980781 0
    outer loop
      vertex -32 -40.0576 15.8078268
      vertex -33.126 -40.2816 83.4892268
      vertex -32 -40.0576 83.4892268
    endloop
  endfacet
  facet normal -0.195111 0.980781 0
    outer loop
      vertex -33.126 -40.2816 83.4892268
      vertex -32 -40.0576 15.8078268
      vertex -33.126 -40.2816 15.8078268
    endloop
  endfacet
  facet normal 0 1 0
    outer loop
      vertex 32 -40.0576 83.4892268
      vertex 3.58544 -40.0576 60.4384268
      vertex -32 -40.0576 83.4892268
    endloop
  endfacet
  facet normal 0 1 0
    outer loop
      vertex 32 -40.0576 83.4892268
      vertex 3.78026 -40.0576 60.4128268
      vertex 3.58544 -40.0576 60.4384268
    endloop
  endfacet
  facet normal 0 1 0
    outer loop
      vertex 32 -40.0576 83.4892268
      vertex 3.83109 -40.0576 60.4061268
      vertex 3.78026 -40.0576 60.4128268
    endloop
  endfacet
  facet normal 0 1 0
    outer loop
      vertex 32 -40.0576 83.4892268
      vertex 4.01262 -40.0576 60.3309268
      vertex 3.83109 -40.0576 60.4061268
    endloop
  endfacet
  facet normal 0 1 0
    outer loop
      vertex 32 -40.0576 83.4892268
      vertex 4.05998 -40.0576 60.3113268
      vertex 4.01262 -40.0576 60.3309268
    endloop
  endfacet
  facet normal 0 1 0
    outer loop
      vertex 32 -40.0576 83.4892268
      vertex 4.21588 -40.0576 60.1917268
      vertex 4.05998 -40.0576 60.3113268
    endloop
  endfacet
  facet normal 0 1 0
    outer loop
      vertex 32 -40.0576 83.4892268
      vertex 4.25655 -40.0576 60.1604268
      vertex 4.21588 -40.0576 60.1917268
    endloop
  endfacet
  facet normal 0 1 0
    outer loop
      vertex 32 -40.0576 83.4892268
      vertex 4.28776 -40.0576 60.1198268
      vertex 4.25655 -40.0576 60.1604268
    endloop
  endfacet
  facet normal 0 1 0
    outer loop
      vertex 32 -40.0576 83.4892268
      vertex 4.40737 -40.0576 59.9639268
      vertex 4.28776 -40.0576 60.1198268
    endloop
  endfacet
  facet normal 0 1 0
    outer loop
      vertex 32 -40.0576 83.4892268
      vertex 4.42699 -40.0576 59.9165268
      vertex 4.40737 -40.0576 59.9639268
    endloop
  endfacet
  facet normal 0 1 0
    outer loop
      vertex 32 -40.0576 83.4892268
      vertex 4.5022 -40.0576 59.7350268
      vertex 4.42699 -40.0576 59.9165268
    endloop
  endfacet
  facet normal 0 1 0
    outer loop
      vertex 32 -40.0576 83.4892268
      vertex 4.50889 -40.0576 59.6842268
      vertex 4.5022 -40.0576 59.7350268
    endloop
  endfacet
  facet normal 0 1 0
    outer loop
      vertex 32 -40.0576 83.4892268
      vertex 4.53452 -40.0576 59.4893268
      vertex 4.50889 -40.0576 59.6842268
    endloop
  endfacet
  facet normal 0 1 0
    outer loop
      vertex 32 -40.0576 83.4892268
      vertex 4.53452 -40.0576 52.3185268
      vertex 4.53452 -40.0576 59.4893268
    endloop
  endfacet
  facet normal 0 1 -0
    outer loop
      vertex 32 -40.0576 15.8078268
      vertex 4.53452 -40.0576 52.3185268
      vertex 32 -40.0576 83.4892268
    endloop
  endfacet
  facet normal 0 1 0
    outer loop
      vertex 4.53452 -40.0576 52.3185268
      vertex 32 -40.0576 15.8078268
      vertex 4.50889 -40.0576 52.1236268
    endloop
  endfacet
  facet normal 0 1 0
    outer loop
      vertex 4.50889 -40.0576 52.1236268
      vertex 32 -40.0576 15.8078268
      vertex 4.5022 -40.0576 52.0728268
    endloop
  endfacet
  facet normal -0 1 0
    outer loop
      vertex 4.5022 -40.0576 39.7350268
      vertex 4.5022 -40.0576 52.0728268
      vertex 32 -40.0576 15.8078268
    endloop
  endfacet
  facet normal 0 1 0
    outer loop
      vertex 4.5022 -40.0576 52.0728268
      vertex 4.5022 -40.0576 39.7350268
      vertex 4.42699 -40.0576 51.8913268
    endloop
  endfacet
  facet normal 0 1 0
    outer loop
      vertex 4.42699 -40.0576 51.8913268
      vertex 4.5022 -40.0576 39.7350268
      vertex 4.40737 -40.0576 51.8439268
    endloop
  endfacet
  facet normal 0 1 0
    outer loop
      vertex 3.58544 -40.0576 51.3694268
      vertex 3.58544 -40.0576 40.4384268
      vertex -3.58544 -40.0576 51.3694268
    endloop
  endfacet
  facet normal 0 1 0
    outer loop
      vertex 3.78026 -40.0576 51.3950268
      vertex 3.58544 -40.0576 40.4384268
      vertex 3.58544 -40.0576 51.3694268
    endloop
  endfacet
  facet normal 0 1 0
    outer loop
      vertex 3.78026 -40.0576 40.4128268
      vertex 3.78026 -40.0576 51.3950268
      vertex 3.83109 -40.0576 51.4017268
    endloop
  endfacet
  facet normal 0 1 0
    outer loop
      vertex 3.83109 -40.0576 40.4061268
      vertex 3.83109 -40.0576 51.4017268
      vertex 4.01262 -40.0576 51.4769268
    endloop
  endfacet
  facet normal 0 1 0
    outer loop
      vertex 4.01262 -40.0576 40.3309268
      vertex 4.01262 -40.0576 51.4769268
      vertex 4.05998 -40.0576 51.4965268
    endloop
  endfacet
  facet normal 0 1 0
    outer loop
      vertex 4.05998 -40.0576 40.3113268
      vertex 4.05998 -40.0576 51.4965268
      vertex 4.21588 -40.0576 51.6161268
    endloop
  endfacet
  facet normal 0 1 0
    outer loop
      vertex 4.21588 -40.0576 40.1917268
      vertex 4.21588 -40.0576 51.6161268
      vertex 4.25655 -40.0576 51.6474268
    endloop
  endfacet
  facet normal -0 1 -0
    outer loop
      vertex 4.42699 -40.0576 39.9165268
      vertex 4.40737 -40.0576 51.8439268
      vertex 4.5022 -40.0576 39.7350268
    endloop
  endfacet
  facet normal 0 1 0
    outer loop
      vertex 3.78026 -40.0576 51.3950268
      vertex 3.78026 -40.0576 40.4128268
      vertex 3.58544 -40.0576 40.4384268
    endloop
  endfacet
  facet normal 0 1 0
    outer loop
      vertex 3.83109 -40.0576 51.4017268
      vertex 3.83109 -40.0576 40.4061268
      vertex 3.78026 -40.0576 40.4128268
    endloop
  endfacet
  facet normal 0 1 0
    outer loop
      vertex 4.01262 -40.0576 51.4769268
      vertex 4.01262 -40.0576 40.3309268
      vertex 3.83109 -40.0576 40.4061268
    endloop
  endfacet
  facet normal 0 1 0
    outer loop
      vertex 4.05998 -40.0576 51.4965268
      vertex 4.05998 -40.0576 40.3113268
      vertex 4.01262 -40.0576 40.3309268
    endloop
  endfacet
  facet normal 0 1 0
    outer loop
      vertex 4.21588 -40.0576 51.6161268
      vertex 4.21588 -40.0576 40.1917268
      vertex 4.05998 -40.0576 40.3113268
    endloop
  endfacet
  facet normal 0 1 0
    outer loop
      vertex 4.25655 -40.0576 51.6474268
      vertex 4.25655 -40.0576 40.1604268
      vertex 4.21588 -40.0576 40.1917268
    endloop
  endfacet
  facet normal 0 1 0
    outer loop
      vertex 4.25655 -40.0576 51.6474268
      vertex 4.28776 -40.0576 40.1198268
      vertex 4.25655 -40.0576 40.1604268
    endloop
  endfacet
  facet normal 0 1 0
    outer loop
      vertex 4.28776 -40.0576 51.6880268
      vertex 4.28776 -40.0576 40.1198268
      vertex 4.25655 -40.0576 51.6474268
    endloop
  endfacet
  facet normal -0 1 0
    outer loop
      vertex 4.28776 -40.0576 40.1198268
      vertex 4.28776 -40.0576 51.6880268
      vertex 4.40737 -40.0576 39.9639268
    endloop
  endfacet
  facet normal 0 1 0
    outer loop
      vertex 4.40737 -40.0576 51.8439268
      vertex 4.40737 -40.0576 39.9639268
      vertex 4.28776 -40.0576 51.6880268
    endloop
  endfacet
  facet normal -0 1 0
    outer loop
      vertex 4.40737 -40.0576 39.9639268
      vertex 4.40737 -40.0576 51.8439268
      vertex 4.42699 -40.0576 39.9165268
    endloop
  endfacet
  facet normal 0 1 0
    outer loop
      vertex 4.5022 -40.0576 39.7350268
      vertex 32 -40.0576 15.8078268
      vertex 4.50889 -40.0576 39.6842268
    endloop
  endfacet
  facet normal 0 1 0
    outer loop
      vertex 4.50889 -40.0576 39.6842268
      vertex 32 -40.0576 15.8078268
      vertex 4.53452 -40.0576 39.4893268
    endloop
  endfacet
  facet normal 0 1 0
    outer loop
      vertex 4.53452 -40.0576 39.4893268
      vertex 32 -40.0576 15.8078268
      vertex 4.53452 -40.0576 32.3185268
    endloop
  endfacet
  facet normal 0 1 0
    outer loop
      vertex 4.53452 -40.0576 32.3185268
      vertex 32 -40.0576 15.8078268
      vertex 4.50889 -40.0576 32.1236268
    endloop
  endfacet
  facet normal 0 1 0
    outer loop
      vertex 4.50889 -40.0576 32.1236268
      vertex 32 -40.0576 15.8078268
      vertex 4.5022 -40.0576 32.0728268
    endloop
  endfacet
  facet normal 0 1 0
    outer loop
      vertex 4.5022 -40.0576 32.0728268
      vertex 32 -40.0576 15.8078268
      vertex 4.42699 -40.0576 31.8913268
    endloop
  endfacet
  facet normal 0 1 0
    outer loop
      vertex 4.25655 -40.0576 31.6473268
      vertex 4.05998 -40.0576 31.4965268
      vertex 4.21588 -40.0576 31.6161268
    endloop
  endfacet
  facet normal 0 1 0
    outer loop
      vertex 4.05998 -40.0576 31.4965268
      vertex 3.83109 -40.0576 31.4017268
      vertex 4.01262 -40.0576 31.4769268
    endloop
  endfacet
  facet normal 0 -1 0
    outer loop
      vertex 3.83109 -40.0576 31.4017268
      vertex 3.58544 -40.0576 31.3694268
      vertex 3.78026 -40.0576 31.3950268
    endloop
  endfacet
  facet normal 0 1 0
    outer loop
      vertex 3.58544 -40.0576 31.3694268
      vertex 32 -40.0576 15.8078268
      vertex -3.58544 -40.0576 31.3694268
    endloop
  endfacet
  facet normal 0 1 0
    outer loop
      vertex 3.83109 -40.0576 31.4017268
      vertex 32 -40.0576 15.8078268
      vertex 3.58544 -40.0576 31.3694268
    endloop
  endfacet
  facet normal 0 1 0
    outer loop
      vertex 4.05998 -40.0576 31.4965268
      vertex 32 -40.0576 15.8078268
      vertex 3.83109 -40.0576 31.4017268
    endloop
  endfacet
  facet normal 0 1 0
    outer loop
      vertex 4.25655 -40.0576 31.6473268
      vertex 32 -40.0576 15.8078268
      vertex 4.05998 -40.0576 31.4965268
    endloop
  endfacet
  facet normal 0 1 0
    outer loop
      vertex 4.28776 -40.0576 31.6880268
      vertex 32 -40.0576 15.8078268
      vertex 4.25655 -40.0576 31.6473268
    endloop
  endfacet
  facet normal 0 1 0
    outer loop
      vertex 4.40737 -40.0576 31.8439268
      vertex 32 -40.0576 15.8078268
      vertex 4.28776 -40.0576 31.6880268
    endloop
  endfacet
  facet normal 0 1 0
    outer loop
      vertex 4.42699 -40.0576 31.8913268
      vertex 32 -40.0576 15.8078268
      vertex 4.40737 -40.0576 31.8439268
    endloop
  endfacet
  facet normal 0 1 -0
    outer loop
      vertex -3.58544 -40.0576 60.4384268
      vertex -32 -40.0576 83.4892268
      vertex 3.58544 -40.0576 60.4384268
    endloop
  endfacet
  facet normal 0 1 -0
    outer loop
      vertex -3.78026 -40.0576 60.4128268
      vertex -32 -40.0576 83.4892268
      vertex -3.58544 -40.0576 60.4384268
    endloop
  endfacet
  facet normal 0 1 -0
    outer loop
      vertex -3.83109 -40.0576 60.4061268
      vertex -32 -40.0576 83.4892268
      vertex -3.78026 -40.0576 60.4128268
    endloop
  endfacet
  facet normal 0 1 -0
    outer loop
      vertex -4.01262 -40.0576 60.3309268
      vertex -32 -40.0576 83.4892268
      vertex -3.83109 -40.0576 60.4061268
    endloop
  endfacet
  facet normal 0 1 -0
    outer loop
      vertex -4.05998 -40.0576 60.3113268
      vertex -32 -40.0576 83.4892268
      vertex -4.01262 -40.0576 60.3309268
    endloop
  endfacet
  facet normal 0 1 -0
    outer loop
      vertex -4.21588 -40.0576 60.1917268
      vertex -32 -40.0576 83.4892268
      vertex -4.05998 -40.0576 60.3113268
    endloop
  endfacet
  facet normal 0 1 -0
    outer loop
      vertex -4.25655 -40.0576 60.1604268
      vertex -32 -40.0576 83.4892268
      vertex -4.21588 -40.0576 60.1917268
    endloop
  endfacet
  facet normal 0 1 -0
    outer loop
      vertex -4.28776 -40.0576 60.1198268
      vertex -32 -40.0576 83.4892268
      vertex -4.25655 -40.0576 60.1604268
    endloop
  endfacet
  facet normal 0 1 -0
    outer loop
      vertex -4.40737 -40.0576 59.9639268
      vertex -32 -40.0576 83.4892268
      vertex -4.28776 -40.0576 60.1198268
    endloop
  endfacet
  facet normal 0 1 -0
    outer loop
      vertex -4.42699 -40.0576 59.9165268
      vertex -32 -40.0576 83.4892268
      vertex -4.40737 -40.0576 59.9639268
    endloop
  endfacet
  facet normal 0 1 -0
    outer loop
      vertex -4.5022 -40.0576 59.7350268
      vertex -32 -40.0576 83.4892268
      vertex -4.42699 -40.0576 59.9165268
    endloop
  endfacet
  facet normal 0 1 -0
    outer loop
      vertex -4.50889 -40.0576 59.6842268
      vertex -32 -40.0576 83.4892268
      vertex -4.5022 -40.0576 59.7350268
    endloop
  endfacet
  facet normal 0 1 -0
    outer loop
      vertex -4.53452 -40.0576 59.4893268
      vertex -32 -40.0576 83.4892268
      vertex -4.50889 -40.0576 59.6842268
    endloop
  endfacet
  facet normal 0 1 -0
    outer loop
      vertex -4.53452 -40.0576 52.3185268
      vertex -32 -40.0576 83.4892268
      vertex -4.53452 -40.0576 59.4893268
    endloop
  endfacet
  facet normal 0 1 0
    outer loop
      vertex -32 -40.0576 15.8078268
      vertex -4.53452 -40.0576 52.3185268
      vertex -4.50889 -40.0576 52.1236268
    endloop
  endfacet
  facet normal 0 1 0
    outer loop
      vertex -32 -40.0576 15.8078268
      vertex -4.50889 -40.0576 52.1236268
      vertex -4.5022 -40.0576 52.0728268
    endloop
  endfacet
  facet normal 0 1 0
    outer loop
      vertex -4.5022 -40.0576 39.7350268
      vertex -4.5022 -40.0576 52.0728268
      vertex -4.42699 -40.0576 51.8913268
    endloop
  endfacet
  facet normal 0 1 0
    outer loop
      vertex -4.5022 -40.0576 39.7350268
      vertex -4.42699 -40.0576 51.8913268
      vertex -4.40737 -40.0576 51.8439268
    endloop
  endfacet
  facet normal 0 1 0
    outer loop
      vertex -4.40737 -40.0576 39.9639268
      vertex -4.40737 -40.0576 51.8439268
      vertex -4.28776 -40.0576 51.6880268
    endloop
  endfacet
  facet normal 0 1 0
    outer loop
      vertex -4.28776 -40.0576 40.1198268
      vertex -4.28776 -40.0576 51.6880268
      vertex -4.25655 -40.0576 51.6474268
    endloop
  endfacet
  facet normal 0 1 0
    outer loop
      vertex -3.58544 -40.0576 40.4384268
      vertex -3.58544 -40.0576 51.3694268
      vertex 3.58544 -40.0576 40.4384268
    endloop
  endfacet
  facet normal 0 1 0
    outer loop
      vertex -3.58544 -40.0576 51.3694268
      vertex -3.58544 -40.0576 40.4384268
      vertex -3.78026 -40.0576 51.3950268
    endloop
  endfacet
  facet normal 0 1 0
    outer loop
      vertex -3.78026 -40.0576 40.4128268
      vertex -3.78026 -40.0576 51.3950268
      vertex -3.58544 -40.0576 40.4384268
    endloop
  endfacet
  facet normal 0 1 0
    outer loop
      vertex -3.78026 -40.0576 51.3950268
      vertex -3.78026 -40.0576 40.4128268
      vertex -3.83109 -40.0576 51.4017268
    endloop
  endfacet
  facet normal 0 1 0
    outer loop
      vertex -3.83109 -40.0576 40.4061268
      vertex -3.83109 -40.0576 51.4017268
      vertex -3.78026 -40.0576 40.4128268
    endloop
  endfacet
  facet normal 0 1 0
    outer loop
      vertex -3.83109 -40.0576 51.4017268
      vertex -3.83109 -40.0576 40.4061268
      vertex -4.01262 -40.0576 51.4769268
    endloop
  endfacet
  facet normal 0 1 0
    outer loop
      vertex -4.01262 -40.0576 40.3309268
      vertex -4.01262 -40.0576 51.4769268
      vertex -3.83109 -40.0576 40.4061268
    endloop
  endfacet
  facet normal 0 1 0
    outer loop
      vertex -4.01262 -40.0576 51.4769268
      vertex -4.01262 -40.0576 40.3309268
      vertex -4.05998 -40.0576 51.4965268
    endloop
  endfacet
  facet normal 0 1 0
    outer loop
      vertex -4.05998 -40.0576 40.3113268
      vertex -4.05998 -40.0576 51.4965268
      vertex -4.01262 -40.0576 40.3309268
    endloop
  endfacet
  facet normal 0 1 0
    outer loop
      vertex -4.05998 -40.0576 51.4965268
      vertex -4.05998 -40.0576 40.3113268
      vertex -4.21588 -40.0576 51.6161268
    endloop
  endfacet
  facet normal 0 1 0
    outer loop
      vertex -4.21588 -40.0576 40.1917268
      vertex -4.21588 -40.0576 51.6161268
      vertex -4.05998 -40.0576 40.3113268
    endloop
  endfacet
  facet normal 0 1 0
    outer loop
      vertex -4.21588 -40.0576 51.6161268
      vertex -4.21588 -40.0576 40.1917268
      vertex -4.25655 -40.0576 51.6474268
    endloop
  endfacet
  facet normal 0 1 0
    outer loop
      vertex -4.25655 -40.0576 40.1604268
      vertex -4.25655 -40.0576 51.6474268
      vertex -4.21588 -40.0576 40.1917268
    endloop
  endfacet
  facet normal 0 1 0
    outer loop
      vertex -4.28776 -40.0576 40.1198268
      vertex -4.25655 -40.0576 51.6474268
      vertex -4.25655 -40.0576 40.1604268
    endloop
  endfacet
  facet normal 0 1 0
    outer loop
      vertex -4.28776 -40.0576 51.6880268
      vertex -4.28776 -40.0576 40.1198268
      vertex -4.40737 -40.0576 39.9639268
    endloop
  endfacet
  facet normal 0 1 0
    outer loop
      vertex -4.40737 -40.0576 51.8439268
      vertex -4.40737 -40.0576 39.9639268
      vertex -4.42699 -40.0576 39.9165268
    endloop
  endfacet
  facet normal 0 1 0
    outer loop
      vertex -4.40737 -40.0576 51.8439268
      vertex -4.42699 -40.0576 39.9165268
      vertex -4.5022 -40.0576 39.7350268
    endloop
  endfacet
  facet normal 0 1 0
    outer loop
      vertex -4.5022 -40.0576 52.0728268
      vertex -4.5022 -40.0576 39.7350268
      vertex -32 -40.0576 15.8078268
    endloop
  endfacet
  facet normal 0 1 0
    outer loop
      vertex -32 -40.0576 15.8078268
      vertex -4.5022 -40.0576 39.7350268
      vertex -4.50889 -40.0576 39.6842268
    endloop
  endfacet
  facet normal 0 1 0
    outer loop
      vertex -32 -40.0576 15.8078268
      vertex -4.50889 -40.0576 39.6842268
      vertex -4.53452 -40.0576 39.4893268
    endloop
  endfacet
  facet normal 0 1 0
    outer loop
      vertex -32 -40.0576 15.8078268
      vertex -4.53452 -40.0576 39.4893268
      vertex -4.53452 -40.0576 32.3185268
    endloop
  endfacet
  facet normal 0 1 0
    outer loop
      vertex -32 -40.0576 15.8078268
      vertex -4.53452 -40.0576 32.3185268
      vertex -4.50889 -40.0576 32.1236268
    endloop
  endfacet
  facet normal 0 1 0
    outer loop
      vertex -32 -40.0576 15.8078268
      vertex -4.50889 -40.0576 32.1236268
      vertex -4.5022 -40.0576 32.0728268
    endloop
  endfacet
  facet normal 0 1 0
    outer loop
      vertex -32 -40.0576 15.8078268
      vertex -4.5022 -40.0576 32.0728268
      vertex -4.42699 -40.0576 31.8913268
    endloop
  endfacet
  facet normal 0 1 0
    outer loop
      vertex -32 -40.0576 15.8078268
      vertex -4.42699 -40.0576 31.8913268
      vertex -4.40737 -40.0576 31.8439268
    endloop
  endfacet
  facet normal 0 1 0
    outer loop
      vertex -4.05998 -40.0576 31.4965268
      vertex -4.25655 -40.0576 31.6473268
      vertex -4.21588 -40.0576 31.6161268
    endloop
  endfacet
  facet normal 0 1 0
    outer loop
      vertex -3.83109 -40.0576 31.4017268
      vertex -4.05998 -40.0576 31.4965268
      vertex -4.01262 -40.0576 31.4769268
    endloop
  endfacet
  facet normal 0 -1 0
    outer loop
      vertex -3.58544 -40.0576 31.3694268
      vertex -3.83109 -40.0576 31.4017268
      vertex -3.78026 -40.0576 31.3950268
    endloop
  endfacet
  facet normal 0 1 0
    outer loop
      vertex -32 -40.0576 15.8078268
      vertex -3.58544 -40.0576 31.3694268
      vertex 32 -40.0576 15.8078268
    endloop
  endfacet
  facet normal 0 1 0
    outer loop
      vertex -3.58544 -40.0576 31.3694268
      vertex -32 -40.0576 15.8078268
      vertex -3.83109 -40.0576 31.4017268
    endloop
  endfacet
  facet normal 0 1 0
    outer loop
      vertex -4.53452 -40.0576 52.3185268
      vertex -32 -40.0576 15.8078268
      vertex -32 -40.0576 83.4892268
    endloop
  endfacet
  facet normal 0 1 0
    outer loop
      vertex -4.28776 -40.0576 31.6880268
      vertex -32 -40.0576 15.8078268
      vertex -4.40737 -40.0576 31.8439268
    endloop
  endfacet
  facet normal 0 1 0
    outer loop
      vertex -4.25655 -40.0576 31.6473268
      vertex -32 -40.0576 15.8078268
      vertex -4.28776 -40.0576 31.6880268
    endloop
  endfacet
  facet normal 0 1 0
    outer loop
      vertex -4.05998 -40.0576 31.4965268
      vertex -32 -40.0576 15.8078268
      vertex -4.25655 -40.0576 31.6473268
    endloop
  endfacet
  facet normal 0 1 0
    outer loop
      vertex -3.83109 -40.0576 31.4017268
      vertex -32 -40.0576 15.8078268
      vertex -4.05998 -40.0576 31.4965268
    endloop
  endfacet
  facet normal -0.381629 -0.0759309 0.921191
    outer loop
      vertex -32.5853 -77 85.8463268
      vertex -33.6667 -77 85.3983268
      vertex -33.5398 -77.6378 85.3983268
    endloop
  endfacet
  facet normal 0.770332 -0.514684 0.376417
    outer loop
      vertex 34.3045 -77.9546 84.5706268
      vertex 34.0806 -79.0806 83.4892268
      vertex 34.7184 -78.126 83.4892268
    endloop
  endfacet
  facet normal 0 -0.707107 0.707107
    outer loop
      vertex -32 -79.4944 84.5706268
      vertex 32 -78.6667 85.3983268
      vertex -32 -78.6667 85.3983268
    endloop
  endfacet
  facet normal 0 -0.707107 0.707107
    outer loop
      vertex 32 -78.6667 85.3983268
      vertex -32 -79.4944 84.5706268
      vertex 32 -79.4944 84.5706268
    endloop
  endfacet
  facet normal 1 -0 0
    outer loop
      vertex 34.9424 -77 83.4892268
      vertex 34.9424 -43 15.8078268
      vertex 34.9424 -43 83.4892268
    endloop
  endfacet
  facet normal 1 0 0
    outer loop
      vertex 34.9424 -43 15.8078268
      vertex 34.9424 -77 83.4892268
      vertex 34.9424 -77 15.8078268
    endloop
  endfacet
  facet normal -0.908641 0.180757 0.376427
    outer loop
      vertex -34.3045 -42.0454 84.5706268
      vertex -34.7184 -41.874 83.4892268
      vertex -34.4944 -43 84.5706268
    endloop
  endfacet
  facet normal 0.139318 0.700211 0.700211
    outer loop
      vertex 32 -40.5056 84.5706268
      vertex 32 -41.3333 85.3983268
      vertex 32.6378 -41.4602 85.3983268
    endloop
  endfacet
  facet normal 0.90864 -0.18076 0.376429
    outer loop
      vertex 34.9424 -77 83.4892268
      vertex 34.4944 -77 84.5706268
      vertex 34.7184 -78.126 83.4892268
    endloop
  endfacet
  facet normal -0.514684 0.770332 0.376417
    outer loop
      vertex -33.126 -40.2816 83.4892268
      vertex -34.0806 -40.9194 83.4892268
      vertex -32.9546 -40.6955 84.5706268
    endloop
  endfacet
  facet normal -0.90864 -0.18076 0.376429
    outer loop
      vertex -34.4944 -77 84.5706268
      vertex -34.9424 -77 83.4892268
      vertex -34.7184 -78.126 83.4892268
    endloop
  endfacet
  facet normal -0.139293 0.700204 0.700222
    outer loop
      vertex -32 -40.5056 84.5706268
      vertex -32.9546 -40.6955 84.5706268
      vertex -32.6378 -41.4602 85.3983268
    endloop
  endfacet
  facet normal -0.381629 0.0759309 0.921191
    outer loop
      vertex -33.5398 -42.3622 85.3983268
      vertex -33.6667 -43 85.3983268
      vertex -32.5853 -43 85.8463268
    endloop
  endfacet
  facet normal 0.0759794 -0.3816 0.921199
    outer loop
      vertex 32.224 -77.5407 85.8463268
      vertex 32 -77.5853 85.8463268
      vertex 32.6378 -78.5398 85.3983268
    endloop
  endfacet
  facet normal 0.707107 -0 0.707107
    outer loop
      vertex 33.6667 -77 85.3983268
      vertex 34.4944 -43 84.5706268
      vertex 33.6667 -43 85.3983268
    endloop
  endfacet
  facet normal 0.707107 0 0.707107
    outer loop
      vertex 34.4944 -43 84.5706268
      vertex 33.6667 -77 85.3983268
      vertex 34.4944 -77 84.5706268
    endloop
  endfacet
  facet normal -0.980781 0.195111 0
    outer loop
      vertex -34.9424 -43 15.8078268
      vertex -34.7184 -41.874 83.4892268
      vertex -34.7184 -41.874 15.8078268
    endloop
  endfacet
  facet normal -0.980781 0.195111 0
    outer loop
      vertex -34.7184 -41.874 83.4892268
      vertex -34.9424 -43 15.8078268
      vertex -34.9424 -43 83.4892268
    endloop
  endfacet
  facet normal 0.216173 -0.323512 0.9212
    outer loop
      vertex 33.1785 -78.1785 85.3983268
      vertex 32.4138 -77.4138 85.8463268
      vertex 32.6378 -78.5398 85.3983268
    endloop
  endfacet
  facet normal -0.216281 0.323484 0.921184
    outer loop
      vertex -32.224 -42.4593 85.8463268
      vertex -32.6378 -41.4602 85.3983268
      vertex -32.4138 -42.5862 85.8463268
    endloop
  endfacet
  facet normal 0.323512 -0.216173 0.9212
    outer loop
      vertex 33.5398 -77.6378 85.3983268
      vertex 32.4138 -77.4138 85.8463268
      vertex 33.1785 -78.1785 85.3983268
    endloop
  endfacet
  facet normal -0.382734 0 0.923859
    outer loop
      vertex -33.6667 -43 85.3983268
      vertex -32.5853 -77 85.8463268
      vertex -32.5853 -43 85.8463268
    endloop
  endfacet
  facet normal -0.382734 0 0.923859
    outer loop
      vertex -32.5853 -77 85.8463268
      vertex -33.6667 -43 85.3983268
      vertex -33.6667 -77 85.3983268
    endloop
  endfacet
  facet normal -0.770301 -0.514708 0.376448
    outer loop
      vertex -33.7638 -78.7638 84.5706268
      vertex -34.3045 -77.9546 84.5706268
      vertex -34.0806 -79.0806 83.4892268
    endloop
  endfacet
  facet normal 0.180757 0.908641 0.376427
    outer loop
      vertex 33.126 -40.2816 83.4892268
      vertex 32 -40.5056 84.5706268
      vertex 32.9546 -40.6955 84.5706268
    endloop
  endfacet
  facet normal -0.707107 0 0.707107
    outer loop
      vertex -34.4944 -77 84.5706268
      vertex -33.6667 -43 85.3983268
      vertex -34.4944 -43 84.5706268
    endloop
  endfacet
  facet normal -0.707107 0 0.707107
    outer loop
      vertex -33.6667 -43 85.3983268
      vertex -34.4944 -77 84.5706268
      vertex -33.6667 -77 85.3983268
    endloop
  endfacet
  facet normal -0.0759794 0.3816 0.921199
    outer loop
      vertex -32 -42.4147 85.8463268
      vertex -32.6378 -41.4602 85.3983268
      vertex -32.224 -42.4593 85.8463268
    endloop
  endfacet
  facet normal -0.514684 -0.770332 0.376417
    outer loop
      vertex -32.9546 -79.3045 84.5706268
      vertex -34.0806 -79.0806 83.4892268
      vertex -33.126 -79.7184 83.4892268
    endloop
  endfacet
  facet normal -0.396635 -0.593596 0.700232
    outer loop
      vertex -33.1785 -78.1785 85.3983268
      vertex -33.7638 -78.7638 84.5706268
      vertex -32.9546 -79.3045 84.5706268
    endloop
  endfacet
  facet normal 0.18076 -0.90864 0.376429
    outer loop
      vertex 32 -79.4944 84.5706268
      vertex 32 -79.9424 83.4892268
      vertex 33.126 -79.7184 83.4892268
    endloop
  endfacet
  facet normal -0.180757 -0.908641 0.376427
    outer loop
      vertex -32.9546 -79.3045 84.5706268
      vertex -33.126 -79.7184 83.4892268
      vertex -32 -79.4944 84.5706268
    endloop
  endfacet
  facet normal -0.0759309 -0.381629 0.921191
    outer loop
      vertex -32 -77.5853 85.8463268
      vertex -32.6378 -78.5398 85.3983268
      vertex -32 -78.6667 85.3983268
    endloop
  endfacet
  facet normal 0.555544 -0.831487 0
    outer loop
      vertex 33.126 -79.7184 15.8078268
      vertex 34.0806 -79.0806 83.4892268
      vertex 33.126 -79.7184 83.4892268
    endloop
  endfacet
  facet normal 0.555544 -0.831487 0
    outer loop
      vertex 34.0806 -79.0806 83.4892268
      vertex 33.126 -79.7184 15.8078268
      vertex 34.0806 -79.0806 15.8078268
    endloop
  endfacet
  facet normal -0 0.382734 0.923859
    outer loop
      vertex -32 -41.3333 85.3983268
      vertex 32 -42.4147 85.8463268
      vertex 32 -41.3333 85.3983268
    endloop
  endfacet
  facet normal 0 0.382734 0.923859
    outer loop
      vertex 32 -42.4147 85.8463268
      vertex -32 -41.3333 85.3983268
      vertex -32 -42.4147 85.8463268
    endloop
  endfacet
  facet normal 0.700204 -0.139293 0.700222
    outer loop
      vertex 34.4944 -77 84.5706268
      vertex 33.5398 -77.6378 85.3983268
      vertex 34.3045 -77.9546 84.5706268
    endloop
  endfacet
  facet normal 0.770301 -0.514708 0.376448
    outer loop
      vertex 34.3045 -77.9546 84.5706268
      vertex 33.7638 -78.7638 84.5706268
      vertex 34.0806 -79.0806 83.4892268
    endloop
  endfacet
  facet normal 0.593596 -0.396635 0.700232
    outer loop
      vertex 34.3045 -77.9546 84.5706268
      vertex 33.1785 -78.1785 85.3983268
      vertex 33.7638 -78.7638 84.5706268
    endloop
  endfacet
  facet normal 0.382734 0 0.923859
    outer loop
      vertex 32.5853 -43 85.8463268
      vertex 33.6667 -77 85.3983268
      vertex 33.6667 -43 85.3983268
    endloop
  endfacet
  facet normal 0.382734 0 0.923859
    outer loop
      vertex 33.6667 -77 85.3983268
      vertex 32.5853 -43 85.8463268
      vertex 32.5853 -77 85.8463268
    endloop
  endfacet
  facet normal 0.555544 0.831487 -0
    outer loop
      vertex 34.0806 -40.9194 15.8078268
      vertex 33.126 -40.2816 83.4892268
      vertex 34.0806 -40.9194 83.4892268
    endloop
  endfacet
  facet normal 0.555544 0.831487 0
    outer loop
      vertex 33.126 -40.2816 83.4892268
      vertex 34.0806 -40.9194 15.8078268
      vertex 33.126 -40.2816 15.8078268
    endloop
  endfacet
  facet normal 0.770301 0.514708 0.376448
    outer loop
      vertex 34.0806 -40.9194 83.4892268
      vertex 33.7638 -41.2362 84.5706268
      vertex 34.3045 -42.0454 84.5706268
    endloop
  endfacet
  facet normal 0.18076 0.90864 0.376429
    outer loop
      vertex 32 -40.0576 83.4892268
      vertex 32 -40.5056 84.5706268
      vertex 33.126 -40.2816 83.4892268
    endloop
  endfacet
  facet normal -0.18076 0.90864 0.376429
    outer loop
      vertex -32 -40.0576 83.4892268
      vertex -33.126 -40.2816 83.4892268
      vertex -32 -40.5056 84.5706268
    endloop
  endfacet
  facet normal 0.323484 -0.216281 0.921184
    outer loop
      vertex 32.5407 -77.224 85.8463268
      vertex 32.4138 -77.4138 85.8463268
      vertex 33.5398 -77.6378 85.3983268
    endloop
  endfacet
  facet normal -0.195111 -0.980781 0
    outer loop
      vertex -33.126 -79.7184 15.8078268
      vertex -32 -79.9424 83.4892268
      vertex -33.126 -79.7184 83.4892268
    endloop
  endfacet
  facet normal -0.195111 -0.980781 -0
    outer loop
      vertex -32 -79.9424 83.4892268
      vertex -33.126 -79.7184 15.8078268
      vertex -32 -79.9424 15.8078268
    endloop
  endfacet
  facet normal -0.831487 0.555544 0
    outer loop
      vertex -34.7184 -41.874 15.8078268
      vertex -34.0806 -40.9194 83.4892268
      vertex -34.0806 -40.9194 15.8078268
    endloop
  endfacet
  facet normal -0.831487 0.555544 0
    outer loop
      vertex -34.0806 -40.9194 83.4892268
      vertex -34.7184 -41.874 15.8078268
      vertex -34.7184 -41.874 83.4892268
    endloop
  endfacet
  facet normal -0.216173 0.323512 0.9212
    outer loop
      vertex -32.6378 -41.4602 85.3983268
      vertex -33.1785 -41.8215 85.3983268
      vertex -32.4138 -42.5862 85.8463268
    endloop
  endfacet
  facet normal -0.908641 -0.180757 0.376427
    outer loop
      vertex -34.4944 -77 84.5706268
      vertex -34.7184 -78.126 83.4892268
      vertex -34.3045 -77.9546 84.5706268
    endloop
  endfacet
  facet normal -0.770332 0.514684 0.376417
    outer loop
      vertex -34.0806 -40.9194 83.4892268
      vertex -34.7184 -41.874 83.4892268
      vertex -34.3045 -42.0454 84.5706268
    endloop
  endfacet
  facet normal 0 -0.923859 0.382734
    outer loop
      vertex -32 -79.9424 83.4892268
      vertex 32 -79.4944 84.5706268
      vertex -32 -79.4944 84.5706268
    endloop
  endfacet
  facet normal 0 -0.923859 0.382734
    outer loop
      vertex 32 -79.4944 84.5706268
      vertex -32 -79.9424 83.4892268
      vertex 32 -79.9424 83.4892268
    endloop
  endfacet
  facet normal -0.18076 -0.90864 0.376429
    outer loop
      vertex -32 -79.4944 84.5706268
      vertex -33.126 -79.7184 83.4892268
      vertex -32 -79.9424 83.4892268
    endloop
  endfacet
  facet normal 0.0759309 -0.381629 0.921191
    outer loop
      vertex 32 -77.5853 85.8463268
      vertex 32 -78.6667 85.3983268
      vertex 32.6378 -78.5398 85.3983268
    endloop
  endfacet
  facet normal 0 0 1
    outer loop
      vertex 32 -42.4147 85.8463268
      vertex 32.5853 -43 85.8463268
      vertex 32.5407 -42.776 85.8463268
    endloop
  endfacet
  facet normal 0 0 1
    outer loop
      vertex 32.5853 -43 85.8463268
      vertex 25.3 -51.7 85.8463268
      vertex 32.5853 -77 85.8463268
    endloop
  endfacet
  facet normal 0 0 1
    outer loop
      vertex 32 -42.4147 85.8463268
      vertex 32.5407 -42.776 85.8463268
      vertex 32.4138 -42.5862 85.8463268
    endloop
  endfacet
  facet normal -0 0 1
    outer loop
      vertex 25.3 -68.3 85.8463268
      vertex 32.5853 -77 85.8463268
      vertex 25.3 -51.7 85.8463268
    endloop
  endfacet
  facet normal 0 0 1
    outer loop
      vertex 32 -42.4147 85.8463268
      vertex 32.4138 -42.5862 85.8463268
      vertex 32.224 -42.4593 85.8463268
    endloop
  endfacet
  facet normal -0 0 1
    outer loop
      vertex 25.2318 -68.8176 85.8463268
      vertex 32.5853 -77 85.8463268
      vertex 25.3 -68.3 85.8463268
    endloop
  endfacet
  facet normal 0 0 1
    outer loop
      vertex 24.7142 -50.2858 85.8463268
      vertex 32.5853 -43 85.8463268
      vertex 32 -42.4147 85.8463268
    endloop
  endfacet
  facet normal -0 0 1
    outer loop
      vertex 25.032 -69.3 85.8463268
      vertex 32.5853 -77 85.8463268
      vertex 25.2318 -68.8176 85.8463268
    endloop
  endfacet
  facet normal -0 0 1
    outer loop
      vertex 24.7142 -69.7142 85.8463268
      vertex 32.5853 -77 85.8463268
      vertex 25.032 -69.3 85.8463268
    endloop
  endfacet
  facet normal 0 0 1
    outer loop
      vertex 32.5853 -43 85.8463268
      vertex 25.2318 -51.1824 85.8463268
      vertex 25.3 -51.7 85.8463268
    endloop
  endfacet
  facet normal 0 0 1
    outer loop
      vertex 32.5853 -43 85.8463268
      vertex 25.032 -50.7 85.8463268
      vertex 25.2318 -51.1824 85.8463268
    endloop
  endfacet
  facet normal 0 0 1
    outer loop
      vertex 32.5853 -43 85.8463268
      vertex 24.7142 -50.2858 85.8463268
      vertex 25.032 -50.7 85.8463268
    endloop
  endfacet
  facet normal 0 0 1
    outer loop
      vertex 32 -42.4147 85.8463268
      vertex 24.3 -49.968 85.8463268
      vertex 24.7142 -50.2858 85.8463268
    endloop
  endfacet
  facet normal 0 0 1
    outer loop
      vertex 32 -42.4147 85.8463268
      vertex 23.8176 -49.7682 85.8463268
      vertex 24.3 -49.968 85.8463268
    endloop
  endfacet
  facet normal 0 0 1
    outer loop
      vertex 32 -42.4147 85.8463268
      vertex 23.3 -49.7 85.8463268
      vertex 23.8176 -49.7682 85.8463268
    endloop
  endfacet
  facet normal 0 0 1
    outer loop
      vertex 32 -42.4147 85.8463268
      vertex -23.3 -49.7 85.8463268
      vertex 23.3 -49.7 85.8463268
    endloop
  endfacet
  facet normal -0 0 1
    outer loop
      vertex -32 -42.4147 85.8463268
      vertex -23.3 -49.7 85.8463268
      vertex 32 -42.4147 85.8463268
    endloop
  endfacet
  facet normal 0 0 1
    outer loop
      vertex -25.2319 -51.1824 85.8463268
      vertex -32.5853 -43 85.8463268
      vertex -25.3 -51.7 85.8463268
    endloop
  endfacet
  facet normal 0 0 1
    outer loop
      vertex -25.0321 -50.7 85.8463268
      vertex -32.5853 -43 85.8463268
      vertex -25.2319 -51.1824 85.8463268
    endloop
  endfacet
  facet normal 0 0 1
    outer loop
      vertex -24.7142 -50.2858 85.8463268
      vertex -32.5853 -43 85.8463268
      vertex -25.0321 -50.7 85.8463268
    endloop
  endfacet
  facet normal -0 0 1
    outer loop
      vertex -32.5853 -43 85.8463268
      vertex -24.7142 -50.2858 85.8463268
      vertex -32 -42.4147 85.8463268
    endloop
  endfacet
  facet normal 0 0 1
    outer loop
      vertex -24.3 -49.968 85.8463268
      vertex -32 -42.4147 85.8463268
      vertex -24.7142 -50.2858 85.8463268
    endloop
  endfacet
  facet normal 0 0 1
    outer loop
      vertex -23.8176 -49.7682 85.8463268
      vertex -32 -42.4147 85.8463268
      vertex -24.3 -49.968 85.8463268
    endloop
  endfacet
  facet normal 0 0 1
    outer loop
      vertex -23.3 -49.7 85.8463268
      vertex -32 -42.4147 85.8463268
      vertex -23.8176 -49.7682 85.8463268
    endloop
  endfacet
  facet normal 0 0 1
    outer loop
      vertex 32.5853 -77 85.8463268
      vertex 32 -77.5853 85.8463268
      vertex 32.5407 -77.224 85.8463268
    endloop
  endfacet
  facet normal 0 0 1
    outer loop
      vertex 32.4138 -77.4138 85.8463268
      vertex 32 -77.5853 85.8463268
      vertex 32.224 -77.5407 85.8463268
    endloop
  endfacet
  facet normal 0 0 1
    outer loop
      vertex 32.5407 -77.224 85.8463268
      vertex 32 -77.5853 85.8463268
      vertex 32.4138 -77.4138 85.8463268
    endloop
  endfacet
  facet normal 0 0 1
    outer loop
      vertex 32.5853 -77 85.8463268
      vertex 24.7142 -69.7142 85.8463268
      vertex 32 -77.5853 85.8463268
    endloop
  endfacet
  facet normal -0 0 1
    outer loop
      vertex 24.3 -70.0321 85.8463268
      vertex 32 -77.5853 85.8463268
      vertex 24.7142 -69.7142 85.8463268
    endloop
  endfacet
  facet normal -0 0 1
    outer loop
      vertex 23.8176 -70.2319 85.8463268
      vertex 32 -77.5853 85.8463268
      vertex 24.3 -70.0321 85.8463268
    endloop
  endfacet
  facet normal -0 0 1
    outer loop
      vertex 23.3 -70.3 85.8463268
      vertex 32 -77.5853 85.8463268
      vertex 23.8176 -70.2319 85.8463268
    endloop
  endfacet
  facet normal -0 0 1
    outer loop
      vertex -23.3 -70.3 85.8463268
      vertex 32 -77.5853 85.8463268
      vertex 23.3 -70.3 85.8463268
    endloop
  endfacet
  facet normal 0 0 1
    outer loop
      vertex -32 -77.5853 85.8463268
      vertex -23.3 -70.3 85.8463268
      vertex -23.8176 -70.2319 85.8463268
    endloop
  endfacet
  facet normal 0 0 1
    outer loop
      vertex -25.3 -51.7 85.8463268
      vertex -32.5853 -43 85.8463268
      vertex -25.3 -68.3 85.8463268
    endloop
  endfacet
  facet normal 0 0 1
    outer loop
      vertex -23.3 -70.3 85.8463268
      vertex -32 -77.5853 85.8463268
      vertex 32 -77.5853 85.8463268
    endloop
  endfacet
  facet normal 0 0 1
    outer loop
      vertex -24.3 -70.0321 85.8463268
      vertex -32 -77.5853 85.8463268
      vertex -23.8176 -70.2319 85.8463268
    endloop
  endfacet
  facet normal 0 0 1
    outer loop
      vertex -24.7142 -69.7142 85.8463268
      vertex -32 -77.5853 85.8463268
      vertex -24.3 -70.0321 85.8463268
    endloop
  endfacet
  facet normal 0 0 1
    outer loop
      vertex -32.5853 -77 85.8463268
      vertex -24.7142 -69.7142 85.8463268
      vertex -25.0321 -69.3 85.8463268
    endloop
  endfacet
  facet normal 0 0 1
    outer loop
      vertex -32.5853 -77 85.8463268
      vertex -25.0321 -69.3 85.8463268
      vertex -25.2319 -68.8176 85.8463268
    endloop
  endfacet
  facet normal 0 0 1
    outer loop
      vertex -32.5853 -77 85.8463268
      vertex -25.3 -68.3 85.8463268
      vertex -32.5853 -43 85.8463268
    endloop
  endfacet
  facet normal 0 0 1
    outer loop
      vertex -32.5853 -43 85.8463268
      vertex -32 -42.4147 85.8463268
      vertex -32.224 -42.4593 85.8463268
    endloop
  endfacet
  facet normal 0 0 1
    outer loop
      vertex -25.3 -68.3 85.8463268
      vertex -32.5853 -77 85.8463268
      vertex -25.2319 -68.8176 85.8463268
    endloop
  endfacet
  facet normal 0 0 1
    outer loop
      vertex -32.5853 -43 85.8463268
      vertex -32.224 -42.4593 85.8463268
      vertex -32.4138 -42.5862 85.8463268
    endloop
  endfacet
  facet normal 0 0 1
    outer loop
      vertex -24.7142 -69.7142 85.8463268
      vertex -32.5853 -77 85.8463268
      vertex -32 -77.5853 85.8463268
    endloop
  endfacet
  facet normal 0 0 1
    outer loop
      vertex -32.5853 -43 85.8463268
      vertex -32.4138 -42.5862 85.8463268
      vertex -32.5407 -42.776 85.8463268
    endloop
  endfacet
  facet normal 0 0 1
    outer loop
      vertex -32 -77.5853 85.8463268
      vertex -32.5853 -77 85.8463268
      vertex -32.224 -77.5407 85.8463268
    endloop
  endfacet
  facet normal 0 0 1
    outer loop
      vertex -32.224 -77.5407 85.8463268
      vertex -32.5853 -77 85.8463268
      vertex -32.4138 -77.4138 85.8463268
    endloop
  endfacet
  facet normal 0 0 1
    outer loop
      vertex -32.4138 -77.4138 85.8463268
      vertex -32.5853 -77 85.8463268
      vertex -32.5407 -77.224 85.8463268
    endloop
  endfacet
  facet normal 0.593594 -0.396644 0.700228
    outer loop
      vertex 33.5398 -77.6378 85.3983268
      vertex 33.1785 -78.1785 85.3983268
      vertex 34.3045 -77.9546 84.5706268
    endloop
  endfacet
  facet normal -0.514708 -0.770301 0.376448
    outer loop
      vertex -33.7638 -78.7638 84.5706268
      vertex -34.0806 -79.0806 83.4892268
      vertex -32.9546 -79.3045 84.5706268
    endloop
  endfacet
  facet normal -0.980781 -0.195111 0
    outer loop
      vertex -34.7184 -78.126 15.8078268
      vertex -34.9424 -77 83.4892268
      vertex -34.9424 -77 15.8078268
    endloop
  endfacet
  facet normal -0.980781 -0.195111 0
    outer loop
      vertex -34.9424 -77 83.4892268
      vertex -34.7184 -78.126 15.8078268
      vertex -34.7184 -78.126 83.4892268
    endloop
  endfacet
  facet normal 0.195111 0.980781 -0
    outer loop
      vertex 33.126 -40.2816 15.8078268
      vertex 32 -40.0576 83.4892268
      vertex 33.126 -40.2816 83.4892268
    endloop
  endfacet
  facet normal 0.195111 0.980781 0
    outer loop
      vertex 32 -40.0576 83.4892268
      vertex 33.126 -40.2816 15.8078268
      vertex 32 -40.0576 15.8078268
    endloop
  endfacet
  facet normal 0.3816 -0.0759794 0.921199
    outer loop
      vertex 32.5853 -77 85.8463268
      vertex 32.5407 -77.224 85.8463268
      vertex 33.5398 -77.6378 85.3983268
    endloop
  endfacet
  facet normal 0 -0.382734 0.923859
    outer loop
      vertex -32 -77.5853 85.8463268
      vertex 32 -78.6667 85.3983268
      vertex 32 -77.5853 85.8463268
    endloop
  endfacet
  facet normal 0 -0.382734 0.923859
    outer loop
      vertex 32 -78.6667 85.3983268
      vertex -32 -77.5853 85.8463268
      vertex -32 -78.6667 85.3983268
    endloop
  endfacet
  facet normal 0.180757 -0.908641 0.376427
    outer loop
      vertex 32.9546 -79.3045 84.5706268
      vertex 32 -79.4944 84.5706268
      vertex 33.126 -79.7184 83.4892268
    endloop
  endfacet
  facet normal 0.514684 -0.770332 0.376417
    outer loop
      vertex 34.0806 -79.0806 83.4892268
      vertex 32.9546 -79.3045 84.5706268
      vertex 33.126 -79.7184 83.4892268
    endloop
  endfacet
  facet normal 0.514708 0.770301 0.376448
    outer loop
      vertex 34.0806 -40.9194 83.4892268
      vertex 32.9546 -40.6955 84.5706268
      vertex 33.7638 -41.2362 84.5706268
    endloop
  endfacet
  facet normal -0.323512 0.216173 0.9212
    outer loop
      vertex -33.1785 -41.8215 85.3983268
      vertex -33.5398 -42.3622 85.3983268
      vertex -32.4138 -42.5862 85.8463268
    endloop
  endfacet
  facet normal -0.180757 0.908641 0.376427
    outer loop
      vertex -32 -40.5056 84.5706268
      vertex -33.126 -40.2816 83.4892268
      vertex -32.9546 -40.6955 84.5706268
    endloop
  endfacet
  facet normal -0.700204 0.139293 0.700222
    outer loop
      vertex -34.3045 -42.0454 84.5706268
      vertex -34.4944 -43 84.5706268
      vertex -33.5398 -42.3622 85.3983268
    endloop
  endfacet
  facet normal -0.593596 -0.396635 0.700232
    outer loop
      vertex -33.1785 -78.1785 85.3983268
      vertex -34.3045 -77.9546 84.5706268
      vertex -33.7638 -78.7638 84.5706268
    endloop
  endfacet
  facet normal -0.0759794 -0.3816 0.921199
    outer loop
      vertex -32.224 -77.5407 85.8463268
      vertex -32.6378 -78.5398 85.3983268
      vertex -32 -77.5853 85.8463268
    endloop
  endfacet
  facet normal -0.216281 -0.323484 0.921184
    outer loop
      vertex -32.4138 -77.4138 85.8463268
      vertex -32.6378 -78.5398 85.3983268
      vertex -32.224 -77.5407 85.8463268
    endloop
  endfacet
  facet normal 0 -1 0
    outer loop
      vertex -32 -79.9424 83.4892268
      vertex -3.58544 -79.9424 60.4384268
      vertex 32 -79.9424 83.4892268
    endloop
  endfacet
  facet normal 0 -1 0
    outer loop
      vertex -32 -79.9424 83.4892268
      vertex -3.78026 -79.9424 60.4128268
      vertex -3.58544 -79.9424 60.4384268
    endloop
  endfacet
  facet normal 0 -1 0
    outer loop
      vertex -32 -79.9424 83.4892268
      vertex -3.83109 -79.9424 60.4061268
      vertex -3.78026 -79.9424 60.4128268
    endloop
  endfacet
  facet normal 0 -1 0
    outer loop
      vertex -32 -79.9424 83.4892268
      vertex -4.01262 -79.9424 60.3309268
      vertex -3.83109 -79.9424 60.4061268
    endloop
  endfacet
  facet normal 0 -1 0
    outer loop
      vertex -32 -79.9424 83.4892268
      vertex -4.05998 -79.9424 60.3113268
      vertex -4.01262 -79.9424 60.3309268
    endloop
  endfacet
  facet normal 0 -1 0
    outer loop
      vertex -32 -79.9424 83.4892268
      vertex -4.10066 -79.9424 60.2801268
      vertex -4.05998 -79.9424 60.3113268
    endloop
  endfacet
  facet normal 0 -1 0
    outer loop
      vertex -32 -79.9424 83.4892268
      vertex -4.25655 -79.9424 60.1605268
      vertex -4.10066 -79.9424 60.2801268
    endloop
  endfacet
  facet normal 0 -1 0
    outer loop
      vertex -32 -79.9424 83.4892268
      vertex -4.28776 -79.9424 60.1198268
      vertex -4.25655 -79.9424 60.1605268
    endloop
  endfacet
  facet normal 0 -1 0
    outer loop
      vertex -32 -79.9424 83.4892268
      vertex -4.40737 -79.9424 59.9639268
      vertex -4.28776 -79.9424 60.1198268
    endloop
  endfacet
  facet normal 0 -1 0
    outer loop
      vertex -32 -79.9424 83.4892268
      vertex -4.427 -79.9424 59.9165268
      vertex -4.40737 -79.9424 59.9639268
    endloop
  endfacet
  facet normal 0 -1 0
    outer loop
      vertex -32 -79.9424 83.4892268
      vertex -4.5022 -79.9424 59.7350268
      vertex -4.427 -79.9424 59.9165268
    endloop
  endfacet
  facet normal 0 -1 0
    outer loop
      vertex -32 -79.9424 83.4892268
      vertex -4.50889 -79.9424 59.6842268
      vertex -4.5022 -79.9424 59.7350268
    endloop
  endfacet
  facet normal 0 -1 0
    outer loop
      vertex -32 -79.9424 83.4892268
      vertex -4.53453 -79.9424 59.4893268
      vertex -4.50889 -79.9424 59.6842268
    endloop
  endfacet
  facet normal 0 -1 0
    outer loop
      vertex -32 -79.9424 83.4892268
      vertex -4.53453 -79.9424 52.3185268
      vertex -4.53453 -79.9424 59.4893268
    endloop
  endfacet
  facet normal 0 -1 0
    outer loop
      vertex -32 -79.9424 15.8078268
      vertex -4.53453 -79.9424 52.3185268
      vertex -32 -79.9424 83.4892268
    endloop
  endfacet
  facet normal 0 -1 -0
    outer loop
      vertex -4.53453 -79.9424 52.3185268
      vertex -32 -79.9424 15.8078268
      vertex -4.50889 -79.9424 52.1236268
    endloop
  endfacet
  facet normal 0 -1 -0
    outer loop
      vertex -4.50889 -79.9424 52.1236268
      vertex -32 -79.9424 15.8078268
      vertex -4.5022 -79.9424 52.0728268
    endloop
  endfacet
  facet normal -0 -1 0
    outer loop
      vertex -4.5022 -79.9424 39.7350268
      vertex -4.5022 -79.9424 52.0728268
      vertex -32 -79.9424 15.8078268
    endloop
  endfacet
  facet normal 0 -1 0
    outer loop
      vertex -4.5022 -79.9424 52.0728268
      vertex -4.5022 -79.9424 39.7350268
      vertex -4.427 -79.9424 51.8913268
    endloop
  endfacet
  facet normal 0 -1 -0
    outer loop
      vertex -4.427 -79.9424 51.8913268
      vertex -4.5022 -79.9424 39.7350268
      vertex -4.40737 -79.9424 51.8439268
    endloop
  endfacet
  facet normal 0 -1 0
    outer loop
      vertex -4.10066 -79.9424 40.2801268
      vertex -4.10066 -79.9424 51.5277268
      vertex -4.25655 -79.9424 51.6473268
    endloop
  endfacet
  facet normal 0 -1 0
    outer loop
      vertex -4.01262 -79.9424 40.3309268
      vertex -4.01262 -79.9424 51.4769268
      vertex -4.05998 -79.9424 51.4965268
    endloop
  endfacet
  facet normal 0 -1 0
    outer loop
      vertex -3.78026 -79.9424 40.4128268
      vertex -3.78026 -79.9424 51.3950268
      vertex -3.83109 -79.9424 51.4017268
    endloop
  endfacet
  facet normal 0 -1 0
    outer loop
      vertex -3.58544 -79.9424 51.3694268
      vertex -3.58544 -79.9424 40.4384268
      vertex 3.58544 -79.9424 51.3694268
    endloop
  endfacet
  facet normal 0 -1 0
    outer loop
      vertex -3.78026 -79.9424 51.3950268
      vertex -3.58544 -79.9424 40.4384268
      vertex -3.58544 -79.9424 51.3694268
    endloop
  endfacet
  facet normal 0 -1 0
    outer loop
      vertex -4.01262 -79.9424 51.4769268
      vertex -3.83109 -79.9424 40.4061268
      vertex -3.83109 -79.9424 51.4017268
    endloop
  endfacet
  facet normal 0 -1 0
    outer loop
      vertex -4.10066 -79.9424 51.5277268
      vertex -4.10066 -79.9424 40.2801268
      vertex -4.05998 -79.9424 51.4965268
    endloop
  endfacet
  facet normal -0 -1 0
    outer loop
      vertex -4.427 -79.9424 39.9165268
      vertex -4.40737 -79.9424 51.8439268
      vertex -4.5022 -79.9424 39.7350268
    endloop
  endfacet
  facet normal 0 -1 0
    outer loop
      vertex -3.78026 -79.9424 51.3950268
      vertex -3.78026 -79.9424 40.4128268
      vertex -3.58544 -79.9424 40.4384268
    endloop
  endfacet
  facet normal 0 -1 0
    outer loop
      vertex -3.83109 -79.9424 51.4017268
      vertex -3.83109 -79.9424 40.4061268
      vertex -3.78026 -79.9424 40.4128268
    endloop
  endfacet
  facet normal 0 -1 0
    outer loop
      vertex -4.01262 -79.9424 51.4769268
      vertex -4.01262 -79.9424 40.3309268
      vertex -3.83109 -79.9424 40.4061268
    endloop
  endfacet
  facet normal 0 -1 0
    outer loop
      vertex -4.05998 -79.9424 51.4965268
      vertex -4.05998 -79.9424 40.3113268
      vertex -4.01262 -79.9424 40.3309268
    endloop
  endfacet
  facet normal 0 -1 -0
    outer loop
      vertex -4.05998 -79.9424 51.4965268
      vertex -4.10066 -79.9424 40.2801268
      vertex -4.05998 -79.9424 40.3113268
    endloop
  endfacet
  facet normal 0 -1 0
    outer loop
      vertex -4.25655 -79.9424 51.6473268
      vertex -4.25655 -79.9424 40.1605268
      vertex -4.10066 -79.9424 40.2801268
    endloop
  endfacet
  facet normal 0 -1 -0
    outer loop
      vertex -4.25655 -79.9424 51.6473268
      vertex -4.28776 -79.9424 40.1198268
      vertex -4.25655 -79.9424 40.1605268
    endloop
  endfacet
  facet normal 0 -1 0
    outer loop
      vertex -4.28776 -79.9424 51.6880268
      vertex -4.28776 -79.9424 40.1198268
      vertex -4.25655 -79.9424 51.6473268
    endloop
  endfacet
  facet normal -0 -1 0
    outer loop
      vertex -4.28776 -79.9424 40.1198268
      vertex -4.28776 -79.9424 51.6880268
      vertex -4.40737 -79.9424 39.9639268
    endloop
  endfacet
  facet normal 0 -1 0
    outer loop
      vertex -4.40737 -79.9424 51.8439268
      vertex -4.40737 -79.9424 39.9639268
      vertex -4.28776 -79.9424 51.6880268
    endloop
  endfacet
  facet normal -0 -1 0
    outer loop
      vertex -4.40737 -79.9424 39.9639268
      vertex -4.40737 -79.9424 51.8439268
      vertex -4.427 -79.9424 39.9165268
    endloop
  endfacet
  facet normal 0 -1 0
    outer loop
      vertex -4.5022 -79.9424 39.7350268
      vertex -32 -79.9424 15.8078268
      vertex -4.50889 -79.9424 39.6842268
    endloop
  endfacet
  facet normal 0 -1 0
    outer loop
      vertex -4.50889 -79.9424 39.6842268
      vertex -32 -79.9424 15.8078268
      vertex -4.53453 -79.9424 39.4893268
    endloop
  endfacet
  facet normal 0 -1 -0
    outer loop
      vertex -4.53453 -79.9424 39.4893268
      vertex -32 -79.9424 15.8078268
      vertex -4.53453 -79.9424 32.3185268
    endloop
  endfacet
  facet normal 0 -1 -0
    outer loop
      vertex -4.53453 -79.9424 32.3185268
      vertex -32 -79.9424 15.8078268
      vertex -4.50889 -79.9424 32.1236268
    endloop
  endfacet
  facet normal 0 -1 -0
    outer loop
      vertex -4.50889 -79.9424 32.1236268
      vertex -32 -79.9424 15.8078268
      vertex -4.5022 -79.9424 32.0728268
    endloop
  endfacet
  facet normal 0 -1 -0
    outer loop
      vertex -4.5022 -79.9424 32.0728268
      vertex -32 -79.9424 15.8078268
      vertex -4.427 -79.9424 31.8913268
    endloop
  endfacet
  facet normal 0 -1 0
    outer loop
      vertex -4.40737 -79.9424 31.8439268
      vertex -4.25655 -79.9424 31.6473268
      vertex -4.28776 -79.9424 31.6880268
    endloop
  endfacet
  facet normal 0 1 0
    outer loop
      vertex -4.25655 -79.9424 31.6473268
      vertex -4.05998 -79.9424 31.4965268
      vertex -4.10066 -79.9424 31.5277268
    endloop
  endfacet
  facet normal 0 1 0
    outer loop
      vertex -3.83109 -79.9424 31.4017268
      vertex -3.58544 -79.9424 31.3694268
      vertex -3.78026 -79.9424 31.3950268
    endloop
  endfacet
  facet normal 0 -1 -0
    outer loop
      vertex -3.58544 -79.9424 31.3694268
      vertex -32 -79.9424 15.8078268
      vertex 3.58544 -79.9424 31.3694268
    endloop
  endfacet
  facet normal 0 -1 -0
    outer loop
      vertex -3.83109 -79.9424 31.4017268
      vertex -32 -79.9424 15.8078268
      vertex -3.58544 -79.9424 31.3694268
    endloop
  endfacet
  facet normal 0 -1 -0
    outer loop
      vertex -4.01262 -79.9424 31.4769268
      vertex -32 -79.9424 15.8078268
      vertex -3.83109 -79.9424 31.4017268
    endloop
  endfacet
  facet normal 0 -1 -0
    outer loop
      vertex -4.05998 -79.9424 31.4965268
      vertex -32 -79.9424 15.8078268
      vertex -4.01262 -79.9424 31.4769268
    endloop
  endfacet
  facet normal 0 -1 -0
    outer loop
      vertex -4.25655 -79.9424 31.6473268
      vertex -32 -79.9424 15.8078268
      vertex -4.05998 -79.9424 31.4965268
    endloop
  endfacet
  facet normal 0 -1 -0
    outer loop
      vertex -4.40737 -79.9424 31.8439268
      vertex -32 -79.9424 15.8078268
      vertex -4.25655 -79.9424 31.6473268
    endloop
  endfacet
  facet normal 0 -1 -0
    outer loop
      vertex -4.427 -79.9424 31.8913268
      vertex -32 -79.9424 15.8078268
      vertex -4.40737 -79.9424 31.8439268
    endloop
  endfacet
  facet normal 0 -1 0
    outer loop
      vertex 3.58544 -79.9424 60.4384268
      vertex 32 -79.9424 83.4892268
      vertex -3.58544 -79.9424 60.4384268
    endloop
  endfacet
  facet normal 0 -1 0
    outer loop
      vertex 3.78026 -79.9424 60.4128268
      vertex 32 -79.9424 83.4892268
      vertex 3.58544 -79.9424 60.4384268
    endloop
  endfacet
  facet normal 0 -1 0
    outer loop
      vertex 3.83109 -79.9424 60.4061268
      vertex 32 -79.9424 83.4892268
      vertex 3.78026 -79.9424 60.4128268
    endloop
  endfacet
  facet normal 0 -1 0
    outer loop
      vertex 4.01262 -79.9424 60.3309268
      vertex 32 -79.9424 83.4892268
      vertex 3.83109 -79.9424 60.4061268
    endloop
  endfacet
  facet normal 0 -1 0
    outer loop
      vertex 4.05998 -79.9424 60.3113268
      vertex 32 -79.9424 83.4892268
      vertex 4.01262 -79.9424 60.3309268
    endloop
  endfacet
  facet normal 0 -1 0
    outer loop
      vertex 4.10066 -79.9424 60.2801268
      vertex 32 -79.9424 83.4892268
      vertex 4.05998 -79.9424 60.3113268
    endloop
  endfacet
  facet normal 0 -1 0
    outer loop
      vertex 4.25655 -79.9424 60.1605268
      vertex 32 -79.9424 83.4892268
      vertex 4.10066 -79.9424 60.2801268
    endloop
  endfacet
  facet normal 0 -1 0
    outer loop
      vertex 4.28776 -79.9424 60.1198268
      vertex 32 -79.9424 83.4892268
      vertex 4.25655 -79.9424 60.1605268
    endloop
  endfacet
  facet normal 0 -1 0
    outer loop
      vertex 4.40737 -79.9424 59.9639268
      vertex 32 -79.9424 83.4892268
      vertex 4.28776 -79.9424 60.1198268
    endloop
  endfacet
  facet normal 0 -1 0
    outer loop
      vertex 4.427 -79.9424 59.9165268
      vertex 32 -79.9424 83.4892268
      vertex 4.40737 -79.9424 59.9639268
    endloop
  endfacet
  facet normal 0 -1 0
    outer loop
      vertex 4.5022 -79.9424 59.7350268
      vertex 32 -79.9424 83.4892268
      vertex 4.427 -79.9424 59.9165268
    endloop
  endfacet
  facet normal 0 -1 0
    outer loop
      vertex 4.50889 -79.9424 59.6842268
      vertex 32 -79.9424 83.4892268
      vertex 4.5022 -79.9424 59.7350268
    endloop
  endfacet
  facet normal 0 -1 0
    outer loop
      vertex 4.53453 -79.9424 59.4893268
      vertex 32 -79.9424 83.4892268
      vertex 4.50889 -79.9424 59.6842268
    endloop
  endfacet
  facet normal 0 -1 0
    outer loop
      vertex 4.53453 -79.9424 52.3185268
      vertex 32 -79.9424 83.4892268
      vertex 4.53453 -79.9424 59.4893268
    endloop
  endfacet
  facet normal 0 -1 0
    outer loop
      vertex 32 -79.9424 15.8078268
      vertex 4.53453 -79.9424 52.3185268
      vertex 4.50889 -79.9424 52.1236268
    endloop
  endfacet
  facet normal 0 -1 0
    outer loop
      vertex 32 -79.9424 15.8078268
      vertex 4.50889 -79.9424 52.1236268
      vertex 4.5022 -79.9424 52.0728268
    endloop
  endfacet
  facet normal 0 -1 0
    outer loop
      vertex 4.5022 -79.9424 39.7350268
      vertex 4.5022 -79.9424 52.0728268
      vertex 4.427 -79.9424 51.8913268
    endloop
  endfacet
  facet normal 0 -1 0
    outer loop
      vertex 4.5022 -79.9424 39.7350268
      vertex 4.427 -79.9424 51.8913268
      vertex 4.40737 -79.9424 51.8439268
    endloop
  endfacet
  facet normal 0 -1 0
    outer loop
      vertex 4.40737 -79.9424 39.9639268
      vertex 4.40737 -79.9424 51.8439268
      vertex 4.28776 -79.9424 51.6880268
    endloop
  endfacet
  facet normal 0 -1 0
    outer loop
      vertex 4.28776 -79.9424 40.1198268
      vertex 4.28776 -79.9424 51.6880268
      vertex 4.25655 -79.9424 51.6473268
    endloop
  endfacet
  facet normal 0 -1 0
    outer loop
      vertex 4.10066 -79.9424 40.2801268
      vertex 4.10066 -79.9424 51.5277268
      vertex 4.05998 -79.9424 51.4965268
    endloop
  endfacet
  facet normal 0 -1 0
    outer loop
      vertex 3.83109 -79.9424 40.4061268
      vertex 4.01262 -79.9424 51.4769268
      vertex 3.83109 -79.9424 51.4017268
    endloop
  endfacet
  facet normal 0 -1 0
    outer loop
      vertex 3.58544 -79.9424 40.4384268
      vertex 3.78026 -79.9424 51.3950268
      vertex 3.58544 -79.9424 51.3694268
    endloop
  endfacet
  facet normal 0 -1 0
    outer loop
      vertex 3.58544 -79.9424 40.4384268
      vertex 3.58544 -79.9424 51.3694268
      vertex -3.58544 -79.9424 40.4384268
    endloop
  endfacet
  facet normal 0 -1 0
    outer loop
      vertex 3.78026 -79.9424 40.4128268
      vertex 3.78026 -79.9424 51.3950268
      vertex 3.58544 -79.9424 40.4384268
    endloop
  endfacet
  facet normal 0 -1 0
    outer loop
      vertex 3.78026 -79.9424 51.3950268
      vertex 3.78026 -79.9424 40.4128268
      vertex 3.83109 -79.9424 51.4017268
    endloop
  endfacet
  facet normal 0 -1 0
    outer loop
      vertex 3.83109 -79.9424 40.4061268
      vertex 3.83109 -79.9424 51.4017268
      vertex 3.78026 -79.9424 40.4128268
    endloop
  endfacet
  facet normal 0 -1 0
    outer loop
      vertex 4.01262 -79.9424 40.3309268
      vertex 4.01262 -79.9424 51.4769268
      vertex 3.83109 -79.9424 40.4061268
    endloop
  endfacet
  facet normal 0 -1 0
    outer loop
      vertex 4.01262 -79.9424 51.4769268
      vertex 4.01262 -79.9424 40.3309268
      vertex 4.05998 -79.9424 51.4965268
    endloop
  endfacet
  facet normal 0 -1 0
    outer loop
      vertex 4.05998 -79.9424 40.3113268
      vertex 4.05998 -79.9424 51.4965268
      vertex 4.01262 -79.9424 40.3309268
    endloop
  endfacet
  facet normal 0 -1 0
    outer loop
      vertex 4.10066 -79.9424 40.2801268
      vertex 4.05998 -79.9424 51.4965268
      vertex 4.05998 -79.9424 40.3113268
    endloop
  endfacet
  facet normal 0 -1 0
    outer loop
      vertex 4.10066 -79.9424 51.5277268
      vertex 4.10066 -79.9424 40.2801268
      vertex 4.25655 -79.9424 51.6473268
    endloop
  endfacet
  facet normal 0 -1 0
    outer loop
      vertex 4.25655 -79.9424 40.1605268
      vertex 4.25655 -79.9424 51.6473268
      vertex 4.10066 -79.9424 40.2801268
    endloop
  endfacet
  facet normal 0 -1 0
    outer loop
      vertex 4.28776 -79.9424 40.1198268
      vertex 4.25655 -79.9424 51.6473268
      vertex 4.25655 -79.9424 40.1605268
    endloop
  endfacet
  facet normal 0 -1 0
    outer loop
      vertex 4.28776 -79.9424 51.6880268
      vertex 4.28776 -79.9424 40.1198268
      vertex 4.40737 -79.9424 39.9639268
    endloop
  endfacet
  facet normal 0 -1 0
    outer loop
      vertex 4.40737 -79.9424 51.8439268
      vertex 4.40737 -79.9424 39.9639268
      vertex 4.427 -79.9424 39.9165268
    endloop
  endfacet
  facet normal 0 -1 0
    outer loop
      vertex 4.40737 -79.9424 51.8439268
      vertex 4.427 -79.9424 39.9165268
      vertex 4.5022 -79.9424 39.7350268
    endloop
  endfacet
  facet normal 0 -1 0
    outer loop
      vertex 4.5022 -79.9424 52.0728268
      vertex 4.5022 -79.9424 39.7350268
      vertex 32 -79.9424 15.8078268
    endloop
  endfacet
  facet normal 0 -1 0
    outer loop
      vertex 32 -79.9424 15.8078268
      vertex 4.5022 -79.9424 39.7350268
      vertex 4.50889 -79.9424 39.6842268
    endloop
  endfacet
  facet normal 0 -1 0
    outer loop
      vertex 32 -79.9424 15.8078268
      vertex 4.50889 -79.9424 39.6842268
      vertex 4.53453 -79.9424 39.4893268
    endloop
  endfacet
  facet normal 0 -1 0
    outer loop
      vertex 32 -79.9424 15.8078268
      vertex 4.53453 -79.9424 39.4893268
      vertex 4.53453 -79.9424 32.3185268
    endloop
  endfacet
  facet normal 0 -1 0
    outer loop
      vertex 32 -79.9424 15.8078268
      vertex 4.53453 -79.9424 32.3185268
      vertex 4.50889 -79.9424 32.1236268
    endloop
  endfacet
  facet normal 0 -1 0
    outer loop
      vertex 32 -79.9424 15.8078268
      vertex 4.50889 -79.9424 32.1236268
      vertex 4.5022 -79.9424 32.0728268
    endloop
  endfacet
  facet normal 0 -1 0
    outer loop
      vertex 32 -79.9424 15.8078268
      vertex 4.5022 -79.9424 32.0728268
      vertex 4.427 -79.9424 31.8913268
    endloop
  endfacet
  facet normal 0 -1 0
    outer loop
      vertex 32 -79.9424 15.8078268
      vertex 4.427 -79.9424 31.8913268
      vertex 4.40737 -79.9424 31.8439268
    endloop
  endfacet
  facet normal 0 -1 0
    outer loop
      vertex 4.25655 -79.9424 31.6473268
      vertex 4.40737 -79.9424 31.8439268
      vertex 4.28776 -79.9424 31.6880268
    endloop
  endfacet
  facet normal 0 1 0
    outer loop
      vertex 4.05998 -79.9424 31.4965268
      vertex 4.25655 -79.9424 31.6473268
      vertex 4.10066 -79.9424 31.5277268
    endloop
  endfacet
  facet normal 0 1 0
    outer loop
      vertex 3.58544 -79.9424 31.3694268
      vertex 3.83109 -79.9424 31.4017268
      vertex 3.78026 -79.9424 31.3950268
    endloop
  endfacet
  facet normal 0 -1 0
    outer loop
      vertex 32 -79.9424 15.8078268
      vertex 3.58544 -79.9424 31.3694268
      vertex -32 -79.9424 15.8078268
    endloop
  endfacet
  facet normal 0 -1 0
    outer loop
      vertex 3.58544 -79.9424 31.3694268
      vertex 32 -79.9424 15.8078268
      vertex 3.83109 -79.9424 31.4017268
    endloop
  endfacet
  facet normal 0 -1 0
    outer loop
      vertex 3.83109 -79.9424 31.4017268
      vertex 32 -79.9424 15.8078268
      vertex 4.01262 -79.9424 31.4769268
    endloop
  endfacet
  facet normal 0 -1 0
    outer loop
      vertex 4.53453 -79.9424 52.3185268
      vertex 32 -79.9424 15.8078268
      vertex 32 -79.9424 83.4892268
    endloop
  endfacet
  facet normal 0 -1 0
    outer loop
      vertex 4.25655 -79.9424 31.6473268
      vertex 32 -79.9424 15.8078268
      vertex 4.40737 -79.9424 31.8439268
    endloop
  endfacet
  facet normal 0 -1 0
    outer loop
      vertex 4.05998 -79.9424 31.4965268
      vertex 32 -79.9424 15.8078268
      vertex 4.25655 -79.9424 31.6473268
    endloop
  endfacet
  facet normal 0 -1 0
    outer loop
      vertex 4.01262 -79.9424 31.4769268
      vertex 32 -79.9424 15.8078268
      vertex 4.05998 -79.9424 31.4965268
    endloop
  endfacet
  facet normal 0.139318 -0.700211 0.700211
    outer loop
      vertex 32 -78.6667 85.3983268
      vertex 32 -79.4944 84.5706268
      vertex 32.6378 -78.5398 85.3983268
    endloop
  endfacet
  facet normal -0.831487 -0.555544 0
    outer loop
      vertex -34.0806 -79.0806 15.8078268
      vertex -34.7184 -78.126 83.4892268
      vertex -34.7184 -78.126 15.8078268
    endloop
  endfacet
  facet normal -0.831487 -0.555544 0
    outer loop
      vertex -34.7184 -78.126 83.4892268
      vertex -34.0806 -79.0806 15.8078268
      vertex -34.0806 -79.0806 83.4892268
    endloop
  endfacet
  facet normal -0.770332 -0.514684 0.376417
    outer loop
      vertex -34.3045 -77.9546 84.5706268
      vertex -34.7184 -78.126 83.4892268
      vertex -34.0806 -79.0806 83.4892268
    endloop
  endfacet
  facet normal 0.770332 0.514684 0.376417
    outer loop
      vertex 34.7184 -41.874 83.4892268
      vertex 34.0806 -40.9194 83.4892268
      vertex 34.3045 -42.0454 84.5706268
    endloop
  endfacet
  facet normal 0.908641 0.180757 0.376427
    outer loop
      vertex 34.7184 -41.874 83.4892268
      vertex 34.3045 -42.0454 84.5706268
      vertex 34.4944 -43 84.5706268
    endloop
  endfacet
  facet normal 0.980781 -0.195111 0
    outer loop
      vertex 34.7184 -78.126 83.4892268
      vertex 34.9424 -77 15.8078268
      vertex 34.9424 -77 83.4892268
    endloop
  endfacet
  facet normal 0.980781 -0.195111 0
    outer loop
      vertex 34.9424 -77 15.8078268
      vertex 34.7184 -78.126 83.4892268
      vertex 34.7184 -78.126 15.8078268
    endloop
  endfacet
  facet normal 0.923859 -0 0.382734
    outer loop
      vertex 34.4944 -77 84.5706268
      vertex 34.9424 -43 83.4892268
      vertex 34.4944 -43 84.5706268
    endloop
  endfacet
  facet normal 0.923859 0 0.382734
    outer loop
      vertex 34.9424 -43 83.4892268
      vertex 34.4944 -77 84.5706268
      vertex 34.9424 -77 83.4892268
    endloop
  endfacet
  facet normal 0.700211 -0.139318 0.700211
    outer loop
      vertex 33.6667 -77 85.3983268
      vertex 33.5398 -77.6378 85.3983268
      vertex 34.4944 -77 84.5706268
    endloop
  endfacet
  facet normal 0.381629 -0.0759309 0.921191
    outer loop
      vertex 33.6667 -77 85.3983268
      vertex 32.5853 -77 85.8463268
      vertex 33.5398 -77.6378 85.3983268
    endloop
  endfacet
  facet normal 0.216281 -0.323484 0.921184
    outer loop
      vertex 32.4138 -77.4138 85.8463268
      vertex 32.224 -77.5407 85.8463268
      vertex 32.6378 -78.5398 85.3983268
    endloop
  endfacet
  facet normal 0.396635 -0.593596 0.700232
    outer loop
      vertex 33.1785 -78.1785 85.3983268
      vertex 32.9546 -79.3045 84.5706268
      vertex 33.7638 -78.7638 84.5706268
    endloop
  endfacet
  facet normal 0.514708 -0.770301 0.376448
    outer loop
      vertex 33.7638 -78.7638 84.5706268
      vertex 32.9546 -79.3045 84.5706268
      vertex 34.0806 -79.0806 83.4892268
    endloop
  endfacet
  facet normal 0.139293 -0.700204 0.700222
    outer loop
      vertex 32.6378 -78.5398 85.3983268
      vertex 32 -79.4944 84.5706268
      vertex 32.9546 -79.3045 84.5706268
    endloop
  endfacet
  facet normal 0.396644 -0.593594 0.700228
    outer loop
      vertex 33.1785 -78.1785 85.3983268
      vertex 32.6378 -78.5398 85.3983268
      vertex 32.9546 -79.3045 84.5706268
    endloop
  endfacet
  facet normal 0.90864 0.18076 0.376429
    outer loop
      vertex 34.7184 -41.874 83.4892268
      vertex 34.4944 -43 84.5706268
      vertex 34.9424 -43 83.4892268
    endloop
  endfacet
  facet normal 0.216281 0.323484 0.921184
    outer loop
      vertex 32.6378 -41.4602 85.3983268
      vertex 32.224 -42.4593 85.8463268
      vertex 32.4138 -42.5862 85.8463268
    endloop
  endfacet
  facet normal 0 0.923859 0.382734
    outer loop
      vertex 32 -40.0576 83.4892268
      vertex -32 -40.5056 84.5706268
      vertex 32 -40.5056 84.5706268
    endloop
  endfacet
  facet normal 0 0.923859 0.382734
    outer loop
      vertex -32 -40.5056 84.5706268
      vertex 32 -40.0576 83.4892268
      vertex -32 -40.0576 83.4892268
    endloop
  endfacet
  facet normal 0.593596 0.396635 0.700232
    outer loop
      vertex 33.7638 -41.2362 84.5706268
      vertex 33.1785 -41.8215 85.3983268
      vertex 34.3045 -42.0454 84.5706268
    endloop
  endfacet
  facet normal 0.980781 0.195111 0
    outer loop
      vertex 34.9424 -43 83.4892268
      vertex 34.7184 -41.874 15.8078268
      vertex 34.7184 -41.874 83.4892268
    endloop
  endfacet
  facet normal 0.980781 0.195111 0
    outer loop
      vertex 34.7184 -41.874 15.8078268
      vertex 34.9424 -43 83.4892268
      vertex 34.9424 -43 15.8078268
    endloop
  endfacet
  facet normal -0.396644 0.593594 0.700228
    outer loop
      vertex -32.9546 -40.6955 84.5706268
      vertex -33.1785 -41.8215 85.3983268
      vertex -32.6378 -41.4602 85.3983268
    endloop
  endfacet
  facet normal -0.593596 0.396635 0.700232
    outer loop
      vertex -33.7638 -41.2362 84.5706268
      vertex -34.3045 -42.0454 84.5706268
      vertex -33.1785 -41.8215 85.3983268
    endloop
  endfacet
  facet normal 0 0.707107 0.707107
    outer loop
      vertex 32 -40.5056 84.5706268
      vertex -32 -41.3333 85.3983268
      vertex 32 -41.3333 85.3983268
    endloop
  endfacet
  facet normal 0 0.707107 0.707107
    outer loop
      vertex -32 -41.3333 85.3983268
      vertex 32 -40.5056 84.5706268
      vertex -32 -40.5056 84.5706268
    endloop
  endfacet
  facet normal -0.139293 -0.700204 0.700222
    outer loop
      vertex -32.6378 -78.5398 85.3983268
      vertex -32.9546 -79.3045 84.5706268
      vertex -32 -79.4944 84.5706268
    endloop
  endfacet
  facet normal -0.139318 -0.700211 0.700211
    outer loop
      vertex -32 -78.6667 85.3983268
      vertex -32.6378 -78.5398 85.3983268
      vertex -32 -79.4944 84.5706268
    endloop
  endfacet
  facet normal -0.3816 -0.0759794 0.921199
    outer loop
      vertex -32.5853 -77 85.8463268
      vertex -33.5398 -77.6378 85.3983268
      vertex -32.5407 -77.224 85.8463268
    endloop
  endfacet
  facet normal -0.555544 -0.831487 0
    outer loop
      vertex -34.0806 -79.0806 15.8078268
      vertex -33.126 -79.7184 83.4892268
      vertex -34.0806 -79.0806 83.4892268
    endloop
  endfacet
  facet normal -0.555544 -0.831487 -0
    outer loop
      vertex -33.126 -79.7184 83.4892268
      vertex -34.0806 -79.0806 15.8078268
      vertex -33.126 -79.7184 15.8078268
    endloop
  endfacet
  facet normal 0.514684 0.770332 0.376417
    outer loop
      vertex 33.126 -40.2816 83.4892268
      vertex 32.9546 -40.6955 84.5706268
      vertex 34.0806 -40.9194 83.4892268
    endloop
  endfacet
  facet normal 0.396644 0.593594 0.700228
    outer loop
      vertex 32.9546 -40.6955 84.5706268
      vertex 32.6378 -41.4602 85.3983268
      vertex 33.1785 -41.8215 85.3983268
    endloop
  endfacet
  facet normal -0.323484 -0.216281 0.921184
    outer loop
      vertex -32.5407 -77.224 85.8463268
      vertex -33.5398 -77.6378 85.3983268
      vertex -32.4138 -77.4138 85.8463268
    endloop
  endfacet
  facet normal 0.831487 0.555544 0
    outer loop
      vertex 34.7184 -41.874 83.4892268
      vertex 34.0806 -40.9194 15.8078268
      vertex 34.0806 -40.9194 83.4892268
    endloop
  endfacet
  facet normal 0.831487 0.555544 0
    outer loop
      vertex 34.0806 -40.9194 15.8078268
      vertex 34.7184 -41.874 83.4892268
      vertex 34.7184 -41.874 15.8078268
    endloop
  endfacet
  facet normal -0.90864 0.18076 0.376429
    outer loop
      vertex -34.7184 -41.874 83.4892268
      vertex -34.9424 -43 83.4892268
      vertex -34.4944 -43 84.5706268
    endloop
  endfacet
  facet normal -0.700204 -0.139293 0.700222
    outer loop
      vertex -33.5398 -77.6378 85.3983268
      vertex -34.4944 -77 84.5706268
      vertex -34.3045 -77.9546 84.5706268
    endloop
  endfacet
  facet normal -0.593594 0.396644 0.700228
    outer loop
      vertex -33.1785 -41.8215 85.3983268
      vertex -34.3045 -42.0454 84.5706268
      vertex -33.5398 -42.3622 85.3983268
    endloop
  endfacet
  facet normal -0.700211 0.139318 0.700211
    outer loop
      vertex -33.5398 -42.3622 85.3983268
      vertex -34.4944 -43 84.5706268
      vertex -33.6667 -43 85.3983268
    endloop
  endfacet
  facet normal -0.216173 -0.323512 0.9212
    outer loop
      vertex -32.4138 -77.4138 85.8463268
      vertex -33.1785 -78.1785 85.3983268
      vertex -32.6378 -78.5398 85.3983268
    endloop
  endfacet
  facet normal -0.396644 -0.593594 0.700228
    outer loop
      vertex -32.6378 -78.5398 85.3983268
      vertex -33.1785 -78.1785 85.3983268
      vertex -32.9546 -79.3045 84.5706268
    endloop
  endfacet
  facet normal 0.3816 0.0759794 0.921199
    outer loop
      vertex 33.5398 -42.3622 85.3983268
      vertex 32.5407 -42.776 85.8463268
      vertex 32.5853 -43 85.8463268
    endloop
  endfacet
  facet normal 0.323512 0.216173 0.9212
    outer loop
      vertex 33.1785 -41.8215 85.3983268
      vertex 32.4138 -42.5862 85.8463268
      vertex 33.5398 -42.3622 85.3983268
    endloop
  endfacet
  facet normal 0.139293 0.700204 0.700222
    outer loop
      vertex 32.9546 -40.6955 84.5706268
      vertex 32 -40.5056 84.5706268
      vertex 32.6378 -41.4602 85.3983268
    endloop
  endfacet
  facet normal 0.381629 0.0759309 0.921191
    outer loop
      vertex 33.5398 -42.3622 85.3983268
      vertex 32.5853 -43 85.8463268
      vertex 33.6667 -43 85.3983268
    endloop
  endfacet
  facet normal 0.700211 0.139318 0.700211
    outer loop
      vertex 34.4944 -43 84.5706268
      vertex 33.5398 -42.3622 85.3983268
      vertex 33.6667 -43 85.3983268
    endloop
  endfacet
  facet normal 0.216173 0.323512 0.9212
    outer loop
      vertex 32.6378 -41.4602 85.3983268
      vertex 32.4138 -42.5862 85.8463268
      vertex 33.1785 -41.8215 85.3983268
    endloop
  endfacet
  facet normal 0.396635 0.593596 0.700232
    outer loop
      vertex 33.7638 -41.2362 84.5706268
      vertex 32.9546 -40.6955 84.5706268
      vertex 33.1785 -41.8215 85.3983268
    endloop
  endfacet
  facet normal -0.923859 0 0.382734
    outer loop
      vertex -34.9424 -77 83.4892268
      vertex -34.4944 -43 84.5706268
      vertex -34.9424 -43 83.4892268
    endloop
  endfacet
  facet normal -0.923859 0 0.382734
    outer loop
      vertex -34.4944 -43 84.5706268
      vertex -34.9424 -77 83.4892268
      vertex -34.4944 -77 84.5706268
    endloop
  endfacet
  facet normal -0.0759309 0.381629 0.921191
    outer loop
      vertex -32 -41.3333 85.3983268
      vertex -32.6378 -41.4602 85.3983268
      vertex -32 -42.4147 85.8463268
    endloop
  endfacet
  facet normal -0.139318 0.700211 0.700211
    outer loop
      vertex -32 -40.5056 84.5706268
      vertex -32.6378 -41.4602 85.3983268
      vertex -32 -41.3333 85.3983268
    endloop
  endfacet
  facet normal -0.396635 0.593596 0.700232
    outer loop
      vertex -32.9546 -40.6955 84.5706268
      vertex -33.7638 -41.2362 84.5706268
      vertex -33.1785 -41.8215 85.3983268
    endloop
  endfacet
  facet normal -0.514708 0.770301 0.376448
    outer loop
      vertex -32.9546 -40.6955 84.5706268
      vertex -34.0806 -40.9194 83.4892268
      vertex -33.7638 -41.2362 84.5706268
    endloop
  endfacet
  facet normal -0.3816 0.0759794 0.921199
    outer loop
      vertex -32.5407 -42.776 85.8463268
      vertex -33.5398 -42.3622 85.3983268
      vertex -32.5853 -43 85.8463268
    endloop
  endfacet
  facet normal -0.323484 0.216281 0.921184
    outer loop
      vertex -32.4138 -42.5862 85.8463268
      vertex -33.5398 -42.3622 85.3983268
      vertex -32.5407 -42.776 85.8463268
    endloop
  endfacet
  facet normal -0.323512 -0.216173 0.9212
    outer loop
      vertex -32.4138 -77.4138 85.8463268
      vertex -33.5398 -77.6378 85.3983268
      vertex -33.1785 -78.1785 85.3983268
    endloop
  endfacet
  facet normal -0.593594 -0.396644 0.700228
    outer loop
      vertex -33.5398 -77.6378 85.3983268
      vertex -34.3045 -77.9546 84.5706268
      vertex -33.1785 -78.1785 85.3983268
    endloop
  endfacet
  facet normal 0.593594 0.396644 0.700228
    outer loop
      vertex 34.3045 -42.0454 84.5706268
      vertex 33.1785 -41.8215 85.3983268
      vertex 33.5398 -42.3622 85.3983268
    endloop
  endfacet
  facet normal 0.700204 0.139293 0.700222
    outer loop
      vertex 34.3045 -42.0454 84.5706268
      vertex 33.5398 -42.3622 85.3983268
      vertex 34.4944 -43 84.5706268
    endloop
  endfacet
  facet normal 0.323484 0.216281 0.921184
    outer loop
      vertex 33.5398 -42.3622 85.3983268
      vertex 32.4138 -42.5862 85.8463268
      vertex 32.5407 -42.776 85.8463268
    endloop
  endfacet
  facet normal 0.0759309 0.381629 0.921191
    outer loop
      vertex 32 -41.3333 85.3983268
      vertex 32 -42.4147 85.8463268
      vertex 32.6378 -41.4602 85.3983268
    endloop
  endfacet
  facet normal 0.0759794 0.3816 0.921199
    outer loop
      vertex 32.6378 -41.4602 85.3983268
      vertex 32 -42.4147 85.8463268
      vertex 32.224 -42.4593 85.8463268
    endloop
  endfacet
  facet normal -0.130664 0 -0.991427
    outer loop
      vertex 3.39999 -49.7 40.2039268
      vertex 3.63293 -40.3 40.1732268
      vertex 3.63293 -49.7 40.1732268
    endloop
  endfacet
  facet normal -0.130664 0 -0.991427
    outer loop
      vertex 3.63293 -40.3 40.1732268
      vertex 3.39999 -49.7 40.2039268
      vertex 3.39999 -40.3 40.2039268
    endloop
  endfacet
  facet normal -0.130664 0 -0.991427
    outer loop
      vertex 3.39999 -79.7 40.2039268
      vertex 3.63293 -70.3 40.1732268
      vertex 3.63293 -79.7 40.1732268
    endloop
  endfacet
  facet normal -0.130664 0 -0.991427
    outer loop
      vertex 3.63293 -70.3 40.1732268
      vertex 3.39999 -79.7 40.2039268
      vertex 3.39999 -70.3 40.2039268
    endloop
  endfacet
  facet normal -0 0 1
    outer loop
      vertex -3.39999 -40.3 31.6039268
      vertex 3.39999 -49.7 31.6039268
      vertex 3.39999 -40.3 31.6039268
    endloop
  endfacet
  facet normal 0 0 1
    outer loop
      vertex 3.39999 -49.7 31.6039268
      vertex -3.39999 -40.3 31.6039268
      vertex -3.39999 -49.7 31.6039268
    endloop
  endfacet
  facet normal -0 0 1
    outer loop
      vertex -3.39999 -70.3 31.6039268
      vertex 3.39999 -79.7 31.6039268
      vertex 3.39999 -70.3 31.6039268
    endloop
  endfacet
  facet normal 0 0 1
    outer loop
      vertex 3.39999 -79.7 31.6039268
      vertex -3.39999 -70.3 31.6039268
      vertex -3.39999 -79.7 31.6039268
    endloop
  endfacet
  facet normal 0.130664 0 -0.991427
    outer loop
      vertex -3.63293 -49.7 40.1732268
      vertex -3.39999 -40.3 40.2039268
      vertex -3.39999 -49.7 40.2039268
    endloop
  endfacet
  facet normal 0.130664 0 -0.991427
    outer loop
      vertex -3.39999 -40.3 40.2039268
      vertex -3.63293 -49.7 40.1732268
      vertex -3.63293 -40.3 40.1732268
    endloop
  endfacet
  facet normal 0.130664 0 -0.991427
    outer loop
      vertex -3.63293 -79.7 40.1732268
      vertex -3.39999 -70.3 40.2039268
      vertex -3.39999 -79.7 40.2039268
    endloop
  endfacet
  facet normal 0.130664 0 -0.991427
    outer loop
      vertex -3.63293 -79.7 40.1732268
      vertex -3.63293 -70.3 40.1732268
      vertex -3.39999 -70.3 40.2039268
    endloop
  endfacet
  facet normal 1 -0 0
    outer loop
      vertex -4.29999 -49.7 39.3039268
      vertex -4.29999 -40.3 32.5039268
      vertex -4.29999 -40.3 39.3039268
    endloop
  endfacet
  facet normal 1 0 0
    outer loop
      vertex -4.29999 -40.3 32.5039268
      vertex -4.29999 -49.7 39.3039268
      vertex -4.29999 -49.7 32.5039268
    endloop
  endfacet
  facet normal 1 -0 0
    outer loop
      vertex -4.29999 -79.7 39.3039268
      vertex -4.29999 -70.3 32.5039268
      vertex -4.29999 -70.3 39.3039268
    endloop
  endfacet
  facet normal 1 0 0
    outer loop
      vertex -4.29999 -70.3 32.5039268
      vertex -4.29999 -79.7 39.3039268
      vertex -4.29999 -79.7 32.5039268
    endloop
  endfacet
  facet normal -0.130664 0 0.991427
    outer loop
      vertex 3.39999 -40.3 31.6039268
      vertex 3.63293 -49.7 31.6346268
      vertex 3.63293 -40.3 31.6346268
    endloop
  endfacet
  facet normal -0.130664 0 0.991427
    outer loop
      vertex 3.63293 -49.7 31.6346268
      vertex 3.39999 -40.3 31.6039268
      vertex 3.39999 -49.7 31.6039268
    endloop
  endfacet
  facet normal -0.130664 0 0.991427
    outer loop
      vertex 3.39999 -70.3 31.6039268
      vertex 3.63293 -79.7 31.6346268
      vertex 3.63293 -70.3 31.6346268
    endloop
  endfacet
  facet normal -0.130664 0 0.991427
    outer loop
      vertex 3.63293 -79.7 31.6346268
      vertex 3.39999 -70.3 31.6039268
      vertex 3.39999 -79.7 31.6039268
    endloop
  endfacet
  facet normal 0.991446 -0 0.130518
    outer loop
      vertex -4.29999 -49.7 32.5039268
      vertex -4.26933 -40.3 32.2710268
      vertex -4.29999 -40.3 32.5039268
    endloop
  endfacet
  facet normal 0.991446 0 0.130518
    outer loop
      vertex -4.26933 -40.3 32.2710268
      vertex -4.29999 -49.7 32.5039268
      vertex -4.26933 -49.7 32.2710268
    endloop
  endfacet
  facet normal 0.991446 -0 0.130518
    outer loop
      vertex -4.29999 -79.7 32.5039268
      vertex -4.26933 -70.3 32.2710268
      vertex -4.29999 -70.3 32.5039268
    endloop
  endfacet
  facet normal 0.991446 0 0.130518
    outer loop
      vertex -4.26933 -70.3 32.2710268
      vertex -4.29999 -79.7 32.5039268
      vertex -4.26933 -79.7 32.2710268
    endloop
  endfacet
  facet normal -1 0 0
    outer loop
      vertex 4.29999 -49.7 32.5039268
      vertex 4.29999 -40.3 39.3039268
      vertex 4.29999 -40.3 32.5039268
    endloop
  endfacet
  facet normal -1 -0 0
    outer loop
      vertex 4.29999 -40.3 39.3039268
      vertex 4.29999 -49.7 32.5039268
      vertex 4.29999 -49.7 39.3039268
    endloop
  endfacet
  facet normal -1 0 0
    outer loop
      vertex 4.29999 -79.7 32.5039268
      vertex 4.29999 -70.3 39.3039268
      vertex 4.29999 -70.3 32.5039268
    endloop
  endfacet
  facet normal -1 -0 0
    outer loop
      vertex 4.29999 -70.3 39.3039268
      vertex 4.29999 -79.7 32.5039268
      vertex 4.29999 -79.7 39.3039268
    endloop
  endfacet
  facet normal 0 0 -1
    outer loop
      vertex -3.39999 -49.7 40.2039268
      vertex 3.39999 -40.3 40.2039268
      vertex 3.39999 -49.7 40.2039268
    endloop
  endfacet
  facet normal -0 0 -1
    outer loop
      vertex 3.39999 -40.3 40.2039268
      vertex -3.39999 -49.7 40.2039268
      vertex -3.39999 -40.3 40.2039268
    endloop
  endfacet
  facet normal 0 0 -1
    outer loop
      vertex -3.39999 -79.7 40.2039268
      vertex 3.39999 -70.3 40.2039268
      vertex 3.39999 -79.7 40.2039268
    endloop
  endfacet
  facet normal -0 0 -1
    outer loop
      vertex 3.39999 -70.3 40.2039268
      vertex -3.39999 -79.7 40.2039268
      vertex -3.39999 -70.3 40.2039268
    endloop
  endfacet
  facet normal 0.130664 0 0.991427
    outer loop
      vertex -3.63293 -40.3 31.6346268
      vertex -3.39999 -49.7 31.6039268
      vertex -3.39999 -40.3 31.6039268
    endloop
  endfacet
  facet normal 0.130664 0 0.991427
    outer loop
      vertex -3.39999 -49.7 31.6039268
      vertex -3.63293 -40.3 31.6346268
      vertex -3.63293 -49.7 31.6346268
    endloop
  endfacet
  facet normal 0.130664 0 0.991427
    outer loop
      vertex -3.39999 -70.3 31.6039268
      vertex -3.63293 -79.7 31.6346268
      vertex -3.39999 -79.7 31.6039268
    endloop
  endfacet
  facet normal 0.130664 0 0.991427
    outer loop
      vertex -3.63293 -70.3 31.6346268
      vertex -3.63293 -79.7 31.6346268
      vertex -3.39999 -70.3 31.6039268
    endloop
  endfacet
  facet normal 0.608682 0 -0.793414
    outer loop
      vertex -4.03639 -49.7 39.9403268
      vertex -3.84999 -40.3 40.0833268
      vertex -3.84999 -49.7 40.0833268
    endloop
  endfacet
  facet normal 0.608682 0 -0.793414
    outer loop
      vertex -3.84999 -40.3 40.0833268
      vertex -4.03639 -49.7 39.9403268
      vertex -4.03639 -40.3 39.9403268
    endloop
  endfacet
  facet normal 0.608682 0 -0.793414
    outer loop
      vertex -4.03639 -79.7 39.9403268
      vertex -3.84999 -70.3 40.0833268
      vertex -3.84999 -79.7 40.0833268
    endloop
  endfacet
  facet normal 0.608682 0 -0.793414
    outer loop
      vertex -3.84999 -70.3 40.0833268
      vertex -4.03639 -79.7 39.9403268
      vertex -4.03639 -70.3 39.9403268
    endloop
  endfacet
  facet normal -0.923888 0 0.382662
    outer loop
      vertex 4.17941 -49.7 32.0539268
      vertex 4.26933 -40.3 32.2710268
      vertex 4.17941 -40.3 32.0539268
    endloop
  endfacet
  facet normal -0.923888 0 0.382662
    outer loop
      vertex 4.26933 -40.3 32.2710268
      vertex 4.17941 -49.7 32.0539268
      vertex 4.26933 -49.7 32.2710268
    endloop
  endfacet
  facet normal -0.923888 0 0.382662
    outer loop
      vertex 4.17941 -79.7 32.0539268
      vertex 4.26933 -70.3 32.2710268
      vertex 4.17941 -70.3 32.0539268
    endloop
  endfacet
  facet normal -0.923888 0 0.382662
    outer loop
      vertex 4.26933 -70.3 32.2710268
      vertex 4.17941 -79.7 32.0539268
      vertex 4.26933 -79.7 32.2710268
    endloop
  endfacet
  facet normal 0.793373 -0 0.608735
    outer loop
      vertex -4.17941 -49.7 32.0539268
      vertex -4.03639 -40.3 31.8675268
      vertex -4.17941 -40.3 32.0539268
    endloop
  endfacet
  facet normal 0.793373 0 0.608735
    outer loop
      vertex -4.03639 -40.3 31.8675268
      vertex -4.17941 -49.7 32.0539268
      vertex -4.03639 -49.7 31.8675268
    endloop
  endfacet
  facet normal 0.793373 -0 0.608735
    outer loop
      vertex -4.17941 -79.7 32.0539268
      vertex -4.03639 -70.3 31.8675268
      vertex -4.17941 -70.3 32.0539268
    endloop
  endfacet
  facet normal 0.793373 0 0.608735
    outer loop
      vertex -4.03639 -70.3 31.8675268
      vertex -4.17941 -79.7 32.0539268
      vertex -4.03639 -79.7 31.8675268
    endloop
  endfacet
  facet normal 0.608682 0 0.793414
    outer loop
      vertex -4.03639 -40.3 31.8675268
      vertex -3.84999 -49.7 31.7245268
      vertex -3.84999 -40.3 31.7245268
    endloop
  endfacet
  facet normal 0.608682 0 0.793414
    outer loop
      vertex -3.84999 -49.7 31.7245268
      vertex -4.03639 -40.3 31.8675268
      vertex -4.03639 -49.7 31.8675268
    endloop
  endfacet
  facet normal 0.608682 0 0.793414
    outer loop
      vertex -4.03639 -70.3 31.8675268
      vertex -3.84999 -79.7 31.7245268
      vertex -3.84999 -70.3 31.7245268
    endloop
  endfacet
  facet normal 0.608682 0 0.793414
    outer loop
      vertex -3.84999 -79.7 31.7245268
      vertex -4.03639 -70.3 31.8675268
      vertex -4.03639 -79.7 31.8675268
    endloop
  endfacet
  facet normal -0.991446 0 0.130518
    outer loop
      vertex 4.26933 -49.7 32.2710268
      vertex 4.29999 -40.3 32.5039268
      vertex 4.26933 -40.3 32.2710268
    endloop
  endfacet
  facet normal -0.991446 0 0.130518
    outer loop
      vertex 4.29999 -40.3 32.5039268
      vertex 4.26933 -49.7 32.2710268
      vertex 4.29999 -49.7 32.5039268
    endloop
  endfacet
  facet normal -0.991446 0 0.130518
    outer loop
      vertex 4.26933 -79.7 32.2710268
      vertex 4.29999 -70.3 32.5039268
      vertex 4.26933 -70.3 32.2710268
    endloop
  endfacet
  facet normal -0.991446 0 0.130518
    outer loop
      vertex 4.29999 -70.3 32.5039268
      vertex 4.26933 -79.7 32.2710268
      vertex 4.29999 -79.7 32.5039268
    endloop
  endfacet
  facet normal 0.38265 0 -0.923893
    outer loop
      vertex -3.84999 -49.7 40.0833268
      vertex -3.63293 -40.3 40.1732268
      vertex -3.63293 -49.7 40.1732268
    endloop
  endfacet
  facet normal 0.38265 0 -0.923893
    outer loop
      vertex -3.63293 -40.3 40.1732268
      vertex -3.84999 -49.7 40.0833268
      vertex -3.84999 -40.3 40.0833268
    endloop
  endfacet
  facet normal 0.38265 0 -0.923893
    outer loop
      vertex -3.84999 -79.7 40.0833268
      vertex -3.63293 -70.3 40.1732268
      vertex -3.63293 -79.7 40.1732268
    endloop
  endfacet
  facet normal 0.38265 0 -0.923893
    outer loop
      vertex -3.84999 -79.7 40.0833268
      vertex -3.84999 -70.3 40.0833268
      vertex -3.63293 -70.3 40.1732268
    endloop
  endfacet
  facet normal -0.793373 0 -0.608735
    outer loop
      vertex 4.17941 -49.7 39.7539268
      vertex 4.03639 -40.3 39.9403268
      vertex 4.17941 -40.3 39.7539268
    endloop
  endfacet
  facet normal -0.793373 -0 -0.608735
    outer loop
      vertex 4.03639 -40.3 39.9403268
      vertex 4.17941 -49.7 39.7539268
      vertex 4.03639 -49.7 39.9403268
    endloop
  endfacet
  facet normal -0.793373 0 -0.608735
    outer loop
      vertex 4.17941 -79.7 39.7539268
      vertex 4.03639 -70.3 39.9403268
      vertex 4.17941 -70.3 39.7539268
    endloop
  endfacet
  facet normal -0.793373 -0 -0.608735
    outer loop
      vertex 4.03639 -70.3 39.9403268
      vertex 4.17941 -79.7 39.7539268
      vertex 4.03639 -79.7 39.9403268
    endloop
  endfacet
  facet normal -0.38265 0 0.923893
    outer loop
      vertex 3.63293 -40.3 31.6346268
      vertex 3.84999 -49.7 31.7245268
      vertex 3.84999 -40.3 31.7245268
    endloop
  endfacet
  facet normal -0.38265 0 0.923893
    outer loop
      vertex 3.84999 -49.7 31.7245268
      vertex 3.63293 -40.3 31.6346268
      vertex 3.63293 -49.7 31.6346268
    endloop
  endfacet
  facet normal -0.38265 0 0.923893
    outer loop
      vertex 3.63293 -70.3 31.6346268
      vertex 3.84999 -79.7 31.7245268
      vertex 3.84999 -70.3 31.7245268
    endloop
  endfacet
  facet normal -0.38265 0 0.923893
    outer loop
      vertex 3.84999 -79.7 31.7245268
      vertex 3.63293 -70.3 31.6346268
      vertex 3.63293 -79.7 31.6346268
    endloop
  endfacet
  facet normal -0.608682 0 0.793414
    outer loop
      vertex 3.84999 -40.3 31.7245268
      vertex 4.03639 -49.7 31.8675268
      vertex 4.03639 -40.3 31.8675268
    endloop
  endfacet
  facet normal -0.608682 0 0.793414
    outer loop
      vertex 4.03639 -49.7 31.8675268
      vertex 3.84999 -40.3 31.7245268
      vertex 3.84999 -49.7 31.7245268
    endloop
  endfacet
  facet normal -0.608682 0 0.793414
    outer loop
      vertex 3.84999 -70.3 31.7245268
      vertex 4.03639 -79.7 31.8675268
      vertex 4.03639 -70.3 31.8675268
    endloop
  endfacet
  facet normal -0.608682 0 0.793414
    outer loop
      vertex 4.03639 -79.7 31.8675268
      vertex 3.84999 -70.3 31.7245268
      vertex 3.84999 -79.7 31.7245268
    endloop
  endfacet
  facet normal -0.38265 0 -0.923893
    outer loop
      vertex 3.63293 -49.7 40.1732268
      vertex 3.84999 -40.3 40.0833268
      vertex 3.84999 -49.7 40.0833268
    endloop
  endfacet
  facet normal -0.38265 0 -0.923893
    outer loop
      vertex 3.84999 -40.3 40.0833268
      vertex 3.63293 -49.7 40.1732268
      vertex 3.63293 -40.3 40.1732268
    endloop
  endfacet
  facet normal -0.38265 0 -0.923893
    outer loop
      vertex 3.63293 -79.7 40.1732268
      vertex 3.84999 -70.3 40.0833268
      vertex 3.84999 -79.7 40.0833268
    endloop
  endfacet
  facet normal -0.38265 0 -0.923893
    outer loop
      vertex 3.84999 -70.3 40.0833268
      vertex 3.63293 -79.7 40.1732268
      vertex 3.63293 -70.3 40.1732268
    endloop
  endfacet
  facet normal 0.991446 0 -0.130518
    outer loop
      vertex -4.26933 -49.7 39.5368268
      vertex -4.29999 -40.3 39.3039268
      vertex -4.26933 -40.3 39.5368268
    endloop
  endfacet
  facet normal 0.991446 0 -0.130518
    outer loop
      vertex -4.29999 -40.3 39.3039268
      vertex -4.26933 -49.7 39.5368268
      vertex -4.29999 -49.7 39.3039268
    endloop
  endfacet
  facet normal 0.991446 0 -0.130518
    outer loop
      vertex -4.26933 -79.7 39.5368268
      vertex -4.29999 -70.3 39.3039268
      vertex -4.26933 -70.3 39.5368268
    endloop
  endfacet
  facet normal 0.991446 0 -0.130518
    outer loop
      vertex -4.29999 -70.3 39.3039268
      vertex -4.26933 -79.7 39.5368268
      vertex -4.29999 -79.7 39.3039268
    endloop
  endfacet
  facet normal 0.38265 0 0.923893
    outer loop
      vertex -3.84999 -40.3 31.7245268
      vertex -3.63293 -49.7 31.6346268
      vertex -3.63293 -40.3 31.6346268
    endloop
  endfacet
  facet normal 0.38265 0 0.923893
    outer loop
      vertex -3.63293 -49.7 31.6346268
      vertex -3.84999 -40.3 31.7245268
      vertex -3.84999 -49.7 31.7245268
    endloop
  endfacet
  facet normal 0.38265 0 0.923893
    outer loop
      vertex -3.63293 -70.3 31.6346268
      vertex -3.84999 -79.7 31.7245268
      vertex -3.63293 -79.7 31.6346268
    endloop
  endfacet
  facet normal 0.38265 0 0.923893
    outer loop
      vertex -3.84999 -70.3 31.7245268
      vertex -3.84999 -79.7 31.7245268
      vertex -3.63293 -70.3 31.6346268
    endloop
  endfacet
  facet normal -0.991446 0 -0.130518
    outer loop
      vertex 4.29999 -49.7 39.3039268
      vertex 4.26933 -40.3 39.5368268
      vertex 4.29999 -40.3 39.3039268
    endloop
  endfacet
  facet normal -0.991446 -0 -0.130518
    outer loop
      vertex 4.26933 -40.3 39.5368268
      vertex 4.29999 -49.7 39.3039268
      vertex 4.26933 -49.7 39.5368268
    endloop
  endfacet
  facet normal -0.991446 0 -0.130518
    outer loop
      vertex 4.29999 -79.7 39.3039268
      vertex 4.26933 -70.3 39.5368268
      vertex 4.29999 -70.3 39.3039268
    endloop
  endfacet
  facet normal -0.991446 -0 -0.130518
    outer loop
      vertex 4.26933 -70.3 39.5368268
      vertex 4.29999 -79.7 39.3039268
      vertex 4.26933 -79.7 39.5368268
    endloop
  endfacet
  facet normal -0.793373 0 0.608735
    outer loop
      vertex 4.03639 -49.7 31.8675268
      vertex 4.17941 -40.3 32.0539268
      vertex 4.03639 -40.3 31.8675268
    endloop
  endfacet
  facet normal -0.793373 0 0.608735
    outer loop
      vertex 4.17941 -40.3 32.0539268
      vertex 4.03639 -49.7 31.8675268
      vertex 4.17941 -49.7 32.0539268
    endloop
  endfacet
  facet normal -0.793373 0 0.608735
    outer loop
      vertex 4.03639 -79.7 31.8675268
      vertex 4.17941 -70.3 32.0539268
      vertex 4.03639 -70.3 31.8675268
    endloop
  endfacet
  facet normal -0.793373 0 0.608735
    outer loop
      vertex 4.17941 -70.3 32.0539268
      vertex 4.03639 -79.7 31.8675268
      vertex 4.17941 -79.7 32.0539268
    endloop
  endfacet
  facet normal -0.923888 0 -0.382662
    outer loop
      vertex 4.26933 -49.7 39.5368268
      vertex 4.17941 -40.3 39.7539268
      vertex 4.26933 -40.3 39.5368268
    endloop
  endfacet
  facet normal -0.923888 -0 -0.382662
    outer loop
      vertex 4.17941 -40.3 39.7539268
      vertex 4.26933 -49.7 39.5368268
      vertex 4.17941 -49.7 39.7539268
    endloop
  endfacet
  facet normal -0.923888 0 -0.382662
    outer loop
      vertex 4.26933 -79.7 39.5368268
      vertex 4.17941 -70.3 39.7539268
      vertex 4.26933 -70.3 39.5368268
    endloop
  endfacet
  facet normal -0.923888 -0 -0.382662
    outer loop
      vertex 4.17941 -70.3 39.7539268
      vertex 4.26933 -79.7 39.5368268
      vertex 4.17941 -79.7 39.7539268
    endloop
  endfacet
  facet normal 0.923888 -0 0.382662
    outer loop
      vertex -4.26933 -49.7 32.2710268
      vertex -4.17941 -40.3 32.0539268
      vertex -4.26933 -40.3 32.2710268
    endloop
  endfacet
  facet normal 0.923888 0 0.382662
    outer loop
      vertex -4.17941 -40.3 32.0539268
      vertex -4.26933 -49.7 32.2710268
      vertex -4.17941 -49.7 32.0539268
    endloop
  endfacet
  facet normal 0.923888 -0 0.382662
    outer loop
      vertex -4.26933 -79.7 32.2710268
      vertex -4.17941 -70.3 32.0539268
      vertex -4.26933 -70.3 32.2710268
    endloop
  endfacet
  facet normal 0.923888 0 0.382662
    outer loop
      vertex -4.17941 -70.3 32.0539268
      vertex -4.26933 -79.7 32.2710268
      vertex -4.17941 -79.7 32.0539268
    endloop
  endfacet
  facet normal 0.923888 0 -0.382662
    outer loop
      vertex -4.17941 -49.7 39.7539268
      vertex -4.26933 -40.3 39.5368268
      vertex -4.17941 -40.3 39.7539268
    endloop
  endfacet
  facet normal 0.923888 0 -0.382662
    outer loop
      vertex -4.26933 -40.3 39.5368268
      vertex -4.17941 -49.7 39.7539268
      vertex -4.26933 -49.7 39.5368268
    endloop
  endfacet
  facet normal 0.923888 0 -0.382662
    outer loop
      vertex -4.17941 -79.7 39.7539268
      vertex -4.26933 -70.3 39.5368268
      vertex -4.17941 -70.3 39.7539268
    endloop
  endfacet
  facet normal 0.923888 0 -0.382662
    outer loop
      vertex -4.26933 -70.3 39.5368268
      vertex -4.17941 -79.7 39.7539268
      vertex -4.26933 -79.7 39.5368268
    endloop
  endfacet
  facet normal -0.608682 0 -0.793414
    outer loop
      vertex 3.84999 -49.7 40.0833268
      vertex 4.03639 -40.3 39.9403268
      vertex 4.03639 -49.7 39.9403268
    endloop
  endfacet
  facet normal -0.608682 0 -0.793414
    outer loop
      vertex 4.03639 -40.3 39.9403268
      vertex 3.84999 -49.7 40.0833268
      vertex 3.84999 -40.3 40.0833268
    endloop
  endfacet
  facet normal -0.608682 0 -0.793414
    outer loop
      vertex 3.84999 -79.7 40.0833268
      vertex 4.03639 -70.3 39.9403268
      vertex 4.03639 -79.7 39.9403268
    endloop
  endfacet
  facet normal -0.608682 0 -0.793414
    outer loop
      vertex 4.03639 -70.3 39.9403268
      vertex 3.84999 -79.7 40.0833268
      vertex 3.84999 -70.3 40.0833268
    endloop
  endfacet
  facet normal 0.793373 0 -0.608735
    outer loop
      vertex -4.03639 -49.7 39.9403268
      vertex -4.17941 -40.3 39.7539268
      vertex -4.03639 -40.3 39.9403268
    endloop
  endfacet
  facet normal 0.793373 0 -0.608735
    outer loop
      vertex -4.17941 -40.3 39.7539268
      vertex -4.03639 -49.7 39.9403268
      vertex -4.17941 -49.7 39.7539268
    endloop
  endfacet
  facet normal 0.793373 0 -0.608735
    outer loop
      vertex -4.03639 -79.7 39.9403268
      vertex -4.17941 -70.3 39.7539268
      vertex -4.03639 -70.3 39.9403268
    endloop
  endfacet
  facet normal 0.793373 0 -0.608735
    outer loop
      vertex -4.17941 -70.3 39.7539268
      vertex -4.03639 -79.7 39.9403268
      vertex -4.17941 -79.7 39.7539268
    endloop
  endfacet
  facet normal 0.0897032 -0.7272 0.680539
    outer loop
      vertex -3.78026 -79.9424 31.3950268
      vertex -3.63293 -79.7 31.6346268
      vertex -3.83109 -79.9424 31.4017268
    endloop
  endfacet
  facet normal 0.0896913 -0.727197 0.680544
    outer loop
      vertex -3.63293 -79.7 31.6346268
      vertex -3.78026 -79.9424 31.3950268
      vertex -3.39999 -79.7 31.6039268
    endloop
  endfacet
  facet normal -0.089455 -0.727018 -0.680766
    outer loop
      vertex 3.78026 -79.9424 40.4128268
      vertex 3.58544 -79.9424 40.4384268
      vertex 3.39999 -79.7 40.2039268
    endloop
  endfacet
  facet normal 0.375896 -0.786526 -0.489979
    outer loop
      vertex -4.10066 -79.9424 40.2801268
      vertex -4.03639 -79.7 39.9403268
      vertex -3.84999 -79.7 40.0833268
    endloop
  endfacet
  facet normal 0.37584 -0.786516 -0.490038
    outer loop
      vertex -3.84999 -79.7 40.0833268
      vertex -4.05998 -79.9424 40.3113268
      vertex -4.10066 -79.9424 40.2801268
    endloop
  endfacet
  facet normal -0.0896913 -0.727197 -0.680544
    outer loop
      vertex 3.63293 -79.7 40.1732268
      vertex 3.78026 -79.9424 40.4128268
      vertex 3.39999 -79.7 40.2039268
    endloop
  endfacet
  facet normal -0.0897032 -0.7272 -0.680539
    outer loop
      vertex 3.78026 -79.9424 40.4128268
      vertex 3.63293 -79.7 40.1732268
      vertex 3.83109 -79.9424 40.4061268
    endloop
  endfacet
  facet normal -0.244946 -0.768359 -0.591291
    outer loop
      vertex 3.83109 -79.9424 40.4061268
      vertex 3.63293 -79.7 40.1732268
      vertex 4.01262 -79.9424 40.3309268
    endloop
  endfacet
  facet normal 0.244946 -0.768359 -0.591291
    outer loop
      vertex -3.63293 -79.7 40.1732268
      vertex -3.83109 -79.9424 40.4061268
      vertex -4.01262 -79.9424 40.3309268
    endloop
  endfacet
  facet normal 0.0897032 -0.7272 -0.680539
    outer loop
      vertex -3.63293 -79.7 40.1732268
      vertex -3.78026 -79.9424 40.4128268
      vertex -3.83109 -79.9424 40.4061268
    endloop
  endfacet
  facet normal 0.0896913 -0.727197 -0.680544
    outer loop
      vertex -3.78026 -79.9424 40.4128268
      vertex -3.63293 -79.7 40.1732268
      vertex -3.39999 -79.7 40.2039268
    endloop
  endfacet
  facet normal -0.680675 -0.727093 0.0895459
    outer loop
      vertex 4.50889 -79.9424 32.1236268
      vertex 4.53453 -79.9424 32.3185268
      vertex 4.29999 -79.7 32.5039268
    endloop
  endfacet
  facet normal 0.718662 -0.695359 0
    outer loop
      vertex -4.53453 -79.9424 39.4893268
      vertex -4.29999 -79.7 32.5039268
      vertex -4.29999 -79.7 39.3039268
    endloop
  endfacet
  facet normal 0.718662 -0.695359 0
    outer loop
      vertex -4.29999 -79.7 32.5039268
      vertex -4.53453 -79.9424 39.4893268
      vertex -4.53453 -79.9424 32.3185268
    endloop
  endfacet
  facet normal 0.089455 -0.727018 0.680766
    outer loop
      vertex -3.58544 -79.9424 31.3694268
      vertex -3.39999 -79.7 31.6039268
      vertex -3.78026 -79.9424 31.3950268
    endloop
  endfacet
  facet normal -0.089455 -0.727018 0.680766
    outer loop
      vertex 3.58544 -79.9424 31.3694268
      vertex 3.78026 -79.9424 31.3950268
      vertex 3.39999 -79.7 31.6039268
    endloop
  endfacet
  facet normal -0.375911 -0.786522 0.489974
    outer loop
      vertex 4.10066 -79.9424 31.5277268
      vertex 4.25655 -79.9424 31.6473268
      vertex 4.03639 -79.7 31.8675268
    endloop
  endfacet
  facet normal -0.489997 -0.786495 -0.375937
    outer loop
      vertex 4.40737 -79.9424 39.9639268
      vertex 4.28776 -79.9424 40.1198268
      vertex 4.17941 -79.7 39.7539268
    endloop
  endfacet
  facet normal -0.680611 -0.727141 -0.0896317
    outer loop
      vertex 4.26933 -79.7 39.5368268
      vertex 4.50889 -79.9424 39.6842268
      vertex 4.5022 -79.9424 39.7350268
    endloop
  endfacet
  facet normal -0.680623 -0.727134 -0.0896003
    outer loop
      vertex 4.50889 -79.9424 39.6842268
      vertex 4.26933 -79.7 39.5368268
      vertex 4.29999 -79.7 39.3039268
    endloop
  endfacet
  facet normal 0.244914 -0.768336 -0.591334
    outer loop
      vertex -4.01262 -79.9424 40.3309268
      vertex -3.84999 -79.7 40.0833268
      vertex -3.63293 -79.7 40.1732268
    endloop
  endfacet
  facet normal 0.24476 -0.76832 -0.59142
    outer loop
      vertex -3.84999 -79.7 40.0833268
      vertex -4.01262 -79.9424 40.3309268
      vertex -4.05998 -79.9424 40.3113268
    endloop
  endfacet
  facet normal 0.680675 -0.727093 -0.0895459
    outer loop
      vertex -4.29999 -79.7 39.3039268
      vertex -4.50889 -79.9424 39.6842268
      vertex -4.53453 -79.9424 39.4893268
    endloop
  endfacet
  facet normal 0 -0.695298 0.718722
    outer loop
      vertex -3.39999 -79.7 31.6039268
      vertex 3.58544 -79.9424 31.3694268
      vertex 3.39999 -79.7 31.6039268
    endloop
  endfacet
  facet normal 0 -0.695298 0.718722
    outer loop
      vertex 3.58544 -79.9424 31.3694268
      vertex -3.39999 -79.7 31.6039268
      vertex -3.58544 -79.9424 31.3694268
    endloop
  endfacet
  facet normal -0.718662 -0.695359 0
    outer loop
      vertex 4.53453 -79.9424 32.3185268
      vertex 4.29999 -79.7 39.3039268
      vertex 4.29999 -79.7 32.5039268
    endloop
  endfacet
  facet normal -0.718662 -0.695359 0
    outer loop
      vertex 4.29999 -79.7 39.3039268
      vertex 4.53453 -79.9424 32.3185268
      vertex 4.53453 -79.9424 39.4893268
    endloop
  endfacet
  facet normal 0.680675 -0.727093 0.0895459
    outer loop
      vertex -4.50889 -79.9424 32.1236268
      vertex -4.29999 -79.7 32.5039268
      vertex -4.53453 -79.9424 32.3185268
    endloop
  endfacet
  facet normal 0.591285 -0.768352 0.244984
    outer loop
      vertex -4.427 -79.9424 31.8913268
      vertex -4.26933 -79.7 32.2710268
      vertex -4.5022 -79.9424 32.0728268
    endloop
  endfacet
  facet normal 0.089455 -0.727018 -0.680766
    outer loop
      vertex -3.39999 -79.7 40.2039268
      vertex -3.58544 -79.9424 40.4384268
      vertex -3.78026 -79.9424 40.4128268
    endloop
  endfacet
  facet normal 0 -0.695298 -0.718722
    outer loop
      vertex 3.58544 -79.9424 40.4384268
      vertex -3.39999 -79.7 40.2039268
      vertex 3.39999 -79.7 40.2039268
    endloop
  endfacet
  facet normal 0 -0.695298 -0.718722
    outer loop
      vertex -3.39999 -79.7 40.2039268
      vertex 3.58544 -79.9424 40.4384268
      vertex -3.58544 -79.9424 40.4384268
    endloop
  endfacet
  facet normal 0.375911 -0.786522 -0.489974
    outer loop
      vertex -4.03639 -79.7 39.9403268
      vertex -4.10066 -79.9424 40.2801268
      vertex -4.25655 -79.9424 40.1605268
    endloop
  endfacet
  facet normal 0.244946 -0.768359 0.591291
    outer loop
      vertex -3.83109 -79.9424 31.4017268
      vertex -3.63293 -79.7 31.6346268
      vertex -4.01262 -79.9424 31.4769268
    endloop
  endfacet
  facet normal -0.0896913 -0.727197 0.680544
    outer loop
      vertex 3.78026 -79.9424 31.3950268
      vertex 3.63293 -79.7 31.6346268
      vertex 3.39999 -79.7 31.6039268
    endloop
  endfacet
  facet normal -0.0897032 -0.7272 0.680539
    outer loop
      vertex 3.63293 -79.7 31.6346268
      vertex 3.78026 -79.9424 31.3950268
      vertex 3.83109 -79.9424 31.4017268
    endloop
  endfacet
  facet normal -0.680675 -0.727093 -0.0895459
    outer loop
      vertex 4.53453 -79.9424 39.4893268
      vertex 4.50889 -79.9424 39.6842268
      vertex 4.29999 -79.7 39.3039268
    endloop
  endfacet
  facet normal 0.49008 -0.786505 -0.375808
    outer loop
      vertex -4.28776 -79.9424 40.1198268
      vertex -4.03639 -79.7 39.9403268
      vertex -4.25655 -79.9424 40.1605268
    endloop
  endfacet
  facet normal 0.489977 -0.786502 -0.375947
    outer loop
      vertex -4.03639 -79.7 39.9403268
      vertex -4.28776 -79.9424 40.1198268
      vertex -4.17941 -79.7 39.7539268
    endloop
  endfacet
  facet normal 0.24476 -0.76832 0.59142
    outer loop
      vertex -4.01262 -79.9424 31.4769268
      vertex -3.84999 -79.7 31.7245268
      vertex -4.05998 -79.9424 31.4965268
    endloop
  endfacet
  facet normal 0.244914 -0.768336 0.591334
    outer loop
      vertex -3.84999 -79.7 31.7245268
      vertex -4.01262 -79.9424 31.4769268
      vertex -3.63293 -79.7 31.6346268
    endloop
  endfacet
  facet normal 0.680623 -0.727134 0.0896003
    outer loop
      vertex -4.50889 -79.9424 32.1236268
      vertex -4.26933 -79.7 32.2710268
      vertex -4.29999 -79.7 32.5039268
    endloop
  endfacet
  facet normal 0.680611 -0.727141 0.0896317
    outer loop
      vertex -4.26933 -79.7 32.2710268
      vertex -4.50889 -79.9424 32.1236268
      vertex -4.5022 -79.9424 32.0728268
    endloop
  endfacet
  facet normal 0.489977 -0.786502 0.375947
    outer loop
      vertex -4.28776 -79.9424 31.6880268
      vertex -4.03639 -79.7 31.8675268
      vertex -4.17941 -79.7 32.0539268
    endloop
  endfacet
  facet normal 0.49008 -0.786505 0.375808
    outer loop
      vertex -4.03639 -79.7 31.8675268
      vertex -4.28776 -79.9424 31.6880268
      vertex -4.25655 -79.9424 31.6473268
    endloop
  endfacet
  facet normal -0.244946 -0.768359 0.591291
    outer loop
      vertex 3.63293 -79.7 31.6346268
      vertex 3.83109 -79.9424 31.4017268
      vertex 4.01262 -79.9424 31.4769268
    endloop
  endfacet
  facet normal 0.680611 -0.727141 -0.0896317
    outer loop
      vertex -4.50889 -79.9424 39.6842268
      vertex -4.26933 -79.7 39.5368268
      vertex -4.5022 -79.9424 39.7350268
    endloop
  endfacet
  facet normal 0.680623 -0.727134 -0.0896003
    outer loop
      vertex -4.26933 -79.7 39.5368268
      vertex -4.50889 -79.9424 39.6842268
      vertex -4.29999 -79.7 39.3039268
    endloop
  endfacet
  facet normal -0.591369 -0.768312 -0.244907
    outer loop
      vertex 4.17941 -79.7 39.7539268
      vertex 4.427 -79.9424 39.9165268
      vertex 4.40737 -79.9424 39.9639268
    endloop
  endfacet
  facet normal -0.591355 -0.768315 -0.244932
    outer loop
      vertex 4.427 -79.9424 39.9165268
      vertex 4.17941 -79.7 39.7539268
      vertex 4.26933 -79.7 39.5368268
    endloop
  endfacet
  facet normal 0.591369 -0.768312 -0.244907
    outer loop
      vertex -4.427 -79.9424 39.9165268
      vertex -4.17941 -79.7 39.7539268
      vertex -4.40737 -79.9424 39.9639268
    endloop
  endfacet
  facet normal 0.591355 -0.768315 -0.244932
    outer loop
      vertex -4.17941 -79.7 39.7539268
      vertex -4.427 -79.9424 39.9165268
      vertex -4.26933 -79.7 39.5368268
    endloop
  endfacet
  facet normal -0.489997 -0.786495 0.375937
    outer loop
      vertex 4.28776 -79.9424 31.6880268
      vertex 4.40737 -79.9424 31.8439268
      vertex 4.17941 -79.7 32.0539268
    endloop
  endfacet
  facet normal -0.489977 -0.786502 0.375947
    outer loop
      vertex 4.03639 -79.7 31.8675268
      vertex 4.28776 -79.9424 31.6880268
      vertex 4.17941 -79.7 32.0539268
    endloop
  endfacet
  facet normal -0.49008 -0.786505 0.375808
    outer loop
      vertex 4.28776 -79.9424 31.6880268
      vertex 4.03639 -79.7 31.8675268
      vertex 4.25655 -79.9424 31.6473268
    endloop
  endfacet
  facet normal -0.244792 -0.768251 0.591497
    outer loop
      vertex 3.63293 -79.7 31.6346268
      vertex 4.01262 -79.9424 31.4769268
      vertex 4.05998 -79.9424 31.4965268
    endloop
  endfacet
  facet normal -0.244907 -0.768352 0.591318
    outer loop
      vertex 3.84999 -79.7 31.7245268
      vertex 3.63293 -79.7 31.6346268
      vertex 4.05998 -79.9424 31.4965268
    endloop
  endfacet
  facet normal 0.591355 -0.768315 0.244932
    outer loop
      vertex -4.427 -79.9424 31.8913268
      vertex -4.17941 -79.7 32.0539268
      vertex -4.26933 -79.7 32.2710268
    endloop
  endfacet
  facet normal 0.591369 -0.768312 0.244907
    outer loop
      vertex -4.17941 -79.7 32.0539268
      vertex -4.427 -79.9424 31.8913268
      vertex -4.40737 -79.9424 31.8439268
    endloop
  endfacet
  facet normal 0.489997 -0.786495 0.375937
    outer loop
      vertex -4.28776 -79.9424 31.6880268
      vertex -4.17941 -79.7 32.0539268
      vertex -4.40737 -79.9424 31.8439268
    endloop
  endfacet
  facet normal -0.37584 -0.786516 -0.490038
    outer loop
      vertex 4.05998 -79.9424 40.3113268
      vertex 3.84999 -79.7 40.0833268
      vertex 4.10066 -79.9424 40.2801268
    endloop
  endfacet
  facet normal -0.375896 -0.786526 -0.489979
    outer loop
      vertex 4.10066 -79.9424 40.2801268
      vertex 3.84999 -79.7 40.0833268
      vertex 4.03639 -79.7 39.9403268
    endloop
  endfacet
  facet normal 0.375911 -0.786522 0.489974
    outer loop
      vertex -4.10066 -79.9424 31.5277268
      vertex -4.03639 -79.7 31.8675268
      vertex -4.25655 -79.9424 31.6473268
    endloop
  endfacet
  facet normal 0.375896 -0.786526 0.489979
    outer loop
      vertex -4.10066 -79.9424 31.5277268
      vertex -3.84999 -79.7 31.7245268
      vertex -4.03639 -79.7 31.8675268
    endloop
  endfacet
  facet normal 0.37584 -0.786516 0.490038
    outer loop
      vertex -4.05998 -79.9424 31.4965268
      vertex -3.84999 -79.7 31.7245268
      vertex -4.10066 -79.9424 31.5277268
    endloop
  endfacet
  facet normal -0.37584 -0.786516 0.490038
    outer loop
      vertex 3.84999 -79.7 31.7245268
      vertex 4.05998 -79.9424 31.4965268
      vertex 4.10066 -79.9424 31.5277268
    endloop
  endfacet
  facet normal -0.375896 -0.786526 0.489979
    outer loop
      vertex 4.03639 -79.7 31.8675268
      vertex 3.84999 -79.7 31.7245268
      vertex 4.10066 -79.9424 31.5277268
    endloop
  endfacet
  facet normal -0.680623 -0.727134 0.0896003
    outer loop
      vertex 4.26933 -79.7 32.2710268
      vertex 4.50889 -79.9424 32.1236268
      vertex 4.29999 -79.7 32.5039268
    endloop
  endfacet
  facet normal -0.680611 -0.727141 0.0896317
    outer loop
      vertex 4.50889 -79.9424 32.1236268
      vertex 4.26933 -79.7 32.2710268
      vertex 4.5022 -79.9424 32.0728268
    endloop
  endfacet
  facet normal -0.591285 -0.768352 -0.244984
    outer loop
      vertex 4.5022 -79.9424 39.7350268
      vertex 4.427 -79.9424 39.9165268
      vertex 4.26933 -79.7 39.5368268
    endloop
  endfacet
  facet normal -0.49008 -0.786505 -0.375808
    outer loop
      vertex 4.03639 -79.7 39.9403268
      vertex 4.28776 -79.9424 40.1198268
      vertex 4.25655 -79.9424 40.1605268
    endloop
  endfacet
  facet normal -0.489977 -0.786502 -0.375947
    outer loop
      vertex 4.28776 -79.9424 40.1198268
      vertex 4.03639 -79.7 39.9403268
      vertex 4.17941 -79.7 39.7539268
    endloop
  endfacet
  facet normal -0.375911 -0.786522 -0.489974
    outer loop
      vertex 4.25655 -79.9424 40.1605268
      vertex 4.10066 -79.9424 40.2801268
      vertex 4.03639 -79.7 39.9403268
    endloop
  endfacet
  facet normal 0.489997 -0.786495 -0.375937
    outer loop
      vertex -4.17941 -79.7 39.7539268
      vertex -4.28776 -79.9424 40.1198268
      vertex -4.40737 -79.9424 39.9639268
    endloop
  endfacet
  facet normal -0.244914 -0.768336 -0.591334
    outer loop
      vertex 3.84999 -79.7 40.0833268
      vertex 4.01262 -79.9424 40.3309268
      vertex 3.63293 -79.7 40.1732268
    endloop
  endfacet
  facet normal -0.24476 -0.76832 -0.59142
    outer loop
      vertex 4.01262 -79.9424 40.3309268
      vertex 3.84999 -79.7 40.0833268
      vertex 4.05998 -79.9424 40.3113268
    endloop
  endfacet
  facet normal 0.591285 -0.768352 -0.244984
    outer loop
      vertex -4.26933 -79.7 39.5368268
      vertex -4.427 -79.9424 39.9165268
      vertex -4.5022 -79.9424 39.7350268
    endloop
  endfacet
  facet normal -0.591285 -0.768352 0.244984
    outer loop
      vertex 4.427 -79.9424 31.8913268
      vertex 4.5022 -79.9424 32.0728268
      vertex 4.26933 -79.7 32.2710268
    endloop
  endfacet
  facet normal -0.591355 -0.768315 0.244932
    outer loop
      vertex 4.17941 -79.7 32.0539268
      vertex 4.427 -79.9424 31.8913268
      vertex 4.26933 -79.7 32.2710268
    endloop
  endfacet
  facet normal -0.591369 -0.768312 0.244907
    outer loop
      vertex 4.427 -79.9424 31.8913268
      vertex 4.17941 -79.7 32.0539268
      vertex 4.40737 -79.9424 31.8439268
    endloop
  endfacet
  facet normal 0 0.695298 -0.718722
    outer loop
      vertex -3.39999 -40.3 40.2039268
      vertex 3.58544 -40.0576 40.4384268
      vertex 3.39999 -40.3 40.2039268
    endloop
  endfacet
  facet normal 0 0.695298 -0.718722
    outer loop
      vertex 3.58544 -40.0576 40.4384268
      vertex -3.39999 -40.3 40.2039268
      vertex -3.58544 -40.0576 40.4384268
    endloop
  endfacet
  facet normal 0.680611 0.727141 -0.0896317
    outer loop
      vertex -4.26933 -40.3 39.5368268
      vertex -4.50889 -40.0576 39.6842268
      vertex -4.5022 -40.0576 39.7350268
    endloop
  endfacet
  facet normal 0.680623 0.727134 -0.0896003
    outer loop
      vertex -4.50889 -40.0576 39.6842268
      vertex -4.26933 -40.3 39.5368268
      vertex -4.29999 -40.3 39.3039268
    endloop
  endfacet
  facet normal -0.244946 0.768359 -0.591291
    outer loop
      vertex 3.83109 -40.0576 40.4061268
      vertex 4.01262 -40.0576 40.3309268
      vertex 3.63293 -40.3 40.1732268
    endloop
  endfacet
  facet normal -0.24476 0.76832 -0.59142
    outer loop
      vertex 3.84999 -40.3 40.0833268
      vertex 4.01262 -40.0576 40.3309268
      vertex 4.05998 -40.0576 40.3113268
    endloop
  endfacet
  facet normal -0.244914 0.768336 -0.591334
    outer loop
      vertex 4.01262 -40.0576 40.3309268
      vertex 3.84999 -40.3 40.0833268
      vertex 3.63293 -40.3 40.1732268
    endloop
  endfacet
  facet normal 0.489645 0.786493 -0.3764
    outer loop
      vertex -4.03639 -40.3 39.9403268
      vertex -4.28776 -40.0576 40.1198268
      vertex -4.25655 -40.0576 40.1604268
    endloop
  endfacet
  facet normal 0.489977 0.786502 -0.375947
    outer loop
      vertex -4.28776 -40.0576 40.1198268
      vertex -4.03639 -40.3 39.9403268
      vertex -4.17941 -40.3 39.7539268
    endloop
  endfacet
  facet normal 0.591268 0.768357 -0.24501
    outer loop
      vertex -4.42699 -40.0576 39.9165268
      vertex -4.26933 -40.3 39.5368268
      vertex -4.5022 -40.0576 39.7350268
    endloop
  endfacet
  facet normal -0.089455 0.727018 -0.680766
    outer loop
      vertex 3.58544 -40.0576 40.4384268
      vertex 3.78026 -40.0576 40.4128268
      vertex 3.39999 -40.3 40.2039268
    endloop
  endfacet
  facet normal -0.0897032 0.7272 -0.680539
    outer loop
      vertex 3.63293 -40.3 40.1732268
      vertex 3.78026 -40.0576 40.4128268
      vertex 3.83109 -40.0576 40.4061268
    endloop
  endfacet
  facet normal -0.0896913 0.727197 -0.680544
    outer loop
      vertex 3.78026 -40.0576 40.4128268
      vertex 3.63293 -40.3 40.1732268
      vertex 3.39999 -40.3 40.2039268
    endloop
  endfacet
  facet normal 0.375898 0.786519 0.489988
    outer loop
      vertex -3.84999 -40.3 31.7245268
      vertex -4.05998 -40.0576 31.4965268
      vertex -4.21588 -40.0576 31.6161268
    endloop
  endfacet
  facet normal -0.375898 0.786519 0.489988
    outer loop
      vertex 4.21588 -40.0576 31.6161268
      vertex 4.05998 -40.0576 31.4965268
      vertex 3.84999 -40.3 31.7245268
    endloop
  endfacet
  facet normal 0.680704 0.727069 -0.0895148
    outer loop
      vertex -4.50889 -40.0576 39.6842268
      vertex -4.29999 -40.3 39.3039268
      vertex -4.53452 -40.0576 39.4893268
    endloop
  endfacet
  facet normal 0.0896913 0.727197 0.680544
    outer loop
      vertex -3.78026 -40.0576 31.3950268
      vertex -3.63293 -40.3 31.6346268
      vertex -3.39999 -40.3 31.6039268
    endloop
  endfacet
  facet normal 0.0897032 0.7272 0.680539
    outer loop
      vertex -3.63293 -40.3 31.6346268
      vertex -3.78026 -40.0576 31.3950268
      vertex -3.83109 -40.0576 31.4017268
    endloop
  endfacet
  facet normal 0.680623 0.727134 0.0896003
    outer loop
      vertex -4.26933 -40.3 32.2710268
      vertex -4.50889 -40.0576 32.1236268
      vertex -4.29999 -40.3 32.5039268
    endloop
  endfacet
  facet normal 0.680611 0.727141 0.0896317
    outer loop
      vertex -4.50889 -40.0576 32.1236268
      vertex -4.26933 -40.3 32.2710268
      vertex -4.5022 -40.0576 32.0728268
    endloop
  endfacet
  facet normal -0.591268 0.768357 0.24501
    outer loop
      vertex 4.5022 -40.0576 32.0728268
      vertex 4.42699 -40.0576 31.8913268
      vertex 4.26933 -40.3 32.2710268
    endloop
  endfacet
  facet normal -0.089455 0.727018 0.680766
    outer loop
      vertex 3.78026 -40.0576 31.3950268
      vertex 3.58544 -40.0576 31.3694268
      vertex 3.39999 -40.3 31.6039268
    endloop
  endfacet
  facet normal 0.244914 0.768336 0.591334
    outer loop
      vertex -4.01262 -40.0576 31.4769268
      vertex -3.84999 -40.3 31.7245268
      vertex -3.63293 -40.3 31.6346268
    endloop
  endfacet
  facet normal 0.24476 0.76832 0.59142
    outer loop
      vertex -3.84999 -40.3 31.7245268
      vertex -4.01262 -40.0576 31.4769268
      vertex -4.05998 -40.0576 31.4965268
    endloop
  endfacet
  facet normal 0.244946 0.768359 0.591291
    outer loop
      vertex -3.63293 -40.3 31.6346268
      vertex -3.83109 -40.0576 31.4017268
      vertex -4.01262 -40.0576 31.4769268
    endloop
  endfacet
  facet normal -0.375895 0.78652 0.489989
    outer loop
      vertex 4.21588 -40.0576 31.6161268
      vertex 4.03639 -40.3 31.8675268
      vertex 4.25655 -40.0576 31.6473268
    endloop
  endfacet
  facet normal -0.3759 0.78652 0.489985
    outer loop
      vertex 4.03639 -40.3 31.8675268
      vertex 4.21588 -40.0576 31.6161268
      vertex 3.84999 -40.3 31.7245268
    endloop
  endfacet
  facet normal 0.375898 0.786519 -0.489988
    outer loop
      vertex -4.05998 -40.0576 40.3113268
      vertex -3.84999 -40.3 40.0833268
      vertex -4.21588 -40.0576 40.1917268
    endloop
  endfacet
  facet normal 0.244946 0.768359 -0.591291
    outer loop
      vertex -3.83109 -40.0576 40.4061268
      vertex -3.63293 -40.3 40.1732268
      vertex -4.01262 -40.0576 40.3309268
    endloop
  endfacet
  facet normal -0.24476 0.76832 0.59142
    outer loop
      vertex 4.01262 -40.0576 31.4769268
      vertex 3.84999 -40.3 31.7245268
      vertex 4.05998 -40.0576 31.4965268
    endloop
  endfacet
  facet normal -0.244914 0.768336 0.591334
    outer loop
      vertex 3.84999 -40.3 31.7245268
      vertex 4.01262 -40.0576 31.4769268
      vertex 3.63293 -40.3 31.6346268
    endloop
  endfacet
  facet normal 0 0.695298 0.718722
    outer loop
      vertex 3.58544 -40.0576 31.3694268
      vertex -3.39999 -40.3 31.6039268
      vertex 3.39999 -40.3 31.6039268
    endloop
  endfacet
  facet normal 0 0.695298 0.718722
    outer loop
      vertex -3.39999 -40.3 31.6039268
      vertex 3.58544 -40.0576 31.3694268
      vertex -3.58544 -40.0576 31.3694268
    endloop
  endfacet
  facet normal 0.089455 0.727018 0.680766
    outer loop
      vertex -3.39999 -40.3 31.6039268
      vertex -3.58544 -40.0576 31.3694268
      vertex -3.78026 -40.0576 31.3950268
    endloop
  endfacet
  facet normal 0.680704 0.727069 0.0895148
    outer loop
      vertex -4.29999 -40.3 32.5039268
      vertex -4.50889 -40.0576 32.1236268
      vertex -4.53452 -40.0576 32.3185268
    endloop
  endfacet
  facet normal 0.591268 0.768357 0.24501
    outer loop
      vertex -4.26933 -40.3 32.2710268
      vertex -4.42699 -40.0576 31.8913268
      vertex -4.5022 -40.0576 32.0728268
    endloop
  endfacet
  facet normal -0.680704 0.727069 -0.0895148
    outer loop
      vertex 4.50889 -40.0576 39.6842268
      vertex 4.53452 -40.0576 39.4893268
      vertex 4.29999 -40.3 39.3039268
    endloop
  endfacet
  facet normal 0.591436 0.768291 -0.24481
    outer loop
      vertex -4.17941 -40.3 39.7539268
      vertex -4.42699 -40.0576 39.9165268
      vertex -4.40737 -40.0576 39.9639268
    endloop
  endfacet
  facet normal 0.591366 0.768305 -0.244936
    outer loop
      vertex -4.42699 -40.0576 39.9165268
      vertex -4.17941 -40.3 39.7539268
      vertex -4.26933 -40.3 39.5368268
    endloop
  endfacet
  facet normal 0.244914 0.768336 -0.591334
    outer loop
      vertex -3.84999 -40.3 40.0833268
      vertex -4.01262 -40.0576 40.3309268
      vertex -3.63293 -40.3 40.1732268
    endloop
  endfacet
  facet normal 0.24476 0.76832 -0.59142
    outer loop
      vertex -4.01262 -40.0576 40.3309268
      vertex -3.84999 -40.3 40.0833268
      vertex -4.05998 -40.0576 40.3113268
    endloop
  endfacet
  facet normal -0.680704 0.727069 0.0895148
    outer loop
      vertex 4.53452 -40.0576 32.3185268
      vertex 4.50889 -40.0576 32.1236268
      vertex 4.29999 -40.3 32.5039268
    endloop
  endfacet
  facet normal 0.089455 0.727018 -0.680766
    outer loop
      vertex -3.58544 -40.0576 40.4384268
      vertex -3.39999 -40.3 40.2039268
      vertex -3.78026 -40.0576 40.4128268
    endloop
  endfacet
  facet normal -0.489997 0.786495 0.375937
    outer loop
      vertex 4.40737 -40.0576 31.8439268
      vertex 4.28776 -40.0576 31.6880268
      vertex 4.17941 -40.3 32.0539268
    endloop
  endfacet
  facet normal -0.718677 0.695344 0
    outer loop
      vertex 4.29999 -40.3 32.5039268
      vertex 4.53452 -40.0576 39.4893268
      vertex 4.53452 -40.0576 32.3185268
    endloop
  endfacet
  facet normal -0.718677 0.695344 0
    outer loop
      vertex 4.53452 -40.0576 39.4893268
      vertex 4.29999 -40.3 32.5039268
      vertex 4.29999 -40.3 39.3039268
    endloop
  endfacet
  facet normal -0.489997 0.786495 -0.375937
    outer loop
      vertex 4.28776 -40.0576 40.1198268
      vertex 4.40737 -40.0576 39.9639268
      vertex 4.17941 -40.3 39.7539268
    endloop
  endfacet
  facet normal 0.489977 0.786502 0.375947
    outer loop
      vertex -4.03639 -40.3 31.8675268
      vertex -4.28776 -40.0576 31.6880268
      vertex -4.17941 -40.3 32.0539268
    endloop
  endfacet
  facet normal 0.49008 0.786505 0.375808
    outer loop
      vertex -4.28776 -40.0576 31.6880268
      vertex -4.03639 -40.3 31.8675268
      vertex -4.25655 -40.0576 31.6473268
    endloop
  endfacet
  facet normal -0.680611 0.727141 -0.0896317
    outer loop
      vertex 4.50889 -40.0576 39.6842268
      vertex 4.26933 -40.3 39.5368268
      vertex 4.5022 -40.0576 39.7350268
    endloop
  endfacet
  facet normal -0.680623 0.727134 -0.0896003
    outer loop
      vertex 4.26933 -40.3 39.5368268
      vertex 4.50889 -40.0576 39.6842268
      vertex 4.29999 -40.3 39.3039268
    endloop
  endfacet
  facet normal -0.0897032 0.7272 0.680539
    outer loop
      vertex 3.78026 -40.0576 31.3950268
      vertex 3.63293 -40.3 31.6346268
      vertex 3.83109 -40.0576 31.4017268
    endloop
  endfacet
  facet normal -0.0896913 0.727197 0.680544
    outer loop
      vertex 3.63293 -40.3 31.6346268
      vertex 3.78026 -40.0576 31.3950268
      vertex 3.39999 -40.3 31.6039268
    endloop
  endfacet
  facet normal -0.591268 0.768357 -0.24501
    outer loop
      vertex 4.42699 -40.0576 39.9165268
      vertex 4.5022 -40.0576 39.7350268
      vertex 4.26933 -40.3 39.5368268
    endloop
  endfacet
  facet normal -0.244946 0.768359 0.591291
    outer loop
      vertex 4.01262 -40.0576 31.4769268
      vertex 3.83109 -40.0576 31.4017268
      vertex 3.63293 -40.3 31.6346268
    endloop
  endfacet
  facet normal 0.3759 0.78652 0.489985
    outer loop
      vertex -4.21588 -40.0576 31.6161268
      vertex -4.03639 -40.3 31.8675268
      vertex -3.84999 -40.3 31.7245268
    endloop
  endfacet
  facet normal 0.375895 0.78652 0.489989
    outer loop
      vertex -4.03639 -40.3 31.8675268
      vertex -4.21588 -40.0576 31.6161268
      vertex -4.25655 -40.0576 31.6473268
    endloop
  endfacet
  facet normal -0.375898 0.786519 -0.489988
    outer loop
      vertex 4.05998 -40.0576 40.3113268
      vertex 4.21588 -40.0576 40.1917268
      vertex 3.84999 -40.3 40.0833268
    endloop
  endfacet
  facet normal -0.591436 0.768291 -0.24481
    outer loop
      vertex 4.42699 -40.0576 39.9165268
      vertex 4.17941 -40.3 39.7539268
      vertex 4.40737 -40.0576 39.9639268
    endloop
  endfacet
  facet normal -0.591366 0.768305 -0.244936
    outer loop
      vertex 4.17941 -40.3 39.7539268
      vertex 4.42699 -40.0576 39.9165268
      vertex 4.26933 -40.3 39.5368268
    endloop
  endfacet
  facet normal 0.718677 0.695344 0
    outer loop
      vertex -4.29999 -40.3 39.3039268
      vertex -4.53452 -40.0576 32.3185268
      vertex -4.53452 -40.0576 39.4893268
    endloop
  endfacet
  facet normal 0.718677 0.695344 0
    outer loop
      vertex -4.53452 -40.0576 32.3185268
      vertex -4.29999 -40.3 39.3039268
      vertex -4.29999 -40.3 32.5039268
    endloop
  endfacet
  facet normal 0.3759 0.78652 -0.489985
    outer loop
      vertex -4.03639 -40.3 39.9403268
      vertex -4.21588 -40.0576 40.1917268
      vertex -3.84999 -40.3 40.0833268
    endloop
  endfacet
  facet normal 0.376665 0.786504 -0.489423
    outer loop
      vertex -4.21588 -40.0576 40.1917268
      vertex -4.03639 -40.3 39.9403268
      vertex -4.25655 -40.0576 40.1604268
    endloop
  endfacet
  facet normal 0.489997 0.786495 0.375937
    outer loop
      vertex -4.17941 -40.3 32.0539268
      vertex -4.28776 -40.0576 31.6880268
      vertex -4.40737 -40.0576 31.8439268
    endloop
  endfacet
  facet normal -0.680623 0.727134 0.0896003
    outer loop
      vertex 4.50889 -40.0576 32.1236268
      vertex 4.26933 -40.3 32.2710268
      vertex 4.29999 -40.3 32.5039268
    endloop
  endfacet
  facet normal -0.680611 0.727141 0.0896317
    outer loop
      vertex 4.26933 -40.3 32.2710268
      vertex 4.50889 -40.0576 32.1236268
      vertex 4.5022 -40.0576 32.0728268
    endloop
  endfacet
  facet normal 0.591366 0.768305 0.244936
    outer loop
      vertex -4.17941 -40.3 32.0539268
      vertex -4.42699 -40.0576 31.8913268
      vertex -4.26933 -40.3 32.2710268
    endloop
  endfacet
  facet normal 0.591436 0.768291 0.24481
    outer loop
      vertex -4.42699 -40.0576 31.8913268
      vertex -4.17941 -40.3 32.0539268
      vertex -4.40737 -40.0576 31.8439268
    endloop
  endfacet
  facet normal 0.489997 0.786495 -0.375937
    outer loop
      vertex -4.28776 -40.0576 40.1198268
      vertex -4.17941 -40.3 39.7539268
      vertex -4.40737 -40.0576 39.9639268
    endloop
  endfacet
  facet normal 0.0896913 0.727197 -0.680544
    outer loop
      vertex -3.63293 -40.3 40.1732268
      vertex -3.78026 -40.0576 40.4128268
      vertex -3.39999 -40.3 40.2039268
    endloop
  endfacet
  facet normal 0.0897032 0.7272 -0.680539
    outer loop
      vertex -3.78026 -40.0576 40.4128268
      vertex -3.63293 -40.3 40.1732268
      vertex -3.83109 -40.0576 40.4061268
    endloop
  endfacet
  facet normal -0.489645 0.786493 -0.3764
    outer loop
      vertex 4.28776 -40.0576 40.1198268
      vertex 4.03639 -40.3 39.9403268
      vertex 4.25655 -40.0576 40.1604268
    endloop
  endfacet
  facet normal -0.489977 0.786502 -0.375947
    outer loop
      vertex 4.03639 -40.3 39.9403268
      vertex 4.28776 -40.0576 40.1198268
      vertex 4.17941 -40.3 39.7539268
    endloop
  endfacet
  facet normal -0.376665 0.786504 -0.489423
    outer loop
      vertex 4.03639 -40.3 39.9403268
      vertex 4.21588 -40.0576 40.1917268
      vertex 4.25655 -40.0576 40.1604268
    endloop
  endfacet
  facet normal -0.3759 0.78652 -0.489985
    outer loop
      vertex 4.21588 -40.0576 40.1917268
      vertex 4.03639 -40.3 39.9403268
      vertex 3.84999 -40.3 40.0833268
    endloop
  endfacet
  facet normal -0.489977 0.786502 0.375947
    outer loop
      vertex 4.28776 -40.0576 31.6880268
      vertex 4.03639 -40.3 31.8675268
      vertex 4.17941 -40.3 32.0539268
    endloop
  endfacet
  facet normal -0.49008 0.786505 0.375808
    outer loop
      vertex 4.03639 -40.3 31.8675268
      vertex 4.28776 -40.0576 31.6880268
      vertex 4.25655 -40.0576 31.6473268
    endloop
  endfacet
  facet normal -0.591366 0.768305 0.244936
    outer loop
      vertex 4.42699 -40.0576 31.8913268
      vertex 4.17941 -40.3 32.0539268
      vertex 4.26933 -40.3 32.2710268
    endloop
  endfacet
  facet normal -0.591436 0.768291 0.24481
    outer loop
      vertex 4.17941 -40.3 32.0539268
      vertex 4.42699 -40.0576 31.8913268
      vertex 4.40737 -40.0576 31.8439268
    endloop
  endfacet
  facet normal -0.130664 0 -0.991427
    outer loop
      vertex 3.39999 -49.7 60.2039268
      vertex 3.63293 -40.3 60.1732268
      vertex 3.63293 -49.7 60.1732268
    endloop
  endfacet
  facet normal -0.130664 0 -0.991427
    outer loop
      vertex 3.63293 -40.3 60.1732268
      vertex 3.39999 -49.7 60.2039268
      vertex 3.39999 -40.3 60.2039268
    endloop
  endfacet
  facet normal -0.130664 0 -0.991427
    outer loop
      vertex 3.39999 -79.7 60.2039268
      vertex 3.63293 -70.3 60.1732268
      vertex 3.63293 -79.7 60.1732268
    endloop
  endfacet
  facet normal -0.130664 0 -0.991427
    outer loop
      vertex 3.63293 -70.3 60.1732268
      vertex 3.39999 -79.7 60.2039268
      vertex 3.39999 -70.3 60.2039268
    endloop
  endfacet
  facet normal -0 0 1
    outer loop
      vertex -3.39999 -40.3 51.6039268
      vertex 3.39999 -49.7 51.6039268
      vertex 3.39999 -40.3 51.6039268
    endloop
  endfacet
  facet normal 0 0 1
    outer loop
      vertex 3.39999 -49.7 51.6039268
      vertex -3.39999 -40.3 51.6039268
      vertex -3.39999 -49.7 51.6039268
    endloop
  endfacet
  facet normal -0 0 1
    outer loop
      vertex -3.39999 -70.3 51.6039268
      vertex 3.39999 -79.7 51.6039268
      vertex 3.39999 -70.3 51.6039268
    endloop
  endfacet
  facet normal 0 0 1
    outer loop
      vertex 3.39999 -79.7 51.6039268
      vertex -3.39999 -70.3 51.6039268
      vertex -3.39999 -79.7 51.6039268
    endloop
  endfacet
  facet normal 0.130664 0 -0.991427
    outer loop
      vertex -3.63293 -49.7 60.1732268
      vertex -3.39999 -40.3 60.2039268
      vertex -3.39999 -49.7 60.2039268
    endloop
  endfacet
  facet normal 0.130664 0 -0.991427
    outer loop
      vertex -3.39999 -40.3 60.2039268
      vertex -3.63293 -49.7 60.1732268
      vertex -3.63293 -40.3 60.1732268
    endloop
  endfacet
  facet normal 0.130664 0 -0.991427
    outer loop
      vertex -3.63293 -79.7 60.1732268
      vertex -3.39999 -70.3 60.2039268
      vertex -3.39999 -79.7 60.2039268
    endloop
  endfacet
  facet normal 0.130664 0 -0.991427
    outer loop
      vertex -3.63293 -79.7 60.1732268
      vertex -3.63293 -70.3 60.1732268
      vertex -3.39999 -70.3 60.2039268
    endloop
  endfacet
  facet normal 1 -0 0
    outer loop
      vertex -4.29999 -49.7 59.3039268
      vertex -4.29999 -40.3 52.5039268
      vertex -4.29999 -40.3 59.3039268
    endloop
  endfacet
  facet normal 1 0 0
    outer loop
      vertex -4.29999 -40.3 52.5039268
      vertex -4.29999 -49.7 59.3039268
      vertex -4.29999 -49.7 52.5039268
    endloop
  endfacet
  facet normal 1 -0 0
    outer loop
      vertex -4.29999 -79.7 59.3039268
      vertex -4.29999 -70.3 52.5039268
      vertex -4.29999 -70.3 59.3039268
    endloop
  endfacet
  facet normal 1 0 0
    outer loop
      vertex -4.29999 -70.3 52.5039268
      vertex -4.29999 -79.7 59.3039268
      vertex -4.29999 -79.7 52.5039268
    endloop
  endfacet
  facet normal -0.130664 0 0.991427
    outer loop
      vertex 3.39999 -40.3 51.6039268
      vertex 3.63293 -49.7 51.6346268
      vertex 3.63293 -40.3 51.6346268
    endloop
  endfacet
  facet normal -0.130664 0 0.991427
    outer loop
      vertex 3.63293 -49.7 51.6346268
      vertex 3.39999 -40.3 51.6039268
      vertex 3.39999 -49.7 51.6039268
    endloop
  endfacet
  facet normal -0.130664 0 0.991427
    outer loop
      vertex 3.39999 -70.3 51.6039268
      vertex 3.63293 -79.7 51.6346268
      vertex 3.63293 -70.3 51.6346268
    endloop
  endfacet
  facet normal -0.130664 0 0.991427
    outer loop
      vertex 3.63293 -79.7 51.6346268
      vertex 3.39999 -70.3 51.6039268
      vertex 3.39999 -79.7 51.6039268
    endloop
  endfacet
  facet normal -1 0 0
    outer loop
      vertex 4.29999 -49.7 52.5039268
      vertex 4.29999 -40.3 59.3039268
      vertex 4.29999 -40.3 52.5039268
    endloop
  endfacet
  facet normal -1 -0 0
    outer loop
      vertex 4.29999 -40.3 59.3039268
      vertex 4.29999 -49.7 52.5039268
      vertex 4.29999 -49.7 59.3039268
    endloop
  endfacet
  facet normal -1 0 0
    outer loop
      vertex 4.29999 -79.7 52.5039268
      vertex 4.29999 -70.3 59.3039268
      vertex 4.29999 -70.3 52.5039268
    endloop
  endfacet
  facet normal -1 -0 0
    outer loop
      vertex 4.29999 -70.3 59.3039268
      vertex 4.29999 -79.7 52.5039268
      vertex 4.29999 -79.7 59.3039268
    endloop
  endfacet
  facet normal 0.991446 -0 0.130518
    outer loop
      vertex -4.29999 -49.7 52.5039268
      vertex -4.26933 -40.3 52.2710268
      vertex -4.29999 -40.3 52.5039268
    endloop
  endfacet
  facet normal 0.991446 0 0.130518
    outer loop
      vertex -4.26933 -40.3 52.2710268
      vertex -4.29999 -49.7 52.5039268
      vertex -4.26933 -49.7 52.2710268
    endloop
  endfacet
  facet normal 0.991446 -0 0.130518
    outer loop
      vertex -4.29999 -79.7 52.5039268
      vertex -4.26933 -70.3 52.2710268
      vertex -4.29999 -70.3 52.5039268
    endloop
  endfacet
  facet normal 0.991446 0 0.130518
    outer loop
      vertex -4.26933 -70.3 52.2710268
      vertex -4.29999 -79.7 52.5039268
      vertex -4.26933 -79.7 52.2710268
    endloop
  endfacet
  facet normal 0 0 -1
    outer loop
      vertex -3.39999 -49.7 60.2039268
      vertex 3.39999 -40.3 60.2039268
      vertex 3.39999 -49.7 60.2039268
    endloop
  endfacet
  facet normal -0 0 -1
    outer loop
      vertex 3.39999 -40.3 60.2039268
      vertex -3.39999 -49.7 60.2039268
      vertex -3.39999 -40.3 60.2039268
    endloop
  endfacet
  facet normal 0 0 -1
    outer loop
      vertex -3.39999 -79.7 60.2039268
      vertex 3.39999 -70.3 60.2039268
      vertex 3.39999 -79.7 60.2039268
    endloop
  endfacet
  facet normal -0 0 -1
    outer loop
      vertex 3.39999 -70.3 60.2039268
      vertex -3.39999 -79.7 60.2039268
      vertex -3.39999 -70.3 60.2039268
    endloop
  endfacet
  facet normal 0.38265 0 0.923893
    outer loop
      vertex -3.84999 -40.3 51.7245268
      vertex -3.63293 -49.7 51.6346268
      vertex -3.63293 -40.3 51.6346268
    endloop
  endfacet
  facet normal 0.38265 0 0.923893
    outer loop
      vertex -3.63293 -49.7 51.6346268
      vertex -3.84999 -40.3 51.7245268
      vertex -3.84999 -49.7 51.7245268
    endloop
  endfacet
  facet normal 0.38265 0 0.923893
    outer loop
      vertex -3.63293 -70.3 51.6346268
      vertex -3.84999 -79.7 51.7245268
      vertex -3.63293 -79.7 51.6346268
    endloop
  endfacet
  facet normal 0.38265 0 0.923893
    outer loop
      vertex -3.84999 -70.3 51.7245268
      vertex -3.84999 -79.7 51.7245268
      vertex -3.63293 -70.3 51.6346268
    endloop
  endfacet
  facet normal 0.130664 0 0.991427
    outer loop
      vertex -3.63293 -40.3 51.6346268
      vertex -3.39999 -49.7 51.6039268
      vertex -3.39999 -40.3 51.6039268
    endloop
  endfacet
  facet normal 0.130664 0 0.991427
    outer loop
      vertex -3.39999 -49.7 51.6039268
      vertex -3.63293 -40.3 51.6346268
      vertex -3.63293 -49.7 51.6346268
    endloop
  endfacet
  facet normal 0.130664 0 0.991427
    outer loop
      vertex -3.39999 -70.3 51.6039268
      vertex -3.63293 -79.7 51.6346268
      vertex -3.39999 -79.7 51.6039268
    endloop
  endfacet
  facet normal 0.130664 0 0.991427
    outer loop
      vertex -3.63293 -70.3 51.6346268
      vertex -3.63293 -79.7 51.6346268
      vertex -3.39999 -70.3 51.6039268
    endloop
  endfacet
  facet normal 0.608682 0 -0.793414
    outer loop
      vertex -4.03639 -49.7 59.9403268
      vertex -3.84999 -40.3 60.0833268
      vertex -3.84999 -49.7 60.0833268
    endloop
  endfacet
  facet normal 0.608682 0 -0.793414
    outer loop
      vertex -3.84999 -40.3 60.0833268
      vertex -4.03639 -49.7 59.9403268
      vertex -4.03639 -40.3 59.9403268
    endloop
  endfacet
  facet normal 0.608682 0 -0.793414
    outer loop
      vertex -4.03639 -79.7 59.9403268
      vertex -3.84999 -70.3 60.0833268
      vertex -3.84999 -79.7 60.0833268
    endloop
  endfacet
  facet normal 0.608682 0 -0.793414
    outer loop
      vertex -3.84999 -70.3 60.0833268
      vertex -4.03639 -79.7 59.9403268
      vertex -4.03639 -70.3 59.9403268
    endloop
  endfacet
  facet normal -0.923888 0 0.382662
    outer loop
      vertex 4.17941 -49.7 52.0539268
      vertex 4.26933 -40.3 52.2710268
      vertex 4.17941 -40.3 52.0539268
    endloop
  endfacet
  facet normal -0.923888 0 0.382662
    outer loop
      vertex 4.26933 -40.3 52.2710268
      vertex 4.17941 -49.7 52.0539268
      vertex 4.26933 -49.7 52.2710268
    endloop
  endfacet
  facet normal -0.923888 0 0.382662
    outer loop
      vertex 4.17941 -79.7 52.0539268
      vertex 4.26933 -70.3 52.2710268
      vertex 4.17941 -70.3 52.0539268
    endloop
  endfacet
  facet normal -0.923888 0 0.382662
    outer loop
      vertex 4.26933 -70.3 52.2710268
      vertex 4.17941 -79.7 52.0539268
      vertex 4.26933 -79.7 52.2710268
    endloop
  endfacet
  facet normal 0.793373 -0 0.608735
    outer loop
      vertex -4.17941 -49.7 52.0539268
      vertex -4.03639 -40.3 51.8675268
      vertex -4.17941 -40.3 52.0539268
    endloop
  endfacet
  facet normal 0.793373 0 0.608735
    outer loop
      vertex -4.03639 -40.3 51.8675268
      vertex -4.17941 -49.7 52.0539268
      vertex -4.03639 -49.7 51.8675268
    endloop
  endfacet
  facet normal 0.793373 -0 0.608735
    outer loop
      vertex -4.17941 -79.7 52.0539268
      vertex -4.03639 -70.3 51.8675268
      vertex -4.17941 -70.3 52.0539268
    endloop
  endfacet
  facet normal 0.793373 0 0.608735
    outer loop
      vertex -4.03639 -70.3 51.8675268
      vertex -4.17941 -79.7 52.0539268
      vertex -4.03639 -79.7 51.8675268
    endloop
  endfacet
  facet normal 0.608682 0 0.793414
    outer loop
      vertex -4.03639 -40.3 51.8675268
      vertex -3.84999 -49.7 51.7245268
      vertex -3.84999 -40.3 51.7245268
    endloop
  endfacet
  facet normal 0.608682 0 0.793414
    outer loop
      vertex -3.84999 -49.7 51.7245268
      vertex -4.03639 -40.3 51.8675268
      vertex -4.03639 -49.7 51.8675268
    endloop
  endfacet
  facet normal 0.608682 0 0.793414
    outer loop
      vertex -4.03639 -70.3 51.8675268
      vertex -3.84999 -79.7 51.7245268
      vertex -3.84999 -70.3 51.7245268
    endloop
  endfacet
  facet normal 0.608682 0 0.793414
    outer loop
      vertex -3.84999 -79.7 51.7245268
      vertex -4.03639 -70.3 51.8675268
      vertex -4.03639 -79.7 51.8675268
    endloop
  endfacet
  facet normal -0.991446 0 0.130518
    outer loop
      vertex 4.26933 -49.7 52.2710268
      vertex 4.29999 -40.3 52.5039268
      vertex 4.26933 -40.3 52.2710268
    endloop
  endfacet
  facet normal -0.991446 0 0.130518
    outer loop
      vertex 4.29999 -40.3 52.5039268
      vertex 4.26933 -49.7 52.2710268
      vertex 4.29999 -49.7 52.5039268
    endloop
  endfacet
  facet normal -0.991446 0 0.130518
    outer loop
      vertex 4.26933 -79.7 52.2710268
      vertex 4.29999 -70.3 52.5039268
      vertex 4.26933 -70.3 52.2710268
    endloop
  endfacet
  facet normal -0.991446 0 0.130518
    outer loop
      vertex 4.29999 -70.3 52.5039268
      vertex 4.26933 -79.7 52.2710268
      vertex 4.29999 -79.7 52.5039268
    endloop
  endfacet
  facet normal 0.38265 0 -0.923893
    outer loop
      vertex -3.84999 -49.7 60.0833268
      vertex -3.63293 -40.3 60.1732268
      vertex -3.63293 -49.7 60.1732268
    endloop
  endfacet
  facet normal 0.38265 0 -0.923893
    outer loop
      vertex -3.63293 -40.3 60.1732268
      vertex -3.84999 -49.7 60.0833268
      vertex -3.84999 -40.3 60.0833268
    endloop
  endfacet
  facet normal 0.38265 0 -0.923893
    outer loop
      vertex -3.84999 -79.7 60.0833268
      vertex -3.63293 -70.3 60.1732268
      vertex -3.63293 -79.7 60.1732268
    endloop
  endfacet
  facet normal 0.38265 0 -0.923893
    outer loop
      vertex -3.84999 -79.7 60.0833268
      vertex -3.84999 -70.3 60.0833268
      vertex -3.63293 -70.3 60.1732268
    endloop
  endfacet
  facet normal -0.793373 0 -0.608735
    outer loop
      vertex 4.17941 -49.7 59.7539268
      vertex 4.03639 -40.3 59.9403268
      vertex 4.17941 -40.3 59.7539268
    endloop
  endfacet
  facet normal -0.793373 -0 -0.608735
    outer loop
      vertex 4.03639 -40.3 59.9403268
      vertex 4.17941 -49.7 59.7539268
      vertex 4.03639 -49.7 59.9403268
    endloop
  endfacet
  facet normal -0.793373 0 -0.608735
    outer loop
      vertex 4.17941 -79.7 59.7539268
      vertex 4.03639 -70.3 59.9403268
      vertex 4.17941 -70.3 59.7539268
    endloop
  endfacet
  facet normal -0.793373 -0 -0.608735
    outer loop
      vertex 4.03639 -70.3 59.9403268
      vertex 4.17941 -79.7 59.7539268
      vertex 4.03639 -79.7 59.9403268
    endloop
  endfacet
  facet normal -0.38265 0 0.923893
    outer loop
      vertex 3.63293 -40.3 51.6346268
      vertex 3.84999 -49.7 51.7245268
      vertex 3.84999 -40.3 51.7245268
    endloop
  endfacet
  facet normal -0.38265 0 0.923893
    outer loop
      vertex 3.84999 -49.7 51.7245268
      vertex 3.63293 -40.3 51.6346268
      vertex 3.63293 -49.7 51.6346268
    endloop
  endfacet
  facet normal -0.38265 0 0.923893
    outer loop
      vertex 3.63293 -70.3 51.6346268
      vertex 3.84999 -79.7 51.7245268
      vertex 3.84999 -70.3 51.7245268
    endloop
  endfacet
  facet normal -0.38265 0 0.923893
    outer loop
      vertex 3.84999 -79.7 51.7245268
      vertex 3.63293 -70.3 51.6346268
      vertex 3.63293 -79.7 51.6346268
    endloop
  endfacet
  facet normal -0.608682 0 0.793414
    outer loop
      vertex 3.84999 -40.3 51.7245268
      vertex 4.03639 -49.7 51.8675268
      vertex 4.03639 -40.3 51.8675268
    endloop
  endfacet
  facet normal -0.608682 0 0.793414
    outer loop
      vertex 4.03639 -49.7 51.8675268
      vertex 3.84999 -40.3 51.7245268
      vertex 3.84999 -49.7 51.7245268
    endloop
  endfacet
  facet normal -0.608682 0 0.793414
    outer loop
      vertex 3.84999 -70.3 51.7245268
      vertex 4.03639 -79.7 51.8675268
      vertex 4.03639 -70.3 51.8675268
    endloop
  endfacet
  facet normal -0.608682 0 0.793414
    outer loop
      vertex 4.03639 -79.7 51.8675268
      vertex 3.84999 -70.3 51.7245268
      vertex 3.84999 -79.7 51.7245268
    endloop
  endfacet
  facet normal -0.38265 0 -0.923893
    outer loop
      vertex 3.63293 -49.7 60.1732268
      vertex 3.84999 -40.3 60.0833268
      vertex 3.84999 -49.7 60.0833268
    endloop
  endfacet
  facet normal -0.38265 0 -0.923893
    outer loop
      vertex 3.84999 -40.3 60.0833268
      vertex 3.63293 -49.7 60.1732268
      vertex 3.63293 -40.3 60.1732268
    endloop
  endfacet
  facet normal -0.38265 0 -0.923893
    outer loop
      vertex 3.63293 -79.7 60.1732268
      vertex 3.84999 -70.3 60.0833268
      vertex 3.84999 -79.7 60.0833268
    endloop
  endfacet
  facet normal -0.38265 0 -0.923893
    outer loop
      vertex 3.84999 -70.3 60.0833268
      vertex 3.63293 -79.7 60.1732268
      vertex 3.63293 -70.3 60.1732268
    endloop
  endfacet
  facet normal 0.991446 0 -0.130518
    outer loop
      vertex -4.26933 -49.7 59.5368268
      vertex -4.29999 -40.3 59.3039268
      vertex -4.26933 -40.3 59.5368268
    endloop
  endfacet
  facet normal 0.991446 0 -0.130518
    outer loop
      vertex -4.29999 -40.3 59.3039268
      vertex -4.26933 -49.7 59.5368268
      vertex -4.29999 -49.7 59.3039268
    endloop
  endfacet
  facet normal 0.991446 0 -0.130518
    outer loop
      vertex -4.26933 -79.7 59.5368268
      vertex -4.29999 -70.3 59.3039268
      vertex -4.26933 -70.3 59.5368268
    endloop
  endfacet
  facet normal 0.991446 0 -0.130518
    outer loop
      vertex -4.29999 -70.3 59.3039268
      vertex -4.26933 -79.7 59.5368268
      vertex -4.29999 -79.7 59.3039268
    endloop
  endfacet
  facet normal -0.991446 0 -0.130518
    outer loop
      vertex 4.29999 -49.7 59.3039268
      vertex 4.26933 -40.3 59.5368268
      vertex 4.29999 -40.3 59.3039268
    endloop
  endfacet
  facet normal -0.991446 -0 -0.130518
    outer loop
      vertex 4.26933 -40.3 59.5368268
      vertex 4.29999 -49.7 59.3039268
      vertex 4.26933 -49.7 59.5368268
    endloop
  endfacet
  facet normal -0.991446 0 -0.130518
    outer loop
      vertex 4.29999 -79.7 59.3039268
      vertex 4.26933 -70.3 59.5368268
      vertex 4.29999 -70.3 59.3039268
    endloop
  endfacet
  facet normal -0.991446 -0 -0.130518
    outer loop
      vertex 4.26933 -70.3 59.5368268
      vertex 4.29999 -79.7 59.3039268
      vertex 4.26933 -79.7 59.5368268
    endloop
  endfacet
  facet normal -0.793373 0 0.608735
    outer loop
      vertex 4.03639 -49.7 51.8675268
      vertex 4.17941 -40.3 52.0539268
      vertex 4.03639 -40.3 51.8675268
    endloop
  endfacet
  facet normal -0.793373 0 0.608735
    outer loop
      vertex 4.17941 -40.3 52.0539268
      vertex 4.03639 -49.7 51.8675268
      vertex 4.17941 -49.7 52.0539268
    endloop
  endfacet
  facet normal -0.793373 0 0.608735
    outer loop
      vertex 4.03639 -79.7 51.8675268
      vertex 4.17941 -70.3 52.0539268
      vertex 4.03639 -70.3 51.8675268
    endloop
  endfacet
  facet normal -0.793373 0 0.608735
    outer loop
      vertex 4.17941 -70.3 52.0539268
      vertex 4.03639 -79.7 51.8675268
      vertex 4.17941 -79.7 52.0539268
    endloop
  endfacet
  facet normal -0.923888 0 -0.382662
    outer loop
      vertex 4.26933 -49.7 59.5368268
      vertex 4.17941 -40.3 59.7539268
      vertex 4.26933 -40.3 59.5368268
    endloop
  endfacet
  facet normal -0.923888 -0 -0.382662
    outer loop
      vertex 4.17941 -40.3 59.7539268
      vertex 4.26933 -49.7 59.5368268
      vertex 4.17941 -49.7 59.7539268
    endloop
  endfacet
  facet normal -0.923888 0 -0.382662
    outer loop
      vertex 4.26933 -79.7 59.5368268
      vertex 4.17941 -70.3 59.7539268
      vertex 4.26933 -70.3 59.5368268
    endloop
  endfacet
  facet normal -0.923888 -0 -0.382662
    outer loop
      vertex 4.17941 -70.3 59.7539268
      vertex 4.26933 -79.7 59.5368268
      vertex 4.17941 -79.7 59.7539268
    endloop
  endfacet
  facet normal 0.923888 0 -0.382662
    outer loop
      vertex -4.17941 -49.7 59.7539268
      vertex -4.26933 -40.3 59.5368268
      vertex -4.17941 -40.3 59.7539268
    endloop
  endfacet
  facet normal 0.923888 0 -0.382662
    outer loop
      vertex -4.26933 -40.3 59.5368268
      vertex -4.17941 -49.7 59.7539268
      vertex -4.26933 -49.7 59.5368268
    endloop
  endfacet
  facet normal 0.923888 0 -0.382662
    outer loop
      vertex -4.17941 -79.7 59.7539268
      vertex -4.26933 -70.3 59.5368268
      vertex -4.17941 -70.3 59.7539268
    endloop
  endfacet
  facet normal 0.923888 0 -0.382662
    outer loop
      vertex -4.26933 -70.3 59.5368268
      vertex -4.17941 -79.7 59.7539268
      vertex -4.26933 -79.7 59.5368268
    endloop
  endfacet
  facet normal 0.923888 -0 0.382662
    outer loop
      vertex -4.26933 -49.7 52.2710268
      vertex -4.17941 -40.3 52.0539268
      vertex -4.26933 -40.3 52.2710268
    endloop
  endfacet
  facet normal 0.923888 0 0.382662
    outer loop
      vertex -4.17941 -40.3 52.0539268
      vertex -4.26933 -49.7 52.2710268
      vertex -4.17941 -49.7 52.0539268
    endloop
  endfacet
  facet normal 0.923888 -0 0.382662
    outer loop
      vertex -4.26933 -79.7 52.2710268
      vertex -4.17941 -70.3 52.0539268
      vertex -4.26933 -70.3 52.2710268
    endloop
  endfacet
  facet normal 0.923888 0 0.382662
    outer loop
      vertex -4.17941 -70.3 52.0539268
      vertex -4.26933 -79.7 52.2710268
      vertex -4.17941 -79.7 52.0539268
    endloop
  endfacet
  facet normal -0.608682 0 -0.793414
    outer loop
      vertex 3.84999 -49.7 60.0833268
      vertex 4.03639 -40.3 59.9403268
      vertex 4.03639 -49.7 59.9403268
    endloop
  endfacet
  facet normal -0.608682 0 -0.793414
    outer loop
      vertex 4.03639 -40.3 59.9403268
      vertex 3.84999 -49.7 60.0833268
      vertex 3.84999 -40.3 60.0833268
    endloop
  endfacet
  facet normal -0.608682 0 -0.793414
    outer loop
      vertex 3.84999 -79.7 60.0833268
      vertex 4.03639 -70.3 59.9403268
      vertex 4.03639 -79.7 59.9403268
    endloop
  endfacet
  facet normal -0.608682 0 -0.793414
    outer loop
      vertex 4.03639 -70.3 59.9403268
      vertex 3.84999 -79.7 60.0833268
      vertex 3.84999 -70.3 60.0833268
    endloop
  endfacet
  facet normal 0.793373 0 -0.608735
    outer loop
      vertex -4.03639 -49.7 59.9403268
      vertex -4.17941 -40.3 59.7539268
      vertex -4.03639 -40.3 59.9403268
    endloop
  endfacet
  facet normal 0.793373 0 -0.608735
    outer loop
      vertex -4.17941 -40.3 59.7539268
      vertex -4.03639 -49.7 59.9403268
      vertex -4.17941 -49.7 59.7539268
    endloop
  endfacet
  facet normal 0.793373 0 -0.608735
    outer loop
      vertex -4.03639 -79.7 59.9403268
      vertex -4.17941 -70.3 59.7539268
      vertex -4.03639 -70.3 59.9403268
    endloop
  endfacet
  facet normal 0.793373 0 -0.608735
    outer loop
      vertex -4.17941 -70.3 59.7539268
      vertex -4.03639 -79.7 59.9403268
      vertex -4.17941 -79.7 59.7539268
    endloop
  endfacet
  facet normal 0.0897032 -0.7272 0.680539
    outer loop
      vertex -3.78026 -79.9424 51.3950268
      vertex -3.63293 -79.7 51.6346268
      vertex -3.83109 -79.9424 51.4017268
    endloop
  endfacet
  facet normal 0.0896913 -0.727197 0.680544
    outer loop
      vertex -3.63293 -79.7 51.6346268
      vertex -3.78026 -79.9424 51.3950268
      vertex -3.39999 -79.7 51.6039268
    endloop
  endfacet
  facet normal -0.089455 -0.727018 -0.680766
    outer loop
      vertex 3.78026 -79.9424 60.4128268
      vertex 3.58544 -79.9424 60.4384268
      vertex 3.39999 -79.7 60.2039268
    endloop
  endfacet
  facet normal 0.375896 -0.786526 -0.489979
    outer loop
      vertex -4.10066 -79.9424 60.2801268
      vertex -4.03639 -79.7 59.9403268
      vertex -3.84999 -79.7 60.0833268
    endloop
  endfacet
  facet normal 0.37584 -0.786516 -0.490038
    outer loop
      vertex -3.84999 -79.7 60.0833268
      vertex -4.05998 -79.9424 60.3113268
      vertex -4.10066 -79.9424 60.2801268
    endloop
  endfacet
  facet normal -0.0896913 -0.727197 -0.680544
    outer loop
      vertex 3.63293 -79.7 60.1732268
      vertex 3.78026 -79.9424 60.4128268
      vertex 3.39999 -79.7 60.2039268
    endloop
  endfacet
  facet normal -0.0897032 -0.7272 -0.680539
    outer loop
      vertex 3.78026 -79.9424 60.4128268
      vertex 3.63293 -79.7 60.1732268
      vertex 3.83109 -79.9424 60.4061268
    endloop
  endfacet
  facet normal -0.244946 -0.768359 -0.591291
    outer loop
      vertex 3.83109 -79.9424 60.4061268
      vertex 3.63293 -79.7 60.1732268
      vertex 4.01262 -79.9424 60.3309268
    endloop
  endfacet
  facet normal 0.244946 -0.768359 -0.591291
    outer loop
      vertex -3.63293 -79.7 60.1732268
      vertex -3.83109 -79.9424 60.4061268
      vertex -4.01262 -79.9424 60.3309268
    endloop
  endfacet
  facet normal 0.0897032 -0.7272 -0.680539
    outer loop
      vertex -3.63293 -79.7 60.1732268
      vertex -3.78026 -79.9424 60.4128268
      vertex -3.83109 -79.9424 60.4061268
    endloop
  endfacet
  facet normal 0.0896913 -0.727197 -0.680544
    outer loop
      vertex -3.78026 -79.9424 60.4128268
      vertex -3.63293 -79.7 60.1732268
      vertex -3.39999 -79.7 60.2039268
    endloop
  endfacet
  facet normal -0.680675 -0.727093 0.0895459
    outer loop
      vertex 4.50889 -79.9424 52.1236268
      vertex 4.53453 -79.9424 52.3185268
      vertex 4.29999 -79.7 52.5039268
    endloop
  endfacet
  facet normal 0.718662 -0.695359 0
    outer loop
      vertex -4.53453 -79.9424 59.4893268
      vertex -4.29999 -79.7 52.5039268
      vertex -4.29999 -79.7 59.3039268
    endloop
  endfacet
  facet normal 0.718662 -0.695359 0
    outer loop
      vertex -4.29999 -79.7 52.5039268
      vertex -4.53453 -79.9424 59.4893268
      vertex -4.53453 -79.9424 52.3185268
    endloop
  endfacet
  facet normal 0.089455 -0.727018 0.680766
    outer loop
      vertex -3.58544 -79.9424 51.3694268
      vertex -3.39999 -79.7 51.6039268
      vertex -3.78026 -79.9424 51.3950268
    endloop
  endfacet
  facet normal -0.089455 -0.727018 0.680766
    outer loop
      vertex 3.58544 -79.9424 51.3694268
      vertex 3.78026 -79.9424 51.3950268
      vertex 3.39999 -79.7 51.6039268
    endloop
  endfacet
  facet normal -0.375911 -0.786522 0.489974
    outer loop
      vertex 4.10066 -79.9424 51.5277268
      vertex 4.25655 -79.9424 51.6473268
      vertex 4.03639 -79.7 51.8675268
    endloop
  endfacet
  facet normal -0.489997 -0.786495 -0.375937
    outer loop
      vertex 4.40737 -79.9424 59.9639268
      vertex 4.28776 -79.9424 60.1198268
      vertex 4.17941 -79.7 59.7539268
    endloop
  endfacet
  facet normal -0.680611 -0.727141 -0.0896317
    outer loop
      vertex 4.26933 -79.7 59.5368268
      vertex 4.50889 -79.9424 59.6842268
      vertex 4.5022 -79.9424 59.7350268
    endloop
  endfacet
  facet normal -0.680623 -0.727134 -0.0896003
    outer loop
      vertex 4.50889 -79.9424 59.6842268
      vertex 4.26933 -79.7 59.5368268
      vertex 4.29999 -79.7 59.3039268
    endloop
  endfacet
  facet normal 0.244914 -0.768336 -0.591334
    outer loop
      vertex -4.01262 -79.9424 60.3309268
      vertex -3.84999 -79.7 60.0833268
      vertex -3.63293 -79.7 60.1732268
    endloop
  endfacet
  facet normal 0.24476 -0.76832 -0.59142
    outer loop
      vertex -3.84999 -79.7 60.0833268
      vertex -4.01262 -79.9424 60.3309268
      vertex -4.05998 -79.9424 60.3113268
    endloop
  endfacet
  facet normal 0.680675 -0.727093 -0.0895459
    outer loop
      vertex -4.29999 -79.7 59.3039268
      vertex -4.50889 -79.9424 59.6842268
      vertex -4.53453 -79.9424 59.4893268
    endloop
  endfacet
  facet normal 0 -0.695298 0.718722
    outer loop
      vertex -3.39999 -79.7 51.6039268
      vertex 3.58544 -79.9424 51.3694268
      vertex 3.39999 -79.7 51.6039268
    endloop
  endfacet
  facet normal 0 -0.695298 0.718722
    outer loop
      vertex 3.58544 -79.9424 51.3694268
      vertex -3.39999 -79.7 51.6039268
      vertex -3.58544 -79.9424 51.3694268
    endloop
  endfacet
  facet normal -0.718662 -0.695359 0
    outer loop
      vertex 4.53453 -79.9424 52.3185268
      vertex 4.29999 -79.7 59.3039268
      vertex 4.29999 -79.7 52.5039268
    endloop
  endfacet
  facet normal -0.718662 -0.695359 0
    outer loop
      vertex 4.29999 -79.7 59.3039268
      vertex 4.53453 -79.9424 52.3185268
      vertex 4.53453 -79.9424 59.4893268
    endloop
  endfacet
  facet normal 0.680675 -0.727093 0.0895459
    outer loop
      vertex -4.50889 -79.9424 52.1236268
      vertex -4.29999 -79.7 52.5039268
      vertex -4.53453 -79.9424 52.3185268
    endloop
  endfacet
  facet normal 0.591285 -0.768352 0.244984
    outer loop
      vertex -4.427 -79.9424 51.8913268
      vertex -4.26933 -79.7 52.2710268
      vertex -4.5022 -79.9424 52.0728268
    endloop
  endfacet
  facet normal 0.089455 -0.727018 -0.680766
    outer loop
      vertex -3.39999 -79.7 60.2039268
      vertex -3.58544 -79.9424 60.4384268
      vertex -3.78026 -79.9424 60.4128268
    endloop
  endfacet
  facet normal 0 -0.695298 -0.718722
    outer loop
      vertex 3.58544 -79.9424 60.4384268
      vertex -3.39999 -79.7 60.2039268
      vertex 3.39999 -79.7 60.2039268
    endloop
  endfacet
  facet normal 0 -0.695298 -0.718722
    outer loop
      vertex -3.39999 -79.7 60.2039268
      vertex 3.58544 -79.9424 60.4384268
      vertex -3.58544 -79.9424 60.4384268
    endloop
  endfacet
  facet normal 0.375911 -0.786522 -0.489974
    outer loop
      vertex -4.03639 -79.7 59.9403268
      vertex -4.10066 -79.9424 60.2801268
      vertex -4.25655 -79.9424 60.1605268
    endloop
  endfacet
  facet normal 0.244946 -0.768359 0.591291
    outer loop
      vertex -3.83109 -79.9424 51.4017268
      vertex -3.63293 -79.7 51.6346268
      vertex -4.01262 -79.9424 51.4769268
    endloop
  endfacet
  facet normal -0.0896913 -0.727197 0.680544
    outer loop
      vertex 3.78026 -79.9424 51.3950268
      vertex 3.63293 -79.7 51.6346268
      vertex 3.39999 -79.7 51.6039268
    endloop
  endfacet
  facet normal -0.0897032 -0.7272 0.680539
    outer loop
      vertex 3.63293 -79.7 51.6346268
      vertex 3.78026 -79.9424 51.3950268
      vertex 3.83109 -79.9424 51.4017268
    endloop
  endfacet
  facet normal -0.680675 -0.727093 -0.0895459
    outer loop
      vertex 4.53453 -79.9424 59.4893268
      vertex 4.50889 -79.9424 59.6842268
      vertex 4.29999 -79.7 59.3039268
    endloop
  endfacet
  facet normal 0.49008 -0.786505 -0.375808
    outer loop
      vertex -4.28776 -79.9424 60.1198268
      vertex -4.03639 -79.7 59.9403268
      vertex -4.25655 -79.9424 60.1605268
    endloop
  endfacet
  facet normal 0.489977 -0.786502 -0.375947
    outer loop
      vertex -4.03639 -79.7 59.9403268
      vertex -4.28776 -79.9424 60.1198268
      vertex -4.17941 -79.7 59.7539268
    endloop
  endfacet
  facet normal 0.24476 -0.76832 0.59142
    outer loop
      vertex -4.01262 -79.9424 51.4769268
      vertex -3.84999 -79.7 51.7245268
      vertex -4.05998 -79.9424 51.4965268
    endloop
  endfacet
  facet normal 0.244914 -0.768336 0.591334
    outer loop
      vertex -3.84999 -79.7 51.7245268
      vertex -4.01262 -79.9424 51.4769268
      vertex -3.63293 -79.7 51.6346268
    endloop
  endfacet
  facet normal 0.680623 -0.727134 0.0896003
    outer loop
      vertex -4.50889 -79.9424 52.1236268
      vertex -4.26933 -79.7 52.2710268
      vertex -4.29999 -79.7 52.5039268
    endloop
  endfacet
  facet normal 0.680611 -0.727141 0.0896317
    outer loop
      vertex -4.26933 -79.7 52.2710268
      vertex -4.50889 -79.9424 52.1236268
      vertex -4.5022 -79.9424 52.0728268
    endloop
  endfacet
  facet normal 0.489977 -0.786502 0.375947
    outer loop
      vertex -4.28776 -79.9424 51.6880268
      vertex -4.03639 -79.7 51.8675268
      vertex -4.17941 -79.7 52.0539268
    endloop
  endfacet
  facet normal 0.49008 -0.786505 0.375808
    outer loop
      vertex -4.03639 -79.7 51.8675268
      vertex -4.28776 -79.9424 51.6880268
      vertex -4.25655 -79.9424 51.6473268
    endloop
  endfacet
  facet normal -0.244946 -0.768359 0.591291
    outer loop
      vertex 3.63293 -79.7 51.6346268
      vertex 3.83109 -79.9424 51.4017268
      vertex 4.01262 -79.9424 51.4769268
    endloop
  endfacet
  facet normal 0.680611 -0.727141 -0.0896317
    outer loop
      vertex -4.50889 -79.9424 59.6842268
      vertex -4.26933 -79.7 59.5368268
      vertex -4.5022 -79.9424 59.7350268
    endloop
  endfacet
  facet normal 0.680623 -0.727134 -0.0896003
    outer loop
      vertex -4.26933 -79.7 59.5368268
      vertex -4.50889 -79.9424 59.6842268
      vertex -4.29999 -79.7 59.3039268
    endloop
  endfacet
  facet normal -0.591369 -0.768312 -0.244907
    outer loop
      vertex 4.17941 -79.7 59.7539268
      vertex 4.427 -79.9424 59.9165268
      vertex 4.40737 -79.9424 59.9639268
    endloop
  endfacet
  facet normal -0.591355 -0.768315 -0.244932
    outer loop
      vertex 4.427 -79.9424 59.9165268
      vertex 4.17941 -79.7 59.7539268
      vertex 4.26933 -79.7 59.5368268
    endloop
  endfacet
  facet normal 0.591369 -0.768312 -0.244907
    outer loop
      vertex -4.427 -79.9424 59.9165268
      vertex -4.17941 -79.7 59.7539268
      vertex -4.40737 -79.9424 59.9639268
    endloop
  endfacet
  facet normal 0.591355 -0.768315 -0.244932
    outer loop
      vertex -4.17941 -79.7 59.7539268
      vertex -4.427 -79.9424 59.9165268
      vertex -4.26933 -79.7 59.5368268
    endloop
  endfacet
  facet normal -0.489997 -0.786495 0.375937
    outer loop
      vertex 4.28776 -79.9424 51.6880268
      vertex 4.40737 -79.9424 51.8439268
      vertex 4.17941 -79.7 52.0539268
    endloop
  endfacet
  facet normal -0.489977 -0.786502 0.375947
    outer loop
      vertex 4.03639 -79.7 51.8675268
      vertex 4.28776 -79.9424 51.6880268
      vertex 4.17941 -79.7 52.0539268
    endloop
  endfacet
  facet normal -0.49008 -0.786505 0.375808
    outer loop
      vertex 4.28776 -79.9424 51.6880268
      vertex 4.03639 -79.7 51.8675268
      vertex 4.25655 -79.9424 51.6473268
    endloop
  endfacet
  facet normal -0.244792 -0.768251 0.591497
    outer loop
      vertex 3.63293 -79.7 51.6346268
      vertex 4.01262 -79.9424 51.4769268
      vertex 4.05998 -79.9424 51.4965268
    endloop
  endfacet
  facet normal -0.244907 -0.768352 0.591318
    outer loop
      vertex 3.84999 -79.7 51.7245268
      vertex 3.63293 -79.7 51.6346268
      vertex 4.05998 -79.9424 51.4965268
    endloop
  endfacet
  facet normal 0.591355 -0.768315 0.244932
    outer loop
      vertex -4.427 -79.9424 51.8913268
      vertex -4.17941 -79.7 52.0539268
      vertex -4.26933 -79.7 52.2710268
    endloop
  endfacet
  facet normal 0.591369 -0.768312 0.244907
    outer loop
      vertex -4.17941 -79.7 52.0539268
      vertex -4.427 -79.9424 51.8913268
      vertex -4.40737 -79.9424 51.8439268
    endloop
  endfacet
  facet normal 0.489997 -0.786495 0.375937
    outer loop
      vertex -4.28776 -79.9424 51.6880268
      vertex -4.17941 -79.7 52.0539268
      vertex -4.40737 -79.9424 51.8439268
    endloop
  endfacet
  facet normal -0.37584 -0.786516 -0.490038
    outer loop
      vertex 4.05998 -79.9424 60.3113268
      vertex 3.84999 -79.7 60.0833268
      vertex 4.10066 -79.9424 60.2801268
    endloop
  endfacet
  facet normal -0.375896 -0.786526 -0.489979
    outer loop
      vertex 4.10066 -79.9424 60.2801268
      vertex 3.84999 -79.7 60.0833268
      vertex 4.03639 -79.7 59.9403268
    endloop
  endfacet
  facet normal 0.375911 -0.786522 0.489974
    outer loop
      vertex -4.10066 -79.9424 51.5277268
      vertex -4.03639 -79.7 51.8675268
      vertex -4.25655 -79.9424 51.6473268
    endloop
  endfacet
  facet normal 0.375896 -0.786526 0.489979
    outer loop
      vertex -4.10066 -79.9424 51.5277268
      vertex -3.84999 -79.7 51.7245268
      vertex -4.03639 -79.7 51.8675268
    endloop
  endfacet
  facet normal 0.37584 -0.786516 0.490038
    outer loop
      vertex -4.05998 -79.9424 51.4965268
      vertex -3.84999 -79.7 51.7245268
      vertex -4.10066 -79.9424 51.5277268
    endloop
  endfacet
  facet normal -0.37584 -0.786516 0.490038
    outer loop
      vertex 3.84999 -79.7 51.7245268
      vertex 4.05998 -79.9424 51.4965268
      vertex 4.10066 -79.9424 51.5277268
    endloop
  endfacet
  facet normal -0.375896 -0.786526 0.489979
    outer loop
      vertex 4.03639 -79.7 51.8675268
      vertex 3.84999 -79.7 51.7245268
      vertex 4.10066 -79.9424 51.5277268
    endloop
  endfacet
  facet normal -0.680623 -0.727134 0.0896003
    outer loop
      vertex 4.26933 -79.7 52.2710268
      vertex 4.50889 -79.9424 52.1236268
      vertex 4.29999 -79.7 52.5039268
    endloop
  endfacet
  facet normal -0.680611 -0.727141 0.0896317
    outer loop
      vertex 4.50889 -79.9424 52.1236268
      vertex 4.26933 -79.7 52.2710268
      vertex 4.5022 -79.9424 52.0728268
    endloop
  endfacet
  facet normal -0.591285 -0.768352 -0.244984
    outer loop
      vertex 4.5022 -79.9424 59.7350268
      vertex 4.427 -79.9424 59.9165268
      vertex 4.26933 -79.7 59.5368268
    endloop
  endfacet
  facet normal -0.49008 -0.786505 -0.375808
    outer loop
      vertex 4.03639 -79.7 59.9403268
      vertex 4.28776 -79.9424 60.1198268
      vertex 4.25655 -79.9424 60.1605268
    endloop
  endfacet
  facet normal -0.489977 -0.786502 -0.375947
    outer loop
      vertex 4.28776 -79.9424 60.1198268
      vertex 4.03639 -79.7 59.9403268
      vertex 4.17941 -79.7 59.7539268
    endloop
  endfacet
  facet normal -0.375911 -0.786522 -0.489974
    outer loop
      vertex 4.25655 -79.9424 60.1605268
      vertex 4.10066 -79.9424 60.2801268
      vertex 4.03639 -79.7 59.9403268
    endloop
  endfacet
  facet normal 0.489997 -0.786495 -0.375937
    outer loop
      vertex -4.17941 -79.7 59.7539268
      vertex -4.28776 -79.9424 60.1198268
      vertex -4.40737 -79.9424 59.9639268
    endloop
  endfacet
  facet normal -0.244914 -0.768336 -0.591334
    outer loop
      vertex 3.84999 -79.7 60.0833268
      vertex 4.01262 -79.9424 60.3309268
      vertex 3.63293 -79.7 60.1732268
    endloop
  endfacet
  facet normal -0.24476 -0.76832 -0.59142
    outer loop
      vertex 4.01262 -79.9424 60.3309268
      vertex 3.84999 -79.7 60.0833268
      vertex 4.05998 -79.9424 60.3113268
    endloop
  endfacet
  facet normal 0.591285 -0.768352 -0.244984
    outer loop
      vertex -4.26933 -79.7 59.5368268
      vertex -4.427 -79.9424 59.9165268
      vertex -4.5022 -79.9424 59.7350268
    endloop
  endfacet
  facet normal -0.591285 -0.768352 0.244984
    outer loop
      vertex 4.427 -79.9424 51.8913268
      vertex 4.5022 -79.9424 52.0728268
      vertex 4.26933 -79.7 52.2710268
    endloop
  endfacet
  facet normal -0.591355 -0.768315 0.244932
    outer loop
      vertex 4.17941 -79.7 52.0539268
      vertex 4.427 -79.9424 51.8913268
      vertex 4.26933 -79.7 52.2710268
    endloop
  endfacet
  facet normal -0.591369 -0.768312 0.244907
    outer loop
      vertex 4.427 -79.9424 51.8913268
      vertex 4.17941 -79.7 52.0539268
      vertex 4.40737 -79.9424 51.8439268
    endloop
  endfacet
  facet normal 0 0.695298 -0.718722
    outer loop
      vertex -3.39999 -40.3 60.2039268
      vertex 3.58544 -40.0576 60.4384268
      vertex 3.39999 -40.3 60.2039268
    endloop
  endfacet
  facet normal 0 0.695298 -0.718722
    outer loop
      vertex 3.58544 -40.0576 60.4384268
      vertex -3.39999 -40.3 60.2039268
      vertex -3.58544 -40.0576 60.4384268
    endloop
  endfacet
  facet normal 0.680611 0.727141 -0.0896317
    outer loop
      vertex -4.26933 -40.3 59.5368268
      vertex -4.50889 -40.0576 59.6842268
      vertex -4.5022 -40.0576 59.7350268
    endloop
  endfacet
  facet normal 0.680623 0.727134 -0.0896003
    outer loop
      vertex -4.50889 -40.0576 59.6842268
      vertex -4.26933 -40.3 59.5368268
      vertex -4.29999 -40.3 59.3039268
    endloop
  endfacet
  facet normal -0.244946 0.768359 -0.591291
    outer loop
      vertex 3.83109 -40.0576 60.4061268
      vertex 4.01262 -40.0576 60.3309268
      vertex 3.63293 -40.3 60.1732268
    endloop
  endfacet
  facet normal -0.24476 0.76832 -0.59142
    outer loop
      vertex 3.84999 -40.3 60.0833268
      vertex 4.01262 -40.0576 60.3309268
      vertex 4.05998 -40.0576 60.3113268
    endloop
  endfacet
  facet normal -0.244914 0.768336 -0.591334
    outer loop
      vertex 4.01262 -40.0576 60.3309268
      vertex 3.84999 -40.3 60.0833268
      vertex 3.63293 -40.3 60.1732268
    endloop
  endfacet
  facet normal 0.489645 0.786493 -0.3764
    outer loop
      vertex -4.03639 -40.3 59.9403268
      vertex -4.28776 -40.0576 60.1198268
      vertex -4.25655 -40.0576 60.1604268
    endloop
  endfacet
  facet normal 0.489977 0.786502 -0.375947
    outer loop
      vertex -4.28776 -40.0576 60.1198268
      vertex -4.03639 -40.3 59.9403268
      vertex -4.17941 -40.3 59.7539268
    endloop
  endfacet
  facet normal 0.591268 0.768357 -0.24501
    outer loop
      vertex -4.42699 -40.0576 59.9165268
      vertex -4.26933 -40.3 59.5368268
      vertex -4.5022 -40.0576 59.7350268
    endloop
  endfacet
  facet normal -0.089455 0.727018 -0.680766
    outer loop
      vertex 3.58544 -40.0576 60.4384268
      vertex 3.78026 -40.0576 60.4128268
      vertex 3.39999 -40.3 60.2039268
    endloop
  endfacet
  facet normal -0.0897032 0.7272 -0.680539
    outer loop
      vertex 3.63293 -40.3 60.1732268
      vertex 3.78026 -40.0576 60.4128268
      vertex 3.83109 -40.0576 60.4061268
    endloop
  endfacet
  facet normal -0.0896913 0.727197 -0.680544
    outer loop
      vertex 3.78026 -40.0576 60.4128268
      vertex 3.63293 -40.3 60.1732268
      vertex 3.39999 -40.3 60.2039268
    endloop
  endfacet
  facet normal 0.375898 0.786519 0.489988
    outer loop
      vertex -3.84999 -40.3 51.7245268
      vertex -4.05998 -40.0576 51.4965268
      vertex -4.21588 -40.0576 51.6161268
    endloop
  endfacet
  facet normal -0.375898 0.786519 0.489988
    outer loop
      vertex 4.21588 -40.0576 51.6161268
      vertex 4.05998 -40.0576 51.4965268
      vertex 3.84999 -40.3 51.7245268
    endloop
  endfacet
  facet normal 0.680704 0.727069 -0.0895148
    outer loop
      vertex -4.50889 -40.0576 59.6842268
      vertex -4.29999 -40.3 59.3039268
      vertex -4.53452 -40.0576 59.4893268
    endloop
  endfacet
  facet normal 0.0896913 0.727197 0.680544
    outer loop
      vertex -3.78026 -40.0576 51.3950268
      vertex -3.63293 -40.3 51.6346268
      vertex -3.39999 -40.3 51.6039268
    endloop
  endfacet
  facet normal 0.0897032 0.7272 0.680539
    outer loop
      vertex -3.63293 -40.3 51.6346268
      vertex -3.78026 -40.0576 51.3950268
      vertex -3.83109 -40.0576 51.4017268
    endloop
  endfacet
  facet normal 0.680623 0.727134 0.0896003
    outer loop
      vertex -4.26933 -40.3 52.2710268
      vertex -4.50889 -40.0576 52.1236268
      vertex -4.29999 -40.3 52.5039268
    endloop
  endfacet
  facet normal 0.680611 0.727141 0.0896317
    outer loop
      vertex -4.50889 -40.0576 52.1236268
      vertex -4.26933 -40.3 52.2710268
      vertex -4.5022 -40.0576 52.0728268
    endloop
  endfacet
  facet normal -0.591268 0.768357 0.24501
    outer loop
      vertex 4.5022 -40.0576 52.0728268
      vertex 4.42699 -40.0576 51.8913268
      vertex 4.26933 -40.3 52.2710268
    endloop
  endfacet
  facet normal -0.089455 0.727018 0.680766
    outer loop
      vertex 3.78026 -40.0576 51.3950268
      vertex 3.58544 -40.0576 51.3694268
      vertex 3.39999 -40.3 51.6039268
    endloop
  endfacet
  facet normal 0.244914 0.768336 0.591334
    outer loop
      vertex -4.01262 -40.0576 51.4769268
      vertex -3.84999 -40.3 51.7245268
      vertex -3.63293 -40.3 51.6346268
    endloop
  endfacet
  facet normal 0.24476 0.76832 0.59142
    outer loop
      vertex -3.84999 -40.3 51.7245268
      vertex -4.01262 -40.0576 51.4769268
      vertex -4.05998 -40.0576 51.4965268
    endloop
  endfacet
  facet normal 0.244946 0.768359 0.591291
    outer loop
      vertex -3.63293 -40.3 51.6346268
      vertex -3.83109 -40.0576 51.4017268
      vertex -4.01262 -40.0576 51.4769268
    endloop
  endfacet
  facet normal -0.376665 0.786504 0.489423
    outer loop
      vertex 4.21588 -40.0576 51.6161268
      vertex 4.03639 -40.3 51.8675268
      vertex 4.25655 -40.0576 51.6474268
    endloop
  endfacet
  facet normal -0.3759 0.78652 0.489985
    outer loop
      vertex 4.03639 -40.3 51.8675268
      vertex 4.21588 -40.0576 51.6161268
      vertex 3.84999 -40.3 51.7245268
    endloop
  endfacet
  facet normal 0.375898 0.786519 -0.489988
    outer loop
      vertex -4.05998 -40.0576 60.3113268
      vertex -3.84999 -40.3 60.0833268
      vertex -4.21588 -40.0576 60.1917268
    endloop
  endfacet
  facet normal 0.244946 0.768359 -0.591291
    outer loop
      vertex -3.83109 -40.0576 60.4061268
      vertex -3.63293 -40.3 60.1732268
      vertex -4.01262 -40.0576 60.3309268
    endloop
  endfacet
  facet normal -0.24476 0.76832 0.59142
    outer loop
      vertex 4.01262 -40.0576 51.4769268
      vertex 3.84999 -40.3 51.7245268
      vertex 4.05998 -40.0576 51.4965268
    endloop
  endfacet
  facet normal -0.244914 0.768336 0.591334
    outer loop
      vertex 3.84999 -40.3 51.7245268
      vertex 4.01262 -40.0576 51.4769268
      vertex 3.63293 -40.3 51.6346268
    endloop
  endfacet
  facet normal 0 0.695298 0.718722
    outer loop
      vertex 3.58544 -40.0576 51.3694268
      vertex -3.39999 -40.3 51.6039268
      vertex 3.39999 -40.3 51.6039268
    endloop
  endfacet
  facet normal 0 0.695298 0.718722
    outer loop
      vertex -3.39999 -40.3 51.6039268
      vertex 3.58544 -40.0576 51.3694268
      vertex -3.58544 -40.0576 51.3694268
    endloop
  endfacet
  facet normal 0.089455 0.727018 0.680766
    outer loop
      vertex -3.39999 -40.3 51.6039268
      vertex -3.58544 -40.0576 51.3694268
      vertex -3.78026 -40.0576 51.3950268
    endloop
  endfacet
  facet normal 0.680704 0.727069 0.0895148
    outer loop
      vertex -4.29999 -40.3 52.5039268
      vertex -4.50889 -40.0576 52.1236268
      vertex -4.53452 -40.0576 52.3185268
    endloop
  endfacet
  facet normal 0.591268 0.768357 0.24501
    outer loop
      vertex -4.26933 -40.3 52.2710268
      vertex -4.42699 -40.0576 51.8913268
      vertex -4.5022 -40.0576 52.0728268
    endloop
  endfacet
  facet normal -0.680704 0.727069 -0.0895148
    outer loop
      vertex 4.50889 -40.0576 59.6842268
      vertex 4.53452 -40.0576 59.4893268
      vertex 4.29999 -40.3 59.3039268
    endloop
  endfacet
  facet normal 0.591436 0.768291 -0.24481
    outer loop
      vertex -4.17941 -40.3 59.7539268
      vertex -4.42699 -40.0576 59.9165268
      vertex -4.40737 -40.0576 59.9639268
    endloop
  endfacet
  facet normal 0.591366 0.768305 -0.244936
    outer loop
      vertex -4.42699 -40.0576 59.9165268
      vertex -4.17941 -40.3 59.7539268
      vertex -4.26933 -40.3 59.5368268
    endloop
  endfacet
  facet normal 0.244914 0.768336 -0.591334
    outer loop
      vertex -3.84999 -40.3 60.0833268
      vertex -4.01262 -40.0576 60.3309268
      vertex -3.63293 -40.3 60.1732268
    endloop
  endfacet
  facet normal 0.24476 0.76832 -0.59142
    outer loop
      vertex -4.01262 -40.0576 60.3309268
      vertex -3.84999 -40.3 60.0833268
      vertex -4.05998 -40.0576 60.3113268
    endloop
  endfacet
  facet normal -0.680704 0.727069 0.0895148
    outer loop
      vertex 4.53452 -40.0576 52.3185268
      vertex 4.50889 -40.0576 52.1236268
      vertex 4.29999 -40.3 52.5039268
    endloop
  endfacet
  facet normal 0.089455 0.727018 -0.680766
    outer loop
      vertex -3.58544 -40.0576 60.4384268
      vertex -3.39999 -40.3 60.2039268
      vertex -3.78026 -40.0576 60.4128268
    endloop
  endfacet
  facet normal -0.489997 0.786495 0.375937
    outer loop
      vertex 4.40737 -40.0576 51.8439268
      vertex 4.28776 -40.0576 51.6880268
      vertex 4.17941 -40.3 52.0539268
    endloop
  endfacet
  facet normal -0.718677 0.695344 0
    outer loop
      vertex 4.29999 -40.3 52.5039268
      vertex 4.53452 -40.0576 59.4893268
      vertex 4.53452 -40.0576 52.3185268
    endloop
  endfacet
  facet normal -0.718677 0.695344 0
    outer loop
      vertex 4.53452 -40.0576 59.4893268
      vertex 4.29999 -40.3 52.5039268
      vertex 4.29999 -40.3 59.3039268
    endloop
  endfacet
  facet normal -0.489997 0.786495 -0.375937
    outer loop
      vertex 4.28776 -40.0576 60.1198268
      vertex 4.40737 -40.0576 59.9639268
      vertex 4.17941 -40.3 59.7539268
    endloop
  endfacet
  facet normal 0.489977 0.786502 0.375947
    outer loop
      vertex -4.03639 -40.3 51.8675268
      vertex -4.28776 -40.0576 51.6880268
      vertex -4.17941 -40.3 52.0539268
    endloop
  endfacet
  facet normal 0.489645 0.786493 0.3764
    outer loop
      vertex -4.28776 -40.0576 51.6880268
      vertex -4.03639 -40.3 51.8675268
      vertex -4.25655 -40.0576 51.6474268
    endloop
  endfacet
  facet normal -0.680611 0.727141 -0.0896317
    outer loop
      vertex 4.50889 -40.0576 59.6842268
      vertex 4.26933 -40.3 59.5368268
      vertex 4.5022 -40.0576 59.7350268
    endloop
  endfacet
  facet normal -0.680623 0.727134 -0.0896003
    outer loop
      vertex 4.26933 -40.3 59.5368268
      vertex 4.50889 -40.0576 59.6842268
      vertex 4.29999 -40.3 59.3039268
    endloop
  endfacet
  facet normal -0.0897032 0.7272 0.680539
    outer loop
      vertex 3.78026 -40.0576 51.3950268
      vertex 3.63293 -40.3 51.6346268
      vertex 3.83109 -40.0576 51.4017268
    endloop
  endfacet
  facet normal -0.0896913 0.727197 0.680544
    outer loop
      vertex 3.63293 -40.3 51.6346268
      vertex 3.78026 -40.0576 51.3950268
      vertex 3.39999 -40.3 51.6039268
    endloop
  endfacet
  facet normal -0.591268 0.768357 -0.24501
    outer loop
      vertex 4.42699 -40.0576 59.9165268
      vertex 4.5022 -40.0576 59.7350268
      vertex 4.26933 -40.3 59.5368268
    endloop
  endfacet
  facet normal -0.244946 0.768359 0.591291
    outer loop
      vertex 4.01262 -40.0576 51.4769268
      vertex 3.83109 -40.0576 51.4017268
      vertex 3.63293 -40.3 51.6346268
    endloop
  endfacet
  facet normal 0.3759 0.78652 0.489985
    outer loop
      vertex -4.21588 -40.0576 51.6161268
      vertex -4.03639 -40.3 51.8675268
      vertex -3.84999 -40.3 51.7245268
    endloop
  endfacet
  facet normal 0.376665 0.786504 0.489423
    outer loop
      vertex -4.03639 -40.3 51.8675268
      vertex -4.21588 -40.0576 51.6161268
      vertex -4.25655 -40.0576 51.6474268
    endloop
  endfacet
  facet normal -0.375898 0.786519 -0.489988
    outer loop
      vertex 4.05998 -40.0576 60.3113268
      vertex 4.21588 -40.0576 60.1917268
      vertex 3.84999 -40.3 60.0833268
    endloop
  endfacet
  facet normal -0.591436 0.768291 -0.24481
    outer loop
      vertex 4.42699 -40.0576 59.9165268
      vertex 4.17941 -40.3 59.7539268
      vertex 4.40737 -40.0576 59.9639268
    endloop
  endfacet
  facet normal -0.591366 0.768305 -0.244936
    outer loop
      vertex 4.17941 -40.3 59.7539268
      vertex 4.42699 -40.0576 59.9165268
      vertex 4.26933 -40.3 59.5368268
    endloop
  endfacet
  facet normal 0.718677 0.695344 0
    outer loop
      vertex -4.29999 -40.3 59.3039268
      vertex -4.53452 -40.0576 52.3185268
      vertex -4.53452 -40.0576 59.4893268
    endloop
  endfacet
  facet normal 0.718677 0.695344 0
    outer loop
      vertex -4.53452 -40.0576 52.3185268
      vertex -4.29999 -40.3 59.3039268
      vertex -4.29999 -40.3 52.5039268
    endloop
  endfacet
  facet normal 0.3759 0.78652 -0.489985
    outer loop
      vertex -4.03639 -40.3 59.9403268
      vertex -4.21588 -40.0576 60.1917268
      vertex -3.84999 -40.3 60.0833268
    endloop
  endfacet
  facet normal 0.376665 0.786504 -0.489423
    outer loop
      vertex -4.21588 -40.0576 60.1917268
      vertex -4.03639 -40.3 59.9403268
      vertex -4.25655 -40.0576 60.1604268
    endloop
  endfacet
  facet normal 0.489997 0.786495 0.375937
    outer loop
      vertex -4.17941 -40.3 52.0539268
      vertex -4.28776 -40.0576 51.6880268
      vertex -4.40737 -40.0576 51.8439268
    endloop
  endfacet
  facet normal -0.680623 0.727134 0.0896003
    outer loop
      vertex 4.50889 -40.0576 52.1236268
      vertex 4.26933 -40.3 52.2710268
      vertex 4.29999 -40.3 52.5039268
    endloop
  endfacet
  facet normal -0.680611 0.727141 0.0896317
    outer loop
      vertex 4.26933 -40.3 52.2710268
      vertex 4.50889 -40.0576 52.1236268
      vertex 4.5022 -40.0576 52.0728268
    endloop
  endfacet
  facet normal 0.591366 0.768305 0.244936
    outer loop
      vertex -4.17941 -40.3 52.0539268
      vertex -4.42699 -40.0576 51.8913268
      vertex -4.26933 -40.3 52.2710268
    endloop
  endfacet
  facet normal 0.591436 0.768291 0.24481
    outer loop
      vertex -4.42699 -40.0576 51.8913268
      vertex -4.17941 -40.3 52.0539268
      vertex -4.40737 -40.0576 51.8439268
    endloop
  endfacet
  facet normal 0.489997 0.786495 -0.375937
    outer loop
      vertex -4.28776 -40.0576 60.1198268
      vertex -4.17941 -40.3 59.7539268
      vertex -4.40737 -40.0576 59.9639268
    endloop
  endfacet
  facet normal 0.0896913 0.727197 -0.680544
    outer loop
      vertex -3.63293 -40.3 60.1732268
      vertex -3.78026 -40.0576 60.4128268
      vertex -3.39999 -40.3 60.2039268
    endloop
  endfacet
  facet normal 0.0897032 0.7272 -0.680539
    outer loop
      vertex -3.78026 -40.0576 60.4128268
      vertex -3.63293 -40.3 60.1732268
      vertex -3.83109 -40.0576 60.4061268
    endloop
  endfacet
  facet normal -0.489645 0.786493 -0.3764
    outer loop
      vertex 4.28776 -40.0576 60.1198268
      vertex 4.03639 -40.3 59.9403268
      vertex 4.25655 -40.0576 60.1604268
    endloop
  endfacet
  facet normal -0.489977 0.786502 -0.375947
    outer loop
      vertex 4.03639 -40.3 59.9403268
      vertex 4.28776 -40.0576 60.1198268
      vertex 4.17941 -40.3 59.7539268
    endloop
  endfacet
  facet normal -0.376665 0.786504 -0.489423
    outer loop
      vertex 4.03639 -40.3 59.9403268
      vertex 4.21588 -40.0576 60.1917268
      vertex 4.25655 -40.0576 60.1604268
    endloop
  endfacet
  facet normal -0.3759 0.78652 -0.489985
    outer loop
      vertex 4.21588 -40.0576 60.1917268
      vertex 4.03639 -40.3 59.9403268
      vertex 3.84999 -40.3 60.0833268
    endloop
  endfacet
  facet normal -0.489977 0.786502 0.375947
    outer loop
      vertex 4.28776 -40.0576 51.6880268
      vertex 4.03639 -40.3 51.8675268
      vertex 4.17941 -40.3 52.0539268
    endloop
  endfacet
  facet normal -0.489645 0.786493 0.3764
    outer loop
      vertex 4.03639 -40.3 51.8675268
      vertex 4.28776 -40.0576 51.6880268
      vertex 4.25655 -40.0576 51.6474268
    endloop
  endfacet
  facet normal -0.591366 0.768305 0.244936
    outer loop
      vertex 4.42699 -40.0576 51.8913268
      vertex 4.17941 -40.3 52.0539268
      vertex 4.26933 -40.3 52.2710268
    endloop
  endfacet
  facet normal -0.591436 0.768291 0.24481
    outer loop
      vertex 4.17941 -40.3 52.0539268
      vertex 4.42699 -40.0576 51.8913268
      vertex 4.40737 -40.0576 51.8439268
    endloop
  endfacet
  facet normal -0.980781 -0.195111 0
    outer loop
      vertex -40.0576 17 10.3186268
      vertex -40.2816 18.126 15.8078268
      vertex -40.2816 18.126 10.3186268
    endloop
  endfacet
  facet normal -0.980781 -0.195111 0
    outer loop
      vertex -40.2816 18.126 15.8078268
      vertex -40.0576 17 10.3186268
      vertex -40.0576 17 15.8078268
    endloop
  endfacet
  facet normal -0.179989 0.909088 0.375716
    outer loop
      vertex -41.874 -139.718 10.3186268
      vertex -42.0454 -139.305 9.2372168
      vertex -43 -139.494 9.2372168
    endloop
  endfacet
  facet normal -0.831595 0.555383 0
    outer loop
      vertex -40.9194 -139.081 10.3186268
      vertex -40.2816 -138.126 15.8078268
      vertex -40.2816 -138.126 10.3186268
    endloop
  endfacet
  facet normal -0.831595 0.555383 0
    outer loop
      vertex -40.2816 -138.126 15.8078268
      vertex -40.9194 -139.081 10.3186268
      vertex -40.9194 -139.081 15.8078268
    endloop
  endfacet
  facet normal -0.18076 0.908641 0.376426
    outer loop
      vertex -41.874 -139.718 10.3186268
      vertex -43 -139.494 9.2372168
      vertex -43 -139.942 10.3186268
    endloop
  endfacet
  facet normal 0.138587 0.700268 0.700299
    outer loop
      vertex -117 -139.494 9.2372168
      vertex -117.638 -138.54 8.4095168
      vertex -117.955 -139.305 9.2372168
    endloop
  endfacet
  facet normal 0.381412 -0.0759475 0.92128
    outer loop
      vertex -117.585 17 7.9615668
      vertex -118.54 17.6378 8.4095168
      vertex -118.667 17 8.4095168
    endloop
  endfacet
  facet normal -0.195111 0.980781 0
    outer loop
      vertex -41.874 -139.718 10.3186268
      vertex -43 -139.942 15.8078268
      vertex -41.874 -139.718 15.8078268
    endloop
  endfacet
  facet normal -0.195111 0.980781 0
    outer loop
      vertex -43 -139.942 15.8078268
      vertex -41.874 -139.718 10.3186268
      vertex -43 -139.942 10.3186268
    endloop
  endfacet
  facet normal -0.831487 -0.555544 0
    outer loop
      vertex -40.2816 18.126 10.3186268
      vertex -40.9194 19.0806 15.8078268
      vertex -40.9194 19.0806 10.3186268
    endloop
  endfacet
  facet normal -0.831487 -0.555544 0
    outer loop
      vertex -40.9194 19.0806 15.8078268
      vertex -40.2816 18.126 10.3186268
      vertex -40.2816 18.126 15.8078268
    endloop
  endfacet
  facet normal 0.396456 -0.593641 0.700295
    outer loop
      vertex -117.638 18.5398 8.4095168
      vertex -117.955 19.3045 9.2372168
      vertex -118.179 18.1785 8.4095168
    endloop
  endfacet
  facet normal -0.139318 -0.700211 0.700211
    outer loop
      vertex -42.3622 18.5398 8.4095168
      vertex -43 19.4944 9.2372168
      vertex -43 18.6667 8.4095168
    endloop
  endfacet
  facet normal 0.831916 0.554901 0
    outer loop
      vertex -119.081 -139.081 15.8078268
      vertex -119.718 -138.126 10.3186268
      vertex -119.718 -138.126 15.8078268
    endloop
  endfacet
  facet normal 0.831916 0.554901 0
    outer loop
      vertex -119.718 -138.126 10.3186268
      vertex -119.081 -139.081 15.8078268
      vertex -119.081 -139.081 10.3186268
    endloop
  endfacet
  facet normal 0 1 -0
    outer loop
      vertex -43 -139.942 10.3186268
      vertex -117 -139.942 15.8078268
      vertex -43 -139.942 15.8078268
    endloop
  endfacet
  facet normal 0 1 0
    outer loop
      vertex -117 -139.942 15.8078268
      vertex -43 -139.942 10.3186268
      vertex -117 -139.942 10.3186268
    endloop
  endfacet
  facet normal -0.700204 0.139234 0.700234
    outer loop
      vertex -40.6955 -137.955 9.2372168
      vertex -40.5056 -137 9.2372168
      vertex -41.4602 -137.638 8.4095168
    endloop
  endfacet
  facet normal -0.770213 0.514776 0.376534
    outer loop
      vertex -40.9194 -139.081 10.3186268
      vertex -40.6955 -137.955 9.2372168
      vertex -41.2362 -138.764 9.2372168
    endloop
  endfacet
  facet normal -0.707107 0 0.707107
    outer loop
      vertex -41.3333 -137 8.4095168
      vertex -40.5056 17 9.2372168
      vertex -41.3333 17 8.4095168
    endloop
  endfacet
  facet normal -0.707107 0 0.707107
    outer loop
      vertex -40.5056 17 9.2372168
      vertex -41.3333 -137 8.4095168
      vertex -40.5056 -137 9.2372168
    endloop
  endfacet
  facet normal 0.215897 0.323547 0.921252
    outer loop
      vertex -117.638 -138.54 8.4095168
      vertex -117.414 -137.414 7.9615668
      vertex -118.179 -138.179 8.4095168
    endloop
  endfacet
  facet normal 0.593682 0.396154 0.700432
    outer loop
      vertex -118.179 -138.179 8.4095168
      vertex -118.54 -137.638 8.4095168
      vertex -119.305 -137.955 9.2372168
    endloop
  endfacet
  facet normal 0.980781 0.195111 0
    outer loop
      vertex -119.718 -138.126 15.8078268
      vertex -119.942 -137 10.3186268
      vertex -119.942 -137 15.8078268
    endloop
  endfacet
  facet normal 0.980781 0.195111 0
    outer loop
      vertex -119.942 -137 10.3186268
      vertex -119.718 -138.126 15.8078268
      vertex -119.718 -138.126 10.3186268
    endloop
  endfacet
  facet normal 0.195111 -0.980781 0
    outer loop
      vertex -118.126 19.7184 10.3186268
      vertex -117 19.9424 15.8078268
      vertex -118.126 19.7184 15.8078268
    endloop
  endfacet
  facet normal 0.195111 -0.980781 0
    outer loop
      vertex -117 19.9424 15.8078268
      vertex -118.126 19.7184 10.3186268
      vertex -117 19.9424 10.3186268
    endloop
  endfacet
  facet normal 0 -0.707107 0.707107
    outer loop
      vertex -117 18.6667 8.4095168
      vertex -43 19.4944 9.2372168
      vertex -117 19.4944 9.2372168
    endloop
  endfacet
  facet normal 0 -0.707107 0.707107
    outer loop
      vertex -43 19.4944 9.2372168
      vertex -117 18.6667 8.4095168
      vertex -43 18.6667 8.4095168
    endloop
  endfacet
  facet normal 0.980781 -0.195111 0
    outer loop
      vertex -119.942 17 15.8078268
      vertex -119.718 18.126 10.3186268
      vertex -119.718 18.126 15.8078268
    endloop
  endfacet
  facet normal 0.980781 -0.195111 0
    outer loop
      vertex -119.718 18.126 10.3186268
      vertex -119.942 17 15.8078268
      vertex -119.942 17 10.3186268
    endloop
  endfacet
  facet normal 0.195111 0.980781 -0
    outer loop
      vertex -117 -139.942 10.3186268
      vertex -118.126 -139.718 15.8078268
      vertex -117 -139.942 15.8078268
    endloop
  endfacet
  facet normal 0.195111 0.980781 0
    outer loop
      vertex -118.126 -139.718 15.8078268
      vertex -117 -139.942 10.3186268
      vertex -118.126 -139.718 10.3186268
    endloop
  endfacet
  facet normal 0.554901 0.831916 -0
    outer loop
      vertex -118.126 -139.718 10.3186268
      vertex -119.081 -139.081 15.8078268
      vertex -118.126 -139.718 15.8078268
    endloop
  endfacet
  facet normal 0.554901 0.831916 0
    outer loop
      vertex -119.081 -139.081 15.8078268
      vertex -118.126 -139.718 10.3186268
      vertex -119.081 -139.081 10.3186268
    endloop
  endfacet
  facet normal 1 -0 0
    outer loop
      vertex -119.942 -137 15.8078268
      vertex -119.942 17 10.3186268
      vertex -119.942 17 15.8078268
    endloop
  endfacet
  facet normal 1 0 0
    outer loop
      vertex -119.942 17 10.3186268
      vertex -119.942 -137 15.8078268
      vertex -119.942 -137 10.3186268
    endloop
  endfacet
  facet normal -0.0759237 -0.381593 0.921207
    outer loop
      vertex -42.3622 18.5398 8.4095168
      vertex -43 18.6667 8.4095168
      vertex -43 17.5853 7.9615668
    endloop
  endfacet
  facet normal -0.138645 0.700268 0.700287
    outer loop
      vertex -42.0454 -139.305 9.2372168
      vertex -42.3622 -138.54 8.4095168
      vertex -43 -139.494 9.2372168
    endloop
  endfacet
  facet normal -0.980781 0.195111 0
    outer loop
      vertex -40.2816 -138.126 10.3186268
      vertex -40.0576 -137 15.8078268
      vertex -40.0576 -137 10.3186268
    endloop
  endfacet
  facet normal -0.980781 0.195111 0
    outer loop
      vertex -40.0576 -137 15.8078268
      vertex -40.2816 -138.126 10.3186268
      vertex -40.2816 -138.126 15.8078268
    endloop
  endfacet
  facet normal 0.514942 0.770034 0.376673
    outer loop
      vertex -117.955 -139.305 9.2372168
      vertex -118.764 -138.764 9.2372168
      vertex -119.081 -139.081 10.3186268
    endloop
  endfacet
  facet normal 0.909127 0.179922 0.375654
    outer loop
      vertex -119.305 -137.955 9.2372168
      vertex -119.494 -137 9.2372168
      vertex -119.718 -138.126 10.3186268
    endloop
  endfacet
  facet normal -0.0750271 0.381956 0.92113
    outer loop
      vertex -42.3622 -138.54 8.4095168
      vertex -42.776 -137.541 7.9615668
      vertex -43 -137.585 7.9615668
    endloop
  endfacet
  facet normal -0.770483 0.51457 0.376263
    outer loop
      vertex -40.2816 -138.126 10.3186268
      vertex -40.6955 -137.955 9.2372168
      vertex -40.9194 -139.081 10.3186268
    endloop
  endfacet
  facet normal -0.770333 -0.514685 0.376414
    outer loop
      vertex -40.6955 17.9546 9.2372168
      vertex -40.2816 18.126 10.3186268
      vertex -40.9194 19.0806 10.3186268
    endloop
  endfacet
  facet normal 0.139275 -0.700215 0.700215
    outer loop
      vertex -117 18.6667 8.4095168
      vertex -117 19.4944 9.2372168
      vertex -117.638 18.5398 8.4095168
    endloop
  endfacet
  facet normal 0 -0.92386 0.382731
    outer loop
      vertex -117 19.4944 9.2372168
      vertex -43 19.9424 10.3186268
      vertex -117 19.9424 10.3186268
    endloop
  endfacet
  facet normal 0 -0.92386 0.382731
    outer loop
      vertex -43 19.9424 10.3186268
      vertex -117 19.4944 9.2372168
      vertex -43 19.4944 9.2372168
    endloop
  endfacet
  facet normal 0.0759001 -0.381594 0.921209
    outer loop
      vertex -117 17.5853 7.9615668
      vertex -117 18.6667 8.4095168
      vertex -117.638 18.5398 8.4095168
    endloop
  endfacet
  facet normal 0.514239 0.770955 0.375749
    outer loop
      vertex -118.126 -139.718 10.3186268
      vertex -117.955 -139.305 9.2372168
      vertex -119.081 -139.081 10.3186268
    endloop
  endfacet
  facet normal -1 0 0
    outer loop
      vertex -40.0576 -137 10.3186268
      vertex -40.0576 17 15.8078268
      vertex -40.0576 17 10.3186268
    endloop
  endfacet
  facet normal -1 -0 0
    outer loop
      vertex -40.0576 17 15.8078268
      vertex -40.0576 -137 10.3186268
      vertex -40.0576 -137 15.8078268
    endloop
  endfacet
  facet normal 0 0.707406 0.706808
    outer loop
      vertex -43 -138.667 8.4095168
      vertex -117 -139.494 9.2372168
      vertex -43 -139.494 9.2372168
    endloop
  endfacet
  facet normal 0 0.707406 0.706808
    outer loop
      vertex -117 -139.494 9.2372168
      vertex -43 -138.667 8.4095168
      vertex -117 -138.667 8.4095168
    endloop
  endfacet
  facet normal -0.555062 0.831809 0
    outer loop
      vertex -40.9194 -139.081 10.3186268
      vertex -41.874 -139.718 15.8078268
      vertex -40.9194 -139.081 15.8078268
    endloop
  endfacet
  facet normal -0.555062 0.831809 0
    outer loop
      vertex -41.874 -139.718 15.8078268
      vertex -40.9194 -139.081 10.3186268
      vertex -41.874 -139.718 10.3186268
    endloop
  endfacet
  facet normal 0.700268 0.138587 0.700299
    outer loop
      vertex -119.305 -137.955 9.2372168
      vertex -118.54 -137.638 8.4095168
      vertex -119.494 -137 9.2372168
    endloop
  endfacet
  facet normal -0.593603 0.396738 0.700167
    outer loop
      vertex -41.2362 -138.764 9.2372168
      vertex -40.6955 -137.955 9.2372168
      vertex -41.8215 -138.179 8.4095168
    endloop
  endfacet
  facet normal 0.18076 0.908641 0.376426
    outer loop
      vertex -117 -139.942 10.3186268
      vertex -117 -139.494 9.2372168
      vertex -118.126 -139.718 10.3186268
    endloop
  endfacet
  facet normal 0.381412 0.0759238 0.921282
    outer loop
      vertex -118.54 -137.638 8.4095168
      vertex -117.585 -137 7.9615668
      vertex -118.667 -137 8.4095168
    endloop
  endfacet
  facet normal -0.0759475 0.381412 0.92128
    outer loop
      vertex -42.3622 -138.54 8.4095168
      vertex -43 -137.585 7.9615668
      vertex -43 -138.667 8.4095168
    endloop
  endfacet
  facet normal -0.908682 0.18069 0.376362
    outer loop
      vertex -40.2816 -138.126 10.3186268
      vertex -40.5056 -137 9.2372168
      vertex -40.6955 -137.955 9.2372168
    endloop
  endfacet
  facet normal -0.139293 -0.700204 0.700222
    outer loop
      vertex -42.3622 18.5398 8.4095168
      vertex -42.0454 19.3045 9.2372168
      vertex -43 19.4944 9.2372168
    endloop
  endfacet
  facet normal -0.593641 0.396456 0.700295
    outer loop
      vertex -40.6955 -137.955 9.2372168
      vertex -41.4602 -137.638 8.4095168
      vertex -41.8215 -138.179 8.4095168
    endloop
  endfacet
  facet normal -0.514708 -0.770302 0.376445
    outer loop
      vertex -41.2362 18.7638 9.2372168
      vertex -40.9194 19.0806 10.3186268
      vertex -42.0454 19.3045 9.2372168
    endloop
  endfacet
  facet normal -0.908641 -0.18076 0.376426
    outer loop
      vertex -40.0576 17 10.3186268
      vertex -40.2816 18.126 10.3186268
      vertex -40.5056 17 9.2372168
    endloop
  endfacet
  facet normal -0.908643 -0.180758 0.376424
    outer loop
      vertex -40.5056 17 9.2372168
      vertex -40.2816 18.126 10.3186268
      vertex -40.6955 17.9546 9.2372168
    endloop
  endfacet
  facet normal 0.0759238 0.381412 0.921282
    outer loop
      vertex -117 -138.667 8.4095168
      vertex -117 -137.585 7.9615668
      vertex -117.638 -138.54 8.4095168
    endloop
  endfacet
  facet normal -0.381593 -0.0759237 0.921207
    outer loop
      vertex -41.3333 17 8.4095168
      vertex -41.4602 17.6378 8.4095168
      vertex -42.4147 17 7.9615668
    endloop
  endfacet
  facet normal -0.18076 -0.908641 0.376426
    outer loop
      vertex -41.874 19.7184 10.3186268
      vertex -43 19.9424 10.3186268
      vertex -43 19.4944 9.2372168
    endloop
  endfacet
  facet normal 0.700268 -0.138645 0.700287
    outer loop
      vertex -118.54 17.6378 8.4095168
      vertex -119.305 17.9546 9.2372168
      vertex -119.494 17 9.2372168
    endloop
  endfacet
  facet normal 0.770804 -0.514354 0.3759
    outer loop
      vertex -119.305 17.9546 9.2372168
      vertex -119.081 19.0806 10.3186268
      vertex -119.718 18.126 10.3186268
    endloop
  endfacet
  facet normal 0 -1 0
    outer loop
      vertex -117 19.9424 10.3186268
      vertex -43 19.9424 15.8078268
      vertex -117 19.9424 15.8078268
    endloop
  endfacet
  facet normal 0 -1 -0
    outer loop
      vertex -43 19.9424 15.8078268
      vertex -117 19.9424 10.3186268
      vertex -43 19.9424 10.3186268
    endloop
  endfacet
  facet normal 0.593635 -0.396342 0.700365
    outer loop
      vertex -118.54 17.6378 8.4095168
      vertex -118.179 18.1785 8.4095168
      vertex -119.305 17.9546 9.2372168
    endloop
  endfacet
  facet normal 0.593576 0.39694 0.700075
    outer loop
      vertex -118.764 -138.764 9.2372168
      vertex -118.179 -138.179 8.4095168
      vertex -119.305 -137.955 9.2372168
    endloop
  endfacet
  facet normal -0.382698 0 0.923874
    outer loop
      vertex -42.4147 17 7.9615668
      vertex -41.3333 -137 8.4095168
      vertex -41.3333 17 8.4095168
    endloop
  endfacet
  facet normal -0.382698 0 0.923874
    outer loop
      vertex -41.3333 -137 8.4095168
      vertex -42.4147 17 7.9615668
      vertex -42.4147 -137 7.9615668
    endloop
  endfacet
  facet normal 0.382516 0 0.923949
    outer loop
      vertex -118.667 17 8.4095168
      vertex -117.585 -137 7.9615668
      vertex -117.585 17 7.9615668
    endloop
  endfacet
  facet normal 0.382516 0 0.923949
    outer loop
      vertex -117.585 -137 7.9615668
      vertex -118.667 17 8.4095168
      vertex -118.667 -137 8.4095168
    endloop
  endfacet
  facet normal -0.381594 0.0759001 0.921209
    outer loop
      vertex -41.4602 -137.638 8.4095168
      vertex -41.3333 -137 8.4095168
      vertex -42.4147 -137 7.9615668
    endloop
  endfacet
  facet normal -0.700215 0.139275 0.700215
    outer loop
      vertex -40.5056 -137 9.2372168
      vertex -41.3333 -137 8.4095168
      vertex -41.4602 -137.638 8.4095168
    endloop
  endfacet
  facet normal 0.707406 -0 0.706808
    outer loop
      vertex -119.494 -137 9.2372168
      vertex -118.667 17 8.4095168
      vertex -119.494 17 9.2372168
    endloop
  endfacet
  facet normal 0.707406 0 0.706808
    outer loop
      vertex -118.667 17 8.4095168
      vertex -119.494 -137 9.2372168
      vertex -118.667 -137 8.4095168
    endloop
  endfacet
  facet normal 0.700495 0.13944 0.699902
    outer loop
      vertex -118.54 -137.638 8.4095168
      vertex -118.667 -137 8.4095168
      vertex -119.494 -137 9.2372168
    endloop
  endfacet
  facet normal 0.908641 0.18076 0.376426
    outer loop
      vertex -119.718 -138.126 10.3186268
      vertex -119.494 -137 9.2372168
      vertex -119.942 -137 10.3186268
    endloop
  endfacet
  facet normal 0.92386 -0 0.382731
    outer loop
      vertex -119.942 -137 10.3186268
      vertex -119.494 17 9.2372168
      vertex -119.942 17 10.3186268
    endloop
  endfacet
  facet normal 0.92386 0 0.382731
    outer loop
      vertex -119.494 17 9.2372168
      vertex -119.942 -137 10.3186268
      vertex -119.494 -137 9.2372168
    endloop
  endfacet
  facet normal 0.770123 -0.514874 0.376584
    outer loop
      vertex -118.764 18.7638 9.2372168
      vertex -119.081 19.0806 10.3186268
      vertex -119.305 17.9546 9.2372168
    endloop
  endfacet
  facet normal 0.770034 0.514942 0.376673
    outer loop
      vertex -119.081 -139.081 10.3186268
      vertex -118.764 -138.764 9.2372168
      vertex -119.305 -137.955 9.2372168
    endloop
  endfacet
  facet normal 0.770955 0.514239 0.375749
    outer loop
      vertex -119.081 -139.081 10.3186268
      vertex -119.305 -137.955 9.2372168
      vertex -119.718 -138.126 10.3186268
    endloop
  endfacet
  facet normal 0.179922 0.909127 0.375654
    outer loop
      vertex -117 -139.494 9.2372168
      vertex -117.955 -139.305 9.2372168
      vertex -118.126 -139.718 10.3186268
    endloop
  endfacet
  facet normal -0.216406 0.323417 0.921179
    outer loop
      vertex -42.3622 -138.54 8.4095168
      vertex -42.5862 -137.414 7.9615668
      vertex -42.776 -137.541 7.9615668
    endloop
  endfacet
  facet normal 0.216066 -0.323504 0.921228
    outer loop
      vertex -117.414 17.4138 7.9615668
      vertex -117.224 17.5407 7.9615668
      vertex -117.638 18.5398 8.4095168
    endloop
  endfacet
  facet normal 0.381956 -0.0750271 0.92113
    outer loop
      vertex -117.585 17 7.9615668
      vertex -117.541 17.224 7.9615668
      vertex -118.54 17.6378 8.4095168
    endloop
  endfacet
  facet normal 0.323417 -0.216406 0.921179
    outer loop
      vertex -117.541 17.224 7.9615668
      vertex -117.414 17.4138 7.9615668
      vertex -118.54 17.6378 8.4095168
    endloop
  endfacet
  facet normal 0.831809 -0.555062 0
    outer loop
      vertex -119.718 18.126 15.8078268
      vertex -119.081 19.0806 10.3186268
      vertex -119.081 19.0806 15.8078268
    endloop
  endfacet
  facet normal 0.831809 -0.555062 0
    outer loop
      vertex -119.081 19.0806 10.3186268
      vertex -119.718 18.126 15.8078268
      vertex -119.718 18.126 10.3186268
    endloop
  endfacet
  facet normal 0.18076 -0.908641 0.376426
    outer loop
      vertex -117 19.4944 9.2372168
      vertex -117 19.9424 10.3186268
      vertex -118.126 19.7184 10.3186268
    endloop
  endfacet
  facet normal 0 -0.382698 0.923874
    outer loop
      vertex -117 18.6667 8.4095168
      vertex -43 17.5853 7.9615668
      vertex -43 18.6667 8.4095168
    endloop
  endfacet
  facet normal 0 -0.382698 0.923874
    outer loop
      vertex -43 17.5853 7.9615668
      vertex -117 18.6667 8.4095168
      vertex -117 17.5853 7.9615668
    endloop
  endfacet
  facet normal -0.216 0.323521 0.921237
    outer loop
      vertex -42.3622 -138.54 8.4095168
      vertex -41.8215 -138.179 8.4095168
      vertex -42.5862 -137.414 7.9615668
    endloop
  endfacet
  facet normal -0.593596 -0.396635 0.700232
    outer loop
      vertex -40.6955 17.9546 9.2372168
      vertex -41.2362 18.7638 9.2372168
      vertex -41.8215 18.1785 8.4095168
    endloop
  endfacet
  facet normal -0.381564 -0.0759722 0.921215
    outer loop
      vertex -42.4147 17 7.9615668
      vertex -41.4602 17.6378 8.4095168
      vertex -42.4593 17.224 7.9615668
    endloop
  endfacet
  facet normal -0.555544 -0.831487 0
    outer loop
      vertex -41.874 19.7184 10.3186268
      vertex -40.9194 19.0806 15.8078268
      vertex -41.874 19.7184 15.8078268
    endloop
  endfacet
  facet normal -0.555544 -0.831487 -0
    outer loop
      vertex -40.9194 19.0806 15.8078268
      vertex -41.874 19.7184 10.3186268
      vertex -40.9194 19.0806 10.3186268
    endloop
  endfacet
  facet normal -0.195111 -0.980781 0
    outer loop
      vertex -43 19.9424 10.3186268
      vertex -41.874 19.7184 15.8078268
      vertex -43 19.9424 15.8078268
    endloop
  endfacet
  facet normal -0.195111 -0.980781 -0
    outer loop
      vertex -41.874 19.7184 15.8078268
      vertex -43 19.9424 10.3186268
      vertex -41.874 19.7184 10.3186268
    endloop
  endfacet
  facet normal -0.323481 -0.216153 0.921215
    outer loop
      vertex -41.4602 17.6378 8.4095168
      vertex -41.8215 18.1785 8.4095168
      vertex -42.5862 17.4138 7.9615668
    endloop
  endfacet
  facet normal -0.514874 0.770123 0.376584
    outer loop
      vertex -40.9194 -139.081 10.3186268
      vertex -41.2362 -138.764 9.2372168
      vertex -42.0454 -139.305 9.2372168
    endloop
  endfacet
  facet normal -0.514354 0.770804 0.3759
    outer loop
      vertex -41.874 -139.718 10.3186268
      vertex -40.9194 -139.081 10.3186268
      vertex -42.0454 -139.305 9.2372168
    endloop
  endfacet
  facet normal 0.0750247 0.381944 0.921135
    outer loop
      vertex -117 -137.585 7.9615668
      vertex -117.224 -137.541 7.9615668
      vertex -117.638 -138.54 8.4095168
    endloop
  endfacet
  facet normal -0.593594 -0.396644 0.700228
    outer loop
      vertex -41.4602 17.6378 8.4095168
      vertex -40.6955 17.9546 9.2372168
      vertex -41.8215 18.1785 8.4095168
    endloop
  endfacet
  facet normal 0.700491 -0.139483 0.699898
    outer loop
      vertex -118.667 17 8.4095168
      vertex -118.54 17.6378 8.4095168
      vertex -119.494 17 9.2372168
    endloop
  endfacet
  facet normal -0.139483 0.700491 0.699898
    outer loop
      vertex -42.3622 -138.54 8.4095168
      vertex -43 -138.667 8.4095168
      vertex -43 -139.494 9.2372168
    endloop
  endfacet
  facet normal 0 0.92386 0.382731
    outer loop
      vertex -43 -139.494 9.2372168
      vertex -117 -139.942 10.3186268
      vertex -43 -139.942 10.3186268
    endloop
  endfacet
  facet normal 0 0.92386 0.382731
    outer loop
      vertex -117 -139.942 10.3186268
      vertex -43 -139.494 9.2372168
      vertex -117 -139.494 9.2372168
    endloop
  endfacet
  facet normal 0.555383 -0.831595 0
    outer loop
      vertex -119.081 19.0806 10.3186268
      vertex -118.126 19.7184 15.8078268
      vertex -119.081 19.0806 15.8078268
    endloop
  endfacet
  facet normal 0.555383 -0.831595 0
    outer loop
      vertex -118.126 19.7184 15.8078268
      vertex -119.081 19.0806 10.3186268
      vertex -118.126 19.7184 10.3186268
    endloop
  endfacet
  facet normal 0.51457 -0.770483 0.376263
    outer loop
      vertex -117.955 19.3045 9.2372168
      vertex -118.126 19.7184 10.3186268
      vertex -119.081 19.0806 10.3186268
    endloop
  endfacet
  facet normal 0.18069 -0.908682 0.376362
    outer loop
      vertex -117.955 19.3045 9.2372168
      vertex -117 19.4944 9.2372168
      vertex -118.126 19.7184 10.3186268
    endloop
  endfacet
  facet normal -0.216261 -0.323454 0.9212
    outer loop
      vertex -42.5862 17.4138 7.9615668
      vertex -42.3622 18.5398 8.4095168
      vertex -42.776 17.5407 7.9615668
    endloop
  endfacet
  facet normal -0.908641 0.18076 0.376426
    outer loop
      vertex -40.2816 -138.126 10.3186268
      vertex -40.0576 -137 10.3186268
      vertex -40.5056 -137 9.2372168
    endloop
  endfacet
  facet normal -0.323508 0.216051 0.92123
    outer loop
      vertex -41.8215 -138.179 8.4095168
      vertex -41.4602 -137.638 8.4095168
      vertex -42.5862 -137.414 7.9615668
    endloop
  endfacet
  facet normal 0.381944 0.0750247 0.921135
    outer loop
      vertex -117.541 -137.224 7.9615668
      vertex -117.585 -137 7.9615668
      vertex -118.54 -137.638 8.4095168
    endloop
  endfacet
  facet normal -0.216153 -0.323481 0.921215
    outer loop
      vertex -41.8215 18.1785 8.4095168
      vertex -42.3622 18.5398 8.4095168
      vertex -42.5862 17.4138 7.9615668
    endloop
  endfacet
  facet normal -0.770302 -0.514708 0.376445
    outer loop
      vertex -40.6955 17.9546 9.2372168
      vertex -40.9194 19.0806 10.3186268
      vertex -41.2362 18.7638 9.2372168
    endloop
  endfacet
  facet normal -0.180758 -0.908643 0.376424
    outer loop
      vertex -42.0454 19.3045 9.2372168
      vertex -41.874 19.7184 10.3186268
      vertex -43 19.4944 9.2372168
    endloop
  endfacet
  facet normal -0.514685 -0.770333 0.376414
    outer loop
      vertex -40.9194 19.0806 10.3186268
      vertex -41.874 19.7184 10.3186268
      vertex -42.0454 19.3045 9.2372168
    endloop
  endfacet
  facet normal -0.323454 -0.216261 0.9212
    outer loop
      vertex -42.4593 17.224 7.9615668
      vertex -41.4602 17.6378 8.4095168
      vertex -42.5862 17.4138 7.9615668
    endloop
  endfacet
  facet normal -0.0759722 -0.381564 0.921215
    outer loop
      vertex -42.776 17.5407 7.9615668
      vertex -42.3622 18.5398 8.4095168
      vertex -43 17.5853 7.9615668
    endloop
  endfacet
  facet normal 0.323466 0.216212 0.921207
    outer loop
      vertex -117.414 -137.414 7.9615668
      vertex -117.541 -137.224 7.9615668
      vertex -118.54 -137.638 8.4095168
    endloop
  endfacet
  facet normal 0.323547 0.215897 0.921252
    outer loop
      vertex -118.179 -138.179 8.4095168
      vertex -117.414 -137.414 7.9615668
      vertex -118.54 -137.638 8.4095168
    endloop
  endfacet
  facet normal 0.216212 0.323466 0.921207
    outer loop
      vertex -117.224 -137.541 7.9615668
      vertex -117.414 -137.414 7.9615668
      vertex -117.638 -138.54 8.4095168
    endloop
  endfacet
  facet normal 0.139234 -0.700204 0.700234
    outer loop
      vertex -117.638 18.5398 8.4095168
      vertex -117 19.4944 9.2372168
      vertex -117.955 19.3045 9.2372168
    endloop
  endfacet
  facet normal 0.514776 -0.770213 0.376534
    outer loop
      vertex -118.764 18.7638 9.2372168
      vertex -117.955 19.3045 9.2372168
      vertex -119.081 19.0806 10.3186268
    endloop
  endfacet
  facet normal 0.909088 -0.179989 0.375716
    outer loop
      vertex -119.494 17 9.2372168
      vertex -119.305 17.9546 9.2372168
      vertex -119.718 18.126 10.3186268
    endloop
  endfacet
  facet normal 0.908641 -0.18076 0.376426
    outer loop
      vertex -119.494 17 9.2372168
      vertex -119.718 18.126 10.3186268
      vertex -119.942 17 10.3186268
    endloop
  endfacet
  facet normal 0.0759698 -0.381552 0.92122
    outer loop
      vertex -117.224 17.5407 7.9615668
      vertex -117 17.5853 7.9615668
      vertex -117.638 18.5398 8.4095168
    endloop
  endfacet
  facet normal 0 0 1
    outer loop
      vertex -43 17.5853 7.9615668
      vertex -42.4147 17 7.9615668
      vertex -42.4593 17.224 7.9615668
    endloop
  endfacet
  facet normal 0 0 1
    outer loop
      vertex -42.4147 17 7.9615668
      vertex -117.585 17 7.9615668
      vertex -42.4147 -137 7.9615668
    endloop
  endfacet
  facet normal 0 0 1
    outer loop
      vertex -43 17.5853 7.9615668
      vertex -42.4593 17.224 7.9615668
      vertex -42.5862 17.4138 7.9615668
    endloop
  endfacet
  facet normal 0 0 1
    outer loop
      vertex -42.4147 17 7.9615668
      vertex -43 17.5853 7.9615668
      vertex -117.585 17 7.9615668
    endloop
  endfacet
  facet normal 0 0 1
    outer loop
      vertex -43 17.5853 7.9615668
      vertex -42.5862 17.4138 7.9615668
      vertex -42.776 17.5407 7.9615668
    endloop
  endfacet
  facet normal 0 0 1
    outer loop
      vertex -117.585 -137 7.9615668
      vertex -42.4147 -137 7.9615668
      vertex -117.585 17 7.9615668
    endloop
  endfacet
  facet normal 0 0 1
    outer loop
      vertex -42.4593 -137.224 7.9615668
      vertex -43 -137.585 7.9615668
      vertex -42.5862 -137.414 7.9615668
    endloop
  endfacet
  facet normal 0 0 1
    outer loop
      vertex -42.5862 -137.414 7.9615668
      vertex -43 -137.585 7.9615668
      vertex -42.776 -137.541 7.9615668
    endloop
  endfacet
  facet normal 0 0 1
    outer loop
      vertex -117.585 17 7.9615668
      vertex -43 17.5853 7.9615668
      vertex -117 17.5853 7.9615668
    endloop
  endfacet
  facet normal 0 -0 1
    outer loop
      vertex -43 -137.585 7.9615668
      vertex -42.4147 -137 7.9615668
      vertex -117.585 -137 7.9615668
    endloop
  endfacet
  facet normal 0 0 1
    outer loop
      vertex -117.585 17 7.9615668
      vertex -117 17.5853 7.9615668
      vertex -117.224 17.5407 7.9615668
    endloop
  endfacet
  facet normal 0 0 1
    outer loop
      vertex -42.4147 -137 7.9615668
      vertex -43 -137.585 7.9615668
      vertex -42.4593 -137.224 7.9615668
    endloop
  endfacet
  facet normal 0 0 1
    outer loop
      vertex -117.585 17 7.9615668
      vertex -117.224 17.5407 7.9615668
      vertex -117.414 17.4138 7.9615668
    endloop
  endfacet
  facet normal 0 0 1
    outer loop
      vertex -43 -137.585 7.9615668
      vertex -117.585 -137 7.9615668
      vertex -117 -137.585 7.9615668
    endloop
  endfacet
  facet normal 0 0 1
    outer loop
      vertex -117.585 17 7.9615668
      vertex -117.414 17.4138 7.9615668
      vertex -117.541 17.224 7.9615668
    endloop
  endfacet
  facet normal 0 0 1
    outer loop
      vertex -117 -137.585 7.9615668
      vertex -117.585 -137 7.9615668
      vertex -117.224 -137.541 7.9615668
    endloop
  endfacet
  facet normal 0 0 1
    outer loop
      vertex -117.224 -137.541 7.9615668
      vertex -117.585 -137 7.9615668
      vertex -117.414 -137.414 7.9615668
    endloop
  endfacet
  facet normal 0 0 1
    outer loop
      vertex -117.414 -137.414 7.9615668
      vertex -117.585 -137 7.9615668
      vertex -117.541 -137.224 7.9615668
    endloop
  endfacet
  facet normal -0.396837 0.593569 0.700141
    outer loop
      vertex -41.2362 -138.764 9.2372168
      vertex -41.8215 -138.179 8.4095168
      vertex -42.0454 -139.305 9.2372168
    endloop
  endfacet
  facet normal -0.396342 0.593635 0.700365
    outer loop
      vertex -42.0454 -139.305 9.2372168
      vertex -41.8215 -138.179 8.4095168
      vertex -42.3622 -138.54 8.4095168
    endloop
  endfacet
  facet normal -0.92386 0 0.382731
    outer loop
      vertex -40.5056 -137 9.2372168
      vertex -40.0576 17 10.3186268
      vertex -40.5056 17 9.2372168
    endloop
  endfacet
  facet normal -0.92386 0 0.382731
    outer loop
      vertex -40.0576 17 10.3186268
      vertex -40.5056 -137 9.2372168
      vertex -40.0576 -137 10.3186268
    endloop
  endfacet
  facet normal -0.700204 -0.139293 0.700222
    outer loop
      vertex -40.5056 17 9.2372168
      vertex -40.6955 17.9546 9.2372168
      vertex -41.4602 17.6378 8.4095168
    endloop
  endfacet
  facet normal -0.700211 -0.139318 0.700211
    outer loop
      vertex -41.3333 17 8.4095168
      vertex -40.5056 17 9.2372168
      vertex -41.4602 17.6378 8.4095168
    endloop
  endfacet
  facet normal -0.396644 -0.593594 0.700228
    outer loop
      vertex -41.8215 18.1785 8.4095168
      vertex -42.0454 19.3045 9.2372168
      vertex -42.3622 18.5398 8.4095168
    endloop
  endfacet
  facet normal -0.396635 -0.593596 0.700232
    outer loop
      vertex -41.8215 18.1785 8.4095168
      vertex -41.2362 18.7638 9.2372168
      vertex -42.0454 19.3045 9.2372168
    endloop
  endfacet
  facet normal 0.13944 0.700495 0.699902
    outer loop
      vertex -117 -139.494 9.2372168
      vertex -117 -138.667 8.4095168
      vertex -117.638 -138.54 8.4095168
    endloop
  endfacet
  facet normal 0.396154 0.593682 0.700432
    outer loop
      vertex -117.955 -139.305 9.2372168
      vertex -117.638 -138.54 8.4095168
      vertex -118.179 -138.179 8.4095168
    endloop
  endfacet
  facet normal 0.39694 0.593576 0.700075
    outer loop
      vertex -117.955 -139.305 9.2372168
      vertex -118.179 -138.179 8.4095168
      vertex -118.764 -138.764 9.2372168
    endloop
  endfacet
  facet normal 0.396738 -0.593603 0.700167
    outer loop
      vertex -118.179 18.1785 8.4095168
      vertex -117.955 19.3045 9.2372168
      vertex -118.764 18.7638 9.2372168
    endloop
  endfacet
  facet normal 0.593569 -0.396837 0.700141
    outer loop
      vertex -118.179 18.1785 8.4095168
      vertex -118.764 18.7638 9.2372168
      vertex -119.305 17.9546 9.2372168
    endloop
  endfacet
  facet normal -0.323504 0.216066 0.921228
    outer loop
      vertex -41.4602 -137.638 8.4095168
      vertex -42.4593 -137.224 7.9615668
      vertex -42.5862 -137.414 7.9615668
    endloop
  endfacet
  facet normal -0.381552 0.0759698 0.92122
    outer loop
      vertex -41.4602 -137.638 8.4095168
      vertex -42.4147 -137 7.9615668
      vertex -42.4593 -137.224 7.9615668
    endloop
  endfacet
  facet normal -0 0.382516 0.923949
    outer loop
      vertex -117 -137.585 7.9615668
      vertex -43 -138.667 8.4095168
      vertex -43 -137.585 7.9615668
    endloop
  endfacet
  facet normal 0 0.382516 0.923949
    outer loop
      vertex -43 -138.667 8.4095168
      vertex -117 -137.585 7.9615668
      vertex -117 -138.667 8.4095168
    endloop
  endfacet
  facet normal 0.216051 -0.323508 0.92123
    outer loop
      vertex -117.414 17.4138 7.9615668
      vertex -117.638 18.5398 8.4095168
      vertex -118.179 18.1785 8.4095168
    endloop
  endfacet
  facet normal 0.323521 -0.216 0.921237
    outer loop
      vertex -117.414 17.4138 7.9615668
      vertex -118.179 18.1785 8.4095168
      vertex -118.54 17.6378 8.4095168
    endloop
  endfacet
  facet normal -0.980781 -0.195111 0
    outer loop
      vertex 119.942 17 10.3186268
      vertex 119.718 18.126 15.8078268
      vertex 119.718 18.126 10.3186268
    endloop
  endfacet
  facet normal -0.980781 -0.195111 0
    outer loop
      vertex 119.718 18.126 15.8078268
      vertex 119.942 17 10.3186268
      vertex 119.942 17 15.8078268
    endloop
  endfacet
  facet normal -0.179922 0.909127 0.375654
    outer loop
      vertex 118.126 -139.718 10.3186268
      vertex 117.955 -139.305 9.2372168
      vertex 117 -139.494 9.2372168
    endloop
  endfacet
  facet normal -0.18076 0.908641 0.376426
    outer loop
      vertex 118.126 -139.718 10.3186268
      vertex 117 -139.494 9.2372168
      vertex 117 -139.942 10.3186268
    endloop
  endfacet
  facet normal 0.138645 0.700268 0.700287
    outer loop
      vertex 43 -139.494 9.2372168
      vertex 42.3622 -138.54 8.4095168
      vertex 42.0454 -139.305 9.2372168
    endloop
  endfacet
  facet normal 0.381593 -0.0759237 0.921207
    outer loop
      vertex 42.4147 17 7.9615668
      vertex 41.4602 17.6378 8.4095168
      vertex 41.3333 17 8.4095168
    endloop
  endfacet
  facet normal -0.195111 0.980781 0
    outer loop
      vertex 118.126 -139.718 10.3186268
      vertex 117 -139.942 15.8078268
      vertex 118.126 -139.718 15.8078268
    endloop
  endfacet
  facet normal -0.195111 0.980781 0
    outer loop
      vertex 117 -139.942 15.8078268
      vertex 118.126 -139.718 10.3186268
      vertex 117 -139.942 10.3186268
    endloop
  endfacet
  facet normal -0.831809 -0.555062 0
    outer loop
      vertex 119.718 18.126 10.3186268
      vertex 119.081 19.0806 15.8078268
      vertex 119.081 19.0806 10.3186268
    endloop
  endfacet
  facet normal -0.831809 -0.555062 0
    outer loop
      vertex 119.081 19.0806 15.8078268
      vertex 119.718 18.126 10.3186268
      vertex 119.718 18.126 15.8078268
    endloop
  endfacet
  facet normal 0.396644 -0.593594 0.700228
    outer loop
      vertex 42.3622 18.5398 8.4095168
      vertex 42.0454 19.3045 9.2372168
      vertex 41.8215 18.1785 8.4095168
    endloop
  endfacet
  facet normal -0.139275 -0.700215 0.700215
    outer loop
      vertex 117.638 18.5398 8.4095168
      vertex 117 19.4944 9.2372168
      vertex 117 18.6667 8.4095168
    endloop
  endfacet
  facet normal 0.831595 0.555383 0
    outer loop
      vertex 40.9194 -139.081 15.8078268
      vertex 40.2816 -138.126 10.3186268
      vertex 40.2816 -138.126 15.8078268
    endloop
  endfacet
  facet normal 0.831595 0.555383 0
    outer loop
      vertex 40.2816 -138.126 10.3186268
      vertex 40.9194 -139.081 15.8078268
      vertex 40.9194 -139.081 10.3186268
    endloop
  endfacet
  facet normal 0 1 -0
    outer loop
      vertex 117 -139.942 10.3186268
      vertex 43 -139.942 15.8078268
      vertex 117 -139.942 15.8078268
    endloop
  endfacet
  facet normal 0 1 0
    outer loop
      vertex 43 -139.942 15.8078268
      vertex 117 -139.942 10.3186268
      vertex 43 -139.942 10.3186268
    endloop
  endfacet
  facet normal -0.323466 0.216212 0.921207
    outer loop
      vertex 118.54 -137.638 8.4095168
      vertex 117.541 -137.224 7.9615668
      vertex 117.414 -137.414 7.9615668
    endloop
  endfacet
  facet normal -0.770034 0.514942 0.376673
    outer loop
      vertex 119.081 -139.081 10.3186268
      vertex 119.305 -137.955 9.2372168
      vertex 118.764 -138.764 9.2372168
    endloop
  endfacet
  facet normal -0.707406 0 0.706808
    outer loop
      vertex 118.667 -137 8.4095168
      vertex 119.494 17 9.2372168
      vertex 118.667 17 8.4095168
    endloop
  endfacet
  facet normal -0.707406 0 0.706808
    outer loop
      vertex 119.494 17 9.2372168
      vertex 118.667 -137 8.4095168
      vertex 119.494 -137 9.2372168
    endloop
  endfacet
  facet normal 0.396342 0.593635 0.700365
    outer loop
      vertex 42.0454 -139.305 9.2372168
      vertex 42.3622 -138.54 8.4095168
      vertex 41.8215 -138.179 8.4095168
    endloop
  endfacet
  facet normal 0.323508 0.216051 0.92123
    outer loop
      vertex 41.8215 -138.179 8.4095168
      vertex 42.5862 -137.414 7.9615668
      vertex 41.4602 -137.638 8.4095168
    endloop
  endfacet
  facet normal 0.980781 0.195111 0
    outer loop
      vertex 40.2816 -138.126 15.8078268
      vertex 40.0576 -137 10.3186268
      vertex 40.0576 -137 15.8078268
    endloop
  endfacet
  facet normal 0.980781 0.195111 0
    outer loop
      vertex 40.0576 -137 10.3186268
      vertex 40.2816 -138.126 15.8078268
      vertex 40.2816 -138.126 10.3186268
    endloop
  endfacet
  facet normal 0.195111 -0.980781 0
    outer loop
      vertex 41.874 19.7184 10.3186268
      vertex 43 19.9424 15.8078268
      vertex 41.874 19.7184 15.8078268
    endloop
  endfacet
  facet normal 0.195111 -0.980781 0
    outer loop
      vertex 43 19.9424 15.8078268
      vertex 41.874 19.7184 10.3186268
      vertex 43 19.9424 10.3186268
    endloop
  endfacet
  facet normal 0 -0.707107 0.707107
    outer loop
      vertex 43 18.6667 8.4095168
      vertex 117 19.4944 9.2372168
      vertex 43 19.4944 9.2372168
    endloop
  endfacet
  facet normal 0 -0.707107 0.707107
    outer loop
      vertex 117 19.4944 9.2372168
      vertex 43 18.6667 8.4095168
      vertex 117 18.6667 8.4095168
    endloop
  endfacet
  facet normal 0.980781 -0.195111 0
    outer loop
      vertex 40.0576 17 15.8078268
      vertex 40.2816 18.126 10.3186268
      vertex 40.2816 18.126 15.8078268
    endloop
  endfacet
  facet normal 0.980781 -0.195111 0
    outer loop
      vertex 40.2816 18.126 10.3186268
      vertex 40.0576 17 15.8078268
      vertex 40.0576 17 10.3186268
    endloop
  endfacet
  facet normal 0.195111 0.980781 -0
    outer loop
      vertex 43 -139.942 10.3186268
      vertex 41.874 -139.718 15.8078268
      vertex 43 -139.942 15.8078268
    endloop
  endfacet
  facet normal 0.195111 0.980781 0
    outer loop
      vertex 41.874 -139.718 15.8078268
      vertex 43 -139.942 10.3186268
      vertex 41.874 -139.718 10.3186268
    endloop
  endfacet
  facet normal 0.555062 0.831809 -0
    outer loop
      vertex 41.874 -139.718 10.3186268
      vertex 40.9194 -139.081 15.8078268
      vertex 41.874 -139.718 15.8078268
    endloop
  endfacet
  facet normal 0.555062 0.831809 0
    outer loop
      vertex 40.9194 -139.081 15.8078268
      vertex 41.874 -139.718 10.3186268
      vertex 40.9194 -139.081 10.3186268
    endloop
  endfacet
  facet normal 1 -0 0
    outer loop
      vertex 40.0576 -137 15.8078268
      vertex 40.0576 17 10.3186268
      vertex 40.0576 17 15.8078268
    endloop
  endfacet
  facet normal 1 0 0
    outer loop
      vertex 40.0576 17 10.3186268
      vertex 40.0576 -137 15.8078268
      vertex 40.0576 -137 10.3186268
    endloop
  endfacet
  facet normal -0.0759001 -0.381594 0.921209
    outer loop
      vertex 117.638 18.5398 8.4095168
      vertex 117 18.6667 8.4095168
      vertex 117 17.5853 7.9615668
    endloop
  endfacet
  facet normal -0.138587 0.700268 0.700299
    outer loop
      vertex 117.955 -139.305 9.2372168
      vertex 117.638 -138.54 8.4095168
      vertex 117 -139.494 9.2372168
    endloop
  endfacet
  facet normal -0.980781 0.195111 0
    outer loop
      vertex 119.718 -138.126 10.3186268
      vertex 119.942 -137 15.8078268
      vertex 119.942 -137 10.3186268
    endloop
  endfacet
  facet normal -0.980781 0.195111 0
    outer loop
      vertex 119.942 -137 15.8078268
      vertex 119.718 -138.126 10.3186268
      vertex 119.718 -138.126 15.8078268
    endloop
  endfacet
  facet normal 0.514874 0.770123 0.376584
    outer loop
      vertex 42.0454 -139.305 9.2372168
      vertex 41.2362 -138.764 9.2372168
      vertex 40.9194 -139.081 10.3186268
    endloop
  endfacet
  facet normal 0.908682 0.18069 0.376362
    outer loop
      vertex 40.6955 -137.955 9.2372168
      vertex 40.5056 -137 9.2372168
      vertex 40.2816 -138.126 10.3186268
    endloop
  endfacet
  facet normal -0.0750247 0.381944 0.921135
    outer loop
      vertex 117.638 -138.54 8.4095168
      vertex 117.224 -137.541 7.9615668
      vertex 117 -137.585 7.9615668
    endloop
  endfacet
  facet normal -0.770955 0.514239 0.375749
    outer loop
      vertex 119.718 -138.126 10.3186268
      vertex 119.305 -137.955 9.2372168
      vertex 119.081 -139.081 10.3186268
    endloop
  endfacet
  facet normal -0.770804 -0.514354 0.3759
    outer loop
      vertex 119.305 17.9546 9.2372168
      vertex 119.718 18.126 10.3186268
      vertex 119.081 19.0806 10.3186268
    endloop
  endfacet
  facet normal 0.139318 -0.700211 0.700211
    outer loop
      vertex 43 18.6667 8.4095168
      vertex 43 19.4944 9.2372168
      vertex 42.3622 18.5398 8.4095168
    endloop
  endfacet
  facet normal 0 -0.92386 0.382731
    outer loop
      vertex 43 19.4944 9.2372168
      vertex 117 19.9424 10.3186268
      vertex 43 19.9424 10.3186268
    endloop
  endfacet
  facet normal 0 -0.92386 0.382731
    outer loop
      vertex 117 19.9424 10.3186268
      vertex 43 19.4944 9.2372168
      vertex 117 19.4944 9.2372168
    endloop
  endfacet
  facet normal 0.0759237 -0.381593 0.921207
    outer loop
      vertex 43 17.5853 7.9615668
      vertex 43 18.6667 8.4095168
      vertex 42.3622 18.5398 8.4095168
    endloop
  endfacet
  facet normal 0.514354 0.770804 0.3759
    outer loop
      vertex 41.874 -139.718 10.3186268
      vertex 42.0454 -139.305 9.2372168
      vertex 40.9194 -139.081 10.3186268
    endloop
  endfacet
  facet normal -1 0 0
    outer loop
      vertex 119.942 -137 10.3186268
      vertex 119.942 17 15.8078268
      vertex 119.942 17 10.3186268
    endloop
  endfacet
  facet normal -1 -0 0
    outer loop
      vertex 119.942 17 15.8078268
      vertex 119.942 -137 10.3186268
      vertex 119.942 -137 15.8078268
    endloop
  endfacet
  facet normal -0 0.382516 0.923949
    outer loop
      vertex 43 -137.585 7.9615668
      vertex 117 -138.667 8.4095168
      vertex 117 -137.585 7.9615668
    endloop
  endfacet
  facet normal 0 0.382516 0.923949
    outer loop
      vertex 117 -138.667 8.4095168
      vertex 43 -137.585 7.9615668
      vertex 43 -138.667 8.4095168
    endloop
  endfacet
  facet normal -0.554901 0.831916 0
    outer loop
      vertex 119.081 -139.081 10.3186268
      vertex 118.126 -139.718 15.8078268
      vertex 119.081 -139.081 15.8078268
    endloop
  endfacet
  facet normal -0.554901 0.831916 0
    outer loop
      vertex 118.126 -139.718 15.8078268
      vertex 119.081 -139.081 10.3186268
      vertex 118.126 -139.718 10.3186268
    endloop
  endfacet
  facet normal 0.700204 0.139234 0.700234
    outer loop
      vertex 40.6955 -137.955 9.2372168
      vertex 41.4602 -137.638 8.4095168
      vertex 40.5056 -137 9.2372168
    endloop
  endfacet
  facet normal -0.381944 0.0750247 0.921135
    outer loop
      vertex 118.54 -137.638 8.4095168
      vertex 117.585 -137 7.9615668
      vertex 117.541 -137.224 7.9615668
    endloop
  endfacet
  facet normal 0.18076 0.908641 0.376426
    outer loop
      vertex 43 -139.942 10.3186268
      vertex 43 -139.494 9.2372168
      vertex 41.874 -139.718 10.3186268
    endloop
  endfacet
  facet normal 0.381594 0.0759001 0.921209
    outer loop
      vertex 41.4602 -137.638 8.4095168
      vertex 42.4147 -137 7.9615668
      vertex 41.3333 -137 8.4095168
    endloop
  endfacet
  facet normal 0 0.707406 0.706808
    outer loop
      vertex 117 -138.667 8.4095168
      vertex 43 -139.494 9.2372168
      vertex 117 -139.494 9.2372168
    endloop
  endfacet
  facet normal 0 0.707406 0.706808
    outer loop
      vertex 43 -139.494 9.2372168
      vertex 117 -138.667 8.4095168
      vertex 43 -138.667 8.4095168
    endloop
  endfacet
  facet normal -0.909127 0.179922 0.375654
    outer loop
      vertex 119.718 -138.126 10.3186268
      vertex 119.494 -137 9.2372168
      vertex 119.305 -137.955 9.2372168
    endloop
  endfacet
  facet normal -0.139234 -0.700204 0.700234
    outer loop
      vertex 117.638 18.5398 8.4095168
      vertex 117.955 19.3045 9.2372168
      vertex 117 19.4944 9.2372168
    endloop
  endfacet
  facet normal -0.700495 0.13944 0.699902
    outer loop
      vertex 119.494 -137 9.2372168
      vertex 118.667 -137 8.4095168
      vertex 118.54 -137.638 8.4095168
    endloop
  endfacet
  facet normal -0.514776 -0.770213 0.376534
    outer loop
      vertex 118.764 18.7638 9.2372168
      vertex 119.081 19.0806 10.3186268
      vertex 117.955 19.3045 9.2372168
    endloop
  endfacet
  facet normal -0.908641 -0.18076 0.376426
    outer loop
      vertex 119.942 17 10.3186268
      vertex 119.718 18.126 10.3186268
      vertex 119.494 17 9.2372168
    endloop
  endfacet
  facet normal -0.909088 -0.179989 0.375716
    outer loop
      vertex 119.494 17 9.2372168
      vertex 119.718 18.126 10.3186268
      vertex 119.305 17.9546 9.2372168
    endloop
  endfacet
  facet normal 0.0759475 0.381412 0.92128
    outer loop
      vertex 43 -138.667 8.4095168
      vertex 43 -137.585 7.9615668
      vertex 42.3622 -138.54 8.4095168
    endloop
  endfacet
  facet normal -0.381412 -0.0759475 0.92128
    outer loop
      vertex 118.667 17 8.4095168
      vertex 118.54 17.6378 8.4095168
      vertex 117.585 17 7.9615668
    endloop
  endfacet
  facet normal -0.18076 -0.908641 0.376426
    outer loop
      vertex 118.126 19.7184 10.3186268
      vertex 117 19.9424 10.3186268
      vertex 117 19.4944 9.2372168
    endloop
  endfacet
  facet normal 0.700204 -0.139293 0.700222
    outer loop
      vertex 41.4602 17.6378 8.4095168
      vertex 40.6955 17.9546 9.2372168
      vertex 40.5056 17 9.2372168
    endloop
  endfacet
  facet normal 0.770333 -0.514685 0.376414
    outer loop
      vertex 40.6955 17.9546 9.2372168
      vertex 40.9194 19.0806 10.3186268
      vertex 40.2816 18.126 10.3186268
    endloop
  endfacet
  facet normal 0 -1 0
    outer loop
      vertex 43 19.9424 10.3186268
      vertex 117 19.9424 15.8078268
      vertex 43 19.9424 15.8078268
    endloop
  endfacet
  facet normal 0 -1 -0
    outer loop
      vertex 117 19.9424 15.8078268
      vertex 43 19.9424 10.3186268
      vertex 117 19.9424 10.3186268
    endloop
  endfacet
  facet normal 0.593594 -0.396644 0.700228
    outer loop
      vertex 41.4602 17.6378 8.4095168
      vertex 41.8215 18.1785 8.4095168
      vertex 40.6955 17.9546 9.2372168
    endloop
  endfacet
  facet normal 0.593641 0.396456 0.700295
    outer loop
      vertex 41.8215 -138.179 8.4095168
      vertex 41.4602 -137.638 8.4095168
      vertex 40.6955 -137.955 9.2372168
    endloop
  endfacet
  facet normal -0.382516 0 0.923949
    outer loop
      vertex 117.585 17 7.9615668
      vertex 118.667 -137 8.4095168
      vertex 118.667 17 8.4095168
    endloop
  endfacet
  facet normal -0.382516 0 0.923949
    outer loop
      vertex 118.667 -137 8.4095168
      vertex 117.585 17 7.9615668
      vertex 117.585 -137 7.9615668
    endloop
  endfacet
  facet normal -0.831916 0.554901 0
    outer loop
      vertex 119.081 -139.081 10.3186268
      vertex 119.718 -138.126 15.8078268
      vertex 119.718 -138.126 10.3186268
    endloop
  endfacet
  facet normal -0.831916 0.554901 0
    outer loop
      vertex 119.718 -138.126 15.8078268
      vertex 119.081 -139.081 10.3186268
      vertex 119.081 -139.081 15.8078268
    endloop
  endfacet
  facet normal 0.382698 0 0.923874
    outer loop
      vertex 41.3333 17 8.4095168
      vertex 42.4147 -137 7.9615668
      vertex 42.4147 17 7.9615668
    endloop
  endfacet
  facet normal 0.382698 0 0.923874
    outer loop
      vertex 42.4147 -137 7.9615668
      vertex 41.3333 17 8.4095168
      vertex 41.3333 -137 8.4095168
    endloop
  endfacet
  facet normal -0.396154 0.593682 0.700432
    outer loop
      vertex 117.955 -139.305 9.2372168
      vertex 118.179 -138.179 8.4095168
      vertex 117.638 -138.54 8.4095168
    endloop
  endfacet
  facet normal -0.215897 0.323547 0.921252
    outer loop
      vertex 117.638 -138.54 8.4095168
      vertex 118.179 -138.179 8.4095168
      vertex 117.414 -137.414 7.9615668
    endloop
  endfacet
  facet normal 0.707107 -0 0.707107
    outer loop
      vertex 40.5056 -137 9.2372168
      vertex 41.3333 17 8.4095168
      vertex 40.5056 17 9.2372168
    endloop
  endfacet
  facet normal 0.707107 0 0.707107
    outer loop
      vertex 41.3333 17 8.4095168
      vertex 40.5056 -137 9.2372168
      vertex 41.3333 -137 8.4095168
    endloop
  endfacet
  facet normal 0.700215 0.139275 0.700215
    outer loop
      vertex 41.4602 -137.638 8.4095168
      vertex 41.3333 -137 8.4095168
      vertex 40.5056 -137 9.2372168
    endloop
  endfacet
  facet normal 0.908641 0.18076 0.376426
    outer loop
      vertex 40.2816 -138.126 10.3186268
      vertex 40.5056 -137 9.2372168
      vertex 40.0576 -137 10.3186268
    endloop
  endfacet
  facet normal 0.92386 -0 0.382731
    outer loop
      vertex 40.0576 -137 10.3186268
      vertex 40.5056 17 9.2372168
      vertex 40.0576 17 10.3186268
    endloop
  endfacet
  facet normal 0.92386 0 0.382731
    outer loop
      vertex 40.5056 17 9.2372168
      vertex 40.0576 -137 10.3186268
      vertex 40.5056 -137 9.2372168
    endloop
  endfacet
  facet normal 0.770302 -0.514708 0.376445
    outer loop
      vertex 41.2362 18.7638 9.2372168
      vertex 40.9194 19.0806 10.3186268
      vertex 40.6955 17.9546 9.2372168
    endloop
  endfacet
  facet normal 0.770213 0.514776 0.376534
    outer loop
      vertex 40.9194 -139.081 10.3186268
      vertex 41.2362 -138.764 9.2372168
      vertex 40.6955 -137.955 9.2372168
    endloop
  endfacet
  facet normal 0.770483 0.51457 0.376263
    outer loop
      vertex 40.9194 -139.081 10.3186268
      vertex 40.6955 -137.955 9.2372168
      vertex 40.2816 -138.126 10.3186268
    endloop
  endfacet
  facet normal 0.179989 0.909088 0.375716
    outer loop
      vertex 43 -139.494 9.2372168
      vertex 42.0454 -139.305 9.2372168
      vertex 41.874 -139.718 10.3186268
    endloop
  endfacet
  facet normal -0.216212 0.323466 0.921207
    outer loop
      vertex 117.638 -138.54 8.4095168
      vertex 117.414 -137.414 7.9615668
      vertex 117.224 -137.541 7.9615668
    endloop
  endfacet
  facet normal 0.216261 -0.323454 0.9212
    outer loop
      vertex 42.5862 17.4138 7.9615668
      vertex 42.776 17.5407 7.9615668
      vertex 42.3622 18.5398 8.4095168
    endloop
  endfacet
  facet normal 0.381564 -0.0759722 0.921215
    outer loop
      vertex 42.4147 17 7.9615668
      vertex 42.4593 17.224 7.9615668
      vertex 41.4602 17.6378 8.4095168
    endloop
  endfacet
  facet normal 0.323454 -0.216261 0.9212
    outer loop
      vertex 42.4593 17.224 7.9615668
      vertex 42.5862 17.4138 7.9615668
      vertex 41.4602 17.6378 8.4095168
    endloop
  endfacet
  facet normal 0.831487 -0.555544 0
    outer loop
      vertex 40.2816 18.126 15.8078268
      vertex 40.9194 19.0806 10.3186268
      vertex 40.9194 19.0806 15.8078268
    endloop
  endfacet
  facet normal 0.831487 -0.555544 0
    outer loop
      vertex 40.9194 19.0806 10.3186268
      vertex 40.2816 18.126 15.8078268
      vertex 40.2816 18.126 10.3186268
    endloop
  endfacet
  facet normal 0.18076 -0.908641 0.376426
    outer loop
      vertex 43 19.4944 9.2372168
      vertex 43 19.9424 10.3186268
      vertex 41.874 19.7184 10.3186268
    endloop
  endfacet
  facet normal 0 -0.382698 0.923874
    outer loop
      vertex 43 18.6667 8.4095168
      vertex 117 17.5853 7.9615668
      vertex 117 18.6667 8.4095168
    endloop
  endfacet
  facet normal 0 -0.382698 0.923874
    outer loop
      vertex 117 17.5853 7.9615668
      vertex 43 18.6667 8.4095168
      vertex 43 17.5853 7.9615668
    endloop
  endfacet
  facet normal -0.39694 0.593576 0.700075
    outer loop
      vertex 118.764 -138.764 9.2372168
      vertex 118.179 -138.179 8.4095168
      vertex 117.955 -139.305 9.2372168
    endloop
  endfacet
  facet normal -0.593569 -0.396837 0.700141
    outer loop
      vertex 119.305 17.9546 9.2372168
      vertex 118.764 18.7638 9.2372168
      vertex 118.179 18.1785 8.4095168
    endloop
  endfacet
  facet normal -0.381956 -0.0750271 0.92113
    outer loop
      vertex 117.585 17 7.9615668
      vertex 118.54 17.6378 8.4095168
      vertex 117.541 17.224 7.9615668
    endloop
  endfacet
  facet normal -0.555383 -0.831595 0
    outer loop
      vertex 118.126 19.7184 10.3186268
      vertex 119.081 19.0806 15.8078268
      vertex 118.126 19.7184 15.8078268
    endloop
  endfacet
  facet normal -0.555383 -0.831595 -0
    outer loop
      vertex 119.081 19.0806 15.8078268
      vertex 118.126 19.7184 10.3186268
      vertex 119.081 19.0806 10.3186268
    endloop
  endfacet
  facet normal -0.195111 -0.980781 0
    outer loop
      vertex 117 19.9424 10.3186268
      vertex 118.126 19.7184 15.8078268
      vertex 117 19.9424 15.8078268
    endloop
  endfacet
  facet normal -0.195111 -0.980781 -0
    outer loop
      vertex 118.126 19.7184 15.8078268
      vertex 117 19.9424 10.3186268
      vertex 118.126 19.7184 10.3186268
    endloop
  endfacet
  facet normal -0.323521 -0.216 0.921237
    outer loop
      vertex 118.54 17.6378 8.4095168
      vertex 118.179 18.1785 8.4095168
      vertex 117.414 17.4138 7.9615668
    endloop
  endfacet
  facet normal -0.514942 0.770034 0.376673
    outer loop
      vertex 119.081 -139.081 10.3186268
      vertex 118.764 -138.764 9.2372168
      vertex 117.955 -139.305 9.2372168
    endloop
  endfacet
  facet normal -0.514239 0.770955 0.375749
    outer loop
      vertex 118.126 -139.718 10.3186268
      vertex 119.081 -139.081 10.3186268
      vertex 117.955 -139.305 9.2372168
    endloop
  endfacet
  facet normal 0.0750271 0.381956 0.92113
    outer loop
      vertex 43 -137.585 7.9615668
      vertex 42.776 -137.541 7.9615668
      vertex 42.3622 -138.54 8.4095168
    endloop
  endfacet
  facet normal -0.593635 -0.396342 0.700365
    outer loop
      vertex 118.54 17.6378 8.4095168
      vertex 119.305 17.9546 9.2372168
      vertex 118.179 18.1785 8.4095168
    endloop
  endfacet
  facet normal 0.700211 -0.139318 0.700211
    outer loop
      vertex 41.3333 17 8.4095168
      vertex 41.4602 17.6378 8.4095168
      vertex 40.5056 17 9.2372168
    endloop
  endfacet
  facet normal 0 0.92386 0.382731
    outer loop
      vertex 117 -139.494 9.2372168
      vertex 43 -139.942 10.3186268
      vertex 117 -139.942 10.3186268
    endloop
  endfacet
  facet normal 0 0.92386 0.382731
    outer loop
      vertex 43 -139.942 10.3186268
      vertex 117 -139.494 9.2372168
      vertex 43 -139.494 9.2372168
    endloop
  endfacet
  facet normal 0.555544 -0.831487 0
    outer loop
      vertex 40.9194 19.0806 10.3186268
      vertex 41.874 19.7184 15.8078268
      vertex 40.9194 19.0806 15.8078268
    endloop
  endfacet
  facet normal 0.555544 -0.831487 0
    outer loop
      vertex 41.874 19.7184 15.8078268
      vertex 40.9194 19.0806 10.3186268
      vertex 41.874 19.7184 10.3186268
    endloop
  endfacet
  facet normal 0.514685 -0.770333 0.376414
    outer loop
      vertex 42.0454 19.3045 9.2372168
      vertex 41.874 19.7184 10.3186268
      vertex 40.9194 19.0806 10.3186268
    endloop
  endfacet
  facet normal 0.180758 -0.908643 0.376424
    outer loop
      vertex 42.0454 19.3045 9.2372168
      vertex 43 19.4944 9.2372168
      vertex 41.874 19.7184 10.3186268
    endloop
  endfacet
  facet normal -0.216066 -0.323504 0.921228
    outer loop
      vertex 117.414 17.4138 7.9615668
      vertex 117.638 18.5398 8.4095168
      vertex 117.224 17.5407 7.9615668
    endloop
  endfacet
  facet normal -0.908641 0.18076 0.376426
    outer loop
      vertex 119.718 -138.126 10.3186268
      vertex 119.942 -137 10.3186268
      vertex 119.494 -137 9.2372168
    endloop
  endfacet
  facet normal -0.700268 0.138587 0.700299
    outer loop
      vertex 119.305 -137.955 9.2372168
      vertex 119.494 -137 9.2372168
      vertex 118.54 -137.638 8.4095168
    endloop
  endfacet
  facet normal 0.381552 0.0759698 0.92122
    outer loop
      vertex 42.4593 -137.224 7.9615668
      vertex 42.4147 -137 7.9615668
      vertex 41.4602 -137.638 8.4095168
    endloop
  endfacet
  facet normal -0.216051 -0.323508 0.92123
    outer loop
      vertex 118.179 18.1785 8.4095168
      vertex 117.638 18.5398 8.4095168
      vertex 117.414 17.4138 7.9615668
    endloop
  endfacet
  facet normal -0.770123 -0.514874 0.376584
    outer loop
      vertex 119.305 17.9546 9.2372168
      vertex 119.081 19.0806 10.3186268
      vertex 118.764 18.7638 9.2372168
    endloop
  endfacet
  facet normal -0.18069 -0.908682 0.376362
    outer loop
      vertex 117.955 19.3045 9.2372168
      vertex 118.126 19.7184 10.3186268
      vertex 117 19.4944 9.2372168
    endloop
  endfacet
  facet normal -0.51457 -0.770483 0.376263
    outer loop
      vertex 119.081 19.0806 10.3186268
      vertex 118.126 19.7184 10.3186268
      vertex 117.955 19.3045 9.2372168
    endloop
  endfacet
  facet normal -0.323417 -0.216406 0.921179
    outer loop
      vertex 117.541 17.224 7.9615668
      vertex 118.54 17.6378 8.4095168
      vertex 117.414 17.4138 7.9615668
    endloop
  endfacet
  facet normal -0.0759698 -0.381552 0.92122
    outer loop
      vertex 117.224 17.5407 7.9615668
      vertex 117.638 18.5398 8.4095168
      vertex 117 17.5853 7.9615668
    endloop
  endfacet
  facet normal 0.323504 0.216066 0.921228
    outer loop
      vertex 42.5862 -137.414 7.9615668
      vertex 42.4593 -137.224 7.9615668
      vertex 41.4602 -137.638 8.4095168
    endloop
  endfacet
  facet normal 0.216 0.323521 0.921237
    outer loop
      vertex 42.3622 -138.54 8.4095168
      vertex 42.5862 -137.414 7.9615668
      vertex 41.8215 -138.179 8.4095168
    endloop
  endfacet
  facet normal 0.216406 0.323417 0.921179
    outer loop
      vertex 42.776 -137.541 7.9615668
      vertex 42.5862 -137.414 7.9615668
      vertex 42.3622 -138.54 8.4095168
    endloop
  endfacet
  facet normal 0.139293 -0.700204 0.700222
    outer loop
      vertex 42.3622 18.5398 8.4095168
      vertex 43 19.4944 9.2372168
      vertex 42.0454 19.3045 9.2372168
    endloop
  endfacet
  facet normal 0.514708 -0.770302 0.376445
    outer loop
      vertex 41.2362 18.7638 9.2372168
      vertex 42.0454 19.3045 9.2372168
      vertex 40.9194 19.0806 10.3186268
    endloop
  endfacet
  facet normal 0.908643 -0.180758 0.376424
    outer loop
      vertex 40.5056 17 9.2372168
      vertex 40.6955 17.9546 9.2372168
      vertex 40.2816 18.126 10.3186268
    endloop
  endfacet
  facet normal 0.908641 -0.18076 0.376426
    outer loop
      vertex 40.5056 17 9.2372168
      vertex 40.2816 18.126 10.3186268
      vertex 40.0576 17 10.3186268
    endloop
  endfacet
  facet normal 0.0759722 -0.381564 0.921215
    outer loop
      vertex 42.776 17.5407 7.9615668
      vertex 43 17.5853 7.9615668
      vertex 42.3622 18.5398 8.4095168
    endloop
  endfacet
  facet normal 0 0 1
    outer loop
      vertex 117 17.5853 7.9615668
      vertex 117.585 17 7.9615668
      vertex 117.541 17.224 7.9615668
    endloop
  endfacet
  facet normal 0 0 1
    outer loop
      vertex 117.585 17 7.9615668
      vertex 42.4147 17 7.9615668
      vertex 117.585 -137 7.9615668
    endloop
  endfacet
  facet normal 0 0 1
    outer loop
      vertex 117 17.5853 7.9615668
      vertex 117.541 17.224 7.9615668
      vertex 117.414 17.4138 7.9615668
    endloop
  endfacet
  facet normal 0 0 1
    outer loop
      vertex 117.585 17 7.9615668
      vertex 117 17.5853 7.9615668
      vertex 42.4147 17 7.9615668
    endloop
  endfacet
  facet normal 0 0 1
    outer loop
      vertex 117 17.5853 7.9615668
      vertex 117.414 17.4138 7.9615668
      vertex 117.224 17.5407 7.9615668
    endloop
  endfacet
  facet normal 0 0 1
    outer loop
      vertex 42.4147 -137 7.9615668
      vertex 117.585 -137 7.9615668
      vertex 42.4147 17 7.9615668
    endloop
  endfacet
  facet normal 0 0 1
    outer loop
      vertex 117.541 -137.224 7.9615668
      vertex 117 -137.585 7.9615668
      vertex 117.414 -137.414 7.9615668
    endloop
  endfacet
  facet normal 0 0 1
    outer loop
      vertex 117.414 -137.414 7.9615668
      vertex 117 -137.585 7.9615668
      vertex 117.224 -137.541 7.9615668
    endloop
  endfacet
  facet normal 0 0 1
    outer loop
      vertex 42.4147 17 7.9615668
      vertex 117 17.5853 7.9615668
      vertex 43 17.5853 7.9615668
    endloop
  endfacet
  facet normal 0 -0 1
    outer loop
      vertex 117 -137.585 7.9615668
      vertex 117.585 -137 7.9615668
      vertex 42.4147 -137 7.9615668
    endloop
  endfacet
  facet normal 0 0 1
    outer loop
      vertex 42.4147 17 7.9615668
      vertex 43 17.5853 7.9615668
      vertex 42.776 17.5407 7.9615668
    endloop
  endfacet
  facet normal 0 0 1
    outer loop
      vertex 117.585 -137 7.9615668
      vertex 117 -137.585 7.9615668
      vertex 117.541 -137.224 7.9615668
    endloop
  endfacet
  facet normal 0 0 1
    outer loop
      vertex 42.4147 17 7.9615668
      vertex 42.776 17.5407 7.9615668
      vertex 42.5862 17.4138 7.9615668
    endloop
  endfacet
  facet normal 0 0 1
    outer loop
      vertex 117 -137.585 7.9615668
      vertex 42.4147 -137 7.9615668
      vertex 43 -137.585 7.9615668
    endloop
  endfacet
  facet normal 0 0 1
    outer loop
      vertex 42.4147 17 7.9615668
      vertex 42.5862 17.4138 7.9615668
      vertex 42.4593 17.224 7.9615668
    endloop
  endfacet
  facet normal 0 0 1
    outer loop
      vertex 43 -137.585 7.9615668
      vertex 42.4147 -137 7.9615668
      vertex 42.776 -137.541 7.9615668
    endloop
  endfacet
  facet normal 0 0 1
    outer loop
      vertex 42.776 -137.541 7.9615668
      vertex 42.4147 -137 7.9615668
      vertex 42.5862 -137.414 7.9615668
    endloop
  endfacet
  facet normal 0 0 1
    outer loop
      vertex 42.5862 -137.414 7.9615668
      vertex 42.4147 -137 7.9615668
      vertex 42.4593 -137.224 7.9615668
    endloop
  endfacet
  facet normal -0.381412 0.0759238 0.921282
    outer loop
      vertex 118.54 -137.638 8.4095168
      vertex 118.667 -137 8.4095168
      vertex 117.585 -137 7.9615668
    endloop
  endfacet
  facet normal -0.593576 0.39694 0.700075
    outer loop
      vertex 118.764 -138.764 9.2372168
      vertex 119.305 -137.955 9.2372168
      vertex 118.179 -138.179 8.4095168
    endloop
  endfacet
  facet normal -0.92386 0 0.382731
    outer loop
      vertex 119.494 -137 9.2372168
      vertex 119.942 17 10.3186268
      vertex 119.494 17 9.2372168
    endloop
  endfacet
  facet normal -0.92386 0 0.382731
    outer loop
      vertex 119.942 17 10.3186268
      vertex 119.494 -137 9.2372168
      vertex 119.942 -137 10.3186268
    endloop
  endfacet
  facet normal -0.700268 -0.138645 0.700287
    outer loop
      vertex 119.494 17 9.2372168
      vertex 119.305 17.9546 9.2372168
      vertex 118.54 17.6378 8.4095168
    endloop
  endfacet
  facet normal -0.700491 -0.139483 0.699898
    outer loop
      vertex 118.667 17 8.4095168
      vertex 119.494 17 9.2372168
      vertex 118.54 17.6378 8.4095168
    endloop
  endfacet
  facet normal -0.396456 -0.593641 0.700295
    outer loop
      vertex 118.179 18.1785 8.4095168
      vertex 117.955 19.3045 9.2372168
      vertex 117.638 18.5398 8.4095168
    endloop
  endfacet
  facet normal -0.396738 -0.593603 0.700167
    outer loop
      vertex 118.179 18.1785 8.4095168
      vertex 118.764 18.7638 9.2372168
      vertex 117.955 19.3045 9.2372168
    endloop
  endfacet
  facet normal 0.139483 0.700491 0.699898
    outer loop
      vertex 43 -139.494 9.2372168
      vertex 43 -138.667 8.4095168
      vertex 42.3622 -138.54 8.4095168
    endloop
  endfacet
  facet normal 0.396837 0.593569 0.700141
    outer loop
      vertex 42.0454 -139.305 9.2372168
      vertex 41.8215 -138.179 8.4095168
      vertex 41.2362 -138.764 9.2372168
    endloop
  endfacet
  facet normal 0.593603 0.396738 0.700167
    outer loop
      vertex 41.2362 -138.764 9.2372168
      vertex 41.8215 -138.179 8.4095168
      vertex 40.6955 -137.955 9.2372168
    endloop
  endfacet
  facet normal 0.396635 -0.593596 0.700232
    outer loop
      vertex 41.8215 18.1785 8.4095168
      vertex 42.0454 19.3045 9.2372168
      vertex 41.2362 18.7638 9.2372168
    endloop
  endfacet
  facet normal 0.593596 -0.396635 0.700232
    outer loop
      vertex 41.8215 18.1785 8.4095168
      vertex 41.2362 18.7638 9.2372168
      vertex 40.6955 17.9546 9.2372168
    endloop
  endfacet
  facet normal -0.593682 0.396154 0.700432
    outer loop
      vertex 119.305 -137.955 9.2372168
      vertex 118.54 -137.638 8.4095168
      vertex 118.179 -138.179 8.4095168
    endloop
  endfacet
  facet normal -0.323547 0.215897 0.921252
    outer loop
      vertex 118.179 -138.179 8.4095168
      vertex 118.54 -137.638 8.4095168
      vertex 117.414 -137.414 7.9615668
    endloop
  endfacet
  facet normal -0.0759238 0.381412 0.921282
    outer loop
      vertex 117.638 -138.54 8.4095168
      vertex 117 -137.585 7.9615668
      vertex 117 -138.667 8.4095168
    endloop
  endfacet
  facet normal -0.13944 0.700495 0.699902
    outer loop
      vertex 117.638 -138.54 8.4095168
      vertex 117 -138.667 8.4095168
      vertex 117 -139.494 9.2372168
    endloop
  endfacet
  facet normal 0.216153 -0.323481 0.921215
    outer loop
      vertex 42.5862 17.4138 7.9615668
      vertex 42.3622 18.5398 8.4095168
      vertex 41.8215 18.1785 8.4095168
    endloop
  endfacet
  facet normal 0.323481 -0.216153 0.921215
    outer loop
      vertex 42.5862 17.4138 7.9615668
      vertex 41.8215 18.1785 8.4095168
      vertex 41.4602 17.6378 8.4095168
    endloop
  endfacet
  facet normal -0.60885 0.793286 0
    outer loop
      vertex 24.7142 -69.7142 15.9039268
      vertex 24.3 -70.0321 85.8463268
      vertex 24.7142 -69.7142 85.8463268
    endloop
  endfacet
  facet normal -0.60885 0.793286 0
    outer loop
      vertex 24.3 -70.0321 85.8463268
      vertex 24.7142 -69.7142 15.9039268
      vertex 24.3 -70.0321 15.9039268
    endloop
  endfacet
  facet normal 0 1 0
    outer loop
      vertex 23.3 -70.3 85.8463268
      vertex 3.39999 -70.3 60.2039268
      vertex -23.3 -70.3 85.8463268
    endloop
  endfacet
  facet normal 0 1 0
    outer loop
      vertex 23.3 -70.3 85.8463268
      vertex 3.63293 -70.3 60.1732268
      vertex 3.39999 -70.3 60.2039268
    endloop
  endfacet
  facet normal 0 1 0
    outer loop
      vertex 23.3 -70.3 85.8463268
      vertex 3.84999 -70.3 60.0833268
      vertex 3.63293 -70.3 60.1732268
    endloop
  endfacet
  facet normal 0 1 0
    outer loop
      vertex 23.3 -70.3 85.8463268
      vertex 4.03639 -70.3 59.9403268
      vertex 3.84999 -70.3 60.0833268
    endloop
  endfacet
  facet normal 0 1 0
    outer loop
      vertex 23.3 -70.3 85.8463268
      vertex 4.17941 -70.3 59.7539268
      vertex 4.03639 -70.3 59.9403268
    endloop
  endfacet
  facet normal 0 1 0
    outer loop
      vertex 23.3 -70.3 85.8463268
      vertex 4.26933 -70.3 59.5368268
      vertex 4.17941 -70.3 59.7539268
    endloop
  endfacet
  facet normal 0 1 0
    outer loop
      vertex 23.3 -70.3 85.8463268
      vertex 4.29999 -70.3 59.3039268
      vertex 4.26933 -70.3 59.5368268
    endloop
  endfacet
  facet normal 0 1 0
    outer loop
      vertex 23.3 -70.3 85.8463268
      vertex 4.29999 -70.3 52.5039268
      vertex 4.29999 -70.3 59.3039268
    endloop
  endfacet
  facet normal 0 1 -0
    outer loop
      vertex 23.3 -70.3 15.9039268
      vertex 4.29999 -70.3 52.5039268
      vertex 23.3 -70.3 85.8463268
    endloop
  endfacet
  facet normal 0 1 0
    outer loop
      vertex 4.29999 -70.3 52.5039268
      vertex 23.3 -70.3 15.9039268
      vertex 4.26933 -70.3 52.2710268
    endloop
  endfacet
  facet normal 0 1 0
    outer loop
      vertex 3.39999 -70.3 51.6039268
      vertex 3.39999 -70.3 40.2039268
      vertex -3.39999 -70.3 51.6039268
    endloop
  endfacet
  facet normal 0 1 0
    outer loop
      vertex 3.63293 -70.3 51.6346268
      vertex 3.39999 -70.3 40.2039268
      vertex 3.39999 -70.3 51.6039268
    endloop
  endfacet
  facet normal 0 1 0
    outer loop
      vertex 3.63293 -70.3 40.1732268
      vertex 3.63293 -70.3 51.6346268
      vertex 3.84999 -70.3 51.7245268
    endloop
  endfacet
  facet normal 0 1 0
    outer loop
      vertex 3.84999 -70.3 40.0833268
      vertex 3.84999 -70.3 51.7245268
      vertex 4.03639 -70.3 51.8675268
    endloop
  endfacet
  facet normal 0 1 0
    outer loop
      vertex 4.03639 -70.3 39.9403268
      vertex 4.03639 -70.3 51.8675268
      vertex 4.17941 -70.3 52.0539268
    endloop
  endfacet
  facet normal -0 1 0
    outer loop
      vertex 4.26933 -70.3 39.5368268
      vertex 4.26933 -70.3 52.2710268
      vertex 23.3 -70.3 15.9039268
    endloop
  endfacet
  facet normal 0 1 0
    outer loop
      vertex 3.63293 -70.3 51.6346268
      vertex 3.63293 -70.3 40.1732268
      vertex 3.39999 -70.3 40.2039268
    endloop
  endfacet
  facet normal 0 1 0
    outer loop
      vertex 3.84999 -70.3 51.7245268
      vertex 3.84999 -70.3 40.0833268
      vertex 3.63293 -70.3 40.1732268
    endloop
  endfacet
  facet normal 0 1 0
    outer loop
      vertex 4.03639 -70.3 51.8675268
      vertex 4.03639 -70.3 39.9403268
      vertex 3.84999 -70.3 40.0833268
    endloop
  endfacet
  facet normal 0 1 0
    outer loop
      vertex 4.17941 -70.3 52.0539268
      vertex 4.17941 -70.3 39.7539268
      vertex 4.03639 -70.3 39.9403268
    endloop
  endfacet
  facet normal 0 1 0
    outer loop
      vertex 4.17941 -70.3 52.0539268
      vertex 4.26933 -70.3 39.5368268
      vertex 4.17941 -70.3 39.7539268
    endloop
  endfacet
  facet normal 0 1 0
    outer loop
      vertex 4.26933 -70.3 52.2710268
      vertex 4.26933 -70.3 39.5368268
      vertex 4.17941 -70.3 52.0539268
    endloop
  endfacet
  facet normal 0 1 0
    outer loop
      vertex 4.26933 -70.3 39.5368268
      vertex 23.3 -70.3 15.9039268
      vertex 4.29999 -70.3 39.3039268
    endloop
  endfacet
  facet normal 0 1 0
    outer loop
      vertex 4.29999 -70.3 39.3039268
      vertex 23.3 -70.3 15.9039268
      vertex 4.29999 -70.3 32.5039268
    endloop
  endfacet
  facet normal 0 1 0
    outer loop
      vertex 3.39999 -70.3 31.6039268
      vertex 23.3 -70.3 15.9039268
      vertex -3.39999 -70.3 31.6039268
    endloop
  endfacet
  facet normal 0 1 0
    outer loop
      vertex 3.63293 -70.3 31.6346268
      vertex 23.3 -70.3 15.9039268
      vertex 3.39999 -70.3 31.6039268
    endloop
  endfacet
  facet normal 0 1 0
    outer loop
      vertex 3.84999 -70.3 31.7245268
      vertex 23.3 -70.3 15.9039268
      vertex 3.63293 -70.3 31.6346268
    endloop
  endfacet
  facet normal 0 1 0
    outer loop
      vertex 4.03639 -70.3 31.8675268
      vertex 23.3 -70.3 15.9039268
      vertex 3.84999 -70.3 31.7245268
    endloop
  endfacet
  facet normal 0 1 0
    outer loop
      vertex 4.17941 -70.3 32.0539268
      vertex 23.3 -70.3 15.9039268
      vertex 4.03639 -70.3 31.8675268
    endloop
  endfacet
  facet normal 0 1 0
    outer loop
      vertex 4.26933 -70.3 32.2710268
      vertex 23.3 -70.3 15.9039268
      vertex 4.17941 -70.3 32.0539268
    endloop
  endfacet
  facet normal 0 1 0
    outer loop
      vertex 4.29999 -70.3 32.5039268
      vertex 23.3 -70.3 15.9039268
      vertex 4.26933 -70.3 32.2710268
    endloop
  endfacet
  facet normal 0 1 -0
    outer loop
      vertex -3.39999 -70.3 60.2039268
      vertex -23.3 -70.3 85.8463268
      vertex 3.39999 -70.3 60.2039268
    endloop
  endfacet
  facet normal 0 1 -0
    outer loop
      vertex -3.63293 -70.3 60.1732268
      vertex -23.3 -70.3 85.8463268
      vertex -3.39999 -70.3 60.2039268
    endloop
  endfacet
  facet normal 0 1 -0
    outer loop
      vertex -3.84999 -70.3 60.0833268
      vertex -23.3 -70.3 85.8463268
      vertex -3.63293 -70.3 60.1732268
    endloop
  endfacet
  facet normal 0 1 -0
    outer loop
      vertex -4.03639 -70.3 59.9403268
      vertex -23.3 -70.3 85.8463268
      vertex -3.84999 -70.3 60.0833268
    endloop
  endfacet
  facet normal 0 1 -0
    outer loop
      vertex -4.17941 -70.3 59.7539268
      vertex -23.3 -70.3 85.8463268
      vertex -4.03639 -70.3 59.9403268
    endloop
  endfacet
  facet normal 0 1 -0
    outer loop
      vertex -4.26933 -70.3 59.5368268
      vertex -23.3 -70.3 85.8463268
      vertex -4.17941 -70.3 59.7539268
    endloop
  endfacet
  facet normal 0 1 -0
    outer loop
      vertex -4.29999 -70.3 59.3039268
      vertex -23.3 -70.3 85.8463268
      vertex -4.26933 -70.3 59.5368268
    endloop
  endfacet
  facet normal 0 1 -0
    outer loop
      vertex -4.29999 -70.3 52.5039268
      vertex -23.3 -70.3 85.8463268
      vertex -4.29999 -70.3 59.3039268
    endloop
  endfacet
  facet normal 0 1 0
    outer loop
      vertex -23.3 -70.3 15.9039268
      vertex -4.29999 -70.3 52.5039268
      vertex -4.26933 -70.3 52.2710268
    endloop
  endfacet
  facet normal 0 1 0
    outer loop
      vertex -4.26933 -70.3 39.5368268
      vertex -4.26933 -70.3 52.2710268
      vertex -4.17941 -70.3 52.0539268
    endloop
  endfacet
  facet normal 0 1 0
    outer loop
      vertex -3.39999 -70.3 40.2039268
      vertex -3.39999 -70.3 51.6039268
      vertex 3.39999 -70.3 40.2039268
    endloop
  endfacet
  facet normal 0 1 0
    outer loop
      vertex -3.39999 -70.3 51.6039268
      vertex -3.39999 -70.3 40.2039268
      vertex -3.63293 -70.3 51.6346268
    endloop
  endfacet
  facet normal 0 1 0
    outer loop
      vertex -3.63293 -70.3 40.1732268
      vertex -3.63293 -70.3 51.6346268
      vertex -3.39999 -70.3 40.2039268
    endloop
  endfacet
  facet normal 0 1 0
    outer loop
      vertex -3.63293 -70.3 51.6346268
      vertex -3.63293 -70.3 40.1732268
      vertex -3.84999 -70.3 51.7245268
    endloop
  endfacet
  facet normal 0 1 0
    outer loop
      vertex -3.84999 -70.3 40.0833268
      vertex -3.84999 -70.3 51.7245268
      vertex -3.63293 -70.3 40.1732268
    endloop
  endfacet
  facet normal 0 1 0
    outer loop
      vertex -3.84999 -70.3 51.7245268
      vertex -3.84999 -70.3 40.0833268
      vertex -4.03639 -70.3 51.8675268
    endloop
  endfacet
  facet normal 0 1 0
    outer loop
      vertex -4.03639 -70.3 39.9403268
      vertex -4.03639 -70.3 51.8675268
      vertex -3.84999 -70.3 40.0833268
    endloop
  endfacet
  facet normal 0 1 0
    outer loop
      vertex -4.03639 -70.3 51.8675268
      vertex -4.03639 -70.3 39.9403268
      vertex -4.17941 -70.3 52.0539268
    endloop
  endfacet
  facet normal 0 1 0
    outer loop
      vertex -4.17941 -70.3 39.7539268
      vertex -4.17941 -70.3 52.0539268
      vertex -4.03639 -70.3 39.9403268
    endloop
  endfacet
  facet normal 0 1 0
    outer loop
      vertex -4.26933 -70.3 39.5368268
      vertex -4.17941 -70.3 52.0539268
      vertex -4.17941 -70.3 39.7539268
    endloop
  endfacet
  facet normal 0 1 0
    outer loop
      vertex -4.26933 -70.3 52.2710268
      vertex -4.26933 -70.3 39.5368268
      vertex -23.3 -70.3 15.9039268
    endloop
  endfacet
  facet normal 0 1 0
    outer loop
      vertex -23.3 -70.3 15.9039268
      vertex -4.26933 -70.3 39.5368268
      vertex -4.29999 -70.3 39.3039268
    endloop
  endfacet
  facet normal 0 1 0
    outer loop
      vertex -23.3 -70.3 15.9039268
      vertex -4.29999 -70.3 39.3039268
      vertex -4.29999 -70.3 32.5039268
    endloop
  endfacet
  facet normal 0 1 0
    outer loop
      vertex -23.3 -70.3 15.9039268
      vertex -4.29999 -70.3 32.5039268
      vertex -4.26933 -70.3 32.2710268
    endloop
  endfacet
  facet normal 0 1 0
    outer loop
      vertex -23.3 -70.3 15.9039268
      vertex -3.39999 -70.3 31.6039268
      vertex 23.3 -70.3 15.9039268
    endloop
  endfacet
  facet normal 0 1 0
    outer loop
      vertex -3.39999 -70.3 31.6039268
      vertex -23.3 -70.3 15.9039268
      vertex -3.63293 -70.3 31.6346268
    endloop
  endfacet
  facet normal 0 1 0
    outer loop
      vertex -4.29999 -70.3 52.5039268
      vertex -23.3 -70.3 15.9039268
      vertex -23.3 -70.3 85.8463268
    endloop
  endfacet
  facet normal 0 1 0
    outer loop
      vertex -4.17941 -70.3 32.0539268
      vertex -23.3 -70.3 15.9039268
      vertex -4.26933 -70.3 32.2710268
    endloop
  endfacet
  facet normal 0 1 0
    outer loop
      vertex -4.03639 -70.3 31.8675268
      vertex -23.3 -70.3 15.9039268
      vertex -4.17941 -70.3 32.0539268
    endloop
  endfacet
  facet normal 0 1 0
    outer loop
      vertex -3.84999 -70.3 31.7245268
      vertex -23.3 -70.3 15.9039268
      vertex -4.03639 -70.3 31.8675268
    endloop
  endfacet
  facet normal 0 1 0
    outer loop
      vertex -3.63293 -70.3 31.6346268
      vertex -23.3 -70.3 15.9039268
      vertex -3.84999 -70.3 31.7245268
    endloop
  endfacet
  facet normal -0.382656 0.923891 0
    outer loop
      vertex 24.3 -70.0321 15.9039268
      vertex 23.8176 -70.2319 85.8463268
      vertex 24.3 -70.0321 85.8463268
    endloop
  endfacet
  facet normal -0.382656 0.923891 0
    outer loop
      vertex 23.8176 -70.2319 85.8463268
      vertex 24.3 -70.0321 15.9039268
      vertex 23.8176 -70.2319 15.9039268
    endloop
  endfacet
  facet normal 0.923891 0.382656 0
    outer loop
      vertex -25.0321 -69.3 85.8463268
      vertex -25.2319 -68.8176 15.9039268
      vertex -25.2319 -68.8176 85.8463268
    endloop
  endfacet
  facet normal 0.923891 0.382656 0
    outer loop
      vertex -25.2319 -68.8176 15.9039268
      vertex -25.0321 -69.3 85.8463268
      vertex -25.0321 -69.3 15.9039268
    endloop
  endfacet
  facet normal 0.130445 0.991456 -0
    outer loop
      vertex -23.3 -70.3 15.9039268
      vertex -23.8176 -70.2319 85.8463268
      vertex -23.3 -70.3 85.8463268
    endloop
  endfacet
  facet normal 0.130445 0.991456 0
    outer loop
      vertex -23.8176 -70.2319 85.8463268
      vertex -23.3 -70.3 15.9039268
      vertex -23.8176 -70.2319 15.9039268
    endloop
  endfacet
  facet normal 0 0 1
    outer loop
      vertex 23.3 -49.7 15.9039268
      vertex 25.3 -51.7 15.9039268
      vertex 25.2318 -51.1824 15.9039268
    endloop
  endfacet
  facet normal 0 0 1
    outer loop
      vertex 25.3 -51.7 15.9039268
      vertex 23.3 -49.7 15.9039268
      vertex 25.3 -68.3 15.9039268
    endloop
  endfacet
  facet normal 0 0 1
    outer loop
      vertex 23.3 -49.7 15.9039268
      vertex 25.2318 -51.1824 15.9039268
      vertex 25.032 -50.7 15.9039268
    endloop
  endfacet
  facet normal 0 0 1
    outer loop
      vertex 23.3 -70.3 15.9039268
      vertex 25.3 -68.3 15.9039268
      vertex 23.3 -49.7 15.9039268
    endloop
  endfacet
  facet normal 0 0 1
    outer loop
      vertex 23.3 -49.7 15.9039268
      vertex 25.032 -50.7 15.9039268
      vertex 24.7142 -50.2858 15.9039268
    endloop
  endfacet
  facet normal 0 0 1
    outer loop
      vertex 25.3 -68.3 15.9039268
      vertex 23.3 -70.3 15.9039268
      vertex 25.2318 -68.8176 15.9039268
    endloop
  endfacet
  facet normal 0 0 1
    outer loop
      vertex 23.3 -49.7 15.9039268
      vertex 24.7142 -50.2858 15.9039268
      vertex 24.3 -49.968 15.9039268
    endloop
  endfacet
  facet normal 0 0 1
    outer loop
      vertex 25.2318 -68.8176 15.9039268
      vertex 23.3 -70.3 15.9039268
      vertex 25.032 -69.3 15.9039268
    endloop
  endfacet
  facet normal 0 0 1
    outer loop
      vertex 23.3 -49.7 15.9039268
      vertex 24.3 -49.968 15.9039268
      vertex 23.8176 -49.7682 15.9039268
    endloop
  endfacet
  facet normal 0 0 1
    outer loop
      vertex 25.032 -69.3 15.9039268
      vertex 23.3 -70.3 15.9039268
      vertex 24.7142 -69.7142 15.9039268
    endloop
  endfacet
  facet normal 0 0 1
    outer loop
      vertex 24.7142 -69.7142 15.9039268
      vertex 23.3 -70.3 15.9039268
      vertex 24.3 -70.0321 15.9039268
    endloop
  endfacet
  facet normal 0 0 1
    outer loop
      vertex 24.3 -70.0321 15.9039268
      vertex 23.3 -70.3 15.9039268
      vertex 23.8176 -70.2319 15.9039268
    endloop
  endfacet
  facet normal -0 0 1
    outer loop
      vertex -23.3 -49.7 15.9039268
      vertex 23.3 -70.3 15.9039268
      vertex 23.3 -49.7 15.9039268
    endloop
  endfacet
  facet normal 0 0 1
    outer loop
      vertex -23.3 -49.7 15.9039268
      vertex -23.3 -70.3 15.9039268
      vertex 23.3 -70.3 15.9039268
    endloop
  endfacet
  facet normal 0 0 1
    outer loop
      vertex -25.3 -51.7 15.9039268
      vertex -23.3 -49.7 15.9039268
      vertex -23.8176 -49.7682 15.9039268
    endloop
  endfacet
  facet normal 0 0 1
    outer loop
      vertex -23.3 -49.7 15.9039268
      vertex -25.3 -51.7 15.9039268
      vertex -23.3 -70.3 15.9039268
    endloop
  endfacet
  facet normal 0 0 1
    outer loop
      vertex -25.3 -51.7 15.9039268
      vertex -23.8176 -49.7682 15.9039268
      vertex -24.3 -49.968 15.9039268
    endloop
  endfacet
  facet normal -0 0 1
    outer loop
      vertex -25.3 -68.3 15.9039268
      vertex -23.3 -70.3 15.9039268
      vertex -25.3 -51.7 15.9039268
    endloop
  endfacet
  facet normal 0 0 1
    outer loop
      vertex -25.3 -51.7 15.9039268
      vertex -24.3 -49.968 15.9039268
      vertex -24.7142 -50.2858 15.9039268
    endloop
  endfacet
  facet normal 0 0 1
    outer loop
      vertex -23.3 -70.3 15.9039268
      vertex -25.3 -68.3 15.9039268
      vertex -23.8176 -70.2319 15.9039268
    endloop
  endfacet
  facet normal 0 0 1
    outer loop
      vertex -25.3 -51.7 15.9039268
      vertex -24.7142 -50.2858 15.9039268
      vertex -25.0321 -50.7 15.9039268
    endloop
  endfacet
  facet normal 0 0 1
    outer loop
      vertex -23.8176 -70.2319 15.9039268
      vertex -25.3 -68.3 15.9039268
      vertex -24.3 -70.0321 15.9039268
    endloop
  endfacet
  facet normal 0 0 1
    outer loop
      vertex -25.3 -51.7 15.9039268
      vertex -25.0321 -50.7 15.9039268
      vertex -25.2319 -51.1824 15.9039268
    endloop
  endfacet
  facet normal 0 0 1
    outer loop
      vertex -24.3 -70.0321 15.9039268
      vertex -25.3 -68.3 15.9039268
      vertex -24.7142 -69.7142 15.9039268
    endloop
  endfacet
  facet normal 0 0 1
    outer loop
      vertex -24.7142 -69.7142 15.9039268
      vertex -25.3 -68.3 15.9039268
      vertex -25.0321 -69.3 15.9039268
    endloop
  endfacet
  facet normal 0 0 1
    outer loop
      vertex -25.0321 -69.3 15.9039268
      vertex -25.3 -68.3 15.9039268
      vertex -25.2319 -68.8176 15.9039268
    endloop
  endfacet
  facet normal -0.130445 0.991456 0
    outer loop
      vertex 23.8176 -70.2319 15.9039268
      vertex 23.3 -70.3 85.8463268
      vertex 23.8176 -70.2319 85.8463268
    endloop
  endfacet
  facet normal -0.130445 0.991456 0
    outer loop
      vertex 23.3 -70.3 85.8463268
      vertex 23.8176 -70.2319 15.9039268
      vertex 23.3 -70.3 15.9039268
    endloop
  endfacet
  facet normal 0.60885 0.793286 -0
    outer loop
      vertex -24.3 -70.0321 15.9039268
      vertex -24.7142 -69.7142 85.8463268
      vertex -24.3 -70.0321 85.8463268
    endloop
  endfacet
  facet normal 0.60885 0.793286 0
    outer loop
      vertex -24.7142 -69.7142 85.8463268
      vertex -24.3 -70.0321 15.9039268
      vertex -24.7142 -69.7142 15.9039268
    endloop
  endfacet
  facet normal -0.923891 -0.382656 0
    outer loop
      vertex 25.2318 -51.1824 15.9039268
      vertex 25.032 -50.7 85.8463268
      vertex 25.032 -50.7 15.9039268
    endloop
  endfacet
  facet normal -0.923891 -0.382656 0
    outer loop
      vertex 25.032 -50.7 85.8463268
      vertex 25.2318 -51.1824 15.9039268
      vertex 25.2318 -51.1824 85.8463268
    endloop
  endfacet
  facet normal -0.130633 -0.991431 0
    outer loop
      vertex 23.3 -49.7 15.9039268
      vertex 23.8176 -49.7682 85.8463268
      vertex 23.3 -49.7 85.8463268
    endloop
  endfacet
  facet normal -0.130633 -0.991431 -0
    outer loop
      vertex 23.8176 -49.7682 85.8463268
      vertex 23.3 -49.7 15.9039268
      vertex 23.8176 -49.7682 15.9039268
    endloop
  endfacet
  facet normal -0.793378 -0.608729 0
    outer loop
      vertex 25.032 -50.7 15.9039268
      vertex 24.7142 -50.2858 85.8463268
      vertex 24.7142 -50.2858 15.9039268
    endloop
  endfacet
  facet normal -0.793378 -0.608729 0
    outer loop
      vertex 24.7142 -50.2858 85.8463268
      vertex 25.032 -50.7 15.9039268
      vertex 25.032 -50.7 85.8463268
    endloop
  endfacet
  facet normal -0.991431 -0.130633 0
    outer loop
      vertex 25.3 -51.7 15.9039268
      vertex 25.2318 -51.1824 85.8463268
      vertex 25.2318 -51.1824 15.9039268
    endloop
  endfacet
  facet normal -0.991431 -0.130633 0
    outer loop
      vertex 25.2318 -51.1824 85.8463268
      vertex 25.3 -51.7 15.9039268
      vertex 25.3 -51.7 85.8463268
    endloop
  endfacet
  facet normal 0.793286 -0.60885 0
    outer loop
      vertex -25.0321 -50.7 85.8463268
      vertex -24.7142 -50.2858 15.9039268
      vertex -24.7142 -50.2858 85.8463268
    endloop
  endfacet
  facet normal 0.793286 -0.60885 0
    outer loop
      vertex -24.7142 -50.2858 15.9039268
      vertex -25.0321 -50.7 85.8463268
      vertex -25.0321 -50.7 15.9039268
    endloop
  endfacet
  facet normal 1 -0 0
    outer loop
      vertex -25.3 -68.3 85.8463268
      vertex -25.3 -51.7 15.9039268
      vertex -25.3 -51.7 85.8463268
    endloop
  endfacet
  facet normal 1 0 0
    outer loop
      vertex -25.3 -51.7 15.9039268
      vertex -25.3 -68.3 85.8463268
      vertex -25.3 -68.3 15.9039268
    endloop
  endfacet
  facet normal 0.923891 -0.382656 0
    outer loop
      vertex -25.2319 -51.1824 85.8463268
      vertex -25.0321 -50.7 15.9039268
      vertex -25.0321 -50.7 85.8463268
    endloop
  endfacet
  facet normal 0.923891 -0.382656 0
    outer loop
      vertex -25.0321 -50.7 15.9039268
      vertex -25.2319 -51.1824 85.8463268
      vertex -25.2319 -51.1824 15.9039268
    endloop
  endfacet
  facet normal 0.382656 0.923891 -0
    outer loop
      vertex -23.8176 -70.2319 15.9039268
      vertex -24.3 -70.0321 85.8463268
      vertex -23.8176 -70.2319 85.8463268
    endloop
  endfacet
  facet normal 0.382656 0.923891 0
    outer loop
      vertex -24.3 -70.0321 85.8463268
      vertex -23.8176 -70.2319 15.9039268
      vertex -24.3 -70.0321 15.9039268
    endloop
  endfacet
  facet normal 0.991456 0.130445 0
    outer loop
      vertex -25.2319 -68.8176 85.8463268
      vertex -25.3 -68.3 15.9039268
      vertex -25.3 -68.3 85.8463268
    endloop
  endfacet
  facet normal 0.991456 0.130445 0
    outer loop
      vertex -25.3 -68.3 15.9039268
      vertex -25.2319 -68.8176 85.8463268
      vertex -25.2319 -68.8176 15.9039268
    endloop
  endfacet
  facet normal 0.130633 -0.991431 0
    outer loop
      vertex -23.8176 -49.7682 15.9039268
      vertex -23.3 -49.7 85.8463268
      vertex -23.8176 -49.7682 85.8463268
    endloop
  endfacet
  facet normal 0.130633 -0.991431 0
    outer loop
      vertex -23.3 -49.7 85.8463268
      vertex -23.8176 -49.7682 15.9039268
      vertex -23.3 -49.7 15.9039268
    endloop
  endfacet
  facet normal -0.382656 -0.923891 0
    outer loop
      vertex 23.8176 -49.7682 15.9039268
      vertex 24.3 -49.968 85.8463268
      vertex 23.8176 -49.7682 85.8463268
    endloop
  endfacet
  facet normal -0.382656 -0.923891 -0
    outer loop
      vertex 24.3 -49.968 85.8463268
      vertex 23.8176 -49.7682 15.9039268
      vertex 24.3 -49.968 15.9039268
    endloop
  endfacet
  facet normal 0.608729 -0.793378 0
    outer loop
      vertex -24.7142 -50.2858 15.9039268
      vertex -24.3 -49.968 85.8463268
      vertex -24.7142 -50.2858 85.8463268
    endloop
  endfacet
  facet normal 0.608729 -0.793378 0
    outer loop
      vertex -24.3 -49.968 85.8463268
      vertex -24.7142 -50.2858 15.9039268
      vertex -24.3 -49.968 15.9039268
    endloop
  endfacet
  facet normal 0.991456 -0.130445 0
    outer loop
      vertex -25.3 -51.7 85.8463268
      vertex -25.2319 -51.1824 15.9039268
      vertex -25.2319 -51.1824 85.8463268
    endloop
  endfacet
  facet normal 0.991456 -0.130445 0
    outer loop
      vertex -25.2319 -51.1824 15.9039268
      vertex -25.3 -51.7 85.8463268
      vertex -25.3 -51.7 15.9039268
    endloop
  endfacet
  facet normal 0.382656 -0.923891 0
    outer loop
      vertex -24.3 -49.968 15.9039268
      vertex -23.8176 -49.7682 85.8463268
      vertex -24.3 -49.968 85.8463268
    endloop
  endfacet
  facet normal 0.382656 -0.923891 0
    outer loop
      vertex -23.8176 -49.7682 85.8463268
      vertex -24.3 -49.968 15.9039268
      vertex -23.8176 -49.7682 15.9039268
    endloop
  endfacet
  facet normal -0.923891 0.382656 0
    outer loop
      vertex 25.032 -69.3 15.9039268
      vertex 25.2318 -68.8176 85.8463268
      vertex 25.2318 -68.8176 15.9039268
    endloop
  endfacet
  facet normal -0.923891 0.382656 0
    outer loop
      vertex 25.2318 -68.8176 85.8463268
      vertex 25.032 -69.3 15.9039268
      vertex 25.032 -69.3 85.8463268
    endloop
  endfacet
  facet normal -0.991431 0.130633 0
    outer loop
      vertex 25.2318 -68.8176 15.9039268
      vertex 25.3 -68.3 85.8463268
      vertex 25.3 -68.3 15.9039268
    endloop
  endfacet
  facet normal -0.991431 0.130633 0
    outer loop
      vertex 25.3 -68.3 85.8463268
      vertex 25.2318 -68.8176 15.9039268
      vertex 25.2318 -68.8176 85.8463268
    endloop
  endfacet
  facet normal -1 0 0
    outer loop
      vertex 25.3 -68.3 15.9039268
      vertex 25.3 -51.7 85.8463268
      vertex 25.3 -51.7 15.9039268
    endloop
  endfacet
  facet normal -1 -0 0
    outer loop
      vertex 25.3 -51.7 85.8463268
      vertex 25.3 -68.3 15.9039268
      vertex 25.3 -68.3 85.8463268
    endloop
  endfacet
  facet normal 0 -1 0
    outer loop
      vertex -23.3 -49.7 85.8463268
      vertex -3.39999 -49.7 60.2039268
      vertex 23.3 -49.7 85.8463268
    endloop
  endfacet
  facet normal 0 -1 0
    outer loop
      vertex -23.3 -49.7 85.8463268
      vertex -3.63293 -49.7 60.1732268
      vertex -3.39999 -49.7 60.2039268
    endloop
  endfacet
  facet normal 0 -1 0
    outer loop
      vertex -23.3 -49.7 85.8463268
      vertex -3.84999 -49.7 60.0833268
      vertex -3.63293 -49.7 60.1732268
    endloop
  endfacet
  facet normal 0 -1 0
    outer loop
      vertex -23.3 -49.7 85.8463268
      vertex -4.03639 -49.7 59.9403268
      vertex -3.84999 -49.7 60.0833268
    endloop
  endfacet
  facet normal 0 -1 0
    outer loop
      vertex -23.3 -49.7 85.8463268
      vertex -4.17941 -49.7 59.7539268
      vertex -4.03639 -49.7 59.9403268
    endloop
  endfacet
  facet normal 0 -1 0
    outer loop
      vertex -23.3 -49.7 85.8463268
      vertex -4.26933 -49.7 59.5368268
      vertex -4.17941 -49.7 59.7539268
    endloop
  endfacet
  facet normal 0 -1 0
    outer loop
      vertex -23.3 -49.7 85.8463268
      vertex -4.29999 -49.7 59.3039268
      vertex -4.26933 -49.7 59.5368268
    endloop
  endfacet
  facet normal 0 -1 0
    outer loop
      vertex -23.3 -49.7 85.8463268
      vertex -4.29999 -49.7 52.5039268
      vertex -4.29999 -49.7 59.3039268
    endloop
  endfacet
  facet normal 0 -1 0
    outer loop
      vertex -23.3 -49.7 15.9039268
      vertex -4.29999 -49.7 52.5039268
      vertex -23.3 -49.7 85.8463268
    endloop
  endfacet
  facet normal 0 -1 -0
    outer loop
      vertex -4.29999 -49.7 52.5039268
      vertex -23.3 -49.7 15.9039268
      vertex -4.26933 -49.7 52.2710268
    endloop
  endfacet
  facet normal 0 -1 0
    outer loop
      vertex -3.39999 -49.7 51.6039268
      vertex -3.39999 -49.7 40.2039268
      vertex 3.39999 -49.7 51.6039268
    endloop
  endfacet
  facet normal 0 -1 0
    outer loop
      vertex -3.63293 -49.7 51.6346268
      vertex -3.39999 -49.7 40.2039268
      vertex -3.39999 -49.7 51.6039268
    endloop
  endfacet
  facet normal 0 -1 0
    outer loop
      vertex -3.63293 -49.7 40.1732268
      vertex -3.63293 -49.7 51.6346268
      vertex -3.84999 -49.7 51.7245268
    endloop
  endfacet
  facet normal 0 -1 0
    outer loop
      vertex -3.84999 -49.7 40.0833268
      vertex -3.84999 -49.7 51.7245268
      vertex -4.03639 -49.7 51.8675268
    endloop
  endfacet
  facet normal 0 -1 0
    outer loop
      vertex -4.03639 -49.7 39.9403268
      vertex -4.03639 -49.7 51.8675268
      vertex -4.17941 -49.7 52.0539268
    endloop
  endfacet
  facet normal -0 -1 0
    outer loop
      vertex -4.26933 -49.7 39.5368268
      vertex -4.26933 -49.7 52.2710268
      vertex -23.3 -49.7 15.9039268
    endloop
  endfacet
  facet normal 0 -1 0
    outer loop
      vertex -3.63293 -49.7 51.6346268
      vertex -3.63293 -49.7 40.1732268
      vertex -3.39999 -49.7 40.2039268
    endloop
  endfacet
  facet normal 0 -1 0
    outer loop
      vertex -3.84999 -49.7 51.7245268
      vertex -3.84999 -49.7 40.0833268
      vertex -3.63293 -49.7 40.1732268
    endloop
  endfacet
  facet normal 0 -1 0
    outer loop
      vertex -4.03639 -49.7 51.8675268
      vertex -4.03639 -49.7 39.9403268
      vertex -3.84999 -49.7 40.0833268
    endloop
  endfacet
  facet normal 0 -1 0
    outer loop
      vertex -4.17941 -49.7 52.0539268
      vertex -4.17941 -49.7 39.7539268
      vertex -4.03639 -49.7 39.9403268
    endloop
  endfacet
  facet normal 0 -1 -0
    outer loop
      vertex -4.17941 -49.7 52.0539268
      vertex -4.26933 -49.7 39.5368268
      vertex -4.17941 -49.7 39.7539268
    endloop
  endfacet
  facet normal 0 -1 0
    outer loop
      vertex -4.26933 -49.7 52.2710268
      vertex -4.26933 -49.7 39.5368268
      vertex -4.17941 -49.7 52.0539268
    endloop
  endfacet
  facet normal 0 -1 0
    outer loop
      vertex -4.26933 -49.7 39.5368268
      vertex -23.3 -49.7 15.9039268
      vertex -4.29999 -49.7 39.3039268
    endloop
  endfacet
  facet normal 0 -1 -0
    outer loop
      vertex -4.29999 -49.7 39.3039268
      vertex -23.3 -49.7 15.9039268
      vertex -4.29999 -49.7 32.5039268
    endloop
  endfacet
  facet normal 0 -1 -0
    outer loop
      vertex -3.39999 -49.7 31.6039268
      vertex -23.3 -49.7 15.9039268
      vertex 3.39999 -49.7 31.6039268
    endloop
  endfacet
  facet normal 0 -1 -0
    outer loop
      vertex -3.63293 -49.7 31.6346268
      vertex -23.3 -49.7 15.9039268
      vertex -3.39999 -49.7 31.6039268
    endloop
  endfacet
  facet normal 0 -1 -0
    outer loop
      vertex -3.84999 -49.7 31.7245268
      vertex -23.3 -49.7 15.9039268
      vertex -3.63293 -49.7 31.6346268
    endloop
  endfacet
  facet normal 0 -1 -0
    outer loop
      vertex -4.03639 -49.7 31.8675268
      vertex -23.3 -49.7 15.9039268
      vertex -3.84999 -49.7 31.7245268
    endloop
  endfacet
  facet normal 0 -1 -0
    outer loop
      vertex -4.17941 -49.7 32.0539268
      vertex -23.3 -49.7 15.9039268
      vertex -4.03639 -49.7 31.8675268
    endloop
  endfacet
  facet normal 0 -1 -0
    outer loop
      vertex -4.26933 -49.7 32.2710268
      vertex -23.3 -49.7 15.9039268
      vertex -4.17941 -49.7 32.0539268
    endloop
  endfacet
  facet normal 0 -1 -0
    outer loop
      vertex -4.29999 -49.7 32.5039268
      vertex -23.3 -49.7 15.9039268
      vertex -4.26933 -49.7 32.2710268
    endloop
  endfacet
  facet normal 0 -1 0
    outer loop
      vertex 3.39999 -49.7 60.2039268
      vertex 23.3 -49.7 85.8463268
      vertex -3.39999 -49.7 60.2039268
    endloop
  endfacet
  facet normal 0 -1 0
    outer loop
      vertex 3.63293 -49.7 60.1732268
      vertex 23.3 -49.7 85.8463268
      vertex 3.39999 -49.7 60.2039268
    endloop
  endfacet
  facet normal 0 -1 0
    outer loop
      vertex 3.84999 -49.7 60.0833268
      vertex 23.3 -49.7 85.8463268
      vertex 3.63293 -49.7 60.1732268
    endloop
  endfacet
  facet normal 0 -1 0
    outer loop
      vertex 4.03639 -49.7 59.9403268
      vertex 23.3 -49.7 85.8463268
      vertex 3.84999 -49.7 60.0833268
    endloop
  endfacet
  facet normal 0 -1 0
    outer loop
      vertex 4.17941 -49.7 59.7539268
      vertex 23.3 -49.7 85.8463268
      vertex 4.03639 -49.7 59.9403268
    endloop
  endfacet
  facet normal 0 -1 0
    outer loop
      vertex 4.26933 -49.7 59.5368268
      vertex 23.3 -49.7 85.8463268
      vertex 4.17941 -49.7 59.7539268
    endloop
  endfacet
  facet normal 0 -1 0
    outer loop
      vertex 4.29999 -49.7 59.3039268
      vertex 23.3 -49.7 85.8463268
      vertex 4.26933 -49.7 59.5368268
    endloop
  endfacet
  facet normal 0 -1 0
    outer loop
      vertex 4.29999 -49.7 52.5039268
      vertex 23.3 -49.7 85.8463268
      vertex 4.29999 -49.7 59.3039268
    endloop
  endfacet
  facet normal 0 -1 0
    outer loop
      vertex 23.3 -49.7 15.9039268
      vertex 4.29999 -49.7 52.5039268
      vertex 4.26933 -49.7 52.2710268
    endloop
  endfacet
  facet normal 0 -1 0
    outer loop
      vertex 4.26933 -49.7 39.5368268
      vertex 4.26933 -49.7 52.2710268
      vertex 4.17941 -49.7 52.0539268
    endloop
  endfacet
  facet normal 0 -1 0
    outer loop
      vertex 3.39999 -49.7 40.2039268
      vertex 3.39999 -49.7 51.6039268
      vertex -3.39999 -49.7 40.2039268
    endloop
  endfacet
  facet normal 0 -1 0
    outer loop
      vertex 3.39999 -49.7 51.6039268
      vertex 3.39999 -49.7 40.2039268
      vertex 3.63293 -49.7 51.6346268
    endloop
  endfacet
  facet normal 0 -1 0
    outer loop
      vertex 3.63293 -49.7 40.1732268
      vertex 3.63293 -49.7 51.6346268
      vertex 3.39999 -49.7 40.2039268
    endloop
  endfacet
  facet normal 0 -1 0
    outer loop
      vertex 3.63293 -49.7 51.6346268
      vertex 3.63293 -49.7 40.1732268
      vertex 3.84999 -49.7 51.7245268
    endloop
  endfacet
  facet normal 0 -1 0
    outer loop
      vertex 3.84999 -49.7 40.0833268
      vertex 3.84999 -49.7 51.7245268
      vertex 3.63293 -49.7 40.1732268
    endloop
  endfacet
  facet normal 0 -1 0
    outer loop
      vertex 3.84999 -49.7 51.7245268
      vertex 3.84999 -49.7 40.0833268
      vertex 4.03639 -49.7 51.8675268
    endloop
  endfacet
  facet normal 0 -1 0
    outer loop
      vertex 4.03639 -49.7 39.9403268
      vertex 4.03639 -49.7 51.8675268
      vertex 3.84999 -49.7 40.0833268
    endloop
  endfacet
  facet normal 0 -1 0
    outer loop
      vertex 4.03639 -49.7 51.8675268
      vertex 4.03639 -49.7 39.9403268
      vertex 4.17941 -49.7 52.0539268
    endloop
  endfacet
  facet normal 0 -1 0
    outer loop
      vertex 4.17941 -49.7 39.7539268
      vertex 4.17941 -49.7 52.0539268
      vertex 4.03639 -49.7 39.9403268
    endloop
  endfacet
  facet normal 0 -1 0
    outer loop
      vertex 4.26933 -49.7 39.5368268
      vertex 4.17941 -49.7 52.0539268
      vertex 4.17941 -49.7 39.7539268
    endloop
  endfacet
  facet normal 0 -1 0
    outer loop
      vertex 4.26933 -49.7 52.2710268
      vertex 4.26933 -49.7 39.5368268
      vertex 23.3 -49.7 15.9039268
    endloop
  endfacet
  facet normal 0 -1 0
    outer loop
      vertex 23.3 -49.7 15.9039268
      vertex 4.26933 -49.7 39.5368268
      vertex 4.29999 -49.7 39.3039268
    endloop
  endfacet
  facet normal 0 -1 0
    outer loop
      vertex 23.3 -49.7 15.9039268
      vertex 4.29999 -49.7 39.3039268
      vertex 4.29999 -49.7 32.5039268
    endloop
  endfacet
  facet normal 0 -1 0
    outer loop
      vertex 23.3 -49.7 15.9039268
      vertex 4.29999 -49.7 32.5039268
      vertex 4.26933 -49.7 32.2710268
    endloop
  endfacet
  facet normal 0 -1 0
    outer loop
      vertex 23.3 -49.7 15.9039268
      vertex 3.39999 -49.7 31.6039268
      vertex -23.3 -49.7 15.9039268
    endloop
  endfacet
  facet normal 0 -1 0
    outer loop
      vertex 3.39999 -49.7 31.6039268
      vertex 23.3 -49.7 15.9039268
      vertex 3.63293 -49.7 31.6346268
    endloop
  endfacet
  facet normal 0 -1 0
    outer loop
      vertex 4.29999 -49.7 52.5039268
      vertex 23.3 -49.7 15.9039268
      vertex 23.3 -49.7 85.8463268
    endloop
  endfacet
  facet normal 0 -1 0
    outer loop
      vertex 4.17941 -49.7 32.0539268
      vertex 23.3 -49.7 15.9039268
      vertex 4.26933 -49.7 32.2710268
    endloop
  endfacet
  facet normal 0 -1 0
    outer loop
      vertex 4.03639 -49.7 31.8675268
      vertex 23.3 -49.7 15.9039268
      vertex 4.17941 -49.7 32.0539268
    endloop
  endfacet
  facet normal 0 -1 0
    outer loop
      vertex 3.84999 -49.7 31.7245268
      vertex 23.3 -49.7 15.9039268
      vertex 4.03639 -49.7 31.8675268
    endloop
  endfacet
  facet normal 0 -1 0
    outer loop
      vertex 3.63293 -49.7 31.6346268
      vertex 23.3 -49.7 15.9039268
      vertex 3.84999 -49.7 31.7245268
    endloop
  endfacet
  facet normal -0.608729 -0.793378 0
    outer loop
      vertex 24.3 -49.968 15.9039268
      vertex 24.7142 -50.2858 85.8463268
      vertex 24.3 -49.968 85.8463268
    endloop
  endfacet
  facet normal -0.608729 -0.793378 -0
    outer loop
      vertex 24.7142 -50.2858 85.8463268
      vertex 24.3 -49.968 15.9039268
      vertex 24.7142 -50.2858 15.9039268
    endloop
  endfacet
  facet normal 0.793286 0.60885 0
    outer loop
      vertex -24.7142 -69.7142 85.8463268
      vertex -25.0321 -69.3 15.9039268
      vertex -25.0321 -69.3 85.8463268
    endloop
  endfacet
  facet normal 0.793286 0.60885 0
    outer loop
      vertex -25.0321 -69.3 15.9039268
      vertex -24.7142 -69.7142 85.8463268
      vertex -24.7142 -69.7142 15.9039268
    endloop
  endfacet
  facet normal -0.793378 0.608729 0
    outer loop
      vertex 24.7142 -69.7142 15.9039268
      vertex 25.032 -69.3 85.8463268
      vertex 25.032 -69.3 15.9039268
    endloop
  endfacet
  facet normal -0.793378 0.608729 0
    outer loop
      vertex 25.032 -69.3 85.8463268
      vertex 24.7142 -69.7142 15.9039268
      vertex 24.7142 -69.7142 85.8463268
    endloop
  endfacet
endsolid OpenSCAD_Model
