solid OpenSCAD_Model
  facet normal -0.130664 0 -0.991427
    outer loop
      vertex 3.29999 0.299999 12.1615707
      vertex 3.53293 25.7 12.1308707
      vertex 3.53293 0.299999 12.1308707
    endloop
  endfacet
  facet normal -0.130664 0 -0.991427
    outer loop
      vertex 3.53293 25.7 12.1308707
      vertex 3.29999 0.299999 12.1615707
      vertex 3.29999 25.7 12.1615707
    endloop
  endfacet
  facet normal -0 0 1
    outer loop
      vertex -3.29999 25.7 3.7615907
      vertex 3.29999 0.299999 3.7615907
      vertex 3.29999 25.7 3.7615907
    endloop
  endfacet
  facet normal 0 0 1
    outer loop
      vertex 3.29999 0.299999 3.7615907
      vertex -3.29999 25.7 3.7615907
      vertex -3.29999 0.299999 3.7615907
    endloop
  endfacet
  facet normal 0.130664 0 -0.991427
    outer loop
      vertex -3.53293 0.299999 12.1308707
      vertex -3.29999 25.7 12.1615707
      vertex -3.29999 0.299999 12.1615707
    endloop
  endfacet
  facet normal 0.130664 0 -0.991427
    outer loop
      vertex -3.29999 25.7 12.1615707
      vertex -3.53293 0.299999 12.1308707
      vertex -3.53293 25.7 12.1308707
    endloop
  endfacet
  facet normal 0.923857 -0 0.382738
    outer loop
      vertex -4.16933 0.299999 4.4286407
      vertex -4.07941 25.7 4.2115907
      vertex -4.16933 25.7 4.4286407
    endloop
  endfacet
  facet normal 0.923857 0 0.382738
    outer loop
      vertex -4.07941 25.7 4.2115907
      vertex -4.16933 0.299999 4.4286407
      vertex -4.07941 0.299999 4.2115907
    endloop
  endfacet
  facet normal 1 -0 0
    outer loop
      vertex -4.19998 0.299999 11.2615707
      vertex -4.19998 25.7 4.6615807
      vertex -4.19998 25.7 11.2615707
    endloop
  endfacet
  facet normal 1 0 0
    outer loop
      vertex -4.19998 25.7 4.6615807
      vertex -4.19998 0.299999 11.2615707
      vertex -4.19998 0.299999 4.6615807
    endloop
  endfacet
  facet normal -0.130455 0 0.991454
    outer loop
      vertex 3.29999 25.7 3.7615907
      vertex 3.53293 0.299999 3.7922407
      vertex 3.53293 25.7 3.7922407
    endloop
  endfacet
  facet normal -0.130455 0 0.991454
    outer loop
      vertex 3.53293 0.299999 3.7922407
      vertex 3.29999 25.7 3.7615907
      vertex 3.29999 0.299999 3.7615907
    endloop
  endfacet
  facet normal -1 0 0
    outer loop
      vertex 4.19998 0.299999 4.6615807
      vertex 4.19998 25.7 11.2615707
      vertex 4.19998 25.7 4.6615807
    endloop
  endfacet
  facet normal -1 -0 0
    outer loop
      vertex 4.19998 25.7 11.2615707
      vertex 4.19998 0.299999 4.6615807
      vertex 4.19998 0.299999 11.2615707
    endloop
  endfacet
  facet normal 0.991454 -0 0.130455
    outer loop
      vertex -4.19998 0.299999 4.6615807
      vertex -4.16933 25.7 4.4286407
      vertex -4.19998 25.7 4.6615807
    endloop
  endfacet
  facet normal 0.991454 0 0.130455
    outer loop
      vertex -4.16933 25.7 4.4286407
      vertex -4.19998 0.299999 4.6615807
      vertex -4.16933 0.299999 4.4286407
    endloop
  endfacet
  facet normal 0 0 -1
    outer loop
      vertex -3.29999 0.299999 12.1615707
      vertex 3.29999 25.7 12.1615707
      vertex 3.29999 0.299999 12.1615707
    endloop
  endfacet
  facet normal -0 0 -1
    outer loop
      vertex 3.29999 25.7 12.1615707
      vertex -3.29999 0.299999 12.1615707
      vertex -3.29999 25.7 12.1615707
    endloop
  endfacet
  facet normal 0.382738 0 0.923857
    outer loop
      vertex -3.53293 25.7 3.7922407
      vertex -3.74998 0.299999 3.8821607
      vertex -3.53293 0.299999 3.7922407
    endloop
  endfacet
  facet normal 0.382738 0 0.923857
    outer loop
      vertex -3.74998 25.7 3.8821607
      vertex -3.74998 0.299999 3.8821607
      vertex -3.53293 25.7 3.7922407
    endloop
  endfacet
  facet normal 0.130455 0 0.991454
    outer loop
      vertex -3.53293 25.7 3.7922407
      vertex -3.29999 0.299999 3.7615907
      vertex -3.29999 25.7 3.7615907
    endloop
  endfacet
  facet normal 0.130455 0 0.991454
    outer loop
      vertex -3.29999 0.299999 3.7615907
      vertex -3.53293 25.7 3.7922407
      vertex -3.53293 0.299999 3.7922407
    endloop
  endfacet
  facet normal 0.608661 0 -0.79343
    outer loop
      vertex -3.93639 0.299999 11.8979707
      vertex -3.74998 25.7 12.0409707
      vertex -3.74998 0.299999 12.0409707
    endloop
  endfacet
  facet normal 0.608661 0 -0.79343
    outer loop
      vertex -3.93639 0.299999 11.8979707
      vertex -3.93639 25.7 11.8979707
      vertex -3.74998 25.7 12.0409707
    endloop
  endfacet
  facet normal -0.923857 0 0.382738
    outer loop
      vertex 4.07941 0.299999 4.2115907
      vertex 4.16933 25.7 4.4286407
      vertex 4.07941 25.7 4.2115907
    endloop
  endfacet
  facet normal -0.923857 0 0.382738
    outer loop
      vertex 4.16933 25.7 4.4286407
      vertex 4.07941 0.299999 4.2115907
      vertex 4.16933 0.299999 4.4286407
    endloop
  endfacet
  facet normal 0.793389 -0 0.608715
    outer loop
      vertex -4.07941 0.299999 4.2115907
      vertex -3.93639 25.7 4.0251807
      vertex -4.07941 25.7 4.2115907
    endloop
  endfacet
  facet normal 0.793389 0 0.608715
    outer loop
      vertex -3.93639 25.7 4.0251807
      vertex -4.07941 0.299999 4.2115907
      vertex -3.93639 0.299999 4.0251807
    endloop
  endfacet
  facet normal 0.608715 0 0.793389
    outer loop
      vertex -3.74998 25.7 3.8821607
      vertex -3.93639 0.299999 4.0251807
      vertex -3.74998 0.299999 3.8821607
    endloop
  endfacet
  facet normal 0.608715 0 0.793389
    outer loop
      vertex -3.93639 25.7 4.0251807
      vertex -3.93639 0.299999 4.0251807
      vertex -3.74998 25.7 3.8821607
    endloop
  endfacet
  facet normal -0.991454 0 0.130455
    outer loop
      vertex 4.16933 0.299999 4.4286407
      vertex 4.19998 25.7 4.6615807
      vertex 4.16933 25.7 4.4286407
    endloop
  endfacet
  facet normal -0.991454 0 0.130455
    outer loop
      vertex 4.19998 25.7 4.6615807
      vertex 4.16933 0.299999 4.4286407
      vertex 4.19998 0.299999 4.6615807
    endloop
  endfacet
  facet normal 0.382665 0 -0.923887
    outer loop
      vertex -3.74998 0.299999 12.0409707
      vertex -3.53293 25.7 12.1308707
      vertex -3.53293 0.299999 12.1308707
    endloop
  endfacet
  facet normal 0.382665 0 -0.923887
    outer loop
      vertex -3.74998 0.299999 12.0409707
      vertex -3.74998 25.7 12.0409707
      vertex -3.53293 25.7 12.1308707
    endloop
  endfacet
  facet normal -0.793373 0 -0.608735
    outer loop
      vertex 4.07941 0.299999 11.7115707
      vertex 3.93639 25.7 11.8979707
      vertex 4.07941 25.7 11.7115707
    endloop
  endfacet
  facet normal -0.793373 -0 -0.608735
    outer loop
      vertex 3.93639 25.7 11.8979707
      vertex 4.07941 0.299999 11.7115707
      vertex 3.93639 0.299999 11.8979707
    endloop
  endfacet
  facet normal -0.382738 0 0.923857
    outer loop
      vertex 3.53293 25.7 3.7922407
      vertex 3.74998 0.299999 3.8821607
      vertex 3.74998 25.7 3.8821607
    endloop
  endfacet
  facet normal -0.382738 0 0.923857
    outer loop
      vertex 3.74998 0.299999 3.8821607
      vertex 3.53293 25.7 3.7922407
      vertex 3.53293 0.299999 3.7922407
    endloop
  endfacet
  facet normal -0.608715 0 0.793389
    outer loop
      vertex 3.74998 25.7 3.8821607
      vertex 3.93639 0.299999 4.0251807
      vertex 3.93639 25.7 4.0251807
    endloop
  endfacet
  facet normal -0.608715 0 0.793389
    outer loop
      vertex 3.93639 0.299999 4.0251807
      vertex 3.74998 25.7 3.8821607
      vertex 3.74998 0.299999 3.8821607
    endloop
  endfacet
  facet normal -0.382665 0 -0.923887
    outer loop
      vertex 3.53293 0.299999 12.1308707
      vertex 3.74998 25.7 12.0409707
      vertex 3.74998 0.299999 12.0409707
    endloop
  endfacet
  facet normal -0.382665 0 -0.923887
    outer loop
      vertex 3.74998 25.7 12.0409707
      vertex 3.53293 0.299999 12.1308707
      vertex 3.53293 25.7 12.1308707
    endloop
  endfacet
  facet normal 0.991451 0 -0.130477
    outer loop
      vertex -4.16933 0.299999 11.4944707
      vertex -4.19998 25.7 11.2615707
      vertex -4.16933 25.7 11.4944707
    endloop
  endfacet
  facet normal 0.991451 0 -0.130477
    outer loop
      vertex -4.19998 25.7 11.2615707
      vertex -4.16933 0.299999 11.4944707
      vertex -4.19998 0.299999 11.2615707
    endloop
  endfacet
  facet normal -0.991451 0 -0.130477
    outer loop
      vertex 4.19998 0.299999 11.2615707
      vertex 4.16933 25.7 11.4944707
      vertex 4.19998 25.7 11.2615707
    endloop
  endfacet
  facet normal -0.991451 -0 -0.130477
    outer loop
      vertex 4.16933 25.7 11.4944707
      vertex 4.19998 0.299999 11.2615707
      vertex 4.16933 0.299999 11.4944707
    endloop
  endfacet
  facet normal -0.793389 0 0.608715
    outer loop
      vertex 3.93639 25.7 4.0251807
      vertex 4.07941 0.299999 4.2115907
      vertex 4.07941 25.7 4.2115907
    endloop
  endfacet
  facet normal -0.793389 0 0.608715
    outer loop
      vertex 4.07941 0.299999 4.2115907
      vertex 3.93639 25.7 4.0251807
      vertex 3.93639 0.299999 4.0251807
    endloop
  endfacet
  facet normal -0.923888 0 -0.382662
    outer loop
      vertex 4.16933 0.299999 11.4944707
      vertex 4.07941 25.7 11.7115707
      vertex 4.16933 25.7 11.4944707
    endloop
  endfacet
  facet normal -0.923888 -0 -0.382662
    outer loop
      vertex 4.07941 25.7 11.7115707
      vertex 4.16933 0.299999 11.4944707
      vertex 4.07941 0.299999 11.7115707
    endloop
  endfacet
  facet normal 0.923888 0 -0.382662
    outer loop
      vertex -4.07941 0.299999 11.7115707
      vertex -4.16933 25.7 11.4944707
      vertex -4.07941 25.7 11.7115707
    endloop
  endfacet
  facet normal 0.923888 0 -0.382662
    outer loop
      vertex -4.16933 25.7 11.4944707
      vertex -4.07941 0.299999 11.7115707
      vertex -4.16933 0.299999 11.4944707
    endloop
  endfacet
  facet normal -0.608661 0 -0.79343
    outer loop
      vertex 3.74998 0.299999 12.0409707
      vertex 3.93639 25.7 11.8979707
      vertex 3.93639 0.299999 11.8979707
    endloop
  endfacet
  facet normal -0.608661 0 -0.79343
    outer loop
      vertex 3.93639 25.7 11.8979707
      vertex 3.74998 0.299999 12.0409707
      vertex 3.74998 25.7 12.0409707
    endloop
  endfacet
  facet normal 0.793373 0 -0.608735
    outer loop
      vertex -3.93639 25.7 11.8979707
      vertex -4.07941 0.299999 11.7115707
      vertex -4.07941 25.7 11.7115707
    endloop
  endfacet
  facet normal 0.793373 0 -0.608735
    outer loop
      vertex -4.07941 0.299999 11.7115707
      vertex -3.93639 25.7 11.8979707
      vertex -3.93639 0.299999 11.8979707
    endloop
  endfacet
  facet normal 0.0896133 -0.726967 0.680799
    outer loop
      vertex -3.70947 0.0384293 3.5361707
      vertex -3.53293 0.299999 3.7922407
      vertex -3.74586 0.0384293 3.5409607
    endloop
  endfacet
  facet normal 0.0895807 -0.726959 0.680813
    outer loop
      vertex -3.53293 0.299999 3.7922407
      vertex -3.70947 0.0384293 3.5361707
      vertex -3.29999 0.299999 3.7615907
    endloop
  endfacet
  facet normal -0.0895575 -0.726914 -0.680864
    outer loop
      vertex 3.70947 0.0384293 12.3869707
      vertex 3.49888 0.0384293 12.4146707
      vertex 3.29999 0.299999 12.1615707
    endloop
  endfacet
  facet normal 0.244459 -0.767879 -0.592116
    outer loop
      vertex -3.74998 0.299999 12.0409707
      vertex -3.94209 0.0384293 12.3008707
      vertex -3.976 0.0384293 12.2868707
    endloop
  endfacet
  facet normal 0.245092 -0.767969 -0.591738
    outer loop
      vertex -3.94209 0.0384293 12.3008707
      vertex -3.74998 0.299999 12.0409707
      vertex -3.53293 0.299999 12.1308707
    endloop
  endfacet
  facet normal -0.0897141 -0.727032 -0.680717
    outer loop
      vertex 3.53293 0.299999 12.1308707
      vertex 3.70947 0.0384293 12.3869707
      vertex 3.29999 0.299999 12.1615707
    endloop
  endfacet
  facet normal -0.0897856 -0.727052 -0.680687
    outer loop
      vertex 3.70947 0.0384293 12.3869707
      vertex 3.53293 0.299999 12.1308707
      vertex 3.74586 0.0384293 12.3821707
    endloop
  endfacet
  facet normal -0.245138 -0.768001 -0.591678
    outer loop
      vertex 3.94209 0.0384293 12.3008707
      vertex 3.74586 0.0384293 12.3821707
      vertex 3.53293 0.299999 12.1308707
    endloop
  endfacet
  facet normal 0.376312 -0.786046 -0.490428
    outer loop
      vertex -4.17363 0.0384293 12.1351707
      vertex -3.93639 0.299999 11.8979707
      vertex -4.00512 0.0384293 12.2644707
    endloop
  endfacet
  facet normal -0.245132 -0.767984 0.591702
    outer loop
      vertex 3.94209 0.0384293 3.6222507
      vertex 3.74998 0.299999 3.8821607
      vertex 3.53293 0.299999 3.7922407
    endloop
  endfacet
  facet normal -0.245155 -0.767988 0.591688
    outer loop
      vertex 3.74998 0.299999 3.8821607
      vertex 3.94209 0.0384293 3.6222507
      vertex 3.976 0.0384293 3.6363007
    endloop
  endfacet
  facet normal 0.0897856 -0.727052 -0.680687
    outer loop
      vertex -3.53293 0.299999 12.1308707
      vertex -3.70947 0.0384293 12.3869707
      vertex -3.74586 0.0384293 12.3821707
    endloop
  endfacet
  facet normal 0.0897141 -0.727032 -0.680717
    outer loop
      vertex -3.70947 0.0384293 12.3869707
      vertex -3.53293 0.299999 12.1308707
      vertex -3.29999 0.299999 12.1615707
    endloop
  endfacet
  facet normal 0.718605 -0.695419 0
    outer loop
      vertex -4.45311 0.0384293 11.4604707
      vertex -4.19998 0.299999 4.6615807
      vertex -4.19998 0.299999 11.2615707
    endloop
  endfacet
  facet normal 0.718605 -0.695419 0
    outer loop
      vertex -4.19998 0.299999 4.6615807
      vertex -4.45311 0.0384293 11.4604707
      vertex -4.45311 0.0384293 4.4626907
    endloop
  endfacet
  facet normal 0.0895829 -0.72696 0.680811
    outer loop
      vertex -3.49888 0.0384293 3.5084607
      vertex -3.29999 0.299999 3.7615907
      vertex -3.70947 0.0384293 3.5361707
    endloop
  endfacet
  facet normal -0.680799 -0.726971 -0.0895887
    outer loop
      vertex 4.16933 0.299999 11.4944707
      vertex 4.4254 0.0384293 11.6710707
      vertex 4.42061 0.0384293 11.7074707
    endloop
  endfacet
  facet normal -0.680797 -0.726972 -0.0895939
    outer loop
      vertex 4.4254 0.0384293 11.6710707
      vertex 4.16933 0.299999 11.4944707
      vertex 4.19998 0.299999 11.2615707
    endloop
  endfacet
  facet normal -0.37629 -0.786075 0.490399
    outer loop
      vertex 3.93639 0.299999 4.0251807
      vertex 4.00512 0.0384293 3.6586407
      vertex 4.17363 0.0384293 3.7879407
    endloop
  endfacet
  facet normal 0.490422 -0.786072 0.376268
    outer loop
      vertex -4.19597 0.0384293 3.8170607
      vertex -3.93639 0.299999 4.0251807
      vertex -4.07941 0.299999 4.2115907
    endloop
  endfacet
  facet normal 0.490437 -0.786072 0.376249
    outer loop
      vertex -3.93639 0.299999 4.0251807
      vertex -4.19597 0.0384293 3.8170607
      vertex -4.17363 0.0384293 3.7879407
    endloop
  endfacet
  facet normal 0.245155 -0.767988 0.591688
    outer loop
      vertex -3.94209 0.0384293 3.6222507
      vertex -3.74998 0.299999 3.8821607
      vertex -3.976 0.0384293 3.6363007
    endloop
  endfacet
  facet normal 0.245132 -0.767984 0.591702
    outer loop
      vertex -3.74998 0.299999 3.8821607
      vertex -3.94209 0.0384293 3.6222507
      vertex -3.53293 0.299999 3.7922407
    endloop
  endfacet
  facet normal -0.0895807 -0.726959 0.680813
    outer loop
      vertex 3.70947 0.0384293 3.5361707
      vertex 3.53293 0.299999 3.7922407
      vertex 3.29999 0.299999 3.7615907
    endloop
  endfacet
  facet normal -0.0896133 -0.726967 0.680799
    outer loop
      vertex 3.53293 0.299999 3.7922407
      vertex 3.70947 0.0384293 3.5361707
      vertex 3.74586 0.0384293 3.5409607
    endloop
  endfacet
  facet normal 0 -0.695419 0.718605
    outer loop
      vertex -3.29999 0.299999 3.7615907
      vertex 3.49888 0.0384293 3.5084607
      vertex 3.29999 0.299999 3.7615907
    endloop
  endfacet
  facet normal 0 -0.695419 0.718605
    outer loop
      vertex 3.49888 0.0384293 3.5084607
      vertex -3.29999 0.299999 3.7615907
      vertex -3.49888 0.0384293 3.5084607
    endloop
  endfacet
  facet normal 0.490391 -0.786073 -0.376306
    outer loop
      vertex -4.07941 0.299999 11.7115707
      vertex -4.19597 0.0384293 12.1060707
      vertex -4.32527 0.0384293 11.9375707
    endloop
  endfacet
  facet normal 0.680811 -0.72696 0.0895829
    outer loop
      vertex -4.4254 0.0384293 4.2521007
      vertex -4.19998 0.299999 4.6615807
      vertex -4.45311 0.0384293 4.4626907
    endloop
  endfacet
  facet normal 0.0895575 -0.726914 -0.680864
    outer loop
      vertex -3.29999 0.299999 12.1615707
      vertex -3.49888 0.0384293 12.4146707
      vertex -3.70947 0.0384293 12.3869707
    endloop
  endfacet
  facet normal 0 -0.695376 -0.718646
    outer loop
      vertex 3.49888 0.0384293 12.4146707
      vertex -3.29999 0.299999 12.1615707
      vertex 3.29999 0.299999 12.1615707
    endloop
  endfacet
  facet normal 0 -0.695376 -0.718646
    outer loop
      vertex -3.29999 0.299999 12.1615707
      vertex 3.49888 0.0384293 12.4146707
      vertex -3.49888 0.0384293 12.4146707
    endloop
  endfacet
  facet normal 0.245138 -0.768001 -0.591678
    outer loop
      vertex -3.53293 0.299999 12.1308707
      vertex -3.74586 0.0384293 12.3821707
      vertex -3.94209 0.0384293 12.3008707
    endloop
  endfacet
  facet normal -0.591684 -0.767968 -0.245226
    outer loop
      vertex 4.07941 0.299999 11.7115707
      vertex 4.42061 0.0384293 11.7074707
      vertex 4.40656 0.0384293 11.7413707
    endloop
  endfacet
  facet normal -0.591706 -0.767999 -0.245077
    outer loop
      vertex 4.42061 0.0384293 11.7074707
      vertex 4.07941 0.299999 11.7115707
      vertex 4.16933 0.299999 11.4944707
    endloop
  endfacet
  facet normal 0.245123 -0.767978 0.591714
    outer loop
      vertex -3.74586 0.0384293 3.5409607
      vertex -3.53293 0.299999 3.7922407
      vertex -3.94209 0.0384293 3.6222507
    endloop
  endfacet
  facet normal -0.0895829 -0.72696 0.680811
    outer loop
      vertex 3.49888 0.0384293 3.5084607
      vertex 3.70947 0.0384293 3.5361707
      vertex 3.29999 0.299999 3.7615907
    endloop
  endfacet
  facet normal 0.680811 -0.726961 -0.0895787
    outer loop
      vertex -4.19998 0.299999 11.2615707
      vertex -4.4254 0.0384293 11.6710707
      vertex -4.45311 0.0384293 11.4604707
    endloop
  endfacet
  facet normal -0.490392 -0.786083 0.376284
    outer loop
      vertex 4.19597 0.0384293 3.8170607
      vertex 4.32527 0.0384293 3.9855707
      vertex 4.07941 0.299999 4.2115907
    endloop
  endfacet
  facet normal 0.680813 -0.726959 0.0895807
    outer loop
      vertex -4.4254 0.0384293 4.2521007
      vertex -4.16933 0.299999 4.4286407
      vertex -4.19998 0.299999 4.6615807
    endloop
  endfacet
  facet normal 0.680799 -0.726967 0.0896133
    outer loop
      vertex -4.16933 0.299999 4.4286407
      vertex -4.4254 0.0384293 4.2521007
      vertex -4.42061 0.0384293 4.2157107
    endloop
  endfacet
  facet normal 0.591706 -0.76798 0.245134
    outer loop
      vertex -4.42061 0.0384293 4.2157107
      vertex -4.07941 0.299999 4.2115907
      vertex -4.16933 0.299999 4.4286407
    endloop
  endfacet
  facet normal 0.591702 -0.767974 0.245161
    outer loop
      vertex -4.07941 0.299999 4.2115907
      vertex -4.42061 0.0384293 4.2157107
      vertex -4.40656 0.0384293 4.1818007
    endloop
  endfacet
  facet normal -0.718605 -0.695419 0
    outer loop
      vertex 4.45311 0.0384293 4.4626907
      vertex 4.19998 0.299999 11.2615707
      vertex 4.19998 0.299999 4.6615807
    endloop
  endfacet
  facet normal -0.718605 -0.695419 0
    outer loop
      vertex 4.19998 0.299999 11.2615707
      vertex 4.45311 0.0384293 4.4626907
      vertex 4.45311 0.0384293 11.4604707
    endloop
  endfacet
  facet normal 0.680799 -0.726971 -0.0895887
    outer loop
      vertex -4.4254 0.0384293 11.6710707
      vertex -4.16933 0.299999 11.4944707
      vertex -4.42061 0.0384293 11.7074707
    endloop
  endfacet
  facet normal 0.680797 -0.726972 -0.0895939
    outer loop
      vertex -4.16933 0.299999 11.4944707
      vertex -4.4254 0.0384293 11.6710707
      vertex -4.19998 0.299999 11.2615707
    endloop
  endfacet
  facet normal -0.37626 -0.786083 0.490411
    outer loop
      vertex 3.74998 0.299999 3.8821607
      vertex 4.00512 0.0384293 3.6586407
      vertex 3.93639 0.299999 4.0251807
    endloop
  endfacet
  facet normal -0.376242 -0.78608 0.490428
    outer loop
      vertex 3.74998 0.299999 3.8821607
      vertex 3.976 0.0384293 3.6363007
      vertex 4.00512 0.0384293 3.6586407
    endloop
  endfacet
  facet normal 0.376241 -0.786064 -0.490455
    outer loop
      vertex -4.00512 0.0384293 12.2644707
      vertex -3.93639 0.299999 11.8979707
      vertex -3.74998 0.299999 12.0409707
    endloop
  endfacet
  facet normal 0.376828 -0.786143 -0.489877
    outer loop
      vertex -3.74998 0.299999 12.0409707
      vertex -3.976 0.0384293 12.2868707
      vertex -4.00512 0.0384293 12.2644707
    endloop
  endfacet
  facet normal -0.680811 -0.72696 0.0895829
    outer loop
      vertex 4.4254 0.0384293 4.2521007
      vertex 4.45311 0.0384293 4.4626907
      vertex 4.19998 0.299999 4.6615807
    endloop
  endfacet
  facet normal -0.245123 -0.767978 0.591714
    outer loop
      vertex 3.74586 0.0384293 3.5409607
      vertex 3.94209 0.0384293 3.6222507
      vertex 3.53293 0.299999 3.7922407
    endloop
  endfacet
  facet normal -0.680811 -0.726961 -0.0895787
    outer loop
      vertex 4.45311 0.0384293 11.4604707
      vertex 4.4254 0.0384293 11.6710707
      vertex 4.19998 0.299999 11.2615707
    endloop
  endfacet
  facet normal 0.591699 -0.767979 -0.245154
    outer loop
      vertex -4.07941 0.299999 11.7115707
      vertex -4.32527 0.0384293 11.9375707
      vertex -4.40656 0.0384293 11.7413707
    endloop
  endfacet
  facet normal 0.490423 -0.786061 -0.376289
    outer loop
      vertex -4.19597 0.0384293 12.1060707
      vertex -4.07941 0.299999 11.7115707
      vertex -3.93639 0.299999 11.8979707
    endloop
  endfacet
  facet normal 0.490321 -0.786063 -0.376418
    outer loop
      vertex -3.93639 0.299999 11.8979707
      vertex -4.17363 0.0384293 12.1351707
      vertex -4.19597 0.0384293 12.1060707
    endloop
  endfacet
  facet normal 0.37629 -0.786075 0.490399
    outer loop
      vertex -4.00512 0.0384293 3.6586407
      vertex -3.93639 0.299999 4.0251807
      vertex -4.17363 0.0384293 3.7879407
    endloop
  endfacet
  facet normal 0.37626 -0.786083 0.490411
    outer loop
      vertex -4.00512 0.0384293 3.6586407
      vertex -3.74998 0.299999 3.8821607
      vertex -3.93639 0.299999 4.0251807
    endloop
  endfacet
  facet normal 0.376242 -0.78608 0.490428
    outer loop
      vertex -3.976 0.0384293 3.6363007
      vertex -3.74998 0.299999 3.8821607
      vertex -4.00512 0.0384293 3.6586407
    endloop
  endfacet
  facet normal -0.591699 -0.767979 -0.245154
    outer loop
      vertex 4.40656 0.0384293 11.7413707
      vertex 4.32527 0.0384293 11.9375707
      vertex 4.07941 0.299999 11.7115707
    endloop
  endfacet
  facet normal -0.591711 -0.76798 0.245121
    outer loop
      vertex 4.32527 0.0384293 3.9855707
      vertex 4.40656 0.0384293 4.1818007
      vertex 4.07941 0.299999 4.2115907
    endloop
  endfacet
  facet normal -0.490391 -0.786073 -0.376306
    outer loop
      vertex 4.32527 0.0384293 11.9375707
      vertex 4.19597 0.0384293 12.1060707
      vertex 4.07941 0.299999 11.7115707
    endloop
  endfacet
  facet normal -0.376828 -0.786143 -0.489877
    outer loop
      vertex 3.976 0.0384293 12.2868707
      vertex 3.74998 0.299999 12.0409707
      vertex 4.00512 0.0384293 12.2644707
    endloop
  endfacet
  facet normal -0.376241 -0.786064 -0.490455
    outer loop
      vertex 4.00512 0.0384293 12.2644707
      vertex 3.74998 0.299999 12.0409707
      vertex 3.93639 0.299999 11.8979707
    endloop
  endfacet
  facet normal 0.490392 -0.786083 0.376284
    outer loop
      vertex -4.19597 0.0384293 3.8170607
      vertex -4.07941 0.299999 4.2115907
      vertex -4.32527 0.0384293 3.9855707
    endloop
  endfacet
  facet normal 0.591711 -0.76798 0.245121
    outer loop
      vertex -4.32527 0.0384293 3.9855707
      vertex -4.07941 0.299999 4.2115907
      vertex -4.40656 0.0384293 4.1818007
    endloop
  endfacet
  facet normal -0.490422 -0.786072 0.376268
    outer loop
      vertex 3.93639 0.299999 4.0251807
      vertex 4.19597 0.0384293 3.8170607
      vertex 4.07941 0.299999 4.2115907
    endloop
  endfacet
  facet normal -0.490437 -0.786072 0.376249
    outer loop
      vertex 4.19597 0.0384293 3.8170607
      vertex 3.93639 0.299999 4.0251807
      vertex 4.17363 0.0384293 3.7879407
    endloop
  endfacet
  facet normal -0.591706 -0.76798 0.245134
    outer loop
      vertex 4.07941 0.299999 4.2115907
      vertex 4.42061 0.0384293 4.2157107
      vertex 4.16933 0.299999 4.4286407
    endloop
  endfacet
  facet normal -0.591702 -0.767974 0.245161
    outer loop
      vertex 4.42061 0.0384293 4.2157107
      vertex 4.07941 0.299999 4.2115907
      vertex 4.40656 0.0384293 4.1818007
    endloop
  endfacet
  facet normal -0.680813 -0.726959 0.0895807
    outer loop
      vertex 4.16933 0.299999 4.4286407
      vertex 4.4254 0.0384293 4.2521007
      vertex 4.19998 0.299999 4.6615807
    endloop
  endfacet
  facet normal -0.680799 -0.726967 0.0896133
    outer loop
      vertex 4.4254 0.0384293 4.2521007
      vertex 4.16933 0.299999 4.4286407
      vertex 4.42061 0.0384293 4.2157107
    endloop
  endfacet
  facet normal -0.490321 -0.786063 -0.376418
    outer loop
      vertex 4.17363 0.0384293 12.1351707
      vertex 3.93639 0.299999 11.8979707
      vertex 4.19597 0.0384293 12.1060707
    endloop
  endfacet
  facet normal -0.490423 -0.786061 -0.376289
    outer loop
      vertex 4.19597 0.0384293 12.1060707
      vertex 3.93639 0.299999 11.8979707
      vertex 4.07941 0.299999 11.7115707
    endloop
  endfacet
  facet normal -0.376312 -0.786046 -0.490428
    outer loop
      vertex 3.93639 0.299999 11.8979707
      vertex 4.17363 0.0384293 12.1351707
      vertex 4.00512 0.0384293 12.2644707
    endloop
  endfacet
  facet normal 0.591684 -0.767968 -0.245226
    outer loop
      vertex -4.42061 0.0384293 11.7074707
      vertex -4.07941 0.299999 11.7115707
      vertex -4.40656 0.0384293 11.7413707
    endloop
  endfacet
  facet normal 0.591706 -0.767999 -0.245077
    outer loop
      vertex -4.07941 0.299999 11.7115707
      vertex -4.42061 0.0384293 11.7074707
      vertex -4.16933 0.299999 11.4944707
    endloop
  endfacet
  facet normal -0.245092 -0.767969 -0.591738
    outer loop
      vertex 3.74998 0.299999 12.0409707
      vertex 3.94209 0.0384293 12.3008707
      vertex 3.53293 0.299999 12.1308707
    endloop
  endfacet
  facet normal -0.244459 -0.767879 -0.592116
    outer loop
      vertex 3.94209 0.0384293 12.3008707
      vertex 3.74998 0.299999 12.0409707
      vertex 3.976 0.0384293 12.2868707
    endloop
  endfacet
  facet normal -0.376317 0.78604 0.490435
    outer loop
      vertex 4.17363 25.9616 3.7879407
      vertex 4.00512 25.9616 3.6586407
      vertex 3.93639 25.7 4.0251807
    endloop
  endfacet
  facet normal -0.089563 0.726874 -0.680905
    outer loop
      vertex 3.49888 25.9616 12.4146707
      vertex 3.70947 25.9616 12.3869707
      vertex 3.29999 25.7 12.1615707
    endloop
  endfacet
  facet normal 0.376339 0.786012 -0.490463
    outer loop
      vertex -4.00512 25.9616 12.2644707
      vertex -3.93639 25.7 11.8979707
      vertex -4.17363 25.9616 12.1351707
    endloop
  endfacet
  facet normal -0.0897911 0.727012 -0.680729
    outer loop
      vertex 3.53293 25.7 12.1308707
      vertex 3.70947 25.9616 12.3869707
      vertex 3.74586 25.9616 12.3821707
    endloop
  endfacet
  facet normal -0.0897196 0.726993 -0.680758
    outer loop
      vertex 3.70947 25.9616 12.3869707
      vertex 3.53293 25.7 12.1308707
      vertex 3.29999 25.7 12.1615707
    endloop
  endfacet
  facet normal -0.244478 0.767839 -0.592161
    outer loop
      vertex 3.77977 25.9616 12.3681707
      vertex 3.53293 25.7 12.1308707
      vertex 3.74586 25.9616 12.3821707
    endloop
  endfacet
  facet normal -0.24508 0.767996 -0.591708
    outer loop
      vertex 3.53293 25.7 12.1308707
      vertex 3.77977 25.9616 12.3681707
      vertex 3.74998 25.7 12.0409707
    endloop
  endfacet
  facet normal 0.245151 0.767942 0.591749
    outer loop
      vertex -3.53293 25.7 3.7922407
      vertex -3.77977 25.9616 3.5550107
      vertex -3.74998 25.7 3.8821607
    endloop
  endfacet
  facet normal 0.245173 0.767948 0.591732
    outer loop
      vertex -3.77977 25.9616 3.5550107
      vertex -3.53293 25.7 3.7922407
      vertex -3.74586 25.9616 3.5409607
    endloop
  endfacet
  facet normal 0 0.695377 0.718645
    outer loop
      vertex 3.49888 25.9616 3.5084607
      vertex -3.29999 25.7 3.7615907
      vertex 3.29999 25.7 3.7615907
    endloop
  endfacet
  facet normal 0 0.695377 0.718645
    outer loop
      vertex -3.29999 25.7 3.7615907
      vertex 3.49888 25.9616 3.5084607
      vertex -3.49888 25.9616 3.5084607
    endloop
  endfacet
  facet normal -0.591751 0.767944 0.245138
    outer loop
      vertex 4.40656 25.9616 4.1818007
      vertex 4.32527 25.9616 3.9855707
      vertex 4.07941 25.7 4.2115907
    endloop
  endfacet
  facet normal 0.718645 0.695377 0
    outer loop
      vertex -4.19998 25.7 11.2615707
      vertex -4.45311 25.9616 4.4626907
      vertex -4.45311 25.9616 11.4604707
    endloop
  endfacet
  facet normal 0.718645 0.695377 0
    outer loop
      vertex -4.45311 25.9616 4.4626907
      vertex -4.19998 25.7 11.2615707
      vertex -4.19998 25.7 4.6615807
    endloop
  endfacet
  facet normal 0 0.695334 -0.718686
    outer loop
      vertex -3.29999 25.7 12.1615707
      vertex 3.49888 25.9616 12.4146707
      vertex 3.29999 25.7 12.1615707
    endloop
  endfacet
  facet normal 0 0.695334 -0.718686
    outer loop
      vertex 3.49888 25.9616 12.4146707
      vertex -3.29999 25.7 12.1615707
      vertex -3.49888 25.9616 12.4146707
    endloop
  endfacet
  facet normal -0.680855 0.726919 0.0895861
    outer loop
      vertex 4.4254 25.9616 4.2521007
      vertex 4.16933 25.7 4.4286407
      vertex 4.19998 25.7 4.6615807
    endloop
  endfacet
  facet normal -0.680841 0.726928 0.0896188
    outer loop
      vertex 4.16933 25.7 4.4286407
      vertex 4.4254 25.9616 4.2521007
      vertex 4.42061 25.9616 4.2157107
    endloop
  endfacet
  facet normal -0.0895884 0.726921 0.680853
    outer loop
      vertex 3.70947 25.9616 3.5361707
      vertex 3.49888 25.9616 3.5084607
      vertex 3.29999 25.7 3.7615907
    endloop
  endfacet
  facet normal -0.490435 0.78604 0.376317
    outer loop
      vertex 4.30293 25.9616 3.9564507
      vertex 4.17363 25.9616 3.7879407
      vertex 3.93639 25.7 4.0251807
    endloop
  endfacet
  facet normal -0.59174 0.767942 -0.245171
    outer loop
      vertex 4.32527 25.9616 11.9375707
      vertex 4.40656 25.9616 11.7413707
      vertex 4.07941 25.7 11.7115707
    endloop
  endfacet
  facet normal -0.680853 0.726921 -0.0895842
    outer loop
      vertex 4.4254 25.9616 11.6710707
      vertex 4.45311 25.9616 11.4604707
      vertex 4.19998 25.7 11.2615707
    endloop
  endfacet
  facet normal 0.490445 0.786019 -0.376347
    outer loop
      vertex -4.17363 25.9616 12.1351707
      vertex -3.93639 25.7 11.8979707
      vertex -4.30293 25.9616 11.9666707
    endloop
  endfacet
  facet normal 0.0895861 0.726919 0.680855
    outer loop
      vertex -3.70947 25.9616 3.5361707
      vertex -3.53293 25.7 3.7922407
      vertex -3.29999 25.7 3.7615907
    endloop
  endfacet
  facet normal 0.0896188 0.726928 0.680841
    outer loop
      vertex -3.53293 25.7 3.7922407
      vertex -3.70947 25.9616 3.5361707
      vertex -3.74586 25.9616 3.5409607
    endloop
  endfacet
  facet normal -0.490445 0.786019 -0.376347
    outer loop
      vertex 4.17363 25.9616 12.1351707
      vertex 4.30293 25.9616 11.9666707
      vertex 3.93639 25.7 11.8979707
    endloop
  endfacet
  facet normal -0.591747 0.767943 0.24515
    outer loop
      vertex 4.42061 25.9616 4.2157107
      vertex 4.07941 25.7 4.2115907
      vertex 4.16933 25.7 4.4286407
    endloop
  endfacet
  facet normal -0.591743 0.767938 0.245178
    outer loop
      vertex 4.07941 25.7 4.2115907
      vertex 4.42061 25.9616 4.2157107
      vertex 4.40656 25.9616 4.1818007
    endloop
  endfacet
  facet normal -0.0896188 0.726928 0.680841
    outer loop
      vertex 3.70947 25.9616 3.5361707
      vertex 3.53293 25.7 3.7922407
      vertex 3.74586 25.9616 3.5409607
    endloop
  endfacet
  facet normal -0.0895861 0.726919 0.680855
    outer loop
      vertex 3.53293 25.7 3.7922407
      vertex 3.70947 25.9616 3.5361707
      vertex 3.29999 25.7 3.7615907
    endloop
  endfacet
  facet normal 0.680855 0.726919 0.0895861
    outer loop
      vertex -4.16933 25.7 4.4286407
      vertex -4.4254 25.9616 4.2521007
      vertex -4.19998 25.7 4.6615807
    endloop
  endfacet
  facet normal 0.680841 0.726928 0.0896188
    outer loop
      vertex -4.4254 25.9616 4.2521007
      vertex -4.16933 25.7 4.4286407
      vertex -4.42061 25.9616 4.2157107
    endloop
  endfacet
  facet normal -0.591724 0.767931 -0.245243
    outer loop
      vertex 4.42061 25.9616 11.7074707
      vertex 4.07941 25.7 11.7115707
      vertex 4.40656 25.9616 11.7413707
    endloop
  endfacet
  facet normal -0.591746 0.767962 -0.245094
    outer loop
      vertex 4.07941 25.7 11.7115707
      vertex 4.42061 25.9616 11.7074707
      vertex 4.16933 25.7 11.4944707
    endloop
  endfacet
  facet normal 0.0897196 0.726993 -0.680758
    outer loop
      vertex -3.53293 25.7 12.1308707
      vertex -3.70947 25.9616 12.3869707
      vertex -3.29999 25.7 12.1615707
    endloop
  endfacet
  facet normal 0.0897911 0.727012 -0.680729
    outer loop
      vertex -3.70947 25.9616 12.3869707
      vertex -3.53293 25.7 12.1308707
      vertex -3.74586 25.9616 12.3821707
    endloop
  endfacet
  facet normal -0.680853 0.726921 0.0895884
    outer loop
      vertex 4.45311 25.9616 4.4626907
      vertex 4.4254 25.9616 4.2521007
      vertex 4.19998 25.7 4.6615807
    endloop
  endfacet
  facet normal 0.591747 0.767943 0.24515
    outer loop
      vertex -4.07941 25.7 4.2115907
      vertex -4.42061 25.9616 4.2157107
      vertex -4.16933 25.7 4.4286407
    endloop
  endfacet
  facet normal 0.591743 0.767938 0.245178
    outer loop
      vertex -4.42061 25.9616 4.2157107
      vertex -4.07941 25.7 4.2115907
      vertex -4.40656 25.9616 4.1818007
    endloop
  endfacet
  facet normal -0.490463 0.786046 0.376269
    outer loop
      vertex 4.30293 25.9616 3.9564507
      vertex 4.07941 25.7 4.2115907
      vertex 4.32527 25.9616 3.9855707
    endloop
  endfacet
  facet normal -0.490446 0.786048 0.376286
    outer loop
      vertex 4.07941 25.7 4.2115907
      vertex 4.30293 25.9616 3.9564507
      vertex 3.93639 25.7 4.0251807
    endloop
  endfacet
  facet normal 0.680853 0.726921 0.0895884
    outer loop
      vertex -4.19998 25.7 4.6615807
      vertex -4.4254 25.9616 4.2521007
      vertex -4.45311 25.9616 4.4626907
    endloop
  endfacet
  facet normal 0.245156 0.767984 -0.591692
    outer loop
      vertex -3.77977 25.9616 12.3681707
      vertex -3.74998 25.7 12.0409707
      vertex -3.97599 25.9616 12.2868707
    endloop
  endfacet
  facet normal 0.490446 0.786048 0.376286
    outer loop
      vertex -4.30293 25.9616 3.9564507
      vertex -4.07941 25.7 4.2115907
      vertex -3.93639 25.7 4.0251807
    endloop
  endfacet
  facet normal 0.490463 0.786046 0.376269
    outer loop
      vertex -4.07941 25.7 4.2115907
      vertex -4.30293 25.9616 3.9564507
      vertex -4.32527 25.9616 3.9855707
    endloop
  endfacet
  facet normal -0.718645 0.695377 0
    outer loop
      vertex 4.19998 25.7 4.6615807
      vertex 4.45311 25.9616 11.4604707
      vertex 4.45311 25.9616 4.4626907
    endloop
  endfacet
  facet normal -0.718645 0.695377 0
    outer loop
      vertex 4.45311 25.9616 11.4604707
      vertex 4.19998 25.7 4.6615807
      vertex 4.19998 25.7 11.2615707
    endloop
  endfacet
  facet normal -0.24515 0.767942 0.591749
    outer loop
      vertex 3.97599 25.9616 3.6363007
      vertex 3.77977 25.9616 3.5550107
      vertex 3.74998 25.7 3.8821607
    endloop
  endfacet
  facet normal 0.0895884 0.726921 0.680853
    outer loop
      vertex -3.29999 25.7 3.7615907
      vertex -3.49888 25.9616 3.5084607
      vertex -3.70947 25.9616 3.5361707
    endloop
  endfacet
  facet normal 0.59174 0.767942 -0.245171
    outer loop
      vertex -4.32527 25.9616 11.9375707
      vertex -4.07941 25.7 11.7115707
      vertex -4.40656 25.9616 11.7413707
    endloop
  endfacet
  facet normal -0.376286 0.786048 0.490446
    outer loop
      vertex 4.00512 25.9616 3.6586407
      vertex 3.74998 25.7 3.8821607
      vertex 3.93639 25.7 4.0251807
    endloop
  endfacet
  facet normal -0.376195 0.786036 0.490536
    outer loop
      vertex 3.74998 25.7 3.8821607
      vertex 4.00512 25.9616 3.6586407
      vertex 3.97599 25.9616 3.6363007
    endloop
  endfacet
  facet normal -0.245156 0.767984 -0.591692
    outer loop
      vertex 3.77977 25.9616 12.3681707
      vertex 3.97599 25.9616 12.2868707
      vertex 3.74998 25.7 12.0409707
    endloop
  endfacet
  facet normal 0.089563 0.726874 -0.680905
    outer loop
      vertex -3.49888 25.9616 12.4146707
      vertex -3.29999 25.7 12.1615707
      vertex -3.70947 25.9616 12.3869707
    endloop
  endfacet
  facet normal 0.680841 0.726931 -0.0895941
    outer loop
      vertex -4.16933 25.7 11.4944707
      vertex -4.4254 25.9616 11.6710707
      vertex -4.42061 25.9616 11.7074707
    endloop
  endfacet
  facet normal 0.680838 0.726933 -0.0895994
    outer loop
      vertex -4.4254 25.9616 11.6710707
      vertex -4.16933 25.7 11.4944707
      vertex -4.19998 25.7 11.2615707
    endloop
  endfacet
  facet normal -0.49034 0.786044 -0.376433
    outer loop
      vertex 4.07941 25.7 11.7115707
      vertex 4.30293 25.9616 11.9666707
      vertex 4.32527 25.9616 11.9375707
    endloop
  endfacet
  facet normal -0.490457 0.786028 -0.376315
    outer loop
      vertex 4.30293 25.9616 11.9666707
      vertex 4.07941 25.7 11.7115707
      vertex 3.93639 25.7 11.8979707
    endloop
  endfacet
  facet normal 0.24515 0.767942 0.591749
    outer loop
      vertex -3.74998 25.7 3.8821607
      vertex -3.77977 25.9616 3.5550107
      vertex -3.97599 25.9616 3.6363007
    endloop
  endfacet
  facet normal 0.376317 0.78604 0.490435
    outer loop
      vertex -3.93639 25.7 4.0251807
      vertex -4.00512 25.9616 3.6586407
      vertex -4.17363 25.9616 3.7879407
    endloop
  endfacet
  facet normal -0.376339 0.786012 -0.490463
    outer loop
      vertex 4.00512 25.9616 12.2644707
      vertex 4.17363 25.9616 12.1351707
      vertex 3.93639 25.7 11.8979707
    endloop
  endfacet
  facet normal -0.376781 0.786099 -0.489984
    outer loop
      vertex 4.00512 25.9616 12.2644707
      vertex 3.74998 25.7 12.0409707
      vertex 3.97599 25.9616 12.2868707
    endloop
  endfacet
  facet normal -0.376268 0.78603 -0.49049
    outer loop
      vertex 3.74998 25.7 12.0409707
      vertex 4.00512 25.9616 12.2644707
      vertex 3.93639 25.7 11.8979707
    endloop
  endfacet
  facet normal -0.680841 0.726931 -0.0895941
    outer loop
      vertex 4.4254 25.9616 11.6710707
      vertex 4.16933 25.7 11.4944707
      vertex 4.42061 25.9616 11.7074707
    endloop
  endfacet
  facet normal -0.680838 0.726933 -0.0895994
    outer loop
      vertex 4.16933 25.7 11.4944707
      vertex 4.4254 25.9616 11.6710707
      vertex 4.19998 25.7 11.2615707
    endloop
  endfacet
  facet normal 0.244478 0.767839 -0.592161
    outer loop
      vertex -3.53293 25.7 12.1308707
      vertex -3.77977 25.9616 12.3681707
      vertex -3.74586 25.9616 12.3821707
    endloop
  endfacet
  facet normal 0.24508 0.767996 -0.591708
    outer loop
      vertex -3.77977 25.9616 12.3681707
      vertex -3.53293 25.7 12.1308707
      vertex -3.74998 25.7 12.0409707
    endloop
  endfacet
  facet normal -0.245151 0.767942 0.591749
    outer loop
      vertex 3.77977 25.9616 3.5550107
      vertex 3.53293 25.7 3.7922407
      vertex 3.74998 25.7 3.8821607
    endloop
  endfacet
  facet normal -0.245173 0.767948 0.591732
    outer loop
      vertex 3.53293 25.7 3.7922407
      vertex 3.77977 25.9616 3.5550107
      vertex 3.74586 25.9616 3.5409607
    endloop
  endfacet
  facet normal 0.680853 0.726921 -0.0895842
    outer loop
      vertex -4.4254 25.9616 11.6710707
      vertex -4.19998 25.7 11.2615707
      vertex -4.45311 25.9616 11.4604707
    endloop
  endfacet
  facet normal 0.376286 0.786048 0.490446
    outer loop
      vertex -3.74998 25.7 3.8821607
      vertex -4.00512 25.9616 3.6586407
      vertex -3.93639 25.7 4.0251807
    endloop
  endfacet
  facet normal 0.376195 0.786036 0.490536
    outer loop
      vertex -4.00512 25.9616 3.6586407
      vertex -3.74998 25.7 3.8821607
      vertex -3.97599 25.9616 3.6363007
    endloop
  endfacet
  facet normal 0.376781 0.786099 -0.489984
    outer loop
      vertex -3.74998 25.7 12.0409707
      vertex -4.00512 25.9616 12.2644707
      vertex -3.97599 25.9616 12.2868707
    endloop
  endfacet
  facet normal 0.376268 0.78603 -0.49049
    outer loop
      vertex -4.00512 25.9616 12.2644707
      vertex -3.74998 25.7 12.0409707
      vertex -3.93639 25.7 11.8979707
    endloop
  endfacet
  facet normal 0.591751 0.767944 0.245138
    outer loop
      vertex -4.07941 25.7 4.2115907
      vertex -4.32527 25.9616 3.9855707
      vertex -4.40656 25.9616 4.1818007
    endloop
  endfacet
  facet normal 0.490457 0.786028 -0.376315
    outer loop
      vertex -4.07941 25.7 11.7115707
      vertex -4.30293 25.9616 11.9666707
      vertex -3.93639 25.7 11.8979707
    endloop
  endfacet
  facet normal 0.49034 0.786044 -0.376433
    outer loop
      vertex -4.30293 25.9616 11.9666707
      vertex -4.07941 25.7 11.7115707
      vertex -4.32527 25.9616 11.9375707
    endloop
  endfacet
  facet normal 0.490435 0.78604 0.376317
    outer loop
      vertex -3.93639 25.7 4.0251807
      vertex -4.17363 25.9616 3.7879407
      vertex -4.30293 25.9616 3.9564507
    endloop
  endfacet
  facet normal 0.591724 0.767931 -0.245243
    outer loop
      vertex -4.07941 25.7 11.7115707
      vertex -4.42061 25.9616 11.7074707
      vertex -4.40656 25.9616 11.7413707
    endloop
  endfacet
  facet normal 0.591746 0.767962 -0.245094
    outer loop
      vertex -4.42061 25.9616 11.7074707
      vertex -4.07941 25.7 11.7115707
      vertex -4.16933 25.7 11.4944707
    endloop
  endfacet
  facet normal 0.180709 0.908628 0.376484
    outer loop
      vertex 11 25.9616 14.3517707
      vertex 11 25.6629 15.0726707
      vertex 11.7507 25.8123 14.3517707
    endloop
  endfacet
  facet normal 0 -1 0
    outer loop
      vertex -11 0.0384293 14.3517707
      vertex -3.49888 0.0384293 12.4146707
      vertex 11 0.0384293 14.3517707
    endloop
  endfacet
  facet normal 0 -1 0
    outer loop
      vertex -11 0.0384293 14.3517707
      vertex -3.70947 0.0384293 12.3869707
      vertex -3.49888 0.0384293 12.4146707
    endloop
  endfacet
  facet normal 0 -1 0
    outer loop
      vertex -11 0.0384293 14.3517707
      vertex -3.74586 0.0384293 12.3821707
      vertex -3.70947 0.0384293 12.3869707
    endloop
  endfacet
  facet normal 0 -1 0
    outer loop
      vertex -11 0.0384293 14.3517707
      vertex -3.94209 0.0384293 12.3008707
      vertex -3.74586 0.0384293 12.3821707
    endloop
  endfacet
  facet normal 0 -1 0
    outer loop
      vertex -11 0.0384293 14.3517707
      vertex -3.976 0.0384293 12.2868707
      vertex -3.94209 0.0384293 12.3008707
    endloop
  endfacet
  facet normal 0 -1 0
    outer loop
      vertex -11 0.0384293 14.3517707
      vertex -4.00512 0.0384293 12.2644707
      vertex -3.976 0.0384293 12.2868707
    endloop
  endfacet
  facet normal 0 -1 0
    outer loop
      vertex -11 0.0384293 14.3517707
      vertex -4.17363 0.0384293 12.1351707
      vertex -4.00512 0.0384293 12.2644707
    endloop
  endfacet
  facet normal 0 -1 0
    outer loop
      vertex -11 0.0384293 14.3517707
      vertex -4.19597 0.0384293 12.1060707
      vertex -4.17363 0.0384293 12.1351707
    endloop
  endfacet
  facet normal 0 -1 0
    outer loop
      vertex -11 0.0384293 14.3517707
      vertex -4.32527 0.0384293 11.9375707
      vertex -4.19597 0.0384293 12.1060707
    endloop
  endfacet
  facet normal 0 -1 0
    outer loop
      vertex -11 0.0384293 14.3517707
      vertex -4.40656 0.0384293 11.7413707
      vertex -4.32527 0.0384293 11.9375707
    endloop
  endfacet
  facet normal 0 -1 0
    outer loop
      vertex -11 0.0384293 14.3517707
      vertex -4.42061 0.0384293 11.7074707
      vertex -4.40656 0.0384293 11.7413707
    endloop
  endfacet
  facet normal 0 -1 0
    outer loop
      vertex -11 0.0384293 14.3517707
      vertex -4.4254 0.0384293 11.6710707
      vertex -4.42061 0.0384293 11.7074707
    endloop
  endfacet
  facet normal 0 -1 0
    outer loop
      vertex -11 0.0384293 14.3517707
      vertex -4.45311 0.0384293 11.4604707
      vertex -4.4254 0.0384293 11.6710707
    endloop
  endfacet
  facet normal 0 -1 0
    outer loop
      vertex -11 0.0384293 14.3517707
      vertex -4.45311 0.0384293 4.4626907
      vertex -4.45311 0.0384293 11.4604707
    endloop
  endfacet
  facet normal 0 -1 0
    outer loop
      vertex -11 0.0384293 1.5713907
      vertex -4.45311 0.0384293 4.4626907
      vertex -11 0.0384293 14.3517707
    endloop
  endfacet
  facet normal 0 -1 -0
    outer loop
      vertex -4.45311 0.0384293 4.4626907
      vertex -11 0.0384293 1.5713907
      vertex -4.4254 0.0384293 4.2521007
    endloop
  endfacet
  facet normal 0 -1 -0
    outer loop
      vertex -4.4254 0.0384293 4.2521007
      vertex -11 0.0384293 1.5713907
      vertex -4.42061 0.0384293 4.2157107
    endloop
  endfacet
  facet normal 0 -1 -0
    outer loop
      vertex -4.42061 0.0384293 4.2157107
      vertex -11 0.0384293 1.5713907
      vertex -4.40656 0.0384293 4.1818007
    endloop
  endfacet
  facet normal 0 -1 0
    outer loop
      vertex -11 0.0384293 1.5713907
      vertex -4.19597 0.0384293 3.8170607
      vertex -4.32527 0.0384293 3.9855707
    endloop
  endfacet
  facet normal 0 -1 0
    outer loop
      vertex -11 0.0384293 1.5713907
      vertex -3.70947 0.0384293 3.5361707
      vertex -3.74586 0.0384293 3.5409607
    endloop
  endfacet
  facet normal 0 -1 -0
    outer loop
      vertex -3.49888 0.0384293 3.5084607
      vertex -11 0.0384293 1.5713907
      vertex 3.49888 0.0384293 3.5084607
    endloop
  endfacet
  facet normal 0 -1 -0
    outer loop
      vertex -3.70947 0.0384293 3.5361707
      vertex -11 0.0384293 1.5713907
      vertex -3.49888 0.0384293 3.5084607
    endloop
  endfacet
  facet normal 0 -1 -0
    outer loop
      vertex -3.94209 0.0384293 3.6222507
      vertex -11 0.0384293 1.5713907
      vertex -3.74586 0.0384293 3.5409607
    endloop
  endfacet
  facet normal 0 -1 -0
    outer loop
      vertex -3.976 0.0384293 3.6363007
      vertex -11 0.0384293 1.5713907
      vertex -3.94209 0.0384293 3.6222507
    endloop
  endfacet
  facet normal 0 -1 -0
    outer loop
      vertex -4.00512 0.0384293 3.6586407
      vertex -11 0.0384293 1.5713907
      vertex -3.976 0.0384293 3.6363007
    endloop
  endfacet
  facet normal 0 -1 -0
    outer loop
      vertex -4.17363 0.0384293 3.7879407
      vertex -11 0.0384293 1.5713907
      vertex -4.00512 0.0384293 3.6586407
    endloop
  endfacet
  facet normal 0 -1 -0
    outer loop
      vertex -4.19597 0.0384293 3.8170607
      vertex -11 0.0384293 1.5713907
      vertex -4.17363 0.0384293 3.7879407
    endloop
  endfacet
  facet normal 0 -1 -0
    outer loop
      vertex -4.40656 0.0384293 4.1818007
      vertex -11 0.0384293 1.5713907
      vertex -4.32527 0.0384293 3.9855707
    endloop
  endfacet
  facet normal 0 -1 0
    outer loop
      vertex 3.49888 0.0384293 12.4146707
      vertex 11 0.0384293 14.3517707
      vertex -3.49888 0.0384293 12.4146707
    endloop
  endfacet
  facet normal 0 -1 0
    outer loop
      vertex 3.70947 0.0384293 12.3869707
      vertex 11 0.0384293 14.3517707
      vertex 3.49888 0.0384293 12.4146707
    endloop
  endfacet
  facet normal 0 -1 0
    outer loop
      vertex 3.74586 0.0384293 12.3821707
      vertex 11 0.0384293 14.3517707
      vertex 3.70947 0.0384293 12.3869707
    endloop
  endfacet
  facet normal 0 -1 0
    outer loop
      vertex 3.94209 0.0384293 12.3008707
      vertex 11 0.0384293 14.3517707
      vertex 3.74586 0.0384293 12.3821707
    endloop
  endfacet
  facet normal 0 -1 0
    outer loop
      vertex 3.976 0.0384293 12.2868707
      vertex 11 0.0384293 14.3517707
      vertex 3.94209 0.0384293 12.3008707
    endloop
  endfacet
  facet normal 0 -1 0
    outer loop
      vertex 4.00512 0.0384293 12.2644707
      vertex 11 0.0384293 14.3517707
      vertex 3.976 0.0384293 12.2868707
    endloop
  endfacet
  facet normal 0 -1 0
    outer loop
      vertex 4.17363 0.0384293 12.1351707
      vertex 11 0.0384293 14.3517707
      vertex 4.00512 0.0384293 12.2644707
    endloop
  endfacet
  facet normal 0 -1 0
    outer loop
      vertex 4.19597 0.0384293 12.1060707
      vertex 11 0.0384293 14.3517707
      vertex 4.17363 0.0384293 12.1351707
    endloop
  endfacet
  facet normal 0 -1 0
    outer loop
      vertex 4.32527 0.0384293 11.9375707
      vertex 11 0.0384293 14.3517707
      vertex 4.19597 0.0384293 12.1060707
    endloop
  endfacet
  facet normal 0 -1 0
    outer loop
      vertex 4.40656 0.0384293 11.7413707
      vertex 11 0.0384293 14.3517707
      vertex 4.32527 0.0384293 11.9375707
    endloop
  endfacet
  facet normal 0 -1 0
    outer loop
      vertex 4.42061 0.0384293 11.7074707
      vertex 11 0.0384293 14.3517707
      vertex 4.40656 0.0384293 11.7413707
    endloop
  endfacet
  facet normal 0 -1 0
    outer loop
      vertex 4.4254 0.0384293 11.6710707
      vertex 11 0.0384293 14.3517707
      vertex 4.42061 0.0384293 11.7074707
    endloop
  endfacet
  facet normal 0 -1 0
    outer loop
      vertex 4.45311 0.0384293 11.4604707
      vertex 11 0.0384293 14.3517707
      vertex 4.4254 0.0384293 11.6710707
    endloop
  endfacet
  facet normal 0 -1 0
    outer loop
      vertex 4.45311 0.0384293 4.4626907
      vertex 11 0.0384293 14.3517707
      vertex 4.45311 0.0384293 11.4604707
    endloop
  endfacet
  facet normal 0 -1 0
    outer loop
      vertex 11 0.0384293 1.5713907
      vertex 4.45311 0.0384293 4.4626907
      vertex 4.4254 0.0384293 4.2521007
    endloop
  endfacet
  facet normal 0 -1 0
    outer loop
      vertex 11 0.0384293 1.5713907
      vertex 4.4254 0.0384293 4.2521007
      vertex 4.42061 0.0384293 4.2157107
    endloop
  endfacet
  facet normal 0 -1 0
    outer loop
      vertex 11 0.0384293 1.5713907
      vertex 4.42061 0.0384293 4.2157107
      vertex 4.40656 0.0384293 4.1818007
    endloop
  endfacet
  facet normal 0 -1 0
    outer loop
      vertex 11 0.0384293 1.5713907
      vertex 4.40656 0.0384293 4.1818007
      vertex 4.32527 0.0384293 3.9855707
    endloop
  endfacet
  facet normal 0 -1 0
    outer loop
      vertex 11 0.0384293 1.5713907
      vertex 4.19597 0.0384293 3.8170607
      vertex 4.17363 0.0384293 3.7879407
    endloop
  endfacet
  facet normal 0 -1 0
    outer loop
      vertex 11 0.0384293 1.5713907
      vertex 3.70947 0.0384293 3.5361707
      vertex 3.49888 0.0384293 3.5084607
    endloop
  endfacet
  facet normal 0 -1 0
    outer loop
      vertex 11 0.0384293 1.5713907
      vertex 3.49888 0.0384293 3.5084607
      vertex -11 0.0384293 1.5713907
    endloop
  endfacet
  facet normal 0 -1 0
    outer loop
      vertex 4.45311 0.0384293 4.4626907
      vertex 11 0.0384293 1.5713907
      vertex 11 0.0384293 14.3517707
    endloop
  endfacet
  facet normal 0 -1 0
    outer loop
      vertex 4.19597 0.0384293 3.8170607
      vertex 11 0.0384293 1.5713907
      vertex 4.32527 0.0384293 3.9855707
    endloop
  endfacet
  facet normal 0 -1 0
    outer loop
      vertex 4.00512 0.0384293 3.6586407
      vertex 11 0.0384293 1.5713907
      vertex 4.17363 0.0384293 3.7879407
    endloop
  endfacet
  facet normal 0 -1 0
    outer loop
      vertex 3.976 0.0384293 3.6363007
      vertex 11 0.0384293 1.5713907
      vertex 4.00512 0.0384293 3.6586407
    endloop
  endfacet
  facet normal 0 -1 0
    outer loop
      vertex 3.94209 0.0384293 3.6222507
      vertex 11 0.0384293 1.5713907
      vertex 3.976 0.0384293 3.6363007
    endloop
  endfacet
  facet normal 0 -1 0
    outer loop
      vertex 3.74586 0.0384293 3.5409607
      vertex 11 0.0384293 1.5713907
      vertex 3.94209 0.0384293 3.6222507
    endloop
  endfacet
  facet normal 0 -1 0
    outer loop
      vertex 3.70947 0.0384293 3.5361707
      vertex 11 0.0384293 1.5713907
      vertex 3.74586 0.0384293 3.5409607
    endloop
  endfacet
  facet normal 0.514825 0.770241 0.37641
    outer loop
      vertex 11.7507 25.8123 14.3517707
      vertex 11.6364 25.5364 15.0726707
      vertex 12.387 25.387 14.3517707
    endloop
  endfacet
  facet normal -0.980791 0.195061 0
    outer loop
      vertex -12.9616 24 1.5713907
      vertex -12.8123 24.7507 14.3517707
      vertex -12.8123 24.7507 1.5713907
    endloop
  endfacet
  facet normal -0.980791 0.195061 0
    outer loop
      vertex -12.8123 24.7507 14.3517707
      vertex -12.9616 24 1.5713907
      vertex -12.9616 24 14.3517707
    endloop
  endfacet
  facet normal 0.216157 0.323473 -0.921217
    outer loop
      vertex 11.7857 24.7857 0.2986307
      vertex 11.2759 24.2759 0
      vertex 11.4252 25.0266 0.2986307
    endloop
  endfacet
  facet normal -0.514825 0.770241 0.37641
    outer loop
      vertex -11.7507 25.8123 14.3517707
      vertex -12.387 25.387 14.3517707
      vertex -11.6364 25.5364 15.0726707
    endloop
  endfacet
  facet normal 0 -0.92388 -0.382682
    outer loop
      vertex -11 0.33706 0.8504297
      vertex 11 0.0384293 1.5713907
      vertex -11 0.0384293 1.5713907
    endloop
  endfacet
  facet normal 0 -0.92388 -0.382682
    outer loop
      vertex 11 0.0384293 1.5713907
      vertex -11 0.33706 0.8504297
      vertex 11 0.33706 0.8504297
    endloop
  endfacet
  facet normal 0.908637 -0.18072 -0.376456
    outer loop
      vertex 12.8123 1.24934 1.5713907
      vertex 12.6629 2 0.8504297
      vertex 12.9616 2 1.5713907
    endloop
  endfacet
  facet normal -0.323525 -0.216228 0.921182
    outer loop
      vertex -11.3605 1.85068 15.9231707
      vertex -12.0266 1.57478 15.6244707
      vertex -11.2759 1.7241 15.9231707
    endloop
  endfacet
  facet normal 0.700227 0.139156 0.700227
    outer loop
      vertex 12.6629 24 15.0726707
      vertex 12.0266 24.4252 15.6244707
      vertex 12.1111 24 15.6244707
    endloop
  endfacet
  facet normal 0.923837 -0 0.382786
    outer loop
      vertex 12.6629 2 15.0726707
      vertex 12.9616 24 14.3517707
      vertex 12.6629 24 15.0726707
    endloop
  endfacet
  facet normal 0.923837 0 0.382786
    outer loop
      vertex 12.9616 24 14.3517707
      vertex 12.6629 2 15.0726707
      vertex 12.9616 2 14.3517707
    endloop
  endfacet
  facet normal -0.0759046 0.381568 -0.921219
    outer loop
      vertex -11.1493 24.3605 0
      vertex -11.4252 25.0266 0.2986307
      vertex -11 24.3902 0
    endloop
  endfacet
  facet normal 0 0.923837 0.382786
    outer loop
      vertex 11 25.9616 14.3517707
      vertex -11 25.6629 15.0726707
      vertex 11 25.6629 15.0726707
    endloop
  endfacet
  facet normal 0 0.923837 0.382786
    outer loop
      vertex -11 25.6629 15.0726707
      vertex 11 25.9616 14.3517707
      vertex -11 25.9616 14.3517707
    endloop
  endfacet
  facet normal -0.555618 -0.831438 0
    outer loop
      vertex -12.387 0.61296 1.5713907
      vertex -11.7507 0.187745 14.3517707
      vertex -12.387 0.61296 14.3517707
    endloop
  endfacet
  facet normal -0.555618 -0.831438 -0
    outer loop
      vertex -11.7507 0.187745 14.3517707
      vertex -12.387 0.61296 1.5713907
      vertex -11.7507 0.187745 1.5713907
    endloop
  endfacet
  facet normal -0.77025 0.514831 -0.376383
    outer loop
      vertex -12.5364 24.6364 0.8504297
      vertex -12.8123 24.7507 1.5713907
      vertex -12.387 25.387 1.5713907
    endloop
  endfacet
  facet normal 0.90869 -0.18063 -0.376372
    outer loop
      vertex 12.8123 1.24934 1.5713907
      vertex 12.5364 1.36362 0.8504297
      vertex 12.6629 2 0.8504297
    endloop
  endfacet
  facet normal 0.180622 0.908678 0.376404
    outer loop
      vertex 11.7507 25.8123 14.3517707
      vertex 11 25.6629 15.0726707
      vertex 11.6364 25.5364 15.0726707
    endloop
  endfacet
  facet normal 0.555695 0.831386 -0
    outer loop
      vertex 12.387 25.387 1.5713907
      vertex 11.7507 25.8123 14.3517707
      vertex 12.387 25.387 14.3517707
    endloop
  endfacet
  facet normal 0.555695 0.831386 0
    outer loop
      vertex 11.7507 25.8123 14.3517707
      vertex 12.387 25.387 1.5713907
      vertex 11.7507 25.8123 1.5713907
    endloop
  endfacet
  facet normal 0.770241 0.514825 0.37641
    outer loop
      vertex 12.8123 24.7507 14.3517707
      vertex 12.387 25.387 14.3517707
      vertex 12.5364 24.6364 15.0726707
    endloop
  endfacet
  facet normal 0.0759063 -0.381576 -0.921215
    outer loop
      vertex 11.4252 0.973439 0.2986307
      vertex 11 1.60982 0
      vertex 11.1493 1.63952 0
    endloop
  endfacet
  facet normal -0.180622 0.908678 0.376404
    outer loop
      vertex -11 25.6629 15.0726707
      vertex -11.7507 25.8123 14.3517707
      vertex -11.6364 25.5364 15.0726707
    endloop
  endfacet
  facet normal 0 1 0
    outer loop
      vertex 11 25.9616 14.3517707
      vertex 3.49888 25.9616 12.4146707
      vertex -11 25.9616 14.3517707
    endloop
  endfacet
  facet normal 0 1 0
    outer loop
      vertex 11 25.9616 14.3517707
      vertex 3.70947 25.9616 12.3869707
      vertex 3.49888 25.9616 12.4146707
    endloop
  endfacet
  facet normal 0 1 0
    outer loop
      vertex 11 25.9616 14.3517707
      vertex 3.74586 25.9616 12.3821707
      vertex 3.70947 25.9616 12.3869707
    endloop
  endfacet
  facet normal 0 1 0
    outer loop
      vertex 11 25.9616 14.3517707
      vertex 3.77977 25.9616 12.3681707
      vertex 3.74586 25.9616 12.3821707
    endloop
  endfacet
  facet normal 0 1 0
    outer loop
      vertex 11 25.9616 14.3517707
      vertex 3.97599 25.9616 12.2868707
      vertex 3.77977 25.9616 12.3681707
    endloop
  endfacet
  facet normal 0 1 0
    outer loop
      vertex 11 25.9616 14.3517707
      vertex 4.00512 25.9616 12.2644707
      vertex 3.97599 25.9616 12.2868707
    endloop
  endfacet
  facet normal 0 1 0
    outer loop
      vertex 11 25.9616 14.3517707
      vertex 4.17363 25.9616 12.1351707
      vertex 4.00512 25.9616 12.2644707
    endloop
  endfacet
  facet normal 0 1 0
    outer loop
      vertex 11 25.9616 14.3517707
      vertex 4.30293 25.9616 11.9666707
      vertex 4.17363 25.9616 12.1351707
    endloop
  endfacet
  facet normal 0 1 0
    outer loop
      vertex 11 25.9616 14.3517707
      vertex 4.32527 25.9616 11.9375707
      vertex 4.30293 25.9616 11.9666707
    endloop
  endfacet
  facet normal 0 1 0
    outer loop
      vertex 11 25.9616 14.3517707
      vertex 4.40656 25.9616 11.7413707
      vertex 4.32527 25.9616 11.9375707
    endloop
  endfacet
  facet normal 0 1 0
    outer loop
      vertex 11 25.9616 14.3517707
      vertex 4.42061 25.9616 11.7074707
      vertex 4.40656 25.9616 11.7413707
    endloop
  endfacet
  facet normal 0 1 0
    outer loop
      vertex 11 25.9616 14.3517707
      vertex 4.4254 25.9616 11.6710707
      vertex 4.42061 25.9616 11.7074707
    endloop
  endfacet
  facet normal 0 1 0
    outer loop
      vertex 11 25.9616 14.3517707
      vertex 4.45311 25.9616 11.4604707
      vertex 4.4254 25.9616 11.6710707
    endloop
  endfacet
  facet normal 0 1 0
    outer loop
      vertex 11 25.9616 14.3517707
      vertex 4.45311 25.9616 4.4626907
      vertex 4.45311 25.9616 11.4604707
    endloop
  endfacet
  facet normal 0 1 -0
    outer loop
      vertex 11 25.9616 1.5713907
      vertex 4.45311 25.9616 4.4626907
      vertex 11 25.9616 14.3517707
    endloop
  endfacet
  facet normal 0 1 0
    outer loop
      vertex 4.45311 25.9616 4.4626907
      vertex 11 25.9616 1.5713907
      vertex 4.4254 25.9616 4.2521007
    endloop
  endfacet
  facet normal 0 1 0
    outer loop
      vertex 4.4254 25.9616 4.2521007
      vertex 11 25.9616 1.5713907
      vertex 4.42061 25.9616 4.2157107
    endloop
  endfacet
  facet normal 0 1 0
    outer loop
      vertex 4.42061 25.9616 4.2157107
      vertex 11 25.9616 1.5713907
      vertex 4.40656 25.9616 4.1818007
    endloop
  endfacet
  facet normal 0 1 0
    outer loop
      vertex 11 25.9616 1.5713907
      vertex 4.00512 25.9616 3.6586407
      vertex 4.17363 25.9616 3.7879407
    endloop
  endfacet
  facet normal 0 1 0
    outer loop
      vertex 3.49888 25.9616 3.5084607
      vertex 11 25.9616 1.5713907
      vertex -3.49888 25.9616 3.5084607
    endloop
  endfacet
  facet normal 0 1 0
    outer loop
      vertex 3.70947 25.9616 3.5361707
      vertex 11 25.9616 1.5713907
      vertex 3.49888 25.9616 3.5084607
    endloop
  endfacet
  facet normal 0 1 0
    outer loop
      vertex 3.74586 25.9616 3.5409607
      vertex 11 25.9616 1.5713907
      vertex 3.70947 25.9616 3.5361707
    endloop
  endfacet
  facet normal 0 1 0
    outer loop
      vertex 3.77977 25.9616 3.5550107
      vertex 11 25.9616 1.5713907
      vertex 3.74586 25.9616 3.5409607
    endloop
  endfacet
  facet normal 0 1 0
    outer loop
      vertex 3.97599 25.9616 3.6363007
      vertex 11 25.9616 1.5713907
      vertex 3.77977 25.9616 3.5550107
    endloop
  endfacet
  facet normal 0 1 0
    outer loop
      vertex 4.00512 25.9616 3.6586407
      vertex 11 25.9616 1.5713907
      vertex 3.97599 25.9616 3.6363007
    endloop
  endfacet
  facet normal 0 1 0
    outer loop
      vertex 4.30293 25.9616 3.9564507
      vertex 11 25.9616 1.5713907
      vertex 4.17363 25.9616 3.7879407
    endloop
  endfacet
  facet normal 0 1 0
    outer loop
      vertex 4.32527 25.9616 3.9855707
      vertex 11 25.9616 1.5713907
      vertex 4.30293 25.9616 3.9564507
    endloop
  endfacet
  facet normal 0 1 0
    outer loop
      vertex 4.40656 25.9616 4.1818007
      vertex 11 25.9616 1.5713907
      vertex 4.32527 25.9616 3.9855707
    endloop
  endfacet
  facet normal 0 1 -0
    outer loop
      vertex -3.49888 25.9616 12.4146707
      vertex -11 25.9616 14.3517707
      vertex 3.49888 25.9616 12.4146707
    endloop
  endfacet
  facet normal 0 1 -0
    outer loop
      vertex -3.70947 25.9616 12.3869707
      vertex -11 25.9616 14.3517707
      vertex -3.49888 25.9616 12.4146707
    endloop
  endfacet
  facet normal 0 1 -0
    outer loop
      vertex -3.74586 25.9616 12.3821707
      vertex -11 25.9616 14.3517707
      vertex -3.70947 25.9616 12.3869707
    endloop
  endfacet
  facet normal 0 1 -0
    outer loop
      vertex -3.77977 25.9616 12.3681707
      vertex -11 25.9616 14.3517707
      vertex -3.74586 25.9616 12.3821707
    endloop
  endfacet
  facet normal 0 1 -0
    outer loop
      vertex -3.97599 25.9616 12.2868707
      vertex -11 25.9616 14.3517707
      vertex -3.77977 25.9616 12.3681707
    endloop
  endfacet
  facet normal 0 1 -0
    outer loop
      vertex -4.00512 25.9616 12.2644707
      vertex -11 25.9616 14.3517707
      vertex -3.97599 25.9616 12.2868707
    endloop
  endfacet
  facet normal 0 1 -0
    outer loop
      vertex -4.17363 25.9616 12.1351707
      vertex -11 25.9616 14.3517707
      vertex -4.00512 25.9616 12.2644707
    endloop
  endfacet
  facet normal 0 1 -0
    outer loop
      vertex -4.30293 25.9616 11.9666707
      vertex -11 25.9616 14.3517707
      vertex -4.17363 25.9616 12.1351707
    endloop
  endfacet
  facet normal 0 1 -0
    outer loop
      vertex -4.32527 25.9616 11.9375707
      vertex -11 25.9616 14.3517707
      vertex -4.30293 25.9616 11.9666707
    endloop
  endfacet
  facet normal 0 1 -0
    outer loop
      vertex -4.40656 25.9616 11.7413707
      vertex -11 25.9616 14.3517707
      vertex -4.32527 25.9616 11.9375707
    endloop
  endfacet
  facet normal 0 1 -0
    outer loop
      vertex -4.42061 25.9616 11.7074707
      vertex -11 25.9616 14.3517707
      vertex -4.40656 25.9616 11.7413707
    endloop
  endfacet
  facet normal 0 1 -0
    outer loop
      vertex -4.4254 25.9616 11.6710707
      vertex -11 25.9616 14.3517707
      vertex -4.42061 25.9616 11.7074707
    endloop
  endfacet
  facet normal 0 1 -0
    outer loop
      vertex -4.45311 25.9616 11.4604707
      vertex -11 25.9616 14.3517707
      vertex -4.4254 25.9616 11.6710707
    endloop
  endfacet
  facet normal 0 1 -0
    outer loop
      vertex -4.45311 25.9616 4.4626907
      vertex -11 25.9616 14.3517707
      vertex -4.45311 25.9616 11.4604707
    endloop
  endfacet
  facet normal 0 1 0
    outer loop
      vertex -11 25.9616 1.5713907
      vertex -4.45311 25.9616 4.4626907
      vertex -4.4254 25.9616 4.2521007
    endloop
  endfacet
  facet normal 0 1 0
    outer loop
      vertex -11 25.9616 1.5713907
      vertex -4.4254 25.9616 4.2521007
      vertex -4.42061 25.9616 4.2157107
    endloop
  endfacet
  facet normal 0 1 0
    outer loop
      vertex -11 25.9616 1.5713907
      vertex -4.42061 25.9616 4.2157107
      vertex -4.40656 25.9616 4.1818007
    endloop
  endfacet
  facet normal 0 1 0
    outer loop
      vertex -11 25.9616 1.5713907
      vertex -4.40656 25.9616 4.1818007
      vertex -4.32527 25.9616 3.9855707
    endloop
  endfacet
  facet normal 0 1 0
    outer loop
      vertex -11 25.9616 1.5713907
      vertex -4.00512 25.9616 3.6586407
      vertex -3.97599 25.9616 3.6363007
    endloop
  endfacet
  facet normal 0 1 0
    outer loop
      vertex -11 25.9616 1.5713907
      vertex -3.49888 25.9616 3.5084607
      vertex 11 25.9616 1.5713907
    endloop
  endfacet
  facet normal 0 1 0
    outer loop
      vertex -3.49888 25.9616 3.5084607
      vertex -11 25.9616 1.5713907
      vertex -3.70947 25.9616 3.5361707
    endloop
  endfacet
  facet normal 0 1 0
    outer loop
      vertex -4.45311 25.9616 4.4626907
      vertex -11 25.9616 1.5713907
      vertex -11 25.9616 14.3517707
    endloop
  endfacet
  facet normal 0 1 0
    outer loop
      vertex -4.30293 25.9616 3.9564507
      vertex -11 25.9616 1.5713907
      vertex -4.32527 25.9616 3.9855707
    endloop
  endfacet
  facet normal 0 1 0
    outer loop
      vertex -4.17363 25.9616 3.7879407
      vertex -11 25.9616 1.5713907
      vertex -4.30293 25.9616 3.9564507
    endloop
  endfacet
  facet normal 0 1 0
    outer loop
      vertex -4.00512 25.9616 3.6586407
      vertex -11 25.9616 1.5713907
      vertex -4.17363 25.9616 3.7879407
    endloop
  endfacet
  facet normal 0 1 0
    outer loop
      vertex -3.77977 25.9616 3.5550107
      vertex -11 25.9616 1.5713907
      vertex -3.97599 25.9616 3.6363007
    endloop
  endfacet
  facet normal 0 1 0
    outer loop
      vertex -3.74586 25.9616 3.5409607
      vertex -11 25.9616 1.5713907
      vertex -3.77977 25.9616 3.5550107
    endloop
  endfacet
  facet normal 0 1 0
    outer loop
      vertex -3.70947 25.9616 3.5361707
      vertex -11 25.9616 1.5713907
      vertex -3.74586 25.9616 3.5409607
    endloop
  endfacet
  facet normal 0.0759213 -0.381651 0.921183
    outer loop
      vertex 11.1493 1.63952 15.9231707
      vertex 11 1.60982 15.9231707
      vertex 11.4252 0.973439 15.6244707
    endloop
  endfacet
  facet normal 0.381643 0.0759196 0.921187
    outer loop
      vertex 12.0266 24.4252 15.6244707
      vertex 11.3605 24.1493 15.9231707
      vertex 11.3902 24 15.9231707
    endloop
  endfacet
  facet normal -0.0758369 0.381608 -0.921208
    outer loop
      vertex -11 24.3902 0
      vertex -11.4252 25.0266 0.2986307
      vertex -11 25.1111 0.2986307
    endloop
  endfacet
  facet normal 0.216136 -0.323494 -0.921215
    outer loop
      vertex 11.4252 0.973439 0.2986307
      vertex 11.2759 1.7241 0
      vertex 11.7857 1.2143 0.2986307
    endloop
  endfacet
  facet normal 0.707106 0 -0.707107
    outer loop
      vertex 12.6629 2 0.8504297
      vertex 12.1111 24 0.2986307
      vertex 12.6629 24 0.8504297
    endloop
  endfacet
  facet normal 0.707106 0 -0.707107
    outer loop
      vertex 12.1111 24 0.2986307
      vertex 12.6629 2 0.8504297
      vertex 12.1111 2 0.2986307
    endloop
  endfacet
  facet normal -0.381608 -0.0758334 -0.921208
    outer loop
      vertex -12.0266 1.57478 0.2986307
      vertex -12.1111 2 0.2986307
      vertex -11.3902 2 0
    endloop
  endfacet
  facet normal 0.139285 -0.700215 0.700213
    outer loop
      vertex 11 0.888859 15.6244707
      vertex 11 0.33706 15.0726707
      vertex 11.4252 0.973439 15.6244707
    endloop
  endfacet
  facet normal 0.216167 -0.32356 0.921184
    outer loop
      vertex 11.2759 1.7241 15.9231707
      vertex 11.1493 1.63952 15.9231707
      vertex 11.4252 0.973439 15.6244707
    endloop
  endfacet
  facet normal -0.593576 -0.396672 0.700227
    outer loop
      vertex -12.0266 1.57478 15.6244707
      vertex -12.1759 0.824124 15.0726707
      vertex -11.7857 1.2143 15.6244707
    endloop
  endfacet
  facet normal 0.0759178 -0.381653 0.921182
    outer loop
      vertex 11 1.60982 15.9231707
      vertex 11 0.888859 15.6244707
      vertex 11.4252 0.973439 15.6244707
    endloop
  endfacet
  facet normal 0 -0.707107 0.707106
    outer loop
      vertex -11 0.33706 15.0726707
      vertex 11 0.888859 15.6244707
      vertex -11 0.888859 15.6244707
    endloop
  endfacet
  facet normal 0 -0.707107 0.707106
    outer loop
      vertex 11 0.888859 15.6244707
      vertex -11 0.33706 15.0726707
      vertex 11 0.33706 15.0726707
    endloop
  endfacet
  facet normal 0.908628 0.180709 0.376484
    outer loop
      vertex 12.8123 24.7507 14.3517707
      vertex 12.6629 24 15.0726707
      vertex 12.9616 24 14.3517707
    endloop
  endfacet
  facet normal -0.700235 0.139189 -0.700212
    outer loop
      vertex -12.0266 24.4252 0.2986307
      vertex -12.6629 24 0.8504297
      vertex -12.5364 24.6364 0.8504297
    endloop
  endfacet
  facet normal 0.923849 0 -0.382758
    outer loop
      vertex 12.9616 2 1.5713907
      vertex 12.6629 24 0.8504297
      vertex 12.9616 24 1.5713907
    endloop
  endfacet
  facet normal 0.923849 0 -0.382758
    outer loop
      vertex 12.6629 24 0.8504297
      vertex 12.9616 2 1.5713907
      vertex 12.6629 2 0.8504297
    endloop
  endfacet
  facet normal 0.700226 0.139156 -0.700228
    outer loop
      vertex 12.1111 24 0.2986307
      vertex 12.0266 24.4252 0.2986307
      vertex 12.6629 24 0.8504297
    endloop
  endfacet
  facet normal 0.180735 -0.908665 -0.37638
    outer loop
      vertex 11.7507 0.187745 1.5713907
      vertex 11 0.0384293 1.5713907
      vertex 11 0.33706 0.8504297
    endloop
  endfacet
  facet normal -0.180739 -0.908663 -0.376383
    outer loop
      vertex -11 0.33706 0.8504297
      vertex -11.7507 0.187745 1.5713907
      vertex -11.6364 0.463644 0.8504297
    endloop
  endfacet
  facet normal -0.139156 0.700226 -0.700228
    outer loop
      vertex -11 25.1111 0.2986307
      vertex -11.4252 25.0266 0.2986307
      vertex -11 25.6629 0.8504297
    endloop
  endfacet
  facet normal 0 0.38271 -0.923869
    outer loop
      vertex -11 24.3902 0
      vertex 11 25.1111 0.2986307
      vertex 11 24.3902 0
    endloop
  endfacet
  facet normal 0 0.38271 -0.923869
    outer loop
      vertex 11 25.1111 0.2986307
      vertex -11 24.3902 0
      vertex -11 25.1111 0.2986307
    endloop
  endfacet
  facet normal 0.396631 -0.593604 0.700227
    outer loop
      vertex 12.1759 0.824124 15.0726707
      vertex 11.4252 0.973439 15.6244707
      vertex 11.6364 0.463644 15.0726707
    endloop
  endfacet
  facet normal -0.908628 0.180709 0.376484
    outer loop
      vertex -12.8123 24.7507 14.3517707
      vertex -12.9616 24 14.3517707
      vertex -12.6629 24 15.0726707
    endloop
  endfacet
  facet normal 0 0.707107 0.707107
    outer loop
      vertex 11 25.6629 15.0726707
      vertex -11 25.1111 15.6244707
      vertex 11 25.1111 15.6244707
    endloop
  endfacet
  facet normal 0 0.707107 0.707107
    outer loop
      vertex -11 25.1111 15.6244707
      vertex 11 25.6629 15.0726707
      vertex -11 25.6629 15.0726707
    endloop
  endfacet
  facet normal -0.139156 0.700227 0.700227
    outer loop
      vertex -11 25.6629 15.0726707
      vertex -11.4252 25.0266 15.6244707
      vertex -11 25.1111 15.6244707
    endloop
  endfacet
  facet normal -0.139189 0.700236 0.700212
    outer loop
      vertex -11 25.6629 15.0726707
      vertex -11.6364 25.5364 15.0726707
      vertex -11.4252 25.0266 15.6244707
    endloop
  endfacet
  facet normal 0.2162 0.323537 0.921185
    outer loop
      vertex 11.4252 25.0266 15.6244707
      vertex 11.2759 24.2759 15.9231707
      vertex 11.7857 24.7857 15.6244707
    endloop
  endfacet
  facet normal 0.396653 0.593581 0.700234
    outer loop
      vertex 12.1759 25.1759 15.0726707
      vertex 11.4252 25.0266 15.6244707
      vertex 11.7857 24.7857 15.6244707
    endloop
  endfacet
  facet normal -0.381608 0.0758369 -0.921208
    outer loop
      vertex -11.3902 24 0
      vertex -12.1111 24 0.2986307
      vertex -12.0266 24.4252 0.2986307
    endloop
  endfacet
  facet normal -0.514759 -0.770296 -0.376388
    outer loop
      vertex -11.7507 0.187745 1.5713907
      vertex -12.387 0.61296 1.5713907
      vertex -11.6364 0.463644 0.8504297
    endloop
  endfacet
  facet normal -0.700239 -0.139194 -0.700208
    outer loop
      vertex -12.5364 1.36362 0.8504297
      vertex -12.6629 2 0.8504297
      vertex -12.0266 1.57478 0.2986307
    endloop
  endfacet
  facet normal 0.381608 -0.0758334 -0.921208
    outer loop
      vertex 12.0266 1.57478 0.2986307
      vertex 11.3902 2 0
      vertex 12.1111 2 0.2986307
    endloop
  endfacet
  facet normal 0.593594 0.396646 0.700228
    outer loop
      vertex 12.1759 25.1759 15.0726707
      vertex 12.0266 24.4252 15.6244707
      vertex 12.5364 24.6364 15.0726707
    endloop
  endfacet
  facet normal 0.707107 -0 0.707107
    outer loop
      vertex 12.1111 2 15.6244707
      vertex 12.6629 24 15.0726707
      vertex 12.1111 24 15.6244707
    endloop
  endfacet
  facet normal 0.707107 0 0.707107
    outer loop
      vertex 12.6629 24 15.0726707
      vertex 12.1111 2 15.6244707
      vertex 12.6629 2 15.0726707
    endloop
  endfacet
  facet normal -0.77034 0.51475 0.376311
    outer loop
      vertex -12.387 25.387 14.3517707
      vertex -12.5364 24.6364 15.0726707
      vertex -12.1759 25.1759 15.0726707
    endloop
  endfacet
  facet normal 0.831386 0.555695 0
    outer loop
      vertex 12.8123 24.7507 14.3517707
      vertex 12.387 25.387 1.5713907
      vertex 12.387 25.387 14.3517707
    endloop
  endfacet
  facet normal 0.831386 0.555695 0
    outer loop
      vertex 12.387 25.387 1.5713907
      vertex 12.8123 24.7507 14.3517707
      vertex 12.8123 24.7507 1.5713907
    endloop
  endfacet
  facet normal 0 0.707106 -0.707107
    outer loop
      vertex 11 25.1111 0.2986307
      vertex -11 25.6629 0.8504297
      vertex 11 25.6629 0.8504297
    endloop
  endfacet
  facet normal 0 0.707106 -0.707107
    outer loop
      vertex -11 25.6629 0.8504297
      vertex 11 25.1111 0.2986307
      vertex -11 25.1111 0.2986307
    endloop
  endfacet
  facet normal 0.139156 0.700227 0.700227
    outer loop
      vertex 11 25.6629 15.0726707
      vertex 11 25.1111 15.6244707
      vertex 11.4252 25.0266 15.6244707
    endloop
  endfacet
  facet normal 0.700236 0.139189 0.700212
    outer loop
      vertex 12.5364 24.6364 15.0726707
      vertex 12.0266 24.4252 15.6244707
      vertex 12.6629 24 15.0726707
    endloop
  endfacet
  facet normal 0.980791 0.195061 0
    outer loop
      vertex 12.9616 24 14.3517707
      vertex 12.8123 24.7507 1.5713907
      vertex 12.8123 24.7507 14.3517707
    endloop
  endfacet
  facet normal 0.980791 0.195061 0
    outer loop
      vertex 12.8123 24.7507 1.5713907
      vertex 12.9616 24 14.3517707
      vertex 12.9616 24 1.5713907
    endloop
  endfacet
  facet normal 0.700227 -0.13915 -0.700228
    outer loop
      vertex 12.6629 2 0.8504297
      vertex 12.0266 1.57478 0.2986307
      vertex 12.1111 2 0.2986307
    endloop
  endfacet
  facet normal 0.323473 0.216157 -0.921217
    outer loop
      vertex 12.0266 24.4252 0.2986307
      vertex 11.2759 24.2759 0
      vertex 11.7857 24.7857 0.2986307
    endloop
  endfacet
  facet normal 0.139156 0.700226 -0.700228
    outer loop
      vertex 11.4252 25.0266 0.2986307
      vertex 11 25.1111 0.2986307
      vertex 11 25.6629 0.8504297
    endloop
  endfacet
  facet normal -0.908689 0.180624 -0.376376
    outer loop
      vertex -12.6629 24 0.8504297
      vertex -12.8123 24.7507 1.5713907
      vertex -12.5364 24.6364 0.8504297
    endloop
  endfacet
  facet normal -0.180711 0.908639 -0.376456
    outer loop
      vertex -11 25.6629 0.8504297
      vertex -11.7507 25.8123 1.5713907
      vertex -11 25.9616 1.5713907
    endloop
  endfacet
  facet normal 0.180711 0.908639 -0.376456
    outer loop
      vertex 11.7507 25.8123 1.5713907
      vertex 11 25.6629 0.8504297
      vertex 11 25.9616 1.5713907
    endloop
  endfacet
  facet normal -0.180709 0.908628 0.376484
    outer loop
      vertex -11 25.9616 14.3517707
      vertex -11.7507 25.8123 14.3517707
      vertex -11 25.6629 15.0726707
    endloop
  endfacet
  facet normal -0.831386 0.555695 0
    outer loop
      vertex -12.8123 24.7507 1.5713907
      vertex -12.387 25.387 14.3517707
      vertex -12.387 25.387 1.5713907
    endloop
  endfacet
  facet normal -0.831386 0.555695 0
    outer loop
      vertex -12.387 25.387 14.3517707
      vertex -12.8123 24.7507 1.5713907
      vertex -12.8123 24.7507 14.3517707
    endloop
  endfacet
  facet normal -0.139277 -0.700212 -0.700218
    outer loop
      vertex -11 0.33706 0.8504297
      vertex -11.6364 0.463644 0.8504297
      vertex -11.4252 0.973439 0.2986307
    endloop
  endfacet
  facet normal -0.195061 0.980791 0
    outer loop
      vertex -11 25.9616 1.5713907
      vertex -11.7507 25.8123 14.3517707
      vertex -11 25.9616 14.3517707
    endloop
  endfacet
  facet normal -0.195061 0.980791 0
    outer loop
      vertex -11.7507 25.8123 14.3517707
      vertex -11 25.9616 1.5713907
      vertex -11.7507 25.8123 1.5713907
    endloop
  endfacet
  facet normal -0.216167 -0.32356 0.921184
    outer loop
      vertex -11.2759 1.7241 15.9231707
      vertex -11.4252 0.973439 15.6244707
      vertex -11.1493 1.63952 15.9231707
    endloop
  endfacet
  facet normal -0.0758518 0.381683 0.921176
    outer loop
      vertex -11 25.1111 15.6244707
      vertex -11.4252 25.0266 15.6244707
      vertex -11 24.3902 15.9231707
    endloop
  endfacet
  facet normal 0.323461 -0.216186 -0.921215
    outer loop
      vertex 12.0266 1.57478 0.2986307
      vertex 11.2759 1.7241 0
      vertex 11.3605 1.85068 0
    endloop
  endfacet
  facet normal -1 0 0
    outer loop
      vertex -12.9616 2 1.5713907
      vertex -12.9616 24 14.3517707
      vertex -12.9616 24 1.5713907
    endloop
  endfacet
  facet normal -1 -0 0
    outer loop
      vertex -12.9616 24 14.3517707
      vertex -12.9616 2 1.5713907
      vertex -12.9616 2 14.3517707
    endloop
  endfacet
  facet normal -0.908679 -0.180628 0.3764
    outer loop
      vertex -12.6629 2 15.0726707
      vertex -12.8123 1.24934 14.3517707
      vertex -12.5364 1.36362 15.0726707
    endloop
  endfacet
  facet normal -0.90869 -0.18063 -0.376372
    outer loop
      vertex -12.5364 1.36362 0.8504297
      vertex -12.8123 1.24934 1.5713907
      vertex -12.6629 2 0.8504297
    endloop
  endfacet
  facet normal 0.396619 -0.593625 -0.700217
    outer loop
      vertex 12.1759 0.824124 0.8504297
      vertex 11.4252 0.973439 0.2986307
      vertex 11.7857 1.2143 0.2986307
    endloop
  endfacet
  facet normal 0.396631 -0.593604 -0.700227
    outer loop
      vertex 11.6364 0.463644 0.8504297
      vertex 11.4252 0.973439 0.2986307
      vertex 12.1759 0.824124 0.8504297
    endloop
  endfacet
  facet normal -0.700227 -0.13915 -0.700228
    outer loop
      vertex -12.0266 1.57478 0.2986307
      vertex -12.6629 2 0.8504297
      vertex -12.1111 2 0.2986307
    endloop
  endfacet
  facet normal -0.180733 -0.908654 0.376407
    outer loop
      vertex -11 0.33706 15.0726707
      vertex -11.7507 0.187745 14.3517707
      vertex -11 0.0384293 14.3517707
    endloop
  endfacet
  facet normal 0.195081 -0.980787 0
    outer loop
      vertex 11 0.0384293 1.5713907
      vertex 11.7507 0.187745 14.3517707
      vertex 11 0.0384293 14.3517707
    endloop
  endfacet
  facet normal 0.195081 -0.980787 0
    outer loop
      vertex 11.7507 0.187745 14.3517707
      vertex 11 0.0384293 1.5713907
      vertex 11.7507 0.187745 1.5713907
    endloop
  endfacet
  facet normal 0.770325 -0.514743 0.37635
    outer loop
      vertex 12.5364 1.36362 15.0726707
      vertex 12.1759 0.824124 15.0726707
      vertex 12.387 0.61296 14.3517707
    endloop
  endfacet
  facet normal 0.381683 -0.0758483 0.921176
    outer loop
      vertex 12.1111 2 15.6244707
      vertex 11.3902 2 15.9231707
      vertex 12.0266 1.57478 15.6244707
    endloop
  endfacet
  facet normal 0.323536 0.216202 0.921184
    outer loop
      vertex 12.0266 24.4252 15.6244707
      vertex 11.2759 24.2759 15.9231707
      vertex 11.3605 24.1493 15.9231707
    endloop
  endfacet
  facet normal 0.0759196 0.381643 0.921187
    outer loop
      vertex 11.4252 25.0266 15.6244707
      vertex 11 24.3902 15.9231707
      vertex 11.1493 24.3605 15.9231707
    endloop
  endfacet
  facet normal 0.396619 -0.593625 0.700216
    outer loop
      vertex 11.7857 1.2143 15.6244707
      vertex 11.4252 0.973439 15.6244707
      vertex 12.1759 0.824124 15.0726707
    endloop
  endfacet
  facet normal 0.216178 -0.323557 0.921183
    outer loop
      vertex 11.7857 1.2143 15.6244707
      vertex 11.2759 1.7241 15.9231707
      vertex 11.4252 0.973439 15.6244707
    endloop
  endfacet
  facet normal -0.700236 0.139189 0.700212
    outer loop
      vertex -12.5364 24.6364 15.0726707
      vertex -12.6629 24 15.0726707
      vertex -12.0266 24.4252 15.6244707
    endloop
  endfacet
  facet normal -0.707107 0 0.707107
    outer loop
      vertex -12.6629 2 15.0726707
      vertex -12.1111 24 15.6244707
      vertex -12.6629 24 15.0726707
    endloop
  endfacet
  facet normal -0.707107 0 0.707107
    outer loop
      vertex -12.1111 24 15.6244707
      vertex -12.6629 2 15.0726707
      vertex -12.1111 2 15.6244707
    endloop
  endfacet
  facet normal 0.908678 0.180622 0.376404
    outer loop
      vertex 12.8123 24.7507 14.3517707
      vertex 12.5364 24.6364 15.0726707
      vertex 12.6629 24 15.0726707
    endloop
  endfacet
  facet normal 0.593581 0.396653 0.700234
    outer loop
      vertex 12.1759 25.1759 15.0726707
      vertex 11.7857 24.7857 15.6244707
      vertex 12.0266 24.4252 15.6244707
    endloop
  endfacet
  facet normal 0.77034 0.51475 0.376311
    outer loop
      vertex 12.387 25.387 14.3517707
      vertex 12.1759 25.1759 15.0726707
      vertex 12.5364 24.6364 15.0726707
    endloop
  endfacet
  facet normal 0.51475 0.77034 0.376311
    outer loop
      vertex 12.387 25.387 14.3517707
      vertex 11.6364 25.5364 15.0726707
      vertex 12.1759 25.1759 15.0726707
    endloop
  endfacet
  facet normal 0.180737 -0.908652 0.376411
    outer loop
      vertex 11.6364 0.463644 15.0726707
      vertex 11 0.33706 15.0726707
      vertex 11.7507 0.187745 14.3517707
    endloop
  endfacet
  facet normal 0.180739 -0.908663 -0.376383
    outer loop
      vertex 11.7507 0.187745 1.5713907
      vertex 11 0.33706 0.8504297
      vertex 11.6364 0.463644 0.8504297
    endloop
  endfacet
  facet normal 0.323473 0.21616 -0.921217
    outer loop
      vertex 11.3605 24.1493 0
      vertex 11.2759 24.2759 0
      vertex 12.0266 24.4252 0.2986307
    endloop
  endfacet
  facet normal 0.770283 -0.514789 -0.376374
    outer loop
      vertex 12.8123 1.24934 1.5713907
      vertex 12.387 0.61296 1.5713907
      vertex 12.5364 1.36362 0.8504297
    endloop
  endfacet
  facet normal 0.980789 -0.195071 0
    outer loop
      vertex 12.8123 1.24934 14.3517707
      vertex 12.9616 2 1.5713907
      vertex 12.9616 2 14.3517707
    endloop
  endfacet
  facet normal 0.980789 -0.195071 0
    outer loop
      vertex 12.9616 2 1.5713907
      vertex 12.8123 1.24934 14.3517707
      vertex 12.8123 1.24934 1.5713907
    endloop
  endfacet
  facet normal 0.381571 -0.0758952 -0.921218
    outer loop
      vertex 12.0266 1.57478 0.2986307
      vertex 11.3605 1.85068 0
      vertex 11.3902 2 0
    endloop
  endfacet
  facet normal 0.908639 0.180711 -0.376456
    outer loop
      vertex 12.9616 24 1.5713907
      vertex 12.6629 24 0.8504297
      vertex 12.8123 24.7507 1.5713907
    endloop
  endfacet
  facet normal 0.770349 0.514756 -0.376283
    outer loop
      vertex 12.5364 24.6364 0.8504297
      vertex 12.1759 25.1759 0.8504297
      vertex 12.387 25.387 1.5713907
    endloop
  endfacet
  facet normal 0.396653 0.59358 -0.700235
    outer loop
      vertex 11.7857 24.7857 0.2986307
      vertex 11.4252 25.0266 0.2986307
      vertex 12.1759 25.1759 0.8504297
    endloop
  endfacet
  facet normal 0.195061 0.980791 -0
    outer loop
      vertex 11.7507 25.8123 1.5713907
      vertex 11 25.9616 14.3517707
      vertex 11.7507 25.8123 14.3517707
    endloop
  endfacet
  facet normal 0.195061 0.980791 0
    outer loop
      vertex 11 25.9616 14.3517707
      vertex 11.7507 25.8123 1.5713907
      vertex 11 25.9616 1.5713907
    endloop
  endfacet
  facet normal 0.514831 0.77025 -0.376383
    outer loop
      vertex 12.387 25.387 1.5713907
      vertex 11.6364 25.5364 0.8504297
      vertex 11.7507 25.8123 1.5713907
    endloop
  endfacet
  facet normal 0.21616 0.323473 -0.921217
    outer loop
      vertex 11.2759 24.2759 0
      vertex 11.1493 24.3605 0
      vertex 11.4252 25.0266 0.2986307
    endloop
  endfacet
  facet normal -0.0759028 -0.381578 -0.921215
    outer loop
      vertex -11 0.888859 0.2986307
      vertex -11.4252 0.973439 0.2986307
      vertex -11 1.60982 0
    endloop
  endfacet
  facet normal 0.59358 0.396653 -0.700235
    outer loop
      vertex 12.0266 24.4252 0.2986307
      vertex 11.7857 24.7857 0.2986307
      vertex 12.1759 25.1759 0.8504297
    endloop
  endfacet
  facet normal -0.323473 0.21616 -0.921217
    outer loop
      vertex -11.3605 24.1493 0
      vertex -12.0266 24.4252 0.2986307
      vertex -11.2759 24.2759 0
    endloop
  endfacet
  facet normal -0.555695 0.831386 0
    outer loop
      vertex -11.7507 25.8123 1.5713907
      vertex -12.387 25.387 14.3517707
      vertex -11.7507 25.8123 14.3517707
    endloop
  endfacet
  facet normal -0.555695 0.831386 0
    outer loop
      vertex -12.387 25.387 14.3517707
      vertex -11.7507 25.8123 1.5713907
      vertex -12.387 25.387 1.5713907
    endloop
  endfacet
  facet normal 0 0.923849 -0.382758
    outer loop
      vertex 11 25.6629 0.8504297
      vertex -11 25.9616 1.5713907
      vertex 11 25.9616 1.5713907
    endloop
  endfacet
  facet normal 0 0.923849 -0.382758
    outer loop
      vertex -11 25.9616 1.5713907
      vertex 11 25.6629 0.8504297
      vertex -11 25.6629 0.8504297
    endloop
  endfacet
  facet normal -0.180624 0.908689 -0.376376
    outer loop
      vertex -11.6364 25.5364 0.8504297
      vertex -11.7507 25.8123 1.5713907
      vertex -11 25.6629 0.8504297
    endloop
  endfacet
  facet normal -0.908626 -0.180718 0.376483
    outer loop
      vertex -12.6629 2 15.0726707
      vertex -12.9616 2 14.3517707
      vertex -12.8123 1.24934 14.3517707
    endloop
  endfacet
  facet normal -0.908637 -0.18072 -0.376456
    outer loop
      vertex -12.8123 1.24934 1.5713907
      vertex -12.9616 2 1.5713907
      vertex -12.6629 2 0.8504297
    endloop
  endfacet
  facet normal -0.323537 0.2162 0.921185
    outer loop
      vertex -11.7857 24.7857 15.6244707
      vertex -12.0266 24.4252 15.6244707
      vertex -11.2759 24.2759 15.9231707
    endloop
  endfacet
  facet normal -0.700227 0.139156 0.700227
    outer loop
      vertex -12.0266 24.4252 15.6244707
      vertex -12.6629 24 15.0726707
      vertex -12.1111 24 15.6244707
    endloop
  endfacet
  facet normal -0.396653 0.593581 0.700234
    outer loop
      vertex -11.4252 25.0266 15.6244707
      vertex -12.1759 25.1759 15.0726707
      vertex -11.7857 24.7857 15.6244707
    endloop
  endfacet
  facet normal 0.381683 0.0758518 0.921176
    outer loop
      vertex 12.0266 24.4252 15.6244707
      vertex 11.3902 24 15.9231707
      vertex 12.1111 24 15.6244707
    endloop
  endfacet
  facet normal 0.323537 0.2162 0.921185
    outer loop
      vertex 11.7857 24.7857 15.6244707
      vertex 11.2759 24.2759 15.9231707
      vertex 12.0266 24.4252 15.6244707
    endloop
  endfacet
  facet normal 0.396646 0.593594 0.700228
    outer loop
      vertex 11.6364 25.5364 15.0726707
      vertex 11.4252 25.0266 15.6244707
      vertex 12.1759 25.1759 15.0726707
    endloop
  endfacet
  facet normal 0.139189 0.700236 0.700212
    outer loop
      vertex 11.6364 25.5364 15.0726707
      vertex 11 25.6629 15.0726707
      vertex 11.4252 25.0266 15.6244707
    endloop
  endfacet
  facet normal -0.593604 -0.396656 0.700213
    outer loop
      vertex -12.0266 1.57478 15.6244707
      vertex -12.5364 1.36362 15.0726707
      vertex -12.1759 0.824124 15.0726707
    endloop
  endfacet
  facet normal -0.980789 -0.195071 0
    outer loop
      vertex -12.8123 1.24934 1.5713907
      vertex -12.9616 2 14.3517707
      vertex -12.9616 2 1.5713907
    endloop
  endfacet
  facet normal -0.980789 -0.195071 0
    outer loop
      vertex -12.9616 2 14.3517707
      vertex -12.8123 1.24934 1.5713907
      vertex -12.8123 1.24934 14.3517707
    endloop
  endfacet
  facet normal -0.770273 -0.514782 0.376401
    outer loop
      vertex -12.5364 1.36362 15.0726707
      vertex -12.8123 1.24934 14.3517707
      vertex -12.387 0.61296 14.3517707
    endloop
  endfacet
  facet normal -0.514753 -0.770286 0.376415
    outer loop
      vertex -11.6364 0.463644 15.0726707
      vertex -12.387 0.61296 14.3517707
      vertex -11.7507 0.187745 14.3517707
    endloop
  endfacet
  facet normal -0.700228 -0.13915 0.700228
    outer loop
      vertex -12.1111 2 15.6244707
      vertex -12.6629 2 15.0726707
      vertex -12.0266 1.57478 15.6244707
    endloop
  endfacet
  facet normal -0.381683 -0.0758483 0.921176
    outer loop
      vertex -11.3902 2 15.9231707
      vertex -12.1111 2 15.6244707
      vertex -12.0266 1.57478 15.6244707
    endloop
  endfacet
  facet normal -0.216124 -0.323497 -0.921217
    outer loop
      vertex -11.1493 1.63952 0
      vertex -11.4252 0.973439 0.2986307
      vertex -11.2759 1.7241 0
    endloop
  endfacet
  facet normal -0.923849 0 -0.382758
    outer loop
      vertex -12.6629 2 0.8504297
      vertex -12.9616 24 1.5713907
      vertex -12.6629 24 0.8504297
    endloop
  endfacet
  facet normal -0.923849 -0 -0.382758
    outer loop
      vertex -12.9616 24 1.5713907
      vertex -12.6629 2 0.8504297
      vertex -12.9616 2 1.5713907
    endloop
  endfacet
  facet normal -0.216136 -0.323494 -0.921215
    outer loop
      vertex -11.4252 0.973439 0.2986307
      vertex -11.7857 1.2143 0.2986307
      vertex -11.2759 1.7241 0
    endloop
  endfacet
  facet normal 0 -0.707107 -0.707107
    outer loop
      vertex -11 0.888859 0.2986307
      vertex 11 0.33706 0.8504297
      vertex -11 0.33706 0.8504297
    endloop
  endfacet
  facet normal 0 -0.707107 -0.707107
    outer loop
      vertex 11 0.33706 0.8504297
      vertex -11 0.888859 0.2986307
      vertex 11 0.888859 0.2986307
    endloop
  endfacet
  facet normal -0.21616 0.323473 -0.921217
    outer loop
      vertex -11.2759 24.2759 0
      vertex -11.4252 25.0266 0.2986307
      vertex -11.1493 24.3605 0
    endloop
  endfacet
  facet normal 0.139277 -0.700212 -0.700218
    outer loop
      vertex 11.6364 0.463644 0.8504297
      vertex 11 0.33706 0.8504297
      vertex 11.4252 0.973439 0.2986307
    endloop
  endfacet
  facet normal 0.323525 -0.216228 0.921182
    outer loop
      vertex 11.3605 1.85068 15.9231707
      vertex 11.2759 1.7241 15.9231707
      vertex 12.0266 1.57478 15.6244707
    endloop
  endfacet
  facet normal 0 -0.382758 0.923849
    outer loop
      vertex -11 1.60982 15.9231707
      vertex 11 0.888859 15.6244707
      vertex 11 1.60982 15.9231707
    endloop
  endfacet
  facet normal 0 -0.382758 0.923849
    outer loop
      vertex 11 0.888859 15.6244707
      vertex -11 1.60982 15.9231707
      vertex -11 0.888859 15.6244707
    endloop
  endfacet
  facet normal -0.396619 -0.593625 0.700216
    outer loop
      vertex -11.7857 1.2143 15.6244707
      vertex -12.1759 0.824124 15.0726707
      vertex -11.4252 0.973439 15.6244707
    endloop
  endfacet
  facet normal -0.396631 -0.593604 0.700227
    outer loop
      vertex -11.4252 0.973439 15.6244707
      vertex -12.1759 0.824124 15.0726707
      vertex -11.6364 0.463644 15.0726707
    endloop
  endfacet
  facet normal 1 -0 0
    outer loop
      vertex 12.9616 2 14.3517707
      vertex 12.9616 24 1.5713907
      vertex 12.9616 24 14.3517707
    endloop
  endfacet
  facet normal 1 0 0
    outer loop
      vertex 12.9616 24 1.5713907
      vertex 12.9616 2 14.3517707
      vertex 12.9616 2 1.5713907
    endloop
  endfacet
  facet normal 0.381646 -0.0759101 0.921186
    outer loop
      vertex 11.3902 2 15.9231707
      vertex 11.3605 1.85068 15.9231707
      vertex 12.0266 1.57478 15.6244707
    endloop
  endfacet
  facet normal 0.32353 -0.216207 0.921185
    outer loop
      vertex 12.0266 1.57478 15.6244707
      vertex 11.2759 1.7241 15.9231707
      vertex 11.7857 1.2143 15.6244707
    endloop
  endfacet
  facet normal 0.593576 -0.396672 0.700227
    outer loop
      vertex 12.0266 1.57478 15.6244707
      vertex 11.7857 1.2143 15.6244707
      vertex 12.1759 0.824124 15.0726707
    endloop
  endfacet
  facet normal 0 -0.923869 0.38271
    outer loop
      vertex -11 0.0384293 14.3517707
      vertex 11 0.33706 15.0726707
      vertex -11 0.33706 15.0726707
    endloop
  endfacet
  facet normal 0 -0.923869 0.38271
    outer loop
      vertex 11 0.33706 15.0726707
      vertex -11 0.0384293 14.3517707
      vertex 11 0.0384293 14.3517707
    endloop
  endfacet
  facet normal -0.593581 0.396653 0.700234
    outer loop
      vertex -11.7857 24.7857 15.6244707
      vertex -12.1759 25.1759 15.0726707
      vertex -12.0266 24.4252 15.6244707
    endloop
  endfacet
  facet normal -0.593594 0.396646 0.700228
    outer loop
      vertex -12.1759 25.1759 15.0726707
      vertex -12.5364 24.6364 15.0726707
      vertex -12.0266 24.4252 15.6244707
    endloop
  endfacet
  facet normal 0.700228 -0.13915 0.700228
    outer loop
      vertex 12.1111 2 15.6244707
      vertex 12.0266 1.57478 15.6244707
      vertex 12.6629 2 15.0726707
    endloop
  endfacet
  facet normal 0.908679 -0.180628 0.3764
    outer loop
      vertex 12.6629 2 15.0726707
      vertex 12.5364 1.36362 15.0726707
      vertex 12.8123 1.24934 14.3517707
    endloop
  endfacet
  facet normal 0.514759 -0.770296 -0.376388
    outer loop
      vertex 11.7507 0.187745 1.5713907
      vertex 11.6364 0.463644 0.8504297
      vertex 12.387 0.61296 1.5713907
    endloop
  endfacet
  facet normal 0.555618 -0.831438 0
    outer loop
      vertex 11.7507 0.187745 1.5713907
      vertex 12.387 0.61296 14.3517707
      vertex 11.7507 0.187745 14.3517707
    endloop
  endfacet
  facet normal 0.555618 -0.831438 0
    outer loop
      vertex 12.387 0.61296 14.3517707
      vertex 11.7507 0.187745 1.5713907
      vertex 12.387 0.61296 1.5713907
    endloop
  endfacet
  facet normal 0.831419 -0.555647 0
    outer loop
      vertex 12.387 0.61296 14.3517707
      vertex 12.8123 1.24934 1.5713907
      vertex 12.8123 1.24934 14.3517707
    endloop
  endfacet
  facet normal 0.831419 -0.555647 0
    outer loop
      vertex 12.8123 1.24934 1.5713907
      vertex 12.387 0.61296 14.3517707
      vertex 12.387 0.61296 1.5713907
    endloop
  endfacet
  facet normal 0.514723 -0.770343 -0.37634
    outer loop
      vertex 12.387 0.61296 1.5713907
      vertex 11.6364 0.463644 0.8504297
      vertex 12.1759 0.824124 0.8504297
    endloop
  endfacet
  facet normal 0.139285 -0.700214 -0.700214
    outer loop
      vertex 11.4252 0.973439 0.2986307
      vertex 11 0.33706 0.8504297
      vertex 11 0.888859 0.2986307
    endloop
  endfacet
  facet normal 0.77025 0.514831 -0.376383
    outer loop
      vertex 12.5364 24.6364 0.8504297
      vertex 12.387 25.387 1.5713907
      vertex 12.8123 24.7507 1.5713907
    endloop
  endfacet
  facet normal 0.908689 0.180624 -0.376376
    outer loop
      vertex 12.6629 24 0.8504297
      vertex 12.5364 24.6364 0.8504297
      vertex 12.8123 24.7507 1.5713907
    endloop
  endfacet
  facet normal 0.514756 0.770349 -0.376283
    outer loop
      vertex 12.1759 25.1759 0.8504297
      vertex 11.6364 25.5364 0.8504297
      vertex 12.387 25.387 1.5713907
    endloop
  endfacet
  facet normal 0.396646 0.593593 -0.700228
    outer loop
      vertex 12.1759 25.1759 0.8504297
      vertex 11.4252 25.0266 0.2986307
      vertex 11.6364 25.5364 0.8504297
    endloop
  endfacet
  facet normal 0.0758369 0.381608 -0.921208
    outer loop
      vertex 11.4252 25.0266 0.2986307
      vertex 11 24.3902 0
      vertex 11 25.1111 0.2986307
    endloop
  endfacet
  facet normal -0.323461 -0.216186 -0.921215
    outer loop
      vertex -11.2759 1.7241 0
      vertex -12.0266 1.57478 0.2986307
      vertex -11.3605 1.85068 0
    endloop
  endfacet
  facet normal -0.396653 0.59358 -0.700235
    outer loop
      vertex -11.7857 24.7857 0.2986307
      vertex -12.1759 25.1759 0.8504297
      vertex -11.4252 25.0266 0.2986307
    endloop
  endfacet
  facet normal -0.381568 0.0759046 -0.921219
    outer loop
      vertex -11.3902 24 0
      vertex -12.0266 24.4252 0.2986307
      vertex -11.3605 24.1493 0
    endloop
  endfacet
  facet normal -0.908639 0.180711 -0.376456
    outer loop
      vertex -12.6629 24 0.8504297
      vertex -12.9616 24 1.5713907
      vertex -12.8123 24.7507 1.5713907
    endloop
  endfacet
  facet normal -0.139189 0.700235 -0.700212
    outer loop
      vertex -11.4252 25.0266 0.2986307
      vertex -11.6364 25.5364 0.8504297
      vertex -11 25.6629 0.8504297
    endloop
  endfacet
  facet normal -0.908678 0.180622 0.376404
    outer loop
      vertex -12.5364 24.6364 15.0726707
      vertex -12.8123 24.7507 14.3517707
      vertex -12.6629 24 15.0726707
    endloop
  endfacet
  facet normal -0.770241 0.514825 0.37641
    outer loop
      vertex -12.387 25.387 14.3517707
      vertex -12.8123 24.7507 14.3517707
      vertex -12.5364 24.6364 15.0726707
    endloop
  endfacet
  facet normal -0.923837 0 0.382786
    outer loop
      vertex -12.9616 2 14.3517707
      vertex -12.6629 24 15.0726707
      vertex -12.9616 24 14.3517707
    endloop
  endfacet
  facet normal -0.923837 0 0.382786
    outer loop
      vertex -12.6629 24 15.0726707
      vertex -12.9616 2 14.3517707
      vertex -12.6629 2 15.0726707
    endloop
  endfacet
  facet normal -0.381646 -0.0759101 0.921186
    outer loop
      vertex -11.3902 2 15.9231707
      vertex -12.0266 1.57478 15.6244707
      vertex -11.3605 1.85068 15.9231707
    endloop
  endfacet
  facet normal -0.700239 -0.139194 0.700207
    outer loop
      vertex -12.0266 1.57478 15.6244707
      vertex -12.6629 2 15.0726707
      vertex -12.5364 1.36362 15.0726707
    endloop
  endfacet
  facet normal -0.770325 -0.514743 0.37635
    outer loop
      vertex -12.1759 0.824124 15.0726707
      vertex -12.5364 1.36362 15.0726707
      vertex -12.387 0.61296 14.3517707
    endloop
  endfacet
  facet normal -0.770283 -0.514789 -0.376374
    outer loop
      vertex -12.387 0.61296 1.5713907
      vertex -12.8123 1.24934 1.5713907
      vertex -12.5364 1.36362 0.8504297
    endloop
  endfacet
  facet normal -0.831419 -0.555647 0
    outer loop
      vertex -12.387 0.61296 1.5713907
      vertex -12.8123 1.24934 14.3517707
      vertex -12.8123 1.24934 1.5713907
    endloop
  endfacet
  facet normal -0.831419 -0.555647 0
    outer loop
      vertex -12.8123 1.24934 14.3517707
      vertex -12.387 0.61296 1.5713907
      vertex -12.387 0.61296 14.3517707
    endloop
  endfacet
  facet normal -0.707106 0 -0.707107
    outer loop
      vertex -12.1111 2 0.2986307
      vertex -12.6629 24 0.8504297
      vertex -12.1111 24 0.2986307
    endloop
  endfacet
  facet normal -0.707106 -0 -0.707107
    outer loop
      vertex -12.6629 24 0.8504297
      vertex -12.1111 2 0.2986307
      vertex -12.6629 2 0.8504297
    endloop
  endfacet
  facet normal 0.216124 -0.323497 -0.921217
    outer loop
      vertex 11.4252 0.973439 0.2986307
      vertex 11.1493 1.63952 0
      vertex 11.2759 1.7241 0
    endloop
  endfacet
  facet normal -0.514723 -0.770343 -0.37634
    outer loop
      vertex -11.6364 0.463644 0.8504297
      vertex -12.387 0.61296 1.5713907
      vertex -12.1759 0.824124 0.8504297
    endloop
  endfacet
  facet normal -0.770334 -0.51475 -0.376323
    outer loop
      vertex -12.387 0.61296 1.5713907
      vertex -12.5364 1.36362 0.8504297
      vertex -12.1759 0.824124 0.8504297
    endloop
  endfacet
  facet normal -0.180735 -0.908665 -0.37638
    outer loop
      vertex -11 0.0384293 1.5713907
      vertex -11.7507 0.187745 1.5713907
      vertex -11 0.33706 0.8504297
    endloop
  endfacet
  facet normal -0.139285 -0.700214 -0.700214
    outer loop
      vertex -11 0.33706 0.8504297
      vertex -11.4252 0.973439 0.2986307
      vertex -11 0.888859 0.2986307
    endloop
  endfacet
  facet normal 0.381568 0.0759046 -0.921219
    outer loop
      vertex 11.3902 24 0
      vertex 11.3605 24.1493 0
      vertex 12.0266 24.4252 0.2986307
    endloop
  endfacet
  facet normal -0.382786 0 0.923837
    outer loop
      vertex -12.1111 24 15.6244707
      vertex -11.3902 2 15.9231707
      vertex -11.3902 24 15.9231707
    endloop
  endfacet
  facet normal -0.382786 0 0.923837
    outer loop
      vertex -11.3902 2 15.9231707
      vertex -12.1111 24 15.6244707
      vertex -12.1111 2 15.6244707
    endloop
  endfacet
  facet normal -0.32353 -0.216207 0.921185
    outer loop
      vertex -11.2759 1.7241 15.9231707
      vertex -12.0266 1.57478 15.6244707
      vertex -11.7857 1.2143 15.6244707
    endloop
  endfacet
  facet normal -0.180737 -0.908652 0.376411
    outer loop
      vertex -11.6364 0.463644 15.0726707
      vertex -11.7507 0.187745 14.3517707
      vertex -11 0.33706 15.0726707
    endloop
  endfacet
  facet normal 0.180733 -0.908654 0.376407
    outer loop
      vertex 11 0.33706 15.0726707
      vertex 11 0.0384293 14.3517707
      vertex 11.7507 0.187745 14.3517707
    endloop
  endfacet
  facet normal 0.139277 -0.700212 0.700218
    outer loop
      vertex 11.4252 0.973439 15.6244707
      vertex 11 0.33706 15.0726707
      vertex 11.6364 0.463644 15.0726707
    endloop
  endfacet
  facet normal -0.0759178 -0.381653 0.921182
    outer loop
      vertex -11 1.60982 15.9231707
      vertex -11.4252 0.973439 15.6244707
      vertex -11 0.888859 15.6244707
    endloop
  endfacet
  facet normal -0.139277 -0.700212 0.700218
    outer loop
      vertex -11.4252 0.973439 15.6244707
      vertex -11.6364 0.463644 15.0726707
      vertex -11 0.33706 15.0726707
    endloop
  endfacet
  facet normal -0.396646 0.593594 0.700228
    outer loop
      vertex -11.6364 25.5364 15.0726707
      vertex -12.1759 25.1759 15.0726707
      vertex -11.4252 25.0266 15.6244707
    endloop
  endfacet
  facet normal -0.51475 0.77034 0.376311
    outer loop
      vertex -11.6364 25.5364 15.0726707
      vertex -12.387 25.387 14.3517707
      vertex -12.1759 25.1759 15.0726707
    endloop
  endfacet
  facet normal 0.908626 -0.180718 0.376483
    outer loop
      vertex 12.9616 2 14.3517707
      vertex 12.6629 2 15.0726707
      vertex 12.8123 1.24934 14.3517707
    endloop
  endfacet
  facet normal 0.770273 -0.514782 0.376401
    outer loop
      vertex 12.5364 1.36362 15.0726707
      vertex 12.387 0.61296 14.3517707
      vertex 12.8123 1.24934 14.3517707
    endloop
  endfacet
  facet normal 0.770334 -0.51475 -0.376323
    outer loop
      vertex 12.387 0.61296 1.5713907
      vertex 12.1759 0.824124 0.8504297
      vertex 12.5364 1.36362 0.8504297
    endloop
  endfacet
  facet normal 0.700239 -0.139194 -0.700208
    outer loop
      vertex 12.5364 1.36362 0.8504297
      vertex 12.0266 1.57478 0.2986307
      vertex 12.6629 2 0.8504297
    endloop
  endfacet
  facet normal 0.593593 0.396646 -0.700228
    outer loop
      vertex 12.5364 24.6364 0.8504297
      vertex 12.0266 24.4252 0.2986307
      vertex 12.1759 25.1759 0.8504297
    endloop
  endfacet
  facet normal 0.700235 0.139189 -0.700212
    outer loop
      vertex 12.6629 24 0.8504297
      vertex 12.0266 24.4252 0.2986307
      vertex 12.5364 24.6364 0.8504297
    endloop
  endfacet
  facet normal 0.180624 0.908689 -0.376376
    outer loop
      vertex 11.6364 25.5364 0.8504297
      vertex 11 25.6629 0.8504297
      vertex 11.7507 25.8123 1.5713907
    endloop
  endfacet
  facet normal 0.139189 0.700235 -0.700212
    outer loop
      vertex 11.4252 25.0266 0.2986307
      vertex 11 25.6629 0.8504297
      vertex 11.6364 25.5364 0.8504297
    endloop
  endfacet
  facet normal 0.323466 -0.216165 -0.921218
    outer loop
      vertex 11.7857 1.2143 0.2986307
      vertex 11.2759 1.7241 0
      vertex 12.0266 1.57478 0.2986307
    endloop
  endfacet
  facet normal -0.38271 0 -0.923869
    outer loop
      vertex -12.1111 2 0.2986307
      vertex -11.3902 24 0
      vertex -11.3902 2 0
    endloop
  endfacet
  facet normal -0.38271 0 -0.923869
    outer loop
      vertex -11.3902 24 0
      vertex -12.1111 2 0.2986307
      vertex -12.1111 24 0.2986307
    endloop
  endfacet
  facet normal 0.0759046 0.381568 -0.921219
    outer loop
      vertex 11.1493 24.3605 0
      vertex 11 24.3902 0
      vertex 11.4252 25.0266 0.2986307
    endloop
  endfacet
  facet normal -0.396646 0.593593 -0.700228
    outer loop
      vertex -11.4252 25.0266 0.2986307
      vertex -12.1759 25.1759 0.8504297
      vertex -11.6364 25.5364 0.8504297
    endloop
  endfacet
  facet normal -0.59358 0.396653 -0.700235
    outer loop
      vertex -12.0266 24.4252 0.2986307
      vertex -12.1759 25.1759 0.8504297
      vertex -11.7857 24.7857 0.2986307
    endloop
  endfacet
  facet normal -0.0759063 -0.381576 -0.921215
    outer loop
      vertex -11 1.60982 0
      vertex -11.4252 0.973439 0.2986307
      vertex -11.1493 1.63952 0
    endloop
  endfacet
  facet normal 0.382786 0 0.923837
    outer loop
      vertex 11.3902 24 15.9231707
      vertex 12.1111 2 15.6244707
      vertex 12.1111 24 15.6244707
    endloop
  endfacet
  facet normal 0.382786 0 0.923837
    outer loop
      vertex 12.1111 2 15.6244707
      vertex 11.3902 24 15.9231707
      vertex 11.3902 2 15.9231707
    endloop
  endfacet
  facet normal 0.0758518 0.381683 0.921176
    outer loop
      vertex 11 25.1111 15.6244707
      vertex 11 24.3902 15.9231707
      vertex 11.4252 25.0266 15.6244707
    endloop
  endfacet
  facet normal -0.700226 0.139156 -0.700228
    outer loop
      vertex -12.1111 24 0.2986307
      vertex -12.6629 24 0.8504297
      vertex -12.0266 24.4252 0.2986307
    endloop
  endfacet
  facet normal -0.381571 -0.0758952 -0.921218
    outer loop
      vertex -11.3605 1.85068 0
      vertex -12.0266 1.57478 0.2986307
      vertex -11.3902 2 0
    endloop
  endfacet
  facet normal -0.396631 -0.593604 -0.700227
    outer loop
      vertex -11.6364 0.463644 0.8504297
      vertex -12.1759 0.824124 0.8504297
      vertex -11.4252 0.973439 0.2986307
    endloop
  endfacet
  facet normal -0.593604 -0.396656 -0.700213
    outer loop
      vertex -12.1759 0.824124 0.8504297
      vertex -12.5364 1.36362 0.8504297
      vertex -12.0266 1.57478 0.2986307
    endloop
  endfacet
  facet normal -0.195081 -0.980787 0
    outer loop
      vertex -11.7507 0.187745 1.5713907
      vertex -11 0.0384293 14.3517707
      vertex -11.7507 0.187745 14.3517707
    endloop
  endfacet
  facet normal -0.195081 -0.980787 -0
    outer loop
      vertex -11 0.0384293 14.3517707
      vertex -11.7507 0.187745 1.5713907
      vertex -11 0.0384293 1.5713907
    endloop
  endfacet
  facet normal -0.323536 0.216202 0.921184
    outer loop
      vertex -11.2759 24.2759 15.9231707
      vertex -12.0266 24.4252 15.6244707
      vertex -11.3605 24.1493 15.9231707
    endloop
  endfacet
  facet normal -0.514717 -0.770334 0.376368
    outer loop
      vertex -12.1759 0.824124 15.0726707
      vertex -12.387 0.61296 14.3517707
      vertex -11.6364 0.463644 15.0726707
    endloop
  endfacet
  facet normal -0.139285 -0.700215 0.700213
    outer loop
      vertex -11 0.888859 15.6244707
      vertex -11.4252 0.973439 15.6244707
      vertex -11 0.33706 15.0726707
    endloop
  endfacet
  facet normal 0.514753 -0.770286 0.376415
    outer loop
      vertex 12.387 0.61296 14.3517707
      vertex 11.6364 0.463644 15.0726707
      vertex 11.7507 0.187745 14.3517707
    endloop
  endfacet
  facet normal 0.514717 -0.770334 0.376368
    outer loop
      vertex 12.1759 0.824124 15.0726707
      vertex 11.6364 0.463644 15.0726707
      vertex 12.387 0.61296 14.3517707
    endloop
  endfacet
  facet normal -0.381683 0.0758518 0.921176
    outer loop
      vertex -12.0266 24.4252 15.6244707
      vertex -12.1111 24 15.6244707
      vertex -11.3902 24 15.9231707
    endloop
  endfacet
  facet normal -0.216178 -0.323557 0.921183
    outer loop
      vertex -11.2759 1.7241 15.9231707
      vertex -11.7857 1.2143 15.6244707
      vertex -11.4252 0.973439 15.6244707
    endloop
  endfacet
  facet normal -0.0759196 0.381643 0.921187
    outer loop
      vertex -11 24.3902 15.9231707
      vertex -11.4252 25.0266 15.6244707
      vertex -11.1493 24.3605 15.9231707
    endloop
  endfacet
  facet normal 0.700239 -0.139194 0.700207
    outer loop
      vertex 12.6629 2 15.0726707
      vertex 12.0266 1.57478 15.6244707
      vertex 12.5364 1.36362 15.0726707
    endloop
  endfacet
  facet normal 0.593604 -0.396656 0.700213
    outer loop
      vertex 12.5364 1.36362 15.0726707
      vertex 12.0266 1.57478 15.6244707
      vertex 12.1759 0.824124 15.0726707
    endloop
  endfacet
  facet normal 0.0759028 -0.381578 -0.921215
    outer loop
      vertex 11.4252 0.973439 0.2986307
      vertex 11 0.888859 0.2986307
      vertex 11 1.60982 0
    endloop
  endfacet
  facet normal 0.38271 0 -0.923869
    outer loop
      vertex 11.3902 2 0
      vertex 12.1111 24 0.2986307
      vertex 12.1111 2 0.2986307
    endloop
  endfacet
  facet normal 0.38271 0 -0.923869
    outer loop
      vertex 12.1111 24 0.2986307
      vertex 11.3902 2 0
      vertex 11.3902 24 0
    endloop
  endfacet
  facet normal 0.593604 -0.396656 -0.700213
    outer loop
      vertex 12.1759 0.824124 0.8504297
      vertex 12.0266 1.57478 0.2986307
      vertex 12.5364 1.36362 0.8504297
    endloop
  endfacet
  facet normal 0.593576 -0.396672 -0.700228
    outer loop
      vertex 12.1759 0.824124 0.8504297
      vertex 11.7857 1.2143 0.2986307
      vertex 12.0266 1.57478 0.2986307
    endloop
  endfacet
  facet normal -0.770349 0.514756 -0.376283
    outer loop
      vertex -12.1759 25.1759 0.8504297
      vertex -12.5364 24.6364 0.8504297
      vertex -12.387 25.387 1.5713907
    endloop
  endfacet
  facet normal -0.593593 0.396646 -0.700228
    outer loop
      vertex -12.0266 24.4252 0.2986307
      vertex -12.5364 24.6364 0.8504297
      vertex -12.1759 25.1759 0.8504297
    endloop
  endfacet
  facet normal -0.514756 0.770349 -0.376283
    outer loop
      vertex -12.1759 25.1759 0.8504297
      vertex -12.387 25.387 1.5713907
      vertex -11.6364 25.5364 0.8504297
    endloop
  endfacet
  facet normal -0.514831 0.77025 -0.376383
    outer loop
      vertex -11.6364 25.5364 0.8504297
      vertex -12.387 25.387 1.5713907
      vertex -11.7507 25.8123 1.5713907
    endloop
  endfacet
  facet normal -0.216157 0.323473 -0.921217
    outer loop
      vertex -11.2759 24.2759 0
      vertex -11.7857 24.7857 0.2986307
      vertex -11.4252 25.0266 0.2986307
    endloop
  endfacet
  facet normal -0.323473 0.216157 -0.921217
    outer loop
      vertex -11.2759 24.2759 0
      vertex -12.0266 24.4252 0.2986307
      vertex -11.7857 24.7857 0.2986307
    endloop
  endfacet
  facet normal 0.216202 0.323536 0.921184
    outer loop
      vertex 11.4252 25.0266 15.6244707
      vertex 11.1493 24.3605 15.9231707
      vertex 11.2759 24.2759 15.9231707
    endloop
  endfacet
  facet normal -0 0.382786 0.923837
    outer loop
      vertex -11 25.1111 15.6244707
      vertex 11 24.3902 15.9231707
      vertex 11 25.1111 15.6244707
    endloop
  endfacet
  facet normal 0 0.382786 0.923837
    outer loop
      vertex 11 24.3902 15.9231707
      vertex -11 25.1111 15.6244707
      vertex -11 24.3902 15.9231707
    endloop
  endfacet
  facet normal -0.2162 0.323537 0.921185
    outer loop
      vertex -11.4252 25.0266 15.6244707
      vertex -11.7857 24.7857 15.6244707
      vertex -11.2759 24.2759 15.9231707
    endloop
  endfacet
  facet normal -0.0759213 -0.381651 0.921183
    outer loop
      vertex -11.1493 1.63952 15.9231707
      vertex -11.4252 0.973439 15.6244707
      vertex -11 1.60982 15.9231707
    endloop
  endfacet
  facet normal 0 0 -1
    outer loop
      vertex 11 1.60982 0
      vertex 11.3902 2 0
      vertex 11.3605 1.85068 0
    endloop
  endfacet
  facet normal -0 0 -1
    outer loop
      vertex 11.3902 2 0
      vertex 11 1.60982 0
      vertex 11.3902 24 0
    endloop
  endfacet
  facet normal 0 0 -1
    outer loop
      vertex 11 1.60982 0
      vertex 11.3605 1.85068 0
      vertex 11.2759 1.7241 0
    endloop
  endfacet
  facet normal 0 0 -1
    outer loop
      vertex 11 24.3902 0
      vertex 11.3902 24 0
      vertex 11 1.60982 0
    endloop
  endfacet
  facet normal 0 0 -1
    outer loop
      vertex 11 1.60982 0
      vertex 11.2759 1.7241 0
      vertex 11.1493 1.63952 0
    endloop
  endfacet
  facet normal 0 0 -1
    outer loop
      vertex 11.3902 24 0
      vertex 11 24.3902 0
      vertex 11.3605 24.1493 0
    endloop
  endfacet
  facet normal 0 0 -1
    outer loop
      vertex 11.3605 24.1493 0
      vertex 11 24.3902 0
      vertex 11.2759 24.2759 0
    endloop
  endfacet
  facet normal 0 0 -1
    outer loop
      vertex 11.2759 24.2759 0
      vertex 11 24.3902 0
      vertex 11.1493 24.3605 0
    endloop
  endfacet
  facet normal 0 0 -1
    outer loop
      vertex -11 1.60982 0
      vertex 11 24.3902 0
      vertex 11 1.60982 0
    endloop
  endfacet
  facet normal 0 0 -1
    outer loop
      vertex -11 1.60982 0
      vertex -11 24.3902 0
      vertex 11 24.3902 0
    endloop
  endfacet
  facet normal 0 0 -1
    outer loop
      vertex -11.3902 2 0
      vertex -11 1.60982 0
      vertex -11.1493 1.63952 0
    endloop
  endfacet
  facet normal 0 0 -1
    outer loop
      vertex -11 1.60982 0
      vertex -11.3902 2 0
      vertex -11 24.3902 0
    endloop
  endfacet
  facet normal 0 0 -1
    outer loop
      vertex -11.3902 2 0
      vertex -11.1493 1.63952 0
      vertex -11.2759 1.7241 0
    endloop
  endfacet
  facet normal 0 0 -1
    outer loop
      vertex -11.3902 24 0
      vertex -11 24.3902 0
      vertex -11.3902 2 0
    endloop
  endfacet
  facet normal 0 0 -1
    outer loop
      vertex -11.3902 2 0
      vertex -11.2759 1.7241 0
      vertex -11.3605 1.85068 0
    endloop
  endfacet
  facet normal 0 0 -1
    outer loop
      vertex -11 24.3902 0
      vertex -11.3902 24 0
      vertex -11.1493 24.3605 0
    endloop
  endfacet
  facet normal 0 0 -1
    outer loop
      vertex -11.1493 24.3605 0
      vertex -11.3902 24 0
      vertex -11.2759 24.2759 0
    endloop
  endfacet
  facet normal 0 0 -1
    outer loop
      vertex -11.2759 24.2759 0
      vertex -11.3902 24 0
      vertex -11.3605 24.1493 0
    endloop
  endfacet
  facet normal -0.396619 -0.593625 -0.700217
    outer loop
      vertex -11.4252 0.973439 0.2986307
      vertex -12.1759 0.824124 0.8504297
      vertex -11.7857 1.2143 0.2986307
    endloop
  endfacet
  facet normal 0 -0.382682 -0.92388
    outer loop
      vertex -11 0.888859 0.2986307
      vertex 11 1.60982 0
      vertex 11 0.888859 0.2986307
    endloop
  endfacet
  facet normal -0 -0.382682 -0.92388
    outer loop
      vertex 11 1.60982 0
      vertex -11 0.888859 0.2986307
      vertex -11 1.60982 0
    endloop
  endfacet
  facet normal 0.381608 0.0758369 -0.921208
    outer loop
      vertex 12.1111 24 0.2986307
      vertex 11.3902 24 0
      vertex 12.0266 24.4252 0.2986307
    endloop
  endfacet
  facet normal -0.216202 0.323536 0.921184
    outer loop
      vertex -11.1493 24.3605 15.9231707
      vertex -11.4252 25.0266 15.6244707
      vertex -11.2759 24.2759 15.9231707
    endloop
  endfacet
  facet normal -0.593576 -0.396672 -0.700228
    outer loop
      vertex -11.7857 1.2143 0.2986307
      vertex -12.1759 0.824124 0.8504297
      vertex -12.0266 1.57478 0.2986307
    endloop
  endfacet
  facet normal -0.323466 -0.216165 -0.921218
    outer loop
      vertex -11.7857 1.2143 0.2986307
      vertex -12.0266 1.57478 0.2986307
      vertex -11.2759 1.7241 0
    endloop
  endfacet
  facet normal 0 0 1
    outer loop
      vertex 11 24.3902 15.9231707
      vertex 11.3902 24 15.9231707
      vertex 11.3605 24.1493 15.9231707
    endloop
  endfacet
  facet normal 0 0 1
    outer loop
      vertex 11.3902 24 15.9231707
      vertex 11 24.3902 15.9231707
      vertex 11.3902 2 15.9231707
    endloop
  endfacet
  facet normal 0 0 1
    outer loop
      vertex 11 24.3902 15.9231707
      vertex 11.3605 24.1493 15.9231707
      vertex 11.2759 24.2759 15.9231707
    endloop
  endfacet
  facet normal 0 0 1
    outer loop
      vertex 11 1.60982 15.9231707
      vertex 11.3902 2 15.9231707
      vertex 11 24.3902 15.9231707
    endloop
  endfacet
  facet normal 0 0 1
    outer loop
      vertex 11 24.3902 15.9231707
      vertex 11.2759 24.2759 15.9231707
      vertex 11.1493 24.3605 15.9231707
    endloop
  endfacet
  facet normal 0 0 1
    outer loop
      vertex 11.3902 2 15.9231707
      vertex 11 1.60982 15.9231707
      vertex 11.3605 1.85068 15.9231707
    endloop
  endfacet
  facet normal 0 0 1
    outer loop
      vertex 11.3605 1.85068 15.9231707
      vertex 11 1.60982 15.9231707
      vertex 11.2759 1.7241 15.9231707
    endloop
  endfacet
  facet normal 0 0 1
    outer loop
      vertex 11.2759 1.7241 15.9231707
      vertex 11 1.60982 15.9231707
      vertex 11.1493 1.63952 15.9231707
    endloop
  endfacet
  facet normal -0 0 1
    outer loop
      vertex -11 24.3902 15.9231707
      vertex 11 1.60982 15.9231707
      vertex 11 24.3902 15.9231707
    endloop
  endfacet
  facet normal 0 0 1
    outer loop
      vertex -11 24.3902 15.9231707
      vertex -11 1.60982 15.9231707
      vertex 11 1.60982 15.9231707
    endloop
  endfacet
  facet normal 0 0 1
    outer loop
      vertex -11.3902 24 15.9231707
      vertex -11 24.3902 15.9231707
      vertex -11.1493 24.3605 15.9231707
    endloop
  endfacet
  facet normal 0 0 1
    outer loop
      vertex -11 24.3902 15.9231707
      vertex -11.3902 24 15.9231707
      vertex -11 1.60982 15.9231707
    endloop
  endfacet
  facet normal 0 0 1
    outer loop
      vertex -11.3902 24 15.9231707
      vertex -11.1493 24.3605 15.9231707
      vertex -11.2759 24.2759 15.9231707
    endloop
  endfacet
  facet normal -0 0 1
    outer loop
      vertex -11.3902 2 15.9231707
      vertex -11 1.60982 15.9231707
      vertex -11.3902 24 15.9231707
    endloop
  endfacet
  facet normal 0 0 1
    outer loop
      vertex -11.3902 24 15.9231707
      vertex -11.2759 24.2759 15.9231707
      vertex -11.3605 24.1493 15.9231707
    endloop
  endfacet
  facet normal 0 0 1
    outer loop
      vertex -11 1.60982 15.9231707
      vertex -11.3902 2 15.9231707
      vertex -11.1493 1.63952 15.9231707
    endloop
  endfacet
  facet normal 0 0 1
    outer loop
      vertex -11.1493 1.63952 15.9231707
      vertex -11.3902 2 15.9231707
      vertex -11.2759 1.7241 15.9231707
    endloop
  endfacet
  facet normal 0 0 1
    outer loop
      vertex -11.2759 1.7241 15.9231707
      vertex -11.3902 2 15.9231707
      vertex -11.3605 1.85068 15.9231707
    endloop
  endfacet
  facet normal -0.381643 0.0759196 0.921187
    outer loop
      vertex -11.3605 24.1493 15.9231707
      vertex -12.0266 24.4252 15.6244707
      vertex -11.3902 24 15.9231707
    endloop
  endfacet
endsolid OpenSCAD_Model
