solid OpenSCAD_Model
  facet normal -0.130664 0 -0.991427
    outer loop
      vertex 3.39999 0.299999 12.2615707
      vertex 3.63293 25.7 12.2308707
      vertex 3.63293 0.299999 12.2308707
    endloop
  endfacet
  facet normal -0.130664 0 -0.991427
    outer loop
      vertex 3.63293 25.7 12.2308707
      vertex 3.39999 0.299999 12.2615707
      vertex 3.39999 25.7 12.2615707
    endloop
  endfacet
  facet normal -0 0 1
    outer loop
      vertex -3.39999 25.7 3.6615807
      vertex 3.39999 0.299999 3.6615807
      vertex 3.39999 25.7 3.6615807
    endloop
  endfacet
  facet normal 0 0 1
    outer loop
      vertex 3.39999 0.299999 3.6615807
      vertex -3.39999 25.7 3.6615807
      vertex -3.39999 0.299999 3.6615807
    endloop
  endfacet
  facet normal 0.130664 0 -0.991427
    outer loop
      vertex -3.63293 0.299999 12.2308707
      vertex -3.39999 25.7 12.2615707
      vertex -3.39999 0.299999 12.2615707
    endloop
  endfacet
  facet normal 0.130664 0 -0.991427
    outer loop
      vertex -3.63293 0.299999 12.2308707
      vertex -3.63293 25.7 12.2308707
      vertex -3.39999 25.7 12.2615707
    endloop
  endfacet
  facet normal 0.923863 -0 0.382723
    outer loop
      vertex -4.26933 0.299999 4.3286407
      vertex -4.17941 25.7 4.1115807
      vertex -4.26933 25.7 4.3286407
    endloop
  endfacet
  facet normal 0.923863 0 0.382723
    outer loop
      vertex -4.17941 25.7 4.1115807
      vertex -4.26933 0.299999 4.3286407
      vertex -4.17941 0.299999 4.1115807
    endloop
  endfacet
  facet normal 1 -0 0
    outer loop
      vertex -4.29999 0.299999 11.3615707
      vertex -4.29999 25.7 4.5615807
      vertex -4.29999 25.7 11.3615707
    endloop
  endfacet
  facet normal 1 0 0
    outer loop
      vertex -4.29999 25.7 4.5615807
      vertex -4.29999 0.299999 11.3615707
      vertex -4.29999 0.299999 4.5615807
    endloop
  endfacet
  facet normal -0.130496 0 0.991449
    outer loop
      vertex 3.39999 25.7 3.6615807
      vertex 3.63293 0.299999 3.6922407
      vertex 3.63293 25.7 3.6922407
    endloop
  endfacet
  facet normal -0.130496 0 0.991449
    outer loop
      vertex 3.63293 0.299999 3.6922407
      vertex 3.39999 25.7 3.6615807
      vertex 3.39999 0.299999 3.6615807
    endloop
  endfacet
  facet normal -1 0 0
    outer loop
      vertex 4.29999 0.299999 4.5615807
      vertex 4.29999 25.7 11.3615707
      vertex 4.29999 25.7 4.5615807
    endloop
  endfacet
  facet normal -1 -0 0
    outer loop
      vertex 4.29999 25.7 11.3615707
      vertex 4.29999 0.299999 4.5615807
      vertex 4.29999 0.299999 11.3615707
    endloop
  endfacet
  facet normal 0.991449 -0 0.130496
    outer loop
      vertex -4.29999 0.299999 4.5615807
      vertex -4.26933 25.7 4.3286407
      vertex -4.29999 25.7 4.5615807
    endloop
  endfacet
  facet normal 0.991449 0 0.130496
    outer loop
      vertex -4.26933 25.7 4.3286407
      vertex -4.29999 0.299999 4.5615807
      vertex -4.26933 0.299999 4.3286407
    endloop
  endfacet
  facet normal 0 0 -1
    outer loop
      vertex -3.39999 0.299999 12.2615707
      vertex 3.39999 25.7 12.2615707
      vertex 3.39999 0.299999 12.2615707
    endloop
  endfacet
  facet normal -0 0 -1
    outer loop
      vertex 3.39999 25.7 12.2615707
      vertex -3.39999 0.299999 12.2615707
      vertex -3.39999 25.7 12.2615707
    endloop
  endfacet
  facet normal 0.382723 0 0.923863
    outer loop
      vertex -3.63293 25.7 3.6922407
      vertex -3.84999 0.299999 3.7821607
      vertex -3.63293 0.299999 3.6922407
    endloop
  endfacet
  facet normal 0.382723 0 0.923863
    outer loop
      vertex -3.84999 25.7 3.7821607
      vertex -3.84999 0.299999 3.7821607
      vertex -3.63293 25.7 3.6922407
    endloop
  endfacet
  facet normal 0.130496 0 0.991449
    outer loop
      vertex -3.39999 25.7 3.6615807
      vertex -3.63293 0.299999 3.6922407
      vertex -3.39999 0.299999 3.6615807
    endloop
  endfacet
  facet normal 0.130496 0 0.991449
    outer loop
      vertex -3.63293 25.7 3.6922407
      vertex -3.63293 0.299999 3.6922407
      vertex -3.39999 25.7 3.6615807
    endloop
  endfacet
  facet normal 0.608682 0 -0.793414
    outer loop
      vertex -4.03639 0.299999 11.9979707
      vertex -3.84999 25.7 12.1409707
      vertex -3.84999 0.299999 12.1409707
    endloop
  endfacet
  facet normal 0.608682 0 -0.793414
    outer loop
      vertex -3.84999 25.7 12.1409707
      vertex -4.03639 0.299999 11.9979707
      vertex -4.03639 25.7 11.9979707
    endloop
  endfacet
  facet normal -0.923863 0 0.382723
    outer loop
      vertex 4.17941 0.299999 4.1115807
      vertex 4.26933 25.7 4.3286407
      vertex 4.17941 25.7 4.1115807
    endloop
  endfacet
  facet normal -0.923863 0 0.382723
    outer loop
      vertex 4.26933 25.7 4.3286407
      vertex 4.17941 0.299999 4.1115807
      vertex 4.26933 0.299999 4.3286407
    endloop
  endfacet
  facet normal 0.793373 -0 0.608735
    outer loop
      vertex -4.17941 0.299999 4.1115807
      vertex -4.03639 25.7 3.9251807
      vertex -4.17941 25.7 4.1115807
    endloop
  endfacet
  facet normal 0.793373 0 0.608735
    outer loop
      vertex -4.03639 25.7 3.9251807
      vertex -4.17941 0.299999 4.1115807
      vertex -4.03639 0.299999 3.9251807
    endloop
  endfacet
  facet normal 0.608735 0 0.793373
    outer loop
      vertex -4.03639 25.7 3.9251807
      vertex -3.84999 0.299999 3.7821607
      vertex -3.84999 25.7 3.7821607
    endloop
  endfacet
  facet normal 0.608735 0 0.793373
    outer loop
      vertex -3.84999 0.299999 3.7821607
      vertex -4.03639 25.7 3.9251807
      vertex -4.03639 0.299999 3.9251807
    endloop
  endfacet
  facet normal -0.991449 0 0.130496
    outer loop
      vertex 4.26933 0.299999 4.3286407
      vertex 4.29999 25.7 4.5615807
      vertex 4.26933 25.7 4.3286407
    endloop
  endfacet
  facet normal -0.991449 0 0.130496
    outer loop
      vertex 4.29999 25.7 4.5615807
      vertex 4.26933 0.299999 4.3286407
      vertex 4.29999 0.299999 4.5615807
    endloop
  endfacet
  facet normal 0.38265 0 -0.923893
    outer loop
      vertex -3.84999 0.299999 12.1409707
      vertex -3.63293 25.7 12.2308707
      vertex -3.63293 0.299999 12.2308707
    endloop
  endfacet
  facet normal 0.38265 0 -0.923893
    outer loop
      vertex -3.84999 0.299999 12.1409707
      vertex -3.84999 25.7 12.1409707
      vertex -3.63293 25.7 12.2308707
    endloop
  endfacet
  facet normal -0.793373 0 -0.608735
    outer loop
      vertex 4.17941 0.299999 11.8115707
      vertex 4.03639 25.7 11.9979707
      vertex 4.17941 25.7 11.8115707
    endloop
  endfacet
  facet normal -0.793373 -0 -0.608735
    outer loop
      vertex 4.03639 25.7 11.9979707
      vertex 4.17941 0.299999 11.8115707
      vertex 4.03639 0.299999 11.9979707
    endloop
  endfacet
  facet normal -0.382723 0 0.923863
    outer loop
      vertex 3.63293 25.7 3.6922407
      vertex 3.84999 0.299999 3.7821607
      vertex 3.84999 25.7 3.7821607
    endloop
  endfacet
  facet normal -0.382723 0 0.923863
    outer loop
      vertex 3.84999 0.299999 3.7821607
      vertex 3.63293 25.7 3.6922407
      vertex 3.63293 0.299999 3.6922407
    endloop
  endfacet
  facet normal -0.608735 0 0.793373
    outer loop
      vertex 3.84999 25.7 3.7821607
      vertex 4.03639 0.299999 3.9251807
      vertex 4.03639 25.7 3.9251807
    endloop
  endfacet
  facet normal -0.608735 0 0.793373
    outer loop
      vertex 4.03639 0.299999 3.9251807
      vertex 3.84999 25.7 3.7821607
      vertex 3.84999 0.299999 3.7821607
    endloop
  endfacet
  facet normal -0.38265 0 -0.923893
    outer loop
      vertex 3.63293 0.299999 12.2308707
      vertex 3.84999 25.7 12.1409707
      vertex 3.84999 0.299999 12.1409707
    endloop
  endfacet
  facet normal -0.38265 0 -0.923893
    outer loop
      vertex 3.84999 25.7 12.1409707
      vertex 3.63293 0.299999 12.2308707
      vertex 3.63293 25.7 12.2308707
    endloop
  endfacet
  facet normal 0.991446 0 -0.130518
    outer loop
      vertex -4.26933 0.299999 11.5944707
      vertex -4.29999 25.7 11.3615707
      vertex -4.26933 25.7 11.5944707
    endloop
  endfacet
  facet normal 0.991446 0 -0.130518
    outer loop
      vertex -4.29999 25.7 11.3615707
      vertex -4.26933 0.299999 11.5944707
      vertex -4.29999 0.299999 11.3615707
    endloop
  endfacet
  facet normal -0.991446 0 -0.130518
    outer loop
      vertex 4.29999 0.299999 11.3615707
      vertex 4.26933 25.7 11.5944707
      vertex 4.29999 25.7 11.3615707
    endloop
  endfacet
  facet normal -0.991446 -0 -0.130518
    outer loop
      vertex 4.26933 25.7 11.5944707
      vertex 4.29999 0.299999 11.3615707
      vertex 4.26933 0.299999 11.5944707
    endloop
  endfacet
  facet normal -0.793373 0 0.608735
    outer loop
      vertex 4.03639 0.299999 3.9251807
      vertex 4.17941 25.7 4.1115807
      vertex 4.03639 25.7 3.9251807
    endloop
  endfacet
  facet normal -0.793373 0 0.608735
    outer loop
      vertex 4.17941 25.7 4.1115807
      vertex 4.03639 0.299999 3.9251807
      vertex 4.17941 0.299999 4.1115807
    endloop
  endfacet
  facet normal -0.923888 0 -0.382662
    outer loop
      vertex 4.26933 0.299999 11.5944707
      vertex 4.17941 25.7 11.8115707
      vertex 4.26933 25.7 11.5944707
    endloop
  endfacet
  facet normal -0.923888 -0 -0.382662
    outer loop
      vertex 4.17941 25.7 11.8115707
      vertex 4.26933 0.299999 11.5944707
      vertex 4.17941 0.299999 11.8115707
    endloop
  endfacet
  facet normal 0.923888 0 -0.382662
    outer loop
      vertex -4.17941 0.299999 11.8115707
      vertex -4.26933 25.7 11.5944707
      vertex -4.17941 25.7 11.8115707
    endloop
  endfacet
  facet normal 0.923888 0 -0.382662
    outer loop
      vertex -4.26933 25.7 11.5944707
      vertex -4.17941 0.299999 11.8115707
      vertex -4.26933 0.299999 11.5944707
    endloop
  endfacet
  facet normal -0.608682 0 -0.793414
    outer loop
      vertex 3.84999 0.299999 12.1409707
      vertex 4.03639 25.7 11.9979707
      vertex 4.03639 0.299999 11.9979707
    endloop
  endfacet
  facet normal -0.608682 0 -0.793414
    outer loop
      vertex 4.03639 25.7 11.9979707
      vertex 3.84999 0.299999 12.1409707
      vertex 3.84999 25.7 12.1409707
    endloop
  endfacet
  facet normal 0.793373 0 -0.608735
    outer loop
      vertex -4.03639 0.299999 11.9979707
      vertex -4.17941 25.7 11.8115707
      vertex -4.03639 25.7 11.9979707
    endloop
  endfacet
  facet normal 0.793373 0 -0.608735
    outer loop
      vertex -4.17941 25.7 11.8115707
      vertex -4.03639 0.299999 11.9979707
      vertex -4.17941 0.299999 11.8115707
    endloop
  endfacet
  facet normal 0.0895839 -0.727181 0.680576
    outer loop
      vertex -3.81041 0.0384293 3.4361207
      vertex -3.63293 0.299999 3.6922407
      vertex -3.8468 0.0384293 3.4409107
    endloop
  endfacet
  facet normal 0.0895789 -0.727179 0.680578
    outer loop
      vertex -3.63293 0.299999 3.6922407
      vertex -3.81041 0.0384293 3.4361207
      vertex -3.39999 0.299999 3.6615807
    endloop
  endfacet
  facet normal -0.0896616 -0.727161 -0.680587
    outer loop
      vertex 3.81041 0.0384293 12.4869707
      vertex 3.60015 0.0384293 12.5146707
      vertex 3.39999 0.299999 12.2615707
    endloop
  endfacet
  facet normal 0.375878 -0.786549 -0.489955
    outer loop
      vertex -4.10575 0.0384293 12.3646707
      vertex -4.03639 0.299999 11.9979707
      vertex -3.84999 0.299999 12.1409707
    endloop
  endfacet
  facet normal 0.375495 -0.786497 -0.490332
    outer loop
      vertex -3.84999 0.299999 12.1409707
      vertex -4.07663 0.0384293 12.3869707
      vertex -4.10575 0.0384293 12.3646707
    endloop
  endfacet
  facet normal -0.0896931 -0.727184 -0.680557
    outer loop
      vertex 3.63293 0.299999 12.2308707
      vertex 3.81041 0.0384293 12.4869707
      vertex 3.39999 0.299999 12.2615707
    endloop
  endfacet
  facet normal -0.0879902 -0.726726 -0.681269
    outer loop
      vertex 3.81041 0.0384293 12.4869707
      vertex 3.63293 0.299999 12.2308707
      vertex 3.8468 0.0384293 12.4822707
    endloop
  endfacet
  facet normal -0.244997 -0.768467 -0.59113
    outer loop
      vertex 3.8468 0.0384293 12.4822707
      vertex 3.63293 0.299999 12.2308707
      vertex 4.04272 0.0384293 12.4010707
    endloop
  endfacet
  facet normal 0.244997 -0.768467 -0.59113
    outer loop
      vertex -3.63293 0.299999 12.2308707
      vertex -3.8468 0.0384293 12.4822707
      vertex -4.04272 0.0384293 12.4010707
    endloop
  endfacet
  facet normal 0.0879902 -0.726726 -0.681269
    outer loop
      vertex -3.63293 0.299999 12.2308707
      vertex -3.81041 0.0384293 12.4869707
      vertex -3.8468 0.0384293 12.4822707
    endloop
  endfacet
  facet normal 0.0896931 -0.727184 -0.680557
    outer loop
      vertex -3.81041 0.0384293 12.4869707
      vertex -3.63293 0.299999 12.2308707
      vertex -3.39999 0.299999 12.2615707
    endloop
  endfacet
  facet normal -0.680591 -0.727169 0.089565
    outer loop
      vertex 4.52545 0.0384293 4.1511607
      vertex 4.55312 0.0384293 4.3614207
      vertex 4.29999 0.299999 4.5615807
    endloop
  endfacet
  facet normal 0.718605 -0.695419 0
    outer loop
      vertex -4.55312 0.0384293 11.5616707
      vertex -4.29999 0.299999 4.5615807
      vertex -4.29999 0.299999 11.3615707
    endloop
  endfacet
  facet normal 0.718605 -0.695419 0
    outer loop
      vertex -4.29999 0.299999 4.5615807
      vertex -4.55312 0.0384293 11.5616707
      vertex -4.55312 0.0384293 4.3614207
    endloop
  endfacet
  facet normal 0.089565 -0.727169 0.680591
    outer loop
      vertex -3.60015 0.0384293 3.4084507
      vertex -3.39999 0.299999 3.6615807
      vertex -3.81041 0.0384293 3.4361207
    endloop
  endfacet
  facet normal -0.089565 -0.727169 0.680591
    outer loop
      vertex 3.60015 0.0384293 3.4084507
      vertex 3.81041 0.0384293 3.4361207
      vertex 3.39999 0.299999 3.6615807
    endloop
  endfacet
  facet normal -0.375904 -0.786554 0.489927
    outer loop
      vertex 4.10575 0.0384293 3.5584607
      vertex 4.27401 0.0384293 3.6875607
      vertex 4.03639 0.299999 3.9251807
    endloop
  endfacet
  facet normal -0.489999 -0.786526 -0.37587
    outer loop
      vertex 4.42545 0.0384293 12.0381707
      vertex 4.29635 0.0384293 12.2064707
      vertex 4.17941 0.299999 11.8115707
    endloop
  endfacet
  facet normal -0.680582 -0.727177 -0.0895601
    outer loop
      vertex 4.26933 0.299999 11.5944707
      vertex 4.52545 0.0384293 11.7719707
      vertex 4.52066 0.0384293 11.8083707
    endloop
  endfacet
  facet normal -0.680568 -0.727186 -0.0895931
    outer loop
      vertex 4.52545 0.0384293 11.7719707
      vertex 4.26933 0.299999 11.5944707
      vertex 4.29999 0.299999 11.3615707
    endloop
  endfacet
  facet normal 0.244889 -0.768391 -0.591274
    outer loop
      vertex -4.04272 0.0384293 12.4010707
      vertex -3.84999 0.299999 12.1409707
      vertex -3.63293 0.299999 12.2308707
    endloop
  endfacet
  facet normal 0.245663 -0.7685 -0.59081
    outer loop
      vertex -3.84999 0.299999 12.1409707
      vertex -4.04272 0.0384293 12.4010707
      vertex -4.07663 0.0384293 12.3869707
    endloop
  endfacet
  facet normal 0.680608 -0.727154 -0.0895503
    outer loop
      vertex -4.29999 0.299999 11.3615707
      vertex -4.52545 0.0384293 11.7719707
      vertex -4.55312 0.0384293 11.5616707
    endloop
  endfacet
  facet normal 0 -0.695419 0.718605
    outer loop
      vertex -3.39999 0.299999 3.6615807
      vertex 3.60015 0.0384293 3.4084507
      vertex 3.39999 0.299999 3.6615807
    endloop
  endfacet
  facet normal 0 -0.695419 0.718605
    outer loop
      vertex 3.60015 0.0384293 3.4084507
      vertex -3.39999 0.299999 3.6615807
      vertex -3.60015 0.0384293 3.4084507
    endloop
  endfacet
  facet normal -0.718605 -0.695419 0
    outer loop
      vertex 4.55312 0.0384293 4.3614207
      vertex 4.29999 0.299999 11.3615707
      vertex 4.29999 0.299999 4.5615807
    endloop
  endfacet
  facet normal -0.718605 -0.695419 0
    outer loop
      vertex 4.29999 0.299999 11.3615707
      vertex 4.55312 0.0384293 4.3614207
      vertex 4.55312 0.0384293 11.5616707
    endloop
  endfacet
  facet normal 0.680591 -0.727169 0.089565
    outer loop
      vertex -4.52545 0.0384293 4.1511607
      vertex -4.29999 0.299999 4.5615807
      vertex -4.55312 0.0384293 4.3614207
    endloop
  endfacet
  facet normal 0.591265 -0.768384 0.244932
    outer loop
      vertex -4.4395 0.0384293 3.9188507
      vertex -4.26933 0.299999 4.3286407
      vertex -4.52066 0.0384293 4.1147707
    endloop
  endfacet
  facet normal 0.0896616 -0.727161 -0.680587
    outer loop
      vertex -3.39999 0.299999 12.2615707
      vertex -3.60015 0.0384293 12.5146707
      vertex -3.81041 0.0384293 12.4869707
    endloop
  endfacet
  facet normal 0 -0.695376 -0.718646
    outer loop
      vertex 3.60015 0.0384293 12.5146707
      vertex -3.39999 0.299999 12.2615707
      vertex 3.39999 0.299999 12.2615707
    endloop
  endfacet
  facet normal 0 -0.695376 -0.718646
    outer loop
      vertex -3.39999 0.299999 12.2615707
      vertex 3.60015 0.0384293 12.5146707
      vertex -3.60015 0.0384293 12.5146707
    endloop
  endfacet
  facet normal 0.375915 -0.78654 -0.489942
    outer loop
      vertex -4.03639 0.299999 11.9979707
      vertex -4.10575 0.0384293 12.3646707
      vertex -4.27401 0.0384293 12.2355707
    endloop
  endfacet
  facet normal 0.244932 -0.768384 0.591265
    outer loop
      vertex -3.8468 0.0384293 3.4409107
      vertex -3.63293 0.299999 3.6922407
      vertex -4.04272 0.0384293 3.5220707
    endloop
  endfacet
  facet normal -0.0895789 -0.727179 0.680578
    outer loop
      vertex 3.81041 0.0384293 3.4361207
      vertex 3.63293 0.299999 3.6922407
      vertex 3.39999 0.299999 3.6615807
    endloop
  endfacet
  facet normal -0.0895839 -0.727181 0.680576
    outer loop
      vertex 3.63293 0.299999 3.6922407
      vertex 3.81041 0.0384293 3.4361207
      vertex 3.8468 0.0384293 3.4409107
    endloop
  endfacet
  facet normal -0.680608 -0.727154 -0.0895503
    outer loop
      vertex 4.55312 0.0384293 11.5616707
      vertex 4.52545 0.0384293 11.7719707
      vertex 4.29999 0.299999 11.3615707
    endloop
  endfacet
  facet normal 0.489825 -0.786554 -0.376037
    outer loop
      vertex -4.29635 0.0384293 12.2064707
      vertex -4.03639 0.299999 11.9979707
      vertex -4.27401 0.0384293 12.2355707
    endloop
  endfacet
  facet normal 0.489927 -0.786552 -0.375908
    outer loop
      vertex -4.03639 0.299999 11.9979707
      vertex -4.29635 0.0384293 12.2064707
      vertex -4.17941 0.299999 11.8115707
    endloop
  endfacet
  facet normal 0.244969 -0.768392 0.591239
    outer loop
      vertex -4.04272 0.0384293 3.5220707
      vertex -3.84999 0.299999 3.7821607
      vertex -4.07663 0.0384293 3.5361207
    endloop
  endfacet
  facet normal 0.244937 -0.768388 0.591258
    outer loop
      vertex -3.84999 0.299999 3.7821607
      vertex -4.04272 0.0384293 3.5220707
      vertex -3.63293 0.299999 3.6922407
    endloop
  endfacet
  facet normal 0.680578 -0.727179 0.0895789
    outer loop
      vertex -4.52545 0.0384293 4.1511607
      vertex -4.26933 0.299999 4.3286407
      vertex -4.29999 0.299999 4.5615807
    endloop
  endfacet
  facet normal 0.680576 -0.727181 0.0895839
    outer loop
      vertex -4.26933 0.299999 4.3286407
      vertex -4.52545 0.0384293 4.1511607
      vertex -4.52066 0.0384293 4.1147707
    endloop
  endfacet
  facet normal 0.489927 -0.786552 0.375908
    outer loop
      vertex -4.29635 0.0384293 3.7166807
      vertex -4.03639 0.299999 3.9251807
      vertex -4.17941 0.299999 4.1115807
    endloop
  endfacet
  facet normal 0.489952 -0.786552 0.375877
    outer loop
      vertex -4.03639 0.299999 3.9251807
      vertex -4.29635 0.0384293 3.7166807
      vertex -4.27401 0.0384293 3.6875607
    endloop
  endfacet
  facet normal -0.244932 -0.768384 0.591265
    outer loop
      vertex 3.63293 0.299999 3.6922407
      vertex 3.8468 0.0384293 3.4409107
      vertex 4.04272 0.0384293 3.5220707
    endloop
  endfacet
  facet normal 0.680582 -0.727177 -0.0895601
    outer loop
      vertex -4.52545 0.0384293 11.7719707
      vertex -4.26933 0.299999 11.5944707
      vertex -4.52066 0.0384293 11.8083707
    endloop
  endfacet
  facet normal 0.680568 -0.727186 -0.0895931
    outer loop
      vertex -4.26933 0.299999 11.5944707
      vertex -4.52545 0.0384293 11.7719707
      vertex -4.29999 0.299999 11.3615707
    endloop
  endfacet
  facet normal -0.591217 -0.768389 -0.245032
    outer loop
      vertex 4.17941 0.299999 11.8115707
      vertex 4.4395 0.0384293 12.0042707
      vertex 4.42545 0.0384293 12.0381707
    endloop
  endfacet
  facet normal -0.591293 -0.768371 -0.244906
    outer loop
      vertex 4.4395 0.0384293 12.0042707
      vertex 4.17941 0.299999 11.8115707
      vertex 4.26933 0.299999 11.5944707
    endloop
  endfacet
  facet normal 0.591217 -0.768389 -0.245032
    outer loop
      vertex -4.4395 0.0384293 12.0042707
      vertex -4.17941 0.299999 11.8115707
      vertex -4.42545 0.0384293 12.0381707
    endloop
  endfacet
  facet normal 0.591293 -0.768371 -0.244906
    outer loop
      vertex -4.17941 0.299999 11.8115707
      vertex -4.4395 0.0384293 12.0042707
      vertex -4.26933 0.299999 11.5944707
    endloop
  endfacet
  facet normal -0.48993 -0.786551 0.375906
    outer loop
      vertex 4.29635 0.0384293 3.7166807
      vertex 4.42545 0.0384293 3.8849407
      vertex 4.17941 0.299999 4.1115807
    endloop
  endfacet
  facet normal -0.489927 -0.786552 0.375908
    outer loop
      vertex 4.03639 0.299999 3.9251807
      vertex 4.29635 0.0384293 3.7166807
      vertex 4.17941 0.299999 4.1115807
    endloop
  endfacet
  facet normal -0.489952 -0.786552 0.375877
    outer loop
      vertex 4.29635 0.0384293 3.7166807
      vertex 4.03639 0.299999 3.9251807
      vertex 4.27401 0.0384293 3.6875607
    endloop
  endfacet
  facet normal -0.244963 -0.768406 0.591223
    outer loop
      vertex 3.63293 0.299999 3.6922407
      vertex 4.04272 0.0384293 3.5220707
      vertex 4.07663 0.0384293 3.5361207
    endloop
  endfacet
  facet normal -0.244938 -0.768386 0.591261
    outer loop
      vertex 3.84999 0.299999 3.7821607
      vertex 3.63293 0.299999 3.6922407
      vertex 4.07663 0.0384293 3.5361207
    endloop
  endfacet
  facet normal 0.591258 -0.768388 0.244937
    outer loop
      vertex -4.4395 0.0384293 3.9188507
      vertex -4.17941 0.299999 4.1115807
      vertex -4.26933 0.299999 4.3286407
    endloop
  endfacet
  facet normal 0.591239 -0.768392 0.244969
    outer loop
      vertex -4.17941 0.299999 4.1115807
      vertex -4.4395 0.0384293 3.9188507
      vertex -4.42545 0.0384293 3.8849407
    endloop
  endfacet
  facet normal 0.48993 -0.786551 0.375906
    outer loop
      vertex -4.29635 0.0384293 3.7166807
      vertex -4.17941 0.299999 4.1115807
      vertex -4.42545 0.0384293 3.8849407
    endloop
  endfacet
  facet normal -0.375495 -0.786497 -0.490332
    outer loop
      vertex 4.07663 0.0384293 12.3869707
      vertex 3.84999 0.299999 12.1409707
      vertex 4.10575 0.0384293 12.3646707
    endloop
  endfacet
  facet normal -0.375878 -0.786549 -0.489955
    outer loop
      vertex 4.10575 0.0384293 12.3646707
      vertex 3.84999 0.299999 12.1409707
      vertex 4.03639 0.299999 11.9979707
    endloop
  endfacet
  facet normal 0.375904 -0.786554 0.489927
    outer loop
      vertex -4.10575 0.0384293 3.5584607
      vertex -4.03639 0.299999 3.9251807
      vertex -4.27401 0.0384293 3.6875607
    endloop
  endfacet
  facet normal 0.375908 -0.786553 0.489926
    outer loop
      vertex -4.10575 0.0384293 3.5584607
      vertex -3.84999 0.299999 3.7821607
      vertex -4.03639 0.299999 3.9251807
    endloop
  endfacet
  facet normal 0.375879 -0.786549 0.489954
    outer loop
      vertex -4.07663 0.0384293 3.5361207
      vertex -3.84999 0.299999 3.7821607
      vertex -4.10575 0.0384293 3.5584607
    endloop
  endfacet
  facet normal -0.375908 -0.786553 0.489926
    outer loop
      vertex 3.84999 0.299999 3.7821607
      vertex 4.10575 0.0384293 3.5584607
      vertex 4.03639 0.299999 3.9251807
    endloop
  endfacet
  facet normal -0.375879 -0.786549 0.489954
    outer loop
      vertex 3.84999 0.299999 3.7821607
      vertex 4.07663 0.0384293 3.5361207
      vertex 4.10575 0.0384293 3.5584607
    endloop
  endfacet
  facet normal -0.680578 -0.727179 0.0895789
    outer loop
      vertex 4.26933 0.299999 4.3286407
      vertex 4.52545 0.0384293 4.1511607
      vertex 4.29999 0.299999 4.5615807
    endloop
  endfacet
  facet normal -0.680576 -0.727181 0.0895839
    outer loop
      vertex 4.52545 0.0384293 4.1511607
      vertex 4.26933 0.299999 4.3286407
      vertex 4.52066 0.0384293 4.1147707
    endloop
  endfacet
  facet normal -0.591239 -0.7684 -0.244946
    outer loop
      vertex 4.52066 0.0384293 11.8083707
      vertex 4.4395 0.0384293 12.0042707
      vertex 4.26933 0.299999 11.5944707
    endloop
  endfacet
  facet normal -0.489825 -0.786554 -0.376037
    outer loop
      vertex 4.03639 0.299999 11.9979707
      vertex 4.29635 0.0384293 12.2064707
      vertex 4.27401 0.0384293 12.2355707
    endloop
  endfacet
  facet normal -0.489927 -0.786552 -0.375908
    outer loop
      vertex 4.29635 0.0384293 12.2064707
      vertex 4.03639 0.299999 11.9979707
      vertex 4.17941 0.299999 11.8115707
    endloop
  endfacet
  facet normal -0.375915 -0.78654 -0.489942
    outer loop
      vertex 4.27401 0.0384293 12.2355707
      vertex 4.10575 0.0384293 12.3646707
      vertex 4.03639 0.299999 11.9979707
    endloop
  endfacet
  facet normal 0.489999 -0.786526 -0.37587
    outer loop
      vertex -4.17941 0.299999 11.8115707
      vertex -4.29635 0.0384293 12.2064707
      vertex -4.42545 0.0384293 12.0381707
    endloop
  endfacet
  facet normal -0.244889 -0.768391 -0.591274
    outer loop
      vertex 3.84999 0.299999 12.1409707
      vertex 4.04272 0.0384293 12.4010707
      vertex 3.63293 0.299999 12.2308707
    endloop
  endfacet
  facet normal -0.245663 -0.7685 -0.59081
    outer loop
      vertex 4.04272 0.0384293 12.4010707
      vertex 3.84999 0.299999 12.1409707
      vertex 4.07663 0.0384293 12.3869707
    endloop
  endfacet
  facet normal 0.591239 -0.7684 -0.244946
    outer loop
      vertex -4.26933 0.299999 11.5944707
      vertex -4.4395 0.0384293 12.0042707
      vertex -4.52066 0.0384293 11.8083707
    endloop
  endfacet
  facet normal -0.591265 -0.768384 0.244932
    outer loop
      vertex 4.4395 0.0384293 3.9188507
      vertex 4.52066 0.0384293 4.1147707
      vertex 4.26933 0.299999 4.3286407
    endloop
  endfacet
  facet normal -0.591258 -0.768388 0.244937
    outer loop
      vertex 4.17941 0.299999 4.1115807
      vertex 4.4395 0.0384293 3.9188507
      vertex 4.26933 0.299999 4.3286407
    endloop
  endfacet
  facet normal -0.591239 -0.768392 0.244969
    outer loop
      vertex 4.4395 0.0384293 3.9188507
      vertex 4.17941 0.299999 4.1115807
      vertex 4.42545 0.0384293 3.8849407
    endloop
  endfacet
  facet normal 0 0.695334 -0.718686
    outer loop
      vertex -3.39999 25.7 12.2615707
      vertex 3.60014 25.9616 12.5146707
      vertex 3.39999 25.7 12.2615707
    endloop
  endfacet
  facet normal 0 0.695334 -0.718686
    outer loop
      vertex 3.60014 25.9616 12.5146707
      vertex -3.39999 25.7 12.2615707
      vertex -3.60014 25.9616 12.5146707
    endloop
  endfacet
  facet normal 0.680624 0.727138 -0.0895656
    outer loop
      vertex -4.26933 25.7 11.5944707
      vertex -4.52545 25.9616 11.7719707
      vertex -4.52066 25.9616 11.8083707
    endloop
  endfacet
  facet normal 0.68061 0.727147 -0.0895985
    outer loop
      vertex -4.52545 25.9616 11.7719707
      vertex -4.26933 25.7 11.5944707
      vertex -4.29999 25.7 11.3615707
    endloop
  endfacet
  facet normal -0.245014 0.76843 -0.591171
    outer loop
      vertex 3.8468 25.9616 12.4822707
      vertex 4.04272 25.9616 12.4010707
      vertex 3.63293 25.7 12.2308707
    endloop
  endfacet
  facet normal -0.24568 0.768464 -0.590851
    outer loop
      vertex 3.84999 25.7 12.1409707
      vertex 4.04272 25.9616 12.4010707
      vertex 4.07663 25.9616 12.3869707
    endloop
  endfacet
  facet normal -0.244905 0.768354 -0.591314
    outer loop
      vertex 4.04272 25.9616 12.4010707
      vertex 3.84999 25.7 12.1409707
      vertex 3.63293 25.7 12.2308707
    endloop
  endfacet
  facet normal 0.48986 0.786519 -0.376064
    outer loop
      vertex -4.03639 25.7 11.9979707
      vertex -4.29635 25.9616 12.2064707
      vertex -4.27401 25.9616 12.2355707
    endloop
  endfacet
  facet normal 0.489962 0.786518 -0.375935
    outer loop
      vertex -4.29635 25.9616 12.2064707
      vertex -4.03639 25.7 11.9979707
      vertex -4.17941 25.7 11.8115707
    endloop
  endfacet
  facet normal 0.591264 0.768368 -0.244987
    outer loop
      vertex -4.43949 25.9616 12.0042707
      vertex -4.26933 25.7 11.5944707
      vertex -4.52066 25.9616 11.8083707
    endloop
  endfacet
  facet normal -0.0896633 0.727118 -0.680632
    outer loop
      vertex 3.60014 25.9616 12.5146707
      vertex 3.81041 25.9616 12.4869707
      vertex 3.39999 25.7 12.2615707
    endloop
  endfacet
  facet normal -0.0879956 0.726686 -0.681311
    outer loop
      vertex 3.63293 25.7 12.2308707
      vertex 3.81041 25.9616 12.4869707
      vertex 3.8468 25.9616 12.4822707
    endloop
  endfacet
  facet normal -0.0896986 0.727145 -0.680599
    outer loop
      vertex 3.81041 25.9616 12.4869707
      vertex 3.63293 25.7 12.2308707
      vertex 3.39999 25.7 12.2615707
    endloop
  endfacet
  facet normal 0.375933 0.786516 0.489966
    outer loop
      vertex -3.84999 25.7 3.7821607
      vertex -4.07663 25.9616 3.5361207
      vertex -4.24489 25.9616 3.6652207
    endloop
  endfacet
  facet normal -0.375933 0.786516 0.489966
    outer loop
      vertex 4.24489 25.9616 3.6652207
      vertex 4.07663 25.9616 3.5361207
      vertex 3.84999 25.7 3.7821607
    endloop
  endfacet
  facet normal 0.68065 0.727114 -0.0895558
    outer loop
      vertex -4.52545 25.9616 11.7719707
      vertex -4.29999 25.7 11.3615707
      vertex -4.55312 25.9616 11.5616707
    endloop
  endfacet
  facet normal 0.0895844 0.727139 0.680619
    outer loop
      vertex -3.81041 25.9616 3.4361207
      vertex -3.63293 25.7 3.6922407
      vertex -3.39999 25.7 3.6615807
    endloop
  endfacet
  facet normal 0.0895894 0.727141 0.680617
    outer loop
      vertex -3.63293 25.7 3.6922407
      vertex -3.81041 25.9616 3.4361207
      vertex -3.8468 25.9616 3.4409107
    endloop
  endfacet
  facet normal 0.680619 0.727139 0.0895844
    outer loop
      vertex -4.26933 25.7 4.3286407
      vertex -4.52545 25.9616 4.1511607
      vertex -4.29999 25.7 4.5615807
    endloop
  endfacet
  facet normal 0.680617 0.727141 0.0895894
    outer loop
      vertex -4.52545 25.9616 4.1511607
      vertex -4.26933 25.7 4.3286407
      vertex -4.52066 25.9616 4.1147707
    endloop
  endfacet
  facet normal -0.591289 0.768352 0.244972
    outer loop
      vertex 4.52066 25.9616 4.1147707
      vertex 4.43949 25.9616 3.9188507
      vertex 4.26933 25.7 4.3286407
    endloop
  endfacet
  facet normal -0.0895667 0.727126 0.680636
    outer loop
      vertex 3.81041 25.9616 3.4361207
      vertex 3.60014 25.9616 3.4084507
      vertex 3.39999 25.7 3.6615807
    endloop
  endfacet
  facet normal 0.244953 0.768351 0.591299
    outer loop
      vertex -4.04272 25.9616 3.5220707
      vertex -3.84999 25.7 3.7821607
      vertex -3.63293 25.7 3.6922407
    endloop
  endfacet
  facet normal 0.244986 0.768356 0.591279
    outer loop
      vertex -3.84999 25.7 3.7821607
      vertex -4.04272 25.9616 3.5220707
      vertex -4.07663 25.9616 3.5361207
    endloop
  endfacet
  facet normal 0.244949 0.768348 0.591305
    outer loop
      vertex -3.63293 25.7 3.6922407
      vertex -3.8468 25.9616 3.4409107
      vertex -4.04272 25.9616 3.5220707
    endloop
  endfacet
  facet normal -0.375903 0.786517 0.489987
    outer loop
      vertex 4.24489 25.9616 3.6652207
      vertex 4.03639 25.7 3.9251807
      vertex 4.27401 25.9616 3.6875607
    endloop
  endfacet
  facet normal -0.375935 0.786518 0.489962
    outer loop
      vertex 4.03639 25.7 3.9251807
      vertex 4.24489 25.9616 3.6652207
      vertex 3.84999 25.7 3.7821607
    endloop
  endfacet
  facet normal 0.375956 0.786488 -0.489994
    outer loop
      vertex -4.07663 25.9616 12.3869707
      vertex -3.84999 25.7 12.1409707
      vertex -4.24489 25.9616 12.2578707
    endloop
  endfacet
  facet normal 0.245014 0.76843 -0.591171
    outer loop
      vertex -3.8468 25.9616 12.4822707
      vertex -3.63293 25.7 12.2308707
      vertex -4.04272 25.9616 12.4010707
    endloop
  endfacet
  facet normal -0.244986 0.768356 0.591279
    outer loop
      vertex 4.04272 25.9616 3.5220707
      vertex 3.84999 25.7 3.7821607
      vertex 4.07663 25.9616 3.5361207
    endloop
  endfacet
  facet normal -0.244953 0.768351 0.591299
    outer loop
      vertex 3.84999 25.7 3.7821607
      vertex 4.04272 25.9616 3.5220707
      vertex 3.63293 25.7 3.6922407
    endloop
  endfacet
  facet normal 0 0.695377 0.718645
    outer loop
      vertex 3.60014 25.9616 3.4084507
      vertex -3.39999 25.7 3.6615807
      vertex 3.39999 25.7 3.6615807
    endloop
  endfacet
  facet normal 0 0.695377 0.718645
    outer loop
      vertex -3.39999 25.7 3.6615807
      vertex 3.60014 25.9616 3.4084507
      vertex -3.60014 25.9616 3.4084507
    endloop
  endfacet
  facet normal 0.0895667 0.727126 0.680636
    outer loop
      vertex -3.39999 25.7 3.6615807
      vertex -3.60014 25.9616 3.4084507
      vertex -3.81041 25.9616 3.4361207
    endloop
  endfacet
  facet normal 0.680632 0.727129 0.0895705
    outer loop
      vertex -4.29999 25.7 4.5615807
      vertex -4.52545 25.9616 4.1511607
      vertex -4.55312 25.9616 4.3614207
    endloop
  endfacet
  facet normal 0.591289 0.768352 0.244972
    outer loop
      vertex -4.26933 25.7 4.3286407
      vertex -4.43949 25.9616 3.9188507
      vertex -4.52066 25.9616 4.1147707
    endloop
  endfacet
  facet normal -0.68065 0.727114 -0.0895558
    outer loop
      vertex 4.52545 25.9616 11.7719707
      vertex 4.55312 25.9616 11.5616707
      vertex 4.29999 25.7 11.3615707
    endloop
  endfacet
  facet normal 0.591351 0.768324 -0.244914
    outer loop
      vertex -4.17941 25.7 11.8115707
      vertex -4.43949 25.9616 12.0042707
      vertex -4.42545 25.9616 12.0381707
    endloop
  endfacet
  facet normal 0.591343 0.768325 -0.244927
    outer loop
      vertex -4.43949 25.9616 12.0042707
      vertex -4.17941 25.7 11.8115707
      vertex -4.26933 25.7 11.5944707
    endloop
  endfacet
  facet normal 0.244905 0.768354 -0.591314
    outer loop
      vertex -3.84999 25.7 12.1409707
      vertex -4.04272 25.9616 12.4010707
      vertex -3.63293 25.7 12.2308707
    endloop
  endfacet
  facet normal 0.24568 0.768464 -0.590851
    outer loop
      vertex -4.04272 25.9616 12.4010707
      vertex -3.84999 25.7 12.1409707
      vertex -4.07663 25.9616 12.3869707
    endloop
  endfacet
  facet normal -0.680632 0.727129 0.0895705
    outer loop
      vertex 4.55312 25.9616 4.3614207
      vertex 4.52545 25.9616 4.1511607
      vertex 4.29999 25.7 4.5615807
    endloop
  endfacet
  facet normal 0.0896633 0.727118 -0.680632
    outer loop
      vertex -3.60014 25.9616 12.5146707
      vertex -3.39999 25.7 12.2615707
      vertex -3.81041 25.9616 12.4869707
    endloop
  endfacet
  facet normal -0.489966 0.786516 0.375933
    outer loop
      vertex 4.42545 25.9616 3.8849407
      vertex 4.29635 25.9616 3.7166807
      vertex 4.17941 25.7 4.1115807
    endloop
  endfacet
  facet normal -0.718645 0.695377 0
    outer loop
      vertex 4.29999 25.7 4.5615807
      vertex 4.55312 25.9616 11.5616707
      vertex 4.55312 25.9616 4.3614207
    endloop
  endfacet
  facet normal -0.718645 0.695377 0
    outer loop
      vertex 4.55312 25.9616 11.5616707
      vertex 4.29999 25.7 4.5615807
      vertex 4.29999 25.7 11.3615707
    endloop
  endfacet
  facet normal -0.490034 0.786491 -0.375897
    outer loop
      vertex 4.29635 25.9616 12.2064707
      vertex 4.42545 25.9616 12.0381707
      vertex 4.17941 25.7 11.8115707
    endloop
  endfacet
  facet normal 0.489962 0.786518 0.375935
    outer loop
      vertex -4.03639 25.7 3.9251807
      vertex -4.29635 25.9616 3.7166807
      vertex -4.17941 25.7 4.1115807
    endloop
  endfacet
  facet normal 0.489987 0.786517 0.375903
    outer loop
      vertex -4.29635 25.9616 3.7166807
      vertex -4.03639 25.7 3.9251807
      vertex -4.27401 25.9616 3.6875607
    endloop
  endfacet
  facet normal -0.680624 0.727138 -0.0895656
    outer loop
      vertex 4.52545 25.9616 11.7719707
      vertex 4.26933 25.7 11.5944707
      vertex 4.52066 25.9616 11.8083707
    endloop
  endfacet
  facet normal -0.68061 0.727147 -0.0895985
    outer loop
      vertex 4.26933 25.7 11.5944707
      vertex 4.52545 25.9616 11.7719707
      vertex 4.29999 25.7 11.3615707
    endloop
  endfacet
  facet normal -0.0895894 0.727141 0.680617
    outer loop
      vertex 3.81041 25.9616 3.4361207
      vertex 3.63293 25.7 3.6922407
      vertex 3.8468 25.9616 3.4409107
    endloop
  endfacet
  facet normal -0.0895844 0.727139 0.680619
    outer loop
      vertex 3.63293 25.7 3.6922407
      vertex 3.81041 25.9616 3.4361207
      vertex 3.39999 25.7 3.6615807
    endloop
  endfacet
  facet normal -0.591264 0.768368 -0.244987
    outer loop
      vertex 4.43949 25.9616 12.0042707
      vertex 4.52066 25.9616 11.8083707
      vertex 4.26933 25.7 11.5944707
    endloop
  endfacet
  facet normal -0.244949 0.768348 0.591305
    outer loop
      vertex 4.04272 25.9616 3.5220707
      vertex 3.8468 25.9616 3.4409107
      vertex 3.63293 25.7 3.6922407
    endloop
  endfacet
  facet normal 0.375935 0.786518 0.489962
    outer loop
      vertex -4.24489 25.9616 3.6652207
      vertex -4.03639 25.7 3.9251807
      vertex -3.84999 25.7 3.7821607
    endloop
  endfacet
  facet normal 0.375903 0.786517 0.489987
    outer loop
      vertex -4.03639 25.7 3.9251807
      vertex -4.24489 25.9616 3.6652207
      vertex -4.27401 25.9616 3.6875607
    endloop
  endfacet
  facet normal -0.375956 0.786488 -0.489994
    outer loop
      vertex 4.07663 25.9616 12.3869707
      vertex 4.24489 25.9616 12.2578707
      vertex 3.84999 25.7 12.1409707
    endloop
  endfacet
  facet normal -0.591351 0.768324 -0.244914
    outer loop
      vertex 4.43949 25.9616 12.0042707
      vertex 4.17941 25.7 11.8115707
      vertex 4.42545 25.9616 12.0381707
    endloop
  endfacet
  facet normal -0.591343 0.768325 -0.244927
    outer loop
      vertex 4.17941 25.7 11.8115707
      vertex 4.43949 25.9616 12.0042707
      vertex 4.26933 25.7 11.5944707
    endloop
  endfacet
  facet normal 0.718645 0.695377 0
    outer loop
      vertex -4.29999 25.7 11.3615707
      vertex -4.55312 25.9616 4.3614207
      vertex -4.55312 25.9616 11.5616707
    endloop
  endfacet
  facet normal 0.718645 0.695377 0
    outer loop
      vertex -4.55312 25.9616 4.3614207
      vertex -4.29999 25.7 11.3615707
      vertex -4.29999 25.7 4.5615807
    endloop
  endfacet
  facet normal 0.375936 0.786474 -0.490031
    outer loop
      vertex -4.03639 25.7 11.9979707
      vertex -4.24489 25.9616 12.2578707
      vertex -3.84999 25.7 12.1409707
    endloop
  endfacet
  facet normal 0.375517 0.786469 -0.490361
    outer loop
      vertex -4.24489 25.9616 12.2578707
      vertex -4.03639 25.7 11.9979707
      vertex -4.27401 25.9616 12.2355707
    endloop
  endfacet
  facet normal 0.489966 0.786516 0.375933
    outer loop
      vertex -4.17941 25.7 4.1115807
      vertex -4.29635 25.9616 3.7166807
      vertex -4.42545 25.9616 3.8849407
    endloop
  endfacet
  facet normal -0.680619 0.727139 0.0895844
    outer loop
      vertex 4.52545 25.9616 4.1511607
      vertex 4.26933 25.7 4.3286407
      vertex 4.29999 25.7 4.5615807
    endloop
  endfacet
  facet normal -0.680617 0.727141 0.0895894
    outer loop
      vertex 4.26933 25.7 4.3286407
      vertex 4.52545 25.9616 4.1511607
      vertex 4.52066 25.9616 4.1147707
    endloop
  endfacet
  facet normal 0.591309 0.768342 0.244958
    outer loop
      vertex -4.17941 25.7 4.1115807
      vertex -4.43949 25.9616 3.9188507
      vertex -4.26933 25.7 4.3286407
    endloop
  endfacet
  facet normal 0.591373 0.768327 0.24485
    outer loop
      vertex -4.43949 25.9616 3.9188507
      vertex -4.17941 25.7 4.1115807
      vertex -4.42545 25.9616 3.8849407
    endloop
  endfacet
  facet normal 0.490034 0.786491 -0.375897
    outer loop
      vertex -4.29635 25.9616 12.2064707
      vertex -4.17941 25.7 11.8115707
      vertex -4.42545 25.9616 12.0381707
    endloop
  endfacet
  facet normal 0.0896986 0.727145 -0.680599
    outer loop
      vertex -3.63293 25.7 12.2308707
      vertex -3.81041 25.9616 12.4869707
      vertex -3.39999 25.7 12.2615707
    endloop
  endfacet
  facet normal 0.0879956 0.726686 -0.681311
    outer loop
      vertex -3.81041 25.9616 12.4869707
      vertex -3.63293 25.7 12.2308707
      vertex -3.8468 25.9616 12.4822707
    endloop
  endfacet
  facet normal -0.48986 0.786519 -0.376064
    outer loop
      vertex 4.29635 25.9616 12.2064707
      vertex 4.03639 25.7 11.9979707
      vertex 4.27401 25.9616 12.2355707
    endloop
  endfacet
  facet normal -0.489962 0.786518 -0.375935
    outer loop
      vertex 4.03639 25.7 11.9979707
      vertex 4.29635 25.9616 12.2064707
      vertex 4.17941 25.7 11.8115707
    endloop
  endfacet
  facet normal -0.375517 0.786469 -0.490361
    outer loop
      vertex 4.03639 25.7 11.9979707
      vertex 4.24489 25.9616 12.2578707
      vertex 4.27401 25.9616 12.2355707
    endloop
  endfacet
  facet normal -0.375936 0.786474 -0.490031
    outer loop
      vertex 4.24489 25.9616 12.2578707
      vertex 4.03639 25.7 11.9979707
      vertex 3.84999 25.7 12.1409707
    endloop
  endfacet
  facet normal -0.489962 0.786518 0.375935
    outer loop
      vertex 4.29635 25.9616 3.7166807
      vertex 4.03639 25.7 3.9251807
      vertex 4.17941 25.7 4.1115807
    endloop
  endfacet
  facet normal -0.489987 0.786517 0.375903
    outer loop
      vertex 4.03639 25.7 3.9251807
      vertex 4.29635 25.9616 3.7166807
      vertex 4.27401 25.9616 3.6875607
    endloop
  endfacet
  facet normal -0.591309 0.768342 0.244958
    outer loop
      vertex 4.43949 25.9616 3.9188507
      vertex 4.17941 25.7 4.1115807
      vertex 4.26933 25.7 4.3286407
    endloop
  endfacet
  facet normal -0.591373 0.768327 0.24485
    outer loop
      vertex 4.17941 25.7 4.1115807
      vertex 4.43949 25.9616 3.9188507
      vertex 4.42545 25.9616 3.8849407
    endloop
  endfacet
  facet normal 0.180709 0.908628 0.376484
    outer loop
      vertex 11 25.9616 14.3517707
      vertex 11 25.6629 15.0726707
      vertex 11.7507 25.8123 14.3517707
    endloop
  endfacet
  facet normal 0 -1 0
    outer loop
      vertex -11 0.0384293 14.3517707
      vertex -3.60015 0.0384293 12.5146707
      vertex 11 0.0384293 14.3517707
    endloop
  endfacet
  facet normal 0 -1 0
    outer loop
      vertex -11 0.0384293 14.3517707
      vertex -3.81041 0.0384293 12.4869707
      vertex -3.60015 0.0384293 12.5146707
    endloop
  endfacet
  facet normal 0 -1 0
    outer loop
      vertex -11 0.0384293 14.3517707
      vertex -3.8468 0.0384293 12.4822707
      vertex -3.81041 0.0384293 12.4869707
    endloop
  endfacet
  facet normal 0 -1 0
    outer loop
      vertex -11 0.0384293 14.3517707
      vertex -4.04272 0.0384293 12.4010707
      vertex -3.8468 0.0384293 12.4822707
    endloop
  endfacet
  facet normal 0 -1 0
    outer loop
      vertex -11 0.0384293 14.3517707
      vertex -4.07663 0.0384293 12.3869707
      vertex -4.04272 0.0384293 12.4010707
    endloop
  endfacet
  facet normal 0 -1 0
    outer loop
      vertex -11 0.0384293 14.3517707
      vertex -4.10575 0.0384293 12.3646707
      vertex -4.07663 0.0384293 12.3869707
    endloop
  endfacet
  facet normal 0 -1 0
    outer loop
      vertex -11 0.0384293 14.3517707
      vertex -4.27401 0.0384293 12.2355707
      vertex -4.10575 0.0384293 12.3646707
    endloop
  endfacet
  facet normal 0 -1 0
    outer loop
      vertex -11 0.0384293 14.3517707
      vertex -4.29635 0.0384293 12.2064707
      vertex -4.27401 0.0384293 12.2355707
    endloop
  endfacet
  facet normal 0 -1 0
    outer loop
      vertex -11 0.0384293 14.3517707
      vertex -4.42545 0.0384293 12.0381707
      vertex -4.29635 0.0384293 12.2064707
    endloop
  endfacet
  facet normal 0 -1 0
    outer loop
      vertex -11 0.0384293 14.3517707
      vertex -4.4395 0.0384293 12.0042707
      vertex -4.42545 0.0384293 12.0381707
    endloop
  endfacet
  facet normal 0 -1 0
    outer loop
      vertex -11 0.0384293 14.3517707
      vertex -4.52066 0.0384293 11.8083707
      vertex -4.4395 0.0384293 12.0042707
    endloop
  endfacet
  facet normal 0 -1 0
    outer loop
      vertex -11 0.0384293 14.3517707
      vertex -4.52545 0.0384293 11.7719707
      vertex -4.52066 0.0384293 11.8083707
    endloop
  endfacet
  facet normal 0 -1 0
    outer loop
      vertex -11 0.0384293 14.3517707
      vertex -4.55312 0.0384293 11.5616707
      vertex -4.52545 0.0384293 11.7719707
    endloop
  endfacet
  facet normal 0 -1 0
    outer loop
      vertex -11 0.0384293 14.3517707
      vertex -4.55312 0.0384293 4.3614207
      vertex -4.55312 0.0384293 11.5616707
    endloop
  endfacet
  facet normal 0 -1 0
    outer loop
      vertex -11 0.0384293 1.5713907
      vertex -4.55312 0.0384293 4.3614207
      vertex -11 0.0384293 14.3517707
    endloop
  endfacet
  facet normal 0 -1 -0
    outer loop
      vertex -4.55312 0.0384293 4.3614207
      vertex -11 0.0384293 1.5713907
      vertex -4.52545 0.0384293 4.1511607
    endloop
  endfacet
  facet normal 0 -1 -0
    outer loop
      vertex -4.52545 0.0384293 4.1511607
      vertex -11 0.0384293 1.5713907
      vertex -4.52066 0.0384293 4.1147707
    endloop
  endfacet
  facet normal 0 -1 -0
    outer loop
      vertex -4.52066 0.0384293 4.1147707
      vertex -11 0.0384293 1.5713907
      vertex -4.4395 0.0384293 3.9188507
    endloop
  endfacet
  facet normal 0 -1 0
    outer loop
      vertex -11 0.0384293 1.5713907
      vertex -4.10575 0.0384293 3.5584607
      vertex -4.27401 0.0384293 3.6875607
    endloop
  endfacet
  facet normal 0 -1 0
    outer loop
      vertex -11 0.0384293 1.5713907
      vertex -3.81041 0.0384293 3.4361207
      vertex -3.8468 0.0384293 3.4409107
    endloop
  endfacet
  facet normal 0 -1 -0
    outer loop
      vertex -3.60015 0.0384293 3.4084507
      vertex -11 0.0384293 1.5713907
      vertex 3.60015 0.0384293 3.4084507
    endloop
  endfacet
  facet normal 0 -1 -0
    outer loop
      vertex -3.81041 0.0384293 3.4361207
      vertex -11 0.0384293 1.5713907
      vertex -3.60015 0.0384293 3.4084507
    endloop
  endfacet
  facet normal 0 -1 -0
    outer loop
      vertex -4.04272 0.0384293 3.5220707
      vertex -11 0.0384293 1.5713907
      vertex -3.8468 0.0384293 3.4409107
    endloop
  endfacet
  facet normal 0 -1 -0
    outer loop
      vertex -4.07663 0.0384293 3.5361207
      vertex -11 0.0384293 1.5713907
      vertex -4.04272 0.0384293 3.5220707
    endloop
  endfacet
  facet normal 0 -1 -0
    outer loop
      vertex -4.10575 0.0384293 3.5584607
      vertex -11 0.0384293 1.5713907
      vertex -4.07663 0.0384293 3.5361207
    endloop
  endfacet
  facet normal 0 -1 -0
    outer loop
      vertex -4.29635 0.0384293 3.7166807
      vertex -11 0.0384293 1.5713907
      vertex -4.27401 0.0384293 3.6875607
    endloop
  endfacet
  facet normal 0 -1 -0
    outer loop
      vertex -4.42545 0.0384293 3.8849407
      vertex -11 0.0384293 1.5713907
      vertex -4.29635 0.0384293 3.7166807
    endloop
  endfacet
  facet normal 0 -1 -0
    outer loop
      vertex -4.4395 0.0384293 3.9188507
      vertex -11 0.0384293 1.5713907
      vertex -4.42545 0.0384293 3.8849407
    endloop
  endfacet
  facet normal 0 -1 0
    outer loop
      vertex 3.60015 0.0384293 12.5146707
      vertex 11 0.0384293 14.3517707
      vertex -3.60015 0.0384293 12.5146707
    endloop
  endfacet
  facet normal 0 -1 0
    outer loop
      vertex 3.81041 0.0384293 12.4869707
      vertex 11 0.0384293 14.3517707
      vertex 3.60015 0.0384293 12.5146707
    endloop
  endfacet
  facet normal 0 -1 0
    outer loop
      vertex 3.8468 0.0384293 12.4822707
      vertex 11 0.0384293 14.3517707
      vertex 3.81041 0.0384293 12.4869707
    endloop
  endfacet
  facet normal 0 -1 0
    outer loop
      vertex 4.04272 0.0384293 12.4010707
      vertex 11 0.0384293 14.3517707
      vertex 3.8468 0.0384293 12.4822707
    endloop
  endfacet
  facet normal 0 -1 0
    outer loop
      vertex 4.07663 0.0384293 12.3869707
      vertex 11 0.0384293 14.3517707
      vertex 4.04272 0.0384293 12.4010707
    endloop
  endfacet
  facet normal 0 -1 0
    outer loop
      vertex 4.10575 0.0384293 12.3646707
      vertex 11 0.0384293 14.3517707
      vertex 4.07663 0.0384293 12.3869707
    endloop
  endfacet
  facet normal 0 -1 0
    outer loop
      vertex 4.27401 0.0384293 12.2355707
      vertex 11 0.0384293 14.3517707
      vertex 4.10575 0.0384293 12.3646707
    endloop
  endfacet
  facet normal 0 -1 0
    outer loop
      vertex 4.29635 0.0384293 12.2064707
      vertex 11 0.0384293 14.3517707
      vertex 4.27401 0.0384293 12.2355707
    endloop
  endfacet
  facet normal 0 -1 0
    outer loop
      vertex 4.42545 0.0384293 12.0381707
      vertex 11 0.0384293 14.3517707
      vertex 4.29635 0.0384293 12.2064707
    endloop
  endfacet
  facet normal 0 -1 0
    outer loop
      vertex 4.4395 0.0384293 12.0042707
      vertex 11 0.0384293 14.3517707
      vertex 4.42545 0.0384293 12.0381707
    endloop
  endfacet
  facet normal 0 -1 0
    outer loop
      vertex 4.52066 0.0384293 11.8083707
      vertex 11 0.0384293 14.3517707
      vertex 4.4395 0.0384293 12.0042707
    endloop
  endfacet
  facet normal 0 -1 0
    outer loop
      vertex 4.52545 0.0384293 11.7719707
      vertex 11 0.0384293 14.3517707
      vertex 4.52066 0.0384293 11.8083707
    endloop
  endfacet
  facet normal 0 -1 0
    outer loop
      vertex 4.55312 0.0384293 11.5616707
      vertex 11 0.0384293 14.3517707
      vertex 4.52545 0.0384293 11.7719707
    endloop
  endfacet
  facet normal 0 -1 0
    outer loop
      vertex 4.55312 0.0384293 4.3614207
      vertex 11 0.0384293 14.3517707
      vertex 4.55312 0.0384293 11.5616707
    endloop
  endfacet
  facet normal 0 -1 0
    outer loop
      vertex 11 0.0384293 1.5713907
      vertex 4.55312 0.0384293 4.3614207
      vertex 4.52545 0.0384293 4.1511607
    endloop
  endfacet
  facet normal 0 -1 0
    outer loop
      vertex 11 0.0384293 1.5713907
      vertex 4.52545 0.0384293 4.1511607
      vertex 4.52066 0.0384293 4.1147707
    endloop
  endfacet
  facet normal 0 -1 0
    outer loop
      vertex 11 0.0384293 1.5713907
      vertex 4.52066 0.0384293 4.1147707
      vertex 4.4395 0.0384293 3.9188507
    endloop
  endfacet
  facet normal 0 -1 0
    outer loop
      vertex 11 0.0384293 1.5713907
      vertex 4.4395 0.0384293 3.9188507
      vertex 4.42545 0.0384293 3.8849407
    endloop
  endfacet
  facet normal 0 -1 0
    outer loop
      vertex 11 0.0384293 1.5713907
      vertex 4.10575 0.0384293 3.5584607
      vertex 4.07663 0.0384293 3.5361207
    endloop
  endfacet
  facet normal 0 -1 0
    outer loop
      vertex 11 0.0384293 1.5713907
      vertex 3.81041 0.0384293 3.4361207
      vertex 3.60015 0.0384293 3.4084507
    endloop
  endfacet
  facet normal 0 -1 0
    outer loop
      vertex 4.55312 0.0384293 4.3614207
      vertex 11 0.0384293 1.5713907
      vertex 11 0.0384293 14.3517707
    endloop
  endfacet
  facet normal 0 -1 0
    outer loop
      vertex 4.29635 0.0384293 3.7166807
      vertex 11 0.0384293 1.5713907
      vertex 4.42545 0.0384293 3.8849407
    endloop
  endfacet
  facet normal 0 -1 0
    outer loop
      vertex 4.27401 0.0384293 3.6875607
      vertex 11 0.0384293 1.5713907
      vertex 4.29635 0.0384293 3.7166807
    endloop
  endfacet
  facet normal 0 -1 0
    outer loop
      vertex 4.10575 0.0384293 3.5584607
      vertex 11 0.0384293 1.5713907
      vertex 4.27401 0.0384293 3.6875607
    endloop
  endfacet
  facet normal 0 -1 0
    outer loop
      vertex 4.04272 0.0384293 3.5220707
      vertex 11 0.0384293 1.5713907
      vertex 4.07663 0.0384293 3.5361207
    endloop
  endfacet
  facet normal 0 -1 0
    outer loop
      vertex 3.8468 0.0384293 3.4409107
      vertex 11 0.0384293 1.5713907
      vertex 4.04272 0.0384293 3.5220707
    endloop
  endfacet
  facet normal 0 -1 0
    outer loop
      vertex 3.81041 0.0384293 3.4361207
      vertex 11 0.0384293 1.5713907
      vertex 3.8468 0.0384293 3.4409107
    endloop
  endfacet
  facet normal 0 -1 0
    outer loop
      vertex 11 0.0384293 1.5713907
      vertex 3.60015 0.0384293 3.4084507
      vertex -11 0.0384293 1.5713907
    endloop
  endfacet
  facet normal 0.514825 0.770241 0.37641
    outer loop
      vertex 11.7507 25.8123 14.3517707
      vertex 11.6364 25.5364 15.0726707
      vertex 12.387 25.387 14.3517707
    endloop
  endfacet
  facet normal -0.980791 0.195061 0
    outer loop
      vertex -12.9616 24 1.5713907
      vertex -12.8123 24.7507 14.3517707
      vertex -12.8123 24.7507 1.5713907
    endloop
  endfacet
  facet normal -0.980791 0.195061 0
    outer loop
      vertex -12.8123 24.7507 14.3517707
      vertex -12.9616 24 1.5713907
      vertex -12.9616 24 14.3517707
    endloop
  endfacet
  facet normal 0.216157 0.323473 -0.921217
    outer loop
      vertex 11.7857 24.7857 0.2986307
      vertex 11.2759 24.2759 0
      vertex 11.4252 25.0266 0.2986307
    endloop
  endfacet
  facet normal -0.514825 0.770241 0.37641
    outer loop
      vertex -11.7507 25.8123 14.3517707
      vertex -12.387 25.387 14.3517707
      vertex -11.6364 25.5364 15.0726707
    endloop
  endfacet
  facet normal 0 -0.92388 -0.382682
    outer loop
      vertex -11 0.33706 0.8504297
      vertex 11 0.0384293 1.5713907
      vertex -11 0.0384293 1.5713907
    endloop
  endfacet
  facet normal 0 -0.92388 -0.382682
    outer loop
      vertex 11 0.0384293 1.5713907
      vertex -11 0.33706 0.8504297
      vertex 11 0.33706 0.8504297
    endloop
  endfacet
  facet normal 0.908637 -0.18072 -0.376456
    outer loop
      vertex 12.8123 1.24934 1.5713907
      vertex 12.6629 2 0.8504297
      vertex 12.9616 2 1.5713907
    endloop
  endfacet
  facet normal 0.700227 0.139156 0.700227
    outer loop
      vertex 12.6629 24 15.0726707
      vertex 12.0266 24.4252 15.6244707
      vertex 12.1111 24 15.6244707
    endloop
  endfacet
  facet normal 0.923837 -0 0.382786
    outer loop
      vertex 12.6629 2 15.0726707
      vertex 12.9616 24 14.3517707
      vertex 12.6629 24 15.0726707
    endloop
  endfacet
  facet normal 0.923837 0 0.382786
    outer loop
      vertex 12.9616 24 14.3517707
      vertex 12.6629 2 15.0726707
      vertex 12.9616 2 14.3517707
    endloop
  endfacet
  facet normal 0 0.923837 0.382786
    outer loop
      vertex 11 25.9616 14.3517707
      vertex -11 25.6629 15.0726707
      vertex 11 25.6629 15.0726707
    endloop
  endfacet
  facet normal 0 0.923837 0.382786
    outer loop
      vertex -11 25.6629 15.0726707
      vertex 11 25.9616 14.3517707
      vertex -11 25.9616 14.3517707
    endloop
  endfacet
  facet normal -0.555618 -0.831438 0
    outer loop
      vertex -12.387 0.61296 1.5713907
      vertex -11.7507 0.187745 14.3517707
      vertex -12.387 0.61296 14.3517707
    endloop
  endfacet
  facet normal -0.555618 -0.831438 -0
    outer loop
      vertex -11.7507 0.187745 14.3517707
      vertex -12.387 0.61296 1.5713907
      vertex -11.7507 0.187745 1.5713907
    endloop
  endfacet
  facet normal -0.77025 0.514831 -0.376383
    outer loop
      vertex -12.5364 24.6364 0.8504297
      vertex -12.8123 24.7507 1.5713907
      vertex -12.387 25.387 1.5713907
    endloop
  endfacet
  facet normal 0.90869 -0.18063 -0.376372
    outer loop
      vertex 12.8123 1.24934 1.5713907
      vertex 12.5364 1.36362 0.8504297
      vertex 12.6629 2 0.8504297
    endloop
  endfacet
  facet normal 0.180622 0.908678 0.376404
    outer loop
      vertex 11.7507 25.8123 14.3517707
      vertex 11 25.6629 15.0726707
      vertex 11.6364 25.5364 15.0726707
    endloop
  endfacet
  facet normal 0.555695 0.831386 -0
    outer loop
      vertex 12.387 25.387 1.5713907
      vertex 11.7507 25.8123 14.3517707
      vertex 12.387 25.387 14.3517707
    endloop
  endfacet
  facet normal 0.555695 0.831386 0
    outer loop
      vertex 11.7507 25.8123 14.3517707
      vertex 12.387 25.387 1.5713907
      vertex 11.7507 25.8123 1.5713907
    endloop
  endfacet
  facet normal 0.770241 0.514825 0.37641
    outer loop
      vertex 12.8123 24.7507 14.3517707
      vertex 12.387 25.387 14.3517707
      vertex 12.5364 24.6364 15.0726707
    endloop
  endfacet
  facet normal -0.0759046 0.381568 -0.921219
    outer loop
      vertex -11.1493 24.3605 0
      vertex -11.4252 25.0266 0.2986307
      vertex -11 24.3902 0
    endloop
  endfacet
  facet normal 0.381646 -0.0759101 0.921186
    outer loop
      vertex 11.3902 2 15.9231707
      vertex 11.3605 1.85068 15.9231707
      vertex 12.0266 1.57478 15.6244707
    endloop
  endfacet
  facet normal -0.180622 0.908678 0.376404
    outer loop
      vertex -11 25.6629 15.0726707
      vertex -11.7507 25.8123 14.3517707
      vertex -11.6364 25.5364 15.0726707
    endloop
  endfacet
  facet normal 0 1 0
    outer loop
      vertex 11 25.9616 14.3517707
      vertex 3.60014 25.9616 12.5146707
      vertex -11 25.9616 14.3517707
    endloop
  endfacet
  facet normal 0 1 0
    outer loop
      vertex 11 25.9616 14.3517707
      vertex 3.81041 25.9616 12.4869707
      vertex 3.60014 25.9616 12.5146707
    endloop
  endfacet
  facet normal 0 1 0
    outer loop
      vertex 11 25.9616 14.3517707
      vertex 3.8468 25.9616 12.4822707
      vertex 3.81041 25.9616 12.4869707
    endloop
  endfacet
  facet normal 0 1 0
    outer loop
      vertex 11 25.9616 14.3517707
      vertex 4.04272 25.9616 12.4010707
      vertex 3.8468 25.9616 12.4822707
    endloop
  endfacet
  facet normal 0 1 0
    outer loop
      vertex 11 25.9616 14.3517707
      vertex 4.07663 25.9616 12.3869707
      vertex 4.04272 25.9616 12.4010707
    endloop
  endfacet
  facet normal 0 1 0
    outer loop
      vertex 11 25.9616 14.3517707
      vertex 4.24489 25.9616 12.2578707
      vertex 4.07663 25.9616 12.3869707
    endloop
  endfacet
  facet normal 0 1 0
    outer loop
      vertex 11 25.9616 14.3517707
      vertex 4.27401 25.9616 12.2355707
      vertex 4.24489 25.9616 12.2578707
    endloop
  endfacet
  facet normal 0 1 0
    outer loop
      vertex 11 25.9616 14.3517707
      vertex 4.29635 25.9616 12.2064707
      vertex 4.27401 25.9616 12.2355707
    endloop
  endfacet
  facet normal 0 1 0
    outer loop
      vertex 11 25.9616 14.3517707
      vertex 4.42545 25.9616 12.0381707
      vertex 4.29635 25.9616 12.2064707
    endloop
  endfacet
  facet normal 0 1 0
    outer loop
      vertex 11 25.9616 14.3517707
      vertex 4.43949 25.9616 12.0042707
      vertex 4.42545 25.9616 12.0381707
    endloop
  endfacet
  facet normal 0 1 0
    outer loop
      vertex 11 25.9616 14.3517707
      vertex 4.52066 25.9616 11.8083707
      vertex 4.43949 25.9616 12.0042707
    endloop
  endfacet
  facet normal 0 1 0
    outer loop
      vertex 11 25.9616 14.3517707
      vertex 4.52545 25.9616 11.7719707
      vertex 4.52066 25.9616 11.8083707
    endloop
  endfacet
  facet normal 0 1 0
    outer loop
      vertex 11 25.9616 14.3517707
      vertex 4.55312 25.9616 11.5616707
      vertex 4.52545 25.9616 11.7719707
    endloop
  endfacet
  facet normal 0 1 0
    outer loop
      vertex 11 25.9616 14.3517707
      vertex 4.55312 25.9616 4.3614207
      vertex 4.55312 25.9616 11.5616707
    endloop
  endfacet
  facet normal 0 1 -0
    outer loop
      vertex 11 25.9616 1.5713907
      vertex 4.55312 25.9616 4.3614207
      vertex 11 25.9616 14.3517707
    endloop
  endfacet
  facet normal 0 1 0
    outer loop
      vertex 4.55312 25.9616 4.3614207
      vertex 11 25.9616 1.5713907
      vertex 4.52545 25.9616 4.1511607
    endloop
  endfacet
  facet normal 0 1 0
    outer loop
      vertex 4.52545 25.9616 4.1511607
      vertex 11 25.9616 1.5713907
      vertex 4.52066 25.9616 4.1147707
    endloop
  endfacet
  facet normal 0 1 0
    outer loop
      vertex 4.52066 25.9616 4.1147707
      vertex 11 25.9616 1.5713907
      vertex 4.43949 25.9616 3.9188507
    endloop
  endfacet
  facet normal 0 1 0
    outer loop
      vertex 11 25.9616 1.5713907
      vertex 4.29635 25.9616 3.7166807
      vertex 4.42545 25.9616 3.8849407
    endloop
  endfacet
  facet normal 0 1 0
    outer loop
      vertex 11 25.9616 1.5713907
      vertex 4.24489 25.9616 3.6652207
      vertex 4.27401 25.9616 3.6875607
    endloop
  endfacet
  facet normal 0 1 0
    outer loop
      vertex 11 25.9616 1.5713907
      vertex 3.81041 25.9616 3.4361207
      vertex 3.8468 25.9616 3.4409107
    endloop
  endfacet
  facet normal 0 1 0
    outer loop
      vertex 3.60014 25.9616 3.4084507
      vertex 11 25.9616 1.5713907
      vertex -3.60014 25.9616 3.4084507
    endloop
  endfacet
  facet normal 0 1 0
    outer loop
      vertex 3.81041 25.9616 3.4361207
      vertex 11 25.9616 1.5713907
      vertex 3.60014 25.9616 3.4084507
    endloop
  endfacet
  facet normal 0 1 0
    outer loop
      vertex 4.04272 25.9616 3.5220707
      vertex 11 25.9616 1.5713907
      vertex 3.8468 25.9616 3.4409107
    endloop
  endfacet
  facet normal 0 1 0
    outer loop
      vertex 4.07663 25.9616 3.5361207
      vertex 11 25.9616 1.5713907
      vertex 4.04272 25.9616 3.5220707
    endloop
  endfacet
  facet normal 0 1 0
    outer loop
      vertex 4.24489 25.9616 3.6652207
      vertex 11 25.9616 1.5713907
      vertex 4.07663 25.9616 3.5361207
    endloop
  endfacet
  facet normal 0 1 0
    outer loop
      vertex 4.29635 25.9616 3.7166807
      vertex 11 25.9616 1.5713907
      vertex 4.27401 25.9616 3.6875607
    endloop
  endfacet
  facet normal 0 1 0
    outer loop
      vertex 4.43949 25.9616 3.9188507
      vertex 11 25.9616 1.5713907
      vertex 4.42545 25.9616 3.8849407
    endloop
  endfacet
  facet normal 0 1 -0
    outer loop
      vertex -3.60014 25.9616 12.5146707
      vertex -11 25.9616 14.3517707
      vertex 3.60014 25.9616 12.5146707
    endloop
  endfacet
  facet normal 0 1 -0
    outer loop
      vertex -3.81041 25.9616 12.4869707
      vertex -11 25.9616 14.3517707
      vertex -3.60014 25.9616 12.5146707
    endloop
  endfacet
  facet normal 0 1 -0
    outer loop
      vertex -3.8468 25.9616 12.4822707
      vertex -11 25.9616 14.3517707
      vertex -3.81041 25.9616 12.4869707
    endloop
  endfacet
  facet normal 0 1 -0
    outer loop
      vertex -4.04272 25.9616 12.4010707
      vertex -11 25.9616 14.3517707
      vertex -3.8468 25.9616 12.4822707
    endloop
  endfacet
  facet normal 0 1 -0
    outer loop
      vertex -4.07663 25.9616 12.3869707
      vertex -11 25.9616 14.3517707
      vertex -4.04272 25.9616 12.4010707
    endloop
  endfacet
  facet normal 0 1 -0
    outer loop
      vertex -4.24489 25.9616 12.2578707
      vertex -11 25.9616 14.3517707
      vertex -4.07663 25.9616 12.3869707
    endloop
  endfacet
  facet normal 0 1 -0
    outer loop
      vertex -4.27401 25.9616 12.2355707
      vertex -11 25.9616 14.3517707
      vertex -4.24489 25.9616 12.2578707
    endloop
  endfacet
  facet normal 0 1 -0
    outer loop
      vertex -4.29635 25.9616 12.2064707
      vertex -11 25.9616 14.3517707
      vertex -4.27401 25.9616 12.2355707
    endloop
  endfacet
  facet normal 0 1 -0
    outer loop
      vertex -4.42545 25.9616 12.0381707
      vertex -11 25.9616 14.3517707
      vertex -4.29635 25.9616 12.2064707
    endloop
  endfacet
  facet normal 0 1 -0
    outer loop
      vertex -4.43949 25.9616 12.0042707
      vertex -11 25.9616 14.3517707
      vertex -4.42545 25.9616 12.0381707
    endloop
  endfacet
  facet normal 0 1 -0
    outer loop
      vertex -4.52066 25.9616 11.8083707
      vertex -11 25.9616 14.3517707
      vertex -4.43949 25.9616 12.0042707
    endloop
  endfacet
  facet normal 0 1 -0
    outer loop
      vertex -4.52545 25.9616 11.7719707
      vertex -11 25.9616 14.3517707
      vertex -4.52066 25.9616 11.8083707
    endloop
  endfacet
  facet normal 0 1 -0
    outer loop
      vertex -4.55312 25.9616 11.5616707
      vertex -11 25.9616 14.3517707
      vertex -4.52545 25.9616 11.7719707
    endloop
  endfacet
  facet normal 0 1 -0
    outer loop
      vertex -4.55312 25.9616 4.3614207
      vertex -11 25.9616 14.3517707
      vertex -4.55312 25.9616 11.5616707
    endloop
  endfacet
  facet normal 0 1 0
    outer loop
      vertex -11 25.9616 1.5713907
      vertex -4.55312 25.9616 4.3614207
      vertex -4.52545 25.9616 4.1511607
    endloop
  endfacet
  facet normal 0 1 0
    outer loop
      vertex -11 25.9616 1.5713907
      vertex -4.52545 25.9616 4.1511607
      vertex -4.52066 25.9616 4.1147707
    endloop
  endfacet
  facet normal 0 1 0
    outer loop
      vertex -11 25.9616 1.5713907
      vertex -4.52066 25.9616 4.1147707
      vertex -4.43949 25.9616 3.9188507
    endloop
  endfacet
  facet normal 0 1 0
    outer loop
      vertex -11 25.9616 1.5713907
      vertex -4.43949 25.9616 3.9188507
      vertex -4.42545 25.9616 3.8849407
    endloop
  endfacet
  facet normal 0 1 0
    outer loop
      vertex -11 25.9616 1.5713907
      vertex -4.29635 25.9616 3.7166807
      vertex -4.27401 25.9616 3.6875607
    endloop
  endfacet
  facet normal 0 1 0
    outer loop
      vertex -11 25.9616 1.5713907
      vertex -4.24489 25.9616 3.6652207
      vertex -4.07663 25.9616 3.5361207
    endloop
  endfacet
  facet normal 0 1 0
    outer loop
      vertex -11 25.9616 1.5713907
      vertex -3.81041 25.9616 3.4361207
      vertex -3.60014 25.9616 3.4084507
    endloop
  endfacet
  facet normal 0 1 0
    outer loop
      vertex -4.55312 25.9616 4.3614207
      vertex -11 25.9616 1.5713907
      vertex -11 25.9616 14.3517707
    endloop
  endfacet
  facet normal 0 1 0
    outer loop
      vertex -4.29635 25.9616 3.7166807
      vertex -11 25.9616 1.5713907
      vertex -4.42545 25.9616 3.8849407
    endloop
  endfacet
  facet normal 0 1 0
    outer loop
      vertex -4.24489 25.9616 3.6652207
      vertex -11 25.9616 1.5713907
      vertex -4.27401 25.9616 3.6875607
    endloop
  endfacet
  facet normal 0 1 0
    outer loop
      vertex -4.04272 25.9616 3.5220707
      vertex -11 25.9616 1.5713907
      vertex -4.07663 25.9616 3.5361207
    endloop
  endfacet
  facet normal 0 1 0
    outer loop
      vertex -3.8468 25.9616 3.4409107
      vertex -11 25.9616 1.5713907
      vertex -4.04272 25.9616 3.5220707
    endloop
  endfacet
  facet normal 0 1 0
    outer loop
      vertex -3.81041 25.9616 3.4361207
      vertex -11 25.9616 1.5713907
      vertex -3.8468 25.9616 3.4409107
    endloop
  endfacet
  facet normal 0 1 0
    outer loop
      vertex -11 25.9616 1.5713907
      vertex -3.60014 25.9616 3.4084507
      vertex 11 25.9616 1.5713907
    endloop
  endfacet
  facet normal -0 0.382786 0.923837
    outer loop
      vertex -11 25.1111 15.6244707
      vertex 11 24.3902 15.9231707
      vertex 11 25.1111 15.6244707
    endloop
  endfacet
  facet normal 0 0.382786 0.923837
    outer loop
      vertex 11 24.3902 15.9231707
      vertex -11 25.1111 15.6244707
      vertex -11 24.3902 15.9231707
    endloop
  endfacet
  facet normal 0.0758518 0.381683 0.921176
    outer loop
      vertex 11 25.1111 15.6244707
      vertex 11 24.3902 15.9231707
      vertex 11.4252 25.0266 15.6244707
    endloop
  endfacet
  facet normal -0.0758369 0.381608 -0.921208
    outer loop
      vertex -11 24.3902 0
      vertex -11.4252 25.0266 0.2986307
      vertex -11 25.1111 0.2986307
    endloop
  endfacet
  facet normal 0.216136 -0.323494 -0.921215
    outer loop
      vertex 11.4252 0.973439 0.2986307
      vertex 11.2759 1.7241 0
      vertex 11.7857 1.2143 0.2986307
    endloop
  endfacet
  facet normal 0.707106 0 -0.707107
    outer loop
      vertex 12.6629 2 0.8504297
      vertex 12.1111 24 0.2986307
      vertex 12.6629 24 0.8504297
    endloop
  endfacet
  facet normal 0.707106 0 -0.707107
    outer loop
      vertex 12.1111 24 0.2986307
      vertex 12.6629 2 0.8504297
      vertex 12.1111 2 0.2986307
    endloop
  endfacet
  facet normal -0.700239 -0.139194 -0.700208
    outer loop
      vertex -12.5364 1.36362 0.8504297
      vertex -12.6629 2 0.8504297
      vertex -12.0266 1.57478 0.2986307
    endloop
  endfacet
  facet normal 0.139285 -0.700215 0.700213
    outer loop
      vertex 11 0.888859 15.6244707
      vertex 11 0.33706 15.0726707
      vertex 11.4252 0.973439 15.6244707
    endloop
  endfacet
  facet normal -0.593576 -0.396672 0.700227
    outer loop
      vertex -12.0266 1.57478 15.6244707
      vertex -12.1759 0.824124 15.0726707
      vertex -11.7857 1.2143 15.6244707
    endloop
  endfacet
  facet normal 0.323536 0.216202 0.921184
    outer loop
      vertex 12.0266 24.4252 15.6244707
      vertex 11.2759 24.2759 15.9231707
      vertex 11.3605 24.1493 15.9231707
    endloop
  endfacet
  facet normal 0 -0.707107 0.707106
    outer loop
      vertex -11 0.33706 15.0726707
      vertex 11 0.888859 15.6244707
      vertex -11 0.888859 15.6244707
    endloop
  endfacet
  facet normal 0 -0.707107 0.707106
    outer loop
      vertex 11 0.888859 15.6244707
      vertex -11 0.33706 15.0726707
      vertex 11 0.33706 15.0726707
    endloop
  endfacet
  facet normal 0.908628 0.180709 0.376484
    outer loop
      vertex 12.8123 24.7507 14.3517707
      vertex 12.6629 24 15.0726707
      vertex 12.9616 24 14.3517707
    endloop
  endfacet
  facet normal -0.700235 0.139189 -0.700212
    outer loop
      vertex -12.0266 24.4252 0.2986307
      vertex -12.6629 24 0.8504297
      vertex -12.5364 24.6364 0.8504297
    endloop
  endfacet
  facet normal 0.923849 0 -0.382758
    outer loop
      vertex 12.9616 2 1.5713907
      vertex 12.6629 24 0.8504297
      vertex 12.9616 24 1.5713907
    endloop
  endfacet
  facet normal 0.923849 0 -0.382758
    outer loop
      vertex 12.6629 24 0.8504297
      vertex 12.9616 2 1.5713907
      vertex 12.6629 2 0.8504297
    endloop
  endfacet
  facet normal -0.593604 -0.396656 -0.700213
    outer loop
      vertex -12.1759 0.824124 0.8504297
      vertex -12.5364 1.36362 0.8504297
      vertex -12.0266 1.57478 0.2986307
    endloop
  endfacet
  facet normal 0.514759 -0.770296 -0.376388
    outer loop
      vertex 11.7507 0.187745 1.5713907
      vertex 11.6364 0.463644 0.8504297
      vertex 12.387 0.61296 1.5713907
    endloop
  endfacet
  facet normal -0.180739 -0.908663 -0.376383
    outer loop
      vertex -11 0.33706 0.8504297
      vertex -11.7507 0.187745 1.5713907
      vertex -11.6364 0.463644 0.8504297
    endloop
  endfacet
  facet normal -0.139156 0.700226 -0.700228
    outer loop
      vertex -11 25.1111 0.2986307
      vertex -11.4252 25.0266 0.2986307
      vertex -11 25.6629 0.8504297
    endloop
  endfacet
  facet normal 0 0.38271 -0.923869
    outer loop
      vertex -11 24.3902 0
      vertex 11 25.1111 0.2986307
      vertex 11 24.3902 0
    endloop
  endfacet
  facet normal 0 0.38271 -0.923869
    outer loop
      vertex 11 25.1111 0.2986307
      vertex -11 24.3902 0
      vertex -11 25.1111 0.2986307
    endloop
  endfacet
  facet normal 0.396631 -0.593604 0.700227
    outer loop
      vertex 12.1759 0.824124 15.0726707
      vertex 11.4252 0.973439 15.6244707
      vertex 11.6364 0.463644 15.0726707
    endloop
  endfacet
  facet normal -0.908628 0.180709 0.376484
    outer loop
      vertex -12.8123 24.7507 14.3517707
      vertex -12.9616 24 14.3517707
      vertex -12.6629 24 15.0726707
    endloop
  endfacet
  facet normal 0 0.707107 0.707107
    outer loop
      vertex 11 25.6629 15.0726707
      vertex -11 25.1111 15.6244707
      vertex 11 25.1111 15.6244707
    endloop
  endfacet
  facet normal 0 0.707107 0.707107
    outer loop
      vertex -11 25.1111 15.6244707
      vertex 11 25.6629 15.0726707
      vertex -11 25.6629 15.0726707
    endloop
  endfacet
  facet normal -0.139156 0.700227 0.700227
    outer loop
      vertex -11 25.6629 15.0726707
      vertex -11.4252 25.0266 15.6244707
      vertex -11 25.1111 15.6244707
    endloop
  endfacet
  facet normal -0.139189 0.700236 0.700212
    outer loop
      vertex -11 25.6629 15.0726707
      vertex -11.6364 25.5364 15.0726707
      vertex -11.4252 25.0266 15.6244707
    endloop
  endfacet
  facet normal 0.2162 0.323537 0.921185
    outer loop
      vertex 11.4252 25.0266 15.6244707
      vertex 11.2759 24.2759 15.9231707
      vertex 11.7857 24.7857 15.6244707
    endloop
  endfacet
  facet normal 0.396653 0.593581 0.700234
    outer loop
      vertex 12.1759 25.1759 15.0726707
      vertex 11.4252 25.0266 15.6244707
      vertex 11.7857 24.7857 15.6244707
    endloop
  endfacet
  facet normal -0.381608 0.0758369 -0.921208
    outer loop
      vertex -11.3902 24 0
      vertex -12.1111 24 0.2986307
      vertex -12.0266 24.4252 0.2986307
    endloop
  endfacet
  facet normal -0.514759 -0.770296 -0.376388
    outer loop
      vertex -11.7507 0.187745 1.5713907
      vertex -12.387 0.61296 1.5713907
      vertex -11.6364 0.463644 0.8504297
    endloop
  endfacet
  facet normal 0.38271 0 -0.923869
    outer loop
      vertex 11.3902 2 0
      vertex 12.1111 24 0.2986307
      vertex 12.1111 2 0.2986307
    endloop
  endfacet
  facet normal 0.38271 0 -0.923869
    outer loop
      vertex 12.1111 24 0.2986307
      vertex 11.3902 2 0
      vertex 11.3902 24 0
    endloop
  endfacet
  facet normal 0.381608 -0.0758334 -0.921208
    outer loop
      vertex 12.0266 1.57478 0.2986307
      vertex 11.3902 2 0
      vertex 12.1111 2 0.2986307
    endloop
  endfacet
  facet normal 0.593594 0.396646 0.700228
    outer loop
      vertex 12.1759 25.1759 15.0726707
      vertex 12.0266 24.4252 15.6244707
      vertex 12.5364 24.6364 15.0726707
    endloop
  endfacet
  facet normal 0.707107 -0 0.707107
    outer loop
      vertex 12.1111 2 15.6244707
      vertex 12.6629 24 15.0726707
      vertex 12.1111 24 15.6244707
    endloop
  endfacet
  facet normal 0.707107 0 0.707107
    outer loop
      vertex 12.6629 24 15.0726707
      vertex 12.1111 2 15.6244707
      vertex 12.6629 2 15.0726707
    endloop
  endfacet
  facet normal -0.593594 0.396646 0.700228
    outer loop
      vertex -12.1759 25.1759 15.0726707
      vertex -12.5364 24.6364 15.0726707
      vertex -12.0266 24.4252 15.6244707
    endloop
  endfacet
  facet normal -0.707107 0 0.707107
    outer loop
      vertex -12.6629 2 15.0726707
      vertex -12.1111 24 15.6244707
      vertex -12.6629 24 15.0726707
    endloop
  endfacet
  facet normal -0.707107 0 0.707107
    outer loop
      vertex -12.1111 24 15.6244707
      vertex -12.6629 2 15.0726707
      vertex -12.1111 2 15.6244707
    endloop
  endfacet
  facet normal 0.831386 0.555695 0
    outer loop
      vertex 12.8123 24.7507 14.3517707
      vertex 12.387 25.387 1.5713907
      vertex 12.387 25.387 14.3517707
    endloop
  endfacet
  facet normal 0.831386 0.555695 0
    outer loop
      vertex 12.387 25.387 1.5713907
      vertex 12.8123 24.7507 14.3517707
      vertex 12.8123 24.7507 1.5713907
    endloop
  endfacet
  facet normal 0 0.707106 -0.707107
    outer loop
      vertex 11 25.1111 0.2986307
      vertex -11 25.6629 0.8504297
      vertex 11 25.6629 0.8504297
    endloop
  endfacet
  facet normal 0 0.707106 -0.707107
    outer loop
      vertex -11 25.6629 0.8504297
      vertex 11 25.1111 0.2986307
      vertex -11 25.1111 0.2986307
    endloop
  endfacet
  facet normal 0.139156 0.700227 0.700227
    outer loop
      vertex 11 25.6629 15.0726707
      vertex 11 25.1111 15.6244707
      vertex 11.4252 25.0266 15.6244707
    endloop
  endfacet
  facet normal 0.700236 0.139189 0.700212
    outer loop
      vertex 12.5364 24.6364 15.0726707
      vertex 12.0266 24.4252 15.6244707
      vertex 12.6629 24 15.0726707
    endloop
  endfacet
  facet normal 0.980791 0.195061 0
    outer loop
      vertex 12.9616 24 14.3517707
      vertex 12.8123 24.7507 1.5713907
      vertex 12.8123 24.7507 14.3517707
    endloop
  endfacet
  facet normal 0.980791 0.195061 0
    outer loop
      vertex 12.8123 24.7507 1.5713907
      vertex 12.9616 24 14.3517707
      vertex 12.9616 24 1.5713907
    endloop
  endfacet
  facet normal 0.700227 -0.13915 -0.700228
    outer loop
      vertex 12.6629 2 0.8504297
      vertex 12.0266 1.57478 0.2986307
      vertex 12.1111 2 0.2986307
    endloop
  endfacet
  facet normal 0.59358 0.396653 -0.700235
    outer loop
      vertex 12.0266 24.4252 0.2986307
      vertex 11.7857 24.7857 0.2986307
      vertex 12.1759 25.1759 0.8504297
    endloop
  endfacet
  facet normal 0.323461 -0.216186 -0.921215
    outer loop
      vertex 12.0266 1.57478 0.2986307
      vertex 11.2759 1.7241 0
      vertex 11.3605 1.85068 0
    endloop
  endfacet
  facet normal 0.139156 0.700226 -0.700228
    outer loop
      vertex 11.4252 25.0266 0.2986307
      vertex 11 25.1111 0.2986307
      vertex 11 25.6629 0.8504297
    endloop
  endfacet
  facet normal -0.908689 0.180624 -0.376376
    outer loop
      vertex -12.6629 24 0.8504297
      vertex -12.8123 24.7507 1.5713907
      vertex -12.5364 24.6364 0.8504297
    endloop
  endfacet
  facet normal -0.180711 0.908639 -0.376456
    outer loop
      vertex -11 25.6629 0.8504297
      vertex -11.7507 25.8123 1.5713907
      vertex -11 25.9616 1.5713907
    endloop
  endfacet
  facet normal 0.180711 0.908639 -0.376456
    outer loop
      vertex 11.7507 25.8123 1.5713907
      vertex 11 25.6629 0.8504297
      vertex 11 25.9616 1.5713907
    endloop
  endfacet
  facet normal -0.180709 0.908628 0.376484
    outer loop
      vertex -11 25.9616 14.3517707
      vertex -11.7507 25.8123 14.3517707
      vertex -11 25.6629 15.0726707
    endloop
  endfacet
  facet normal -0.831386 0.555695 0
    outer loop
      vertex -12.8123 24.7507 1.5713907
      vertex -12.387 25.387 14.3517707
      vertex -12.387 25.387 1.5713907
    endloop
  endfacet
  facet normal -0.831386 0.555695 0
    outer loop
      vertex -12.387 25.387 14.3517707
      vertex -12.8123 24.7507 1.5713907
      vertex -12.8123 24.7507 14.3517707
    endloop
  endfacet
  facet normal -0.770334 -0.51475 -0.376323
    outer loop
      vertex -12.387 0.61296 1.5713907
      vertex -12.5364 1.36362 0.8504297
      vertex -12.1759 0.824124 0.8504297
    endloop
  endfacet
  facet normal -0.195061 0.980791 0
    outer loop
      vertex -11 25.9616 1.5713907
      vertex -11.7507 25.8123 14.3517707
      vertex -11 25.9616 14.3517707
    endloop
  endfacet
  facet normal -0.195061 0.980791 0
    outer loop
      vertex -11.7507 25.8123 14.3517707
      vertex -11 25.9616 1.5713907
      vertex -11.7507 25.8123 1.5713907
    endloop
  endfacet
  facet normal 0.381643 0.0759196 0.921187
    outer loop
      vertex 12.0266 24.4252 15.6244707
      vertex 11.3605 24.1493 15.9231707
      vertex 11.3902 24 15.9231707
    endloop
  endfacet
  facet normal -0.2162 0.323537 0.921185
    outer loop
      vertex -11.4252 25.0266 15.6244707
      vertex -11.7857 24.7857 15.6244707
      vertex -11.2759 24.2759 15.9231707
    endloop
  endfacet
  facet normal -0.908637 -0.18072 -0.376456
    outer loop
      vertex -12.8123 1.24934 1.5713907
      vertex -12.9616 2 1.5713907
      vertex -12.6629 2 0.8504297
    endloop
  endfacet
  facet normal -0.908679 -0.180628 0.3764
    outer loop
      vertex -12.6629 2 15.0726707
      vertex -12.8123 1.24934 14.3517707
      vertex -12.5364 1.36362 15.0726707
    endloop
  endfacet
  facet normal -0.831419 -0.555647 0
    outer loop
      vertex -12.387 0.61296 1.5713907
      vertex -12.8123 1.24934 14.3517707
      vertex -12.8123 1.24934 1.5713907
    endloop
  endfacet
  facet normal -0.831419 -0.555647 0
    outer loop
      vertex -12.8123 1.24934 14.3517707
      vertex -12.387 0.61296 1.5713907
      vertex -12.387 0.61296 14.3517707
    endloop
  endfacet
  facet normal 0.396619 -0.593625 -0.700217
    outer loop
      vertex 12.1759 0.824124 0.8504297
      vertex 11.4252 0.973439 0.2986307
      vertex 11.7857 1.2143 0.2986307
    endloop
  endfacet
  facet normal 0.396631 -0.593604 -0.700227
    outer loop
      vertex 11.6364 0.463644 0.8504297
      vertex 11.4252 0.973439 0.2986307
      vertex 12.1759 0.824124 0.8504297
    endloop
  endfacet
  facet normal -0.139285 -0.700214 -0.700214
    outer loop
      vertex -11 0.33706 0.8504297
      vertex -11.4252 0.973439 0.2986307
      vertex -11 0.888859 0.2986307
    endloop
  endfacet
  facet normal -0.180733 -0.908654 0.376407
    outer loop
      vertex -11 0.33706 15.0726707
      vertex -11.7507 0.187745 14.3517707
      vertex -11 0.0384293 14.3517707
    endloop
  endfacet
  facet normal 0.180739 -0.908663 -0.376383
    outer loop
      vertex 11.7507 0.187745 1.5713907
      vertex 11 0.33706 0.8504297
      vertex 11.6364 0.463644 0.8504297
    endloop
  endfacet
  facet normal 0.770325 -0.514743 0.37635
    outer loop
      vertex 12.5364 1.36362 15.0726707
      vertex 12.1759 0.824124 15.0726707
      vertex 12.387 0.61296 14.3517707
    endloop
  endfacet
  facet normal 0.381683 -0.0758483 0.921176
    outer loop
      vertex 12.1111 2 15.6244707
      vertex 11.3902 2 15.9231707
      vertex 12.0266 1.57478 15.6244707
    endloop
  endfacet
  facet normal 0.323525 -0.216228 0.921182
    outer loop
      vertex 11.3605 1.85068 15.9231707
      vertex 11.2759 1.7241 15.9231707
      vertex 12.0266 1.57478 15.6244707
    endloop
  endfacet
  facet normal -0.323525 -0.216228 0.921182
    outer loop
      vertex -11.3605 1.85068 15.9231707
      vertex -12.0266 1.57478 15.6244707
      vertex -11.2759 1.7241 15.9231707
    endloop
  endfacet
  facet normal 0.396619 -0.593625 0.700216
    outer loop
      vertex 11.7857 1.2143 15.6244707
      vertex 11.4252 0.973439 15.6244707
      vertex 12.1759 0.824124 15.0726707
    endloop
  endfacet
  facet normal 0.216178 -0.323557 0.921183
    outer loop
      vertex 11.7857 1.2143 15.6244707
      vertex 11.2759 1.7241 15.9231707
      vertex 11.4252 0.973439 15.6244707
    endloop
  endfacet
  facet normal -0.700227 0.139156 0.700227
    outer loop
      vertex -12.0266 24.4252 15.6244707
      vertex -12.6629 24 15.0726707
      vertex -12.1111 24 15.6244707
    endloop
  endfacet
  facet normal 0.908678 0.180622 0.376404
    outer loop
      vertex 12.8123 24.7507 14.3517707
      vertex 12.5364 24.6364 15.0726707
      vertex 12.6629 24 15.0726707
    endloop
  endfacet
  facet normal 0.593581 0.396653 0.700234
    outer loop
      vertex 12.1759 25.1759 15.0726707
      vertex 11.7857 24.7857 15.6244707
      vertex 12.0266 24.4252 15.6244707
    endloop
  endfacet
  facet normal 0.77034 0.51475 0.376311
    outer loop
      vertex 12.387 25.387 14.3517707
      vertex 12.1759 25.1759 15.0726707
      vertex 12.5364 24.6364 15.0726707
    endloop
  endfacet
  facet normal 0.51475 0.77034 0.376311
    outer loop
      vertex 12.387 25.387 14.3517707
      vertex 11.6364 25.5364 15.0726707
      vertex 12.1759 25.1759 15.0726707
    endloop
  endfacet
  facet normal 0.180735 -0.908665 -0.37638
    outer loop
      vertex 11.7507 0.187745 1.5713907
      vertex 11 0.0384293 1.5713907
      vertex 11 0.33706 0.8504297
    endloop
  endfacet
  facet normal 0.180737 -0.908652 0.376411
    outer loop
      vertex 11.6364 0.463644 15.0726707
      vertex 11 0.33706 15.0726707
      vertex 11.7507 0.187745 14.3517707
    endloop
  endfacet
  facet normal 0.555618 -0.831438 0
    outer loop
      vertex 11.7507 0.187745 1.5713907
      vertex 12.387 0.61296 14.3517707
      vertex 11.7507 0.187745 14.3517707
    endloop
  endfacet
  facet normal 0.555618 -0.831438 0
    outer loop
      vertex 12.387 0.61296 14.3517707
      vertex 11.7507 0.187745 1.5713907
      vertex 12.387 0.61296 1.5713907
    endloop
  endfacet
  facet normal 0.770349 0.514756 -0.376283
    outer loop
      vertex 12.5364 24.6364 0.8504297
      vertex 12.1759 25.1759 0.8504297
      vertex 12.387 25.387 1.5713907
    endloop
  endfacet
  facet normal 0.770283 -0.514789 -0.376374
    outer loop
      vertex 12.8123 1.24934 1.5713907
      vertex 12.387 0.61296 1.5713907
      vertex 12.5364 1.36362 0.8504297
    endloop
  endfacet
  facet normal 0.980789 -0.195071 0
    outer loop
      vertex 12.8123 1.24934 14.3517707
      vertex 12.9616 2 1.5713907
      vertex 12.9616 2 14.3517707
    endloop
  endfacet
  facet normal 0.980789 -0.195071 0
    outer loop
      vertex 12.9616 2 1.5713907
      vertex 12.8123 1.24934 14.3517707
      vertex 12.8123 1.24934 1.5713907
    endloop
  endfacet
  facet normal 0.323473 0.21616 -0.921217
    outer loop
      vertex 11.3605 24.1493 0
      vertex 11.2759 24.2759 0
      vertex 12.0266 24.4252 0.2986307
    endloop
  endfacet
  facet normal 0.908639 0.180711 -0.376456
    outer loop
      vertex 12.9616 24 1.5713907
      vertex 12.6629 24 0.8504297
      vertex 12.8123 24.7507 1.5713907
    endloop
  endfacet
  facet normal 0.77025 0.514831 -0.376383
    outer loop
      vertex 12.5364 24.6364 0.8504297
      vertex 12.387 25.387 1.5713907
      vertex 12.8123 24.7507 1.5713907
    endloop
  endfacet
  facet normal 0.396653 0.59358 -0.700235
    outer loop
      vertex 11.7857 24.7857 0.2986307
      vertex 11.4252 25.0266 0.2986307
      vertex 12.1759 25.1759 0.8504297
    endloop
  endfacet
  facet normal 0.195061 0.980791 -0
    outer loop
      vertex 11.7507 25.8123 1.5713907
      vertex 11 25.9616 14.3517707
      vertex 11.7507 25.8123 14.3517707
    endloop
  endfacet
  facet normal 0.195061 0.980791 0
    outer loop
      vertex 11 25.9616 14.3517707
      vertex 11.7507 25.8123 1.5713907
      vertex 11 25.9616 1.5713907
    endloop
  endfacet
  facet normal 0.514831 0.77025 -0.376383
    outer loop
      vertex 12.387 25.387 1.5713907
      vertex 11.6364 25.5364 0.8504297
      vertex 11.7507 25.8123 1.5713907
    endloop
  endfacet
  facet normal 0.21616 0.323473 -0.921217
    outer loop
      vertex 11.2759 24.2759 0
      vertex 11.1493 24.3605 0
      vertex 11.4252 25.0266 0.2986307
    endloop
  endfacet
  facet normal 0.593593 0.396646 -0.700228
    outer loop
      vertex 12.5364 24.6364 0.8504297
      vertex 12.0266 24.4252 0.2986307
      vertex 12.1759 25.1759 0.8504297
    endloop
  endfacet
  facet normal -0.323473 0.21616 -0.921217
    outer loop
      vertex -11.3605 24.1493 0
      vertex -12.0266 24.4252 0.2986307
      vertex -11.2759 24.2759 0
    endloop
  endfacet
  facet normal -0.555695 0.831386 0
    outer loop
      vertex -11.7507 25.8123 1.5713907
      vertex -12.387 25.387 14.3517707
      vertex -11.7507 25.8123 14.3517707
    endloop
  endfacet
  facet normal -0.555695 0.831386 0
    outer loop
      vertex -12.387 25.387 14.3517707
      vertex -11.7507 25.8123 1.5713907
      vertex -12.387 25.387 1.5713907
    endloop
  endfacet
  facet normal 0 0.923849 -0.382758
    outer loop
      vertex 11 25.6629 0.8504297
      vertex -11 25.9616 1.5713907
      vertex 11 25.9616 1.5713907
    endloop
  endfacet
  facet normal 0 0.923849 -0.382758
    outer loop
      vertex -11 25.9616 1.5713907
      vertex 11 25.6629 0.8504297
      vertex -11 25.6629 0.8504297
    endloop
  endfacet
  facet normal -0.514831 0.77025 -0.376383
    outer loop
      vertex -11.6364 25.5364 0.8504297
      vertex -12.387 25.387 1.5713907
      vertex -11.7507 25.8123 1.5713907
    endloop
  endfacet
  facet normal -0.908626 -0.180718 0.376483
    outer loop
      vertex -12.6629 2 15.0726707
      vertex -12.9616 2 14.3517707
      vertex -12.8123 1.24934 14.3517707
    endloop
  endfacet
  facet normal -0.923837 0 0.382786
    outer loop
      vertex -12.9616 2 14.3517707
      vertex -12.6629 24 15.0726707
      vertex -12.9616 24 14.3517707
    endloop
  endfacet
  facet normal -0.923837 0 0.382786
    outer loop
      vertex -12.6629 24 15.0726707
      vertex -12.9616 2 14.3517707
      vertex -12.6629 2 15.0726707
    endloop
  endfacet
  facet normal -0.77034 0.51475 0.376311
    outer loop
      vertex -12.387 25.387 14.3517707
      vertex -12.5364 24.6364 15.0726707
      vertex -12.1759 25.1759 15.0726707
    endloop
  endfacet
  facet normal -0.700236 0.139189 0.700212
    outer loop
      vertex -12.5364 24.6364 15.0726707
      vertex -12.6629 24 15.0726707
      vertex -12.0266 24.4252 15.6244707
    endloop
  endfacet
  facet normal -0.396653 0.593581 0.700234
    outer loop
      vertex -11.4252 25.0266 15.6244707
      vertex -12.1759 25.1759 15.0726707
      vertex -11.7857 24.7857 15.6244707
    endloop
  endfacet
  facet normal 0.381683 0.0758518 0.921176
    outer loop
      vertex 12.0266 24.4252 15.6244707
      vertex 11.3902 24 15.9231707
      vertex 12.1111 24 15.6244707
    endloop
  endfacet
  facet normal 0.323537 0.2162 0.921185
    outer loop
      vertex 11.7857 24.7857 15.6244707
      vertex 11.2759 24.2759 15.9231707
      vertex 12.0266 24.4252 15.6244707
    endloop
  endfacet
  facet normal 0.396646 0.593594 0.700228
    outer loop
      vertex 11.6364 25.5364 15.0726707
      vertex 11.4252 25.0266 15.6244707
      vertex 12.1759 25.1759 15.0726707
    endloop
  endfacet
  facet normal 0.139189 0.700236 0.700212
    outer loop
      vertex 11.6364 25.5364 15.0726707
      vertex 11 25.6629 15.0726707
      vertex 11.4252 25.0266 15.6244707
    endloop
  endfacet
  facet normal -0.593604 -0.396656 0.700213
    outer loop
      vertex -12.0266 1.57478 15.6244707
      vertex -12.5364 1.36362 15.0726707
      vertex -12.1759 0.824124 15.0726707
    endloop
  endfacet
  facet normal -0.770283 -0.514789 -0.376374
    outer loop
      vertex -12.387 0.61296 1.5713907
      vertex -12.8123 1.24934 1.5713907
      vertex -12.5364 1.36362 0.8504297
    endloop
  endfacet
  facet normal -0.770273 -0.514782 0.376401
    outer loop
      vertex -12.5364 1.36362 15.0726707
      vertex -12.8123 1.24934 14.3517707
      vertex -12.387 0.61296 14.3517707
    endloop
  endfacet
  facet normal -0.514753 -0.770286 0.376415
    outer loop
      vertex -11.6364 0.463644 15.0726707
      vertex -12.387 0.61296 14.3517707
      vertex -11.7507 0.187745 14.3517707
    endloop
  endfacet
  facet normal -0.700228 -0.13915 0.700228
    outer loop
      vertex -12.1111 2 15.6244707
      vertex -12.6629 2 15.0726707
      vertex -12.0266 1.57478 15.6244707
    endloop
  endfacet
  facet normal -0.381683 -0.0758483 0.921176
    outer loop
      vertex -11.3902 2 15.9231707
      vertex -12.1111 2 15.6244707
      vertex -12.0266 1.57478 15.6244707
    endloop
  endfacet
  facet normal -0.90869 -0.18063 -0.376372
    outer loop
      vertex -12.5364 1.36362 0.8504297
      vertex -12.8123 1.24934 1.5713907
      vertex -12.6629 2 0.8504297
    endloop
  endfacet
  facet normal -0.514723 -0.770343 -0.37634
    outer loop
      vertex -11.6364 0.463644 0.8504297
      vertex -12.387 0.61296 1.5713907
      vertex -12.1759 0.824124 0.8504297
    endloop
  endfacet
  facet normal -0.923849 0 -0.382758
    outer loop
      vertex -12.6629 2 0.8504297
      vertex -12.9616 24 1.5713907
      vertex -12.6629 24 0.8504297
    endloop
  endfacet
  facet normal -0.923849 -0 -0.382758
    outer loop
      vertex -12.9616 24 1.5713907
      vertex -12.6629 2 0.8504297
      vertex -12.9616 2 1.5713907
    endloop
  endfacet
  facet normal -0.396631 -0.593604 -0.700227
    outer loop
      vertex -11.6364 0.463644 0.8504297
      vertex -12.1759 0.824124 0.8504297
      vertex -11.4252 0.973439 0.2986307
    endloop
  endfacet
  facet normal 0 -0.707107 -0.707107
    outer loop
      vertex -11 0.888859 0.2986307
      vertex 11 0.33706 0.8504297
      vertex -11 0.33706 0.8504297
    endloop
  endfacet
  facet normal 0 -0.707107 -0.707107
    outer loop
      vertex 11 0.33706 0.8504297
      vertex -11 0.888859 0.2986307
      vertex 11 0.888859 0.2986307
    endloop
  endfacet
  facet normal -0.381608 -0.0758334 -0.921208
    outer loop
      vertex -12.0266 1.57478 0.2986307
      vertex -12.1111 2 0.2986307
      vertex -11.3902 2 0
    endloop
  endfacet
  facet normal 0.139277 -0.700212 -0.700218
    outer loop
      vertex 11.6364 0.463644 0.8504297
      vertex 11 0.33706 0.8504297
      vertex 11.4252 0.973439 0.2986307
    endloop
  endfacet
  facet normal -0.381646 -0.0759101 0.921186
    outer loop
      vertex -11.3902 2 15.9231707
      vertex -12.0266 1.57478 15.6244707
      vertex -11.3605 1.85068 15.9231707
    endloop
  endfacet
  facet normal 0 -0.382758 0.923849
    outer loop
      vertex -11 1.60982 15.9231707
      vertex 11 0.888859 15.6244707
      vertex 11 1.60982 15.9231707
    endloop
  endfacet
  facet normal 0 -0.382758 0.923849
    outer loop
      vertex 11 0.888859 15.6244707
      vertex -11 1.60982 15.9231707
      vertex -11 0.888859 15.6244707
    endloop
  endfacet
  facet normal -0.396619 -0.593625 0.700216
    outer loop
      vertex -11.7857 1.2143 15.6244707
      vertex -12.1759 0.824124 15.0726707
      vertex -11.4252 0.973439 15.6244707
    endloop
  endfacet
  facet normal -0.396631 -0.593604 0.700227
    outer loop
      vertex -11.4252 0.973439 15.6244707
      vertex -12.1759 0.824124 15.0726707
      vertex -11.6364 0.463644 15.0726707
    endloop
  endfacet
  facet normal 1 -0 0
    outer loop
      vertex 12.9616 2 14.3517707
      vertex 12.9616 24 1.5713907
      vertex 12.9616 24 14.3517707
    endloop
  endfacet
  facet normal 1 0 0
    outer loop
      vertex 12.9616 24 1.5713907
      vertex 12.9616 2 14.3517707
      vertex 12.9616 2 1.5713907
    endloop
  endfacet
  facet normal 0.0759196 0.381643 0.921187
    outer loop
      vertex 11.4252 25.0266 15.6244707
      vertex 11 24.3902 15.9231707
      vertex 11.1493 24.3605 15.9231707
    endloop
  endfacet
  facet normal 0.32353 -0.216207 0.921185
    outer loop
      vertex 12.0266 1.57478 15.6244707
      vertex 11.2759 1.7241 15.9231707
      vertex 11.7857 1.2143 15.6244707
    endloop
  endfacet
  facet normal 0.593576 -0.396672 0.700227
    outer loop
      vertex 12.0266 1.57478 15.6244707
      vertex 11.7857 1.2143 15.6244707
      vertex 12.1759 0.824124 15.0726707
    endloop
  endfacet
  facet normal 0 -0.923869 0.38271
    outer loop
      vertex -11 0.0384293 14.3517707
      vertex 11 0.33706 15.0726707
      vertex -11 0.33706 15.0726707
    endloop
  endfacet
  facet normal 0 -0.923869 0.38271
    outer loop
      vertex 11 0.33706 15.0726707
      vertex -11 0.0384293 14.3517707
      vertex 11 0.0384293 14.3517707
    endloop
  endfacet
  facet normal 0.700228 -0.13915 0.700228
    outer loop
      vertex 12.1111 2 15.6244707
      vertex 12.0266 1.57478 15.6244707
      vertex 12.6629 2 15.0726707
    endloop
  endfacet
  facet normal 0.908679 -0.180628 0.3764
    outer loop
      vertex 12.6629 2 15.0726707
      vertex 12.5364 1.36362 15.0726707
      vertex 12.8123 1.24934 14.3517707
    endloop
  endfacet
  facet normal 0.195081 -0.980787 0
    outer loop
      vertex 11 0.0384293 1.5713907
      vertex 11.7507 0.187745 14.3517707
      vertex 11 0.0384293 14.3517707
    endloop
  endfacet
  facet normal 0.195081 -0.980787 0
    outer loop
      vertex 11.7507 0.187745 14.3517707
      vertex 11 0.0384293 1.5713907
      vertex 11.7507 0.187745 1.5713907
    endloop
  endfacet
  facet normal 0.831419 -0.555647 0
    outer loop
      vertex 12.387 0.61296 14.3517707
      vertex 12.8123 1.24934 1.5713907
      vertex 12.8123 1.24934 14.3517707
    endloop
  endfacet
  facet normal 0.831419 -0.555647 0
    outer loop
      vertex 12.8123 1.24934 1.5713907
      vertex 12.387 0.61296 14.3517707
      vertex 12.387 0.61296 1.5713907
    endloop
  endfacet
  facet normal 0.514723 -0.770343 -0.37634
    outer loop
      vertex 12.387 0.61296 1.5713907
      vertex 11.6364 0.463644 0.8504297
      vertex 12.1759 0.824124 0.8504297
    endloop
  endfacet
  facet normal 0.139285 -0.700214 -0.700214
    outer loop
      vertex 11.4252 0.973439 0.2986307
      vertex 11 0.33706 0.8504297
      vertex 11 0.888859 0.2986307
    endloop
  endfacet
  facet normal 0.908689 0.180624 -0.376376
    outer loop
      vertex 12.6629 24 0.8504297
      vertex 12.5364 24.6364 0.8504297
      vertex 12.8123 24.7507 1.5713907
    endloop
  endfacet
  facet normal 0.323473 0.216157 -0.921217
    outer loop
      vertex 12.0266 24.4252 0.2986307
      vertex 11.2759 24.2759 0
      vertex 11.7857 24.7857 0.2986307
    endloop
  endfacet
  facet normal 0.514756 0.770349 -0.376283
    outer loop
      vertex 12.1759 25.1759 0.8504297
      vertex 11.6364 25.5364 0.8504297
      vertex 12.387 25.387 1.5713907
    endloop
  endfacet
  facet normal 0.396646 0.593593 -0.700228
    outer loop
      vertex 12.1759 25.1759 0.8504297
      vertex 11.4252 25.0266 0.2986307
      vertex 11.6364 25.5364 0.8504297
    endloop
  endfacet
  facet normal 0.381568 0.0759046 -0.921219
    outer loop
      vertex 11.3902 24 0
      vertex 11.3605 24.1493 0
      vertex 12.0266 24.4252 0.2986307
    endloop
  endfacet
  facet normal 0.381571 -0.0758952 -0.921218
    outer loop
      vertex 12.0266 1.57478 0.2986307
      vertex 11.3605 1.85068 0
      vertex 11.3902 2 0
    endloop
  endfacet
  facet normal 0.0758369 0.381608 -0.921208
    outer loop
      vertex 11.4252 25.0266 0.2986307
      vertex 11 24.3902 0
      vertex 11 25.1111 0.2986307
    endloop
  endfacet
  facet normal -0.396653 0.59358 -0.700235
    outer loop
      vertex -11.7857 24.7857 0.2986307
      vertex -12.1759 25.1759 0.8504297
      vertex -11.4252 25.0266 0.2986307
    endloop
  endfacet
  facet normal -0.381568 0.0759046 -0.921219
    outer loop
      vertex -11.3902 24 0
      vertex -12.0266 24.4252 0.2986307
      vertex -11.3605 24.1493 0
    endloop
  endfacet
  facet normal -0.908639 0.180711 -0.376456
    outer loop
      vertex -12.6629 24 0.8504297
      vertex -12.9616 24 1.5713907
      vertex -12.8123 24.7507 1.5713907
    endloop
  endfacet
  facet normal -0.180624 0.908689 -0.376376
    outer loop
      vertex -11.6364 25.5364 0.8504297
      vertex -11.7507 25.8123 1.5713907
      vertex -11 25.6629 0.8504297
    endloop
  endfacet
  facet normal -0.908678 0.180622 0.376404
    outer loop
      vertex -12.5364 24.6364 15.0726707
      vertex -12.8123 24.7507 14.3517707
      vertex -12.6629 24 15.0726707
    endloop
  endfacet
  facet normal -0.770241 0.514825 0.37641
    outer loop
      vertex -12.387 25.387 14.3517707
      vertex -12.8123 24.7507 14.3517707
      vertex -12.5364 24.6364 15.0726707
    endloop
  endfacet
  facet normal -1 0 0
    outer loop
      vertex -12.9616 2 1.5713907
      vertex -12.9616 24 14.3517707
      vertex -12.9616 24 1.5713907
    endloop
  endfacet
  facet normal -1 -0 0
    outer loop
      vertex -12.9616 24 14.3517707
      vertex -12.9616 2 1.5713907
      vertex -12.9616 2 14.3517707
    endloop
  endfacet
  facet normal -0.381643 0.0759196 0.921187
    outer loop
      vertex -11.3605 24.1493 15.9231707
      vertex -12.0266 24.4252 15.6244707
      vertex -11.3902 24 15.9231707
    endloop
  endfacet
  facet normal -0.593581 0.396653 0.700234
    outer loop
      vertex -11.7857 24.7857 15.6244707
      vertex -12.1759 25.1759 15.0726707
      vertex -12.0266 24.4252 15.6244707
    endloop
  endfacet
  facet normal -0.382786 0 0.923837
    outer loop
      vertex -12.1111 24 15.6244707
      vertex -11.3902 2 15.9231707
      vertex -11.3902 24 15.9231707
    endloop
  endfacet
  facet normal -0.382786 0 0.923837
    outer loop
      vertex -11.3902 2 15.9231707
      vertex -12.1111 24 15.6244707
      vertex -12.1111 2 15.6244707
    endloop
  endfacet
  facet normal -0.700239 -0.139194 0.700207
    outer loop
      vertex -12.0266 1.57478 15.6244707
      vertex -12.6629 2 15.0726707
      vertex -12.5364 1.36362 15.0726707
    endloop
  endfacet
  facet normal -0.770325 -0.514743 0.37635
    outer loop
      vertex -12.1759 0.824124 15.0726707
      vertex -12.5364 1.36362 15.0726707
      vertex -12.387 0.61296 14.3517707
    endloop
  endfacet
  facet normal -0.980789 -0.195071 0
    outer loop
      vertex -12.8123 1.24934 1.5713907
      vertex -12.9616 2 14.3517707
      vertex -12.9616 2 1.5713907
    endloop
  endfacet
  facet normal -0.980789 -0.195071 0
    outer loop
      vertex -12.9616 2 14.3517707
      vertex -12.8123 1.24934 1.5713907
      vertex -12.8123 1.24934 14.3517707
    endloop
  endfacet
  facet normal -0.707106 0 -0.707107
    outer loop
      vertex -12.1111 2 0.2986307
      vertex -12.6629 24 0.8504297
      vertex -12.1111 24 0.2986307
    endloop
  endfacet
  facet normal -0.707106 -0 -0.707107
    outer loop
      vertex -12.6629 24 0.8504297
      vertex -12.1111 2 0.2986307
      vertex -12.6629 2 0.8504297
    endloop
  endfacet
  facet normal -0.323466 -0.216165 -0.921218
    outer loop
      vertex -11.7857 1.2143 0.2986307
      vertex -12.0266 1.57478 0.2986307
      vertex -11.2759 1.7241 0
    endloop
  endfacet
  facet normal -0.139277 -0.700212 -0.700218
    outer loop
      vertex -11 0.33706 0.8504297
      vertex -11.6364 0.463644 0.8504297
      vertex -11.4252 0.973439 0.2986307
    endloop
  endfacet
  facet normal -0.180735 -0.908665 -0.37638
    outer loop
      vertex -11 0.0384293 1.5713907
      vertex -11.7507 0.187745 1.5713907
      vertex -11 0.33706 0.8504297
    endloop
  endfacet
  facet normal 0.0759178 -0.381653 0.921182
    outer loop
      vertex 11 1.60982 15.9231707
      vertex 11 0.888859 15.6244707
      vertex 11.4252 0.973439 15.6244707
    endloop
  endfacet
  facet normal 0.216202 0.323536 0.921184
    outer loop
      vertex 11.4252 25.0266 15.6244707
      vertex 11.1493 24.3605 15.9231707
      vertex 11.2759 24.2759 15.9231707
    endloop
  endfacet
  facet normal -0.216167 -0.32356 0.921184
    outer loop
      vertex -11.2759 1.7241 15.9231707
      vertex -11.4252 0.973439 15.6244707
      vertex -11.1493 1.63952 15.9231707
    endloop
  endfacet
  facet normal -0.32353 -0.216207 0.921185
    outer loop
      vertex -11.2759 1.7241 15.9231707
      vertex -12.0266 1.57478 15.6244707
      vertex -11.7857 1.2143 15.6244707
    endloop
  endfacet
  facet normal -0.180737 -0.908652 0.376411
    outer loop
      vertex -11.6364 0.463644 15.0726707
      vertex -11.7507 0.187745 14.3517707
      vertex -11 0.33706 15.0726707
    endloop
  endfacet
  facet normal 0.180733 -0.908654 0.376407
    outer loop
      vertex 11 0.33706 15.0726707
      vertex 11 0.0384293 14.3517707
      vertex 11.7507 0.187745 14.3517707
    endloop
  endfacet
  facet normal 0.139277 -0.700212 0.700218
    outer loop
      vertex 11.4252 0.973439 15.6244707
      vertex 11 0.33706 15.0726707
      vertex 11.6364 0.463644 15.0726707
    endloop
  endfacet
  facet normal -0.0759178 -0.381653 0.921182
    outer loop
      vertex -11 1.60982 15.9231707
      vertex -11.4252 0.973439 15.6244707
      vertex -11 0.888859 15.6244707
    endloop
  endfacet
  facet normal -0.139277 -0.700212 0.700218
    outer loop
      vertex -11.4252 0.973439 15.6244707
      vertex -11.6364 0.463644 15.0726707
      vertex -11 0.33706 15.0726707
    endloop
  endfacet
  facet normal 0.908626 -0.180718 0.376483
    outer loop
      vertex 12.9616 2 14.3517707
      vertex 12.6629 2 15.0726707
      vertex 12.8123 1.24934 14.3517707
    endloop
  endfacet
  facet normal 0.770273 -0.514782 0.376401
    outer loop
      vertex 12.5364 1.36362 15.0726707
      vertex 12.387 0.61296 14.3517707
      vertex 12.8123 1.24934 14.3517707
    endloop
  endfacet
  facet normal 0.770334 -0.51475 -0.376323
    outer loop
      vertex 12.387 0.61296 1.5713907
      vertex 12.1759 0.824124 0.8504297
      vertex 12.5364 1.36362 0.8504297
    endloop
  endfacet
  facet normal 0.700239 -0.139194 -0.700208
    outer loop
      vertex 12.5364 1.36362 0.8504297
      vertex 12.0266 1.57478 0.2986307
      vertex 12.6629 2 0.8504297
    endloop
  endfacet
  facet normal 0.700235 0.139189 -0.700212
    outer loop
      vertex 12.6629 24 0.8504297
      vertex 12.0266 24.4252 0.2986307
      vertex 12.5364 24.6364 0.8504297
    endloop
  endfacet
  facet normal 0.700226 0.139156 -0.700228
    outer loop
      vertex 12.1111 24 0.2986307
      vertex 12.0266 24.4252 0.2986307
      vertex 12.6629 24 0.8504297
    endloop
  endfacet
  facet normal 0.180624 0.908689 -0.376376
    outer loop
      vertex 11.6364 25.5364 0.8504297
      vertex 11 25.6629 0.8504297
      vertex 11.7507 25.8123 1.5713907
    endloop
  endfacet
  facet normal 0.139189 0.700235 -0.700212
    outer loop
      vertex 11.4252 25.0266 0.2986307
      vertex 11 25.6629 0.8504297
      vertex 11.6364 25.5364 0.8504297
    endloop
  endfacet
  facet normal -0.0759028 -0.381578 -0.921215
    outer loop
      vertex -11 0.888859 0.2986307
      vertex -11.4252 0.973439 0.2986307
      vertex -11 1.60982 0
    endloop
  endfacet
  facet normal 0.323466 -0.216165 -0.921218
    outer loop
      vertex 11.7857 1.2143 0.2986307
      vertex 11.2759 1.7241 0
      vertex 12.0266 1.57478 0.2986307
    endloop
  endfacet
  facet normal -0.21616 0.323473 -0.921217
    outer loop
      vertex -11.2759 24.2759 0
      vertex -11.4252 25.0266 0.2986307
      vertex -11.1493 24.3605 0
    endloop
  endfacet
  facet normal 0.0759046 0.381568 -0.921219
    outer loop
      vertex 11.1493 24.3605 0
      vertex 11 24.3902 0
      vertex 11.4252 25.0266 0.2986307
    endloop
  endfacet
  facet normal -0.139189 0.700235 -0.700212
    outer loop
      vertex -11.4252 25.0266 0.2986307
      vertex -11.6364 25.5364 0.8504297
      vertex -11 25.6629 0.8504297
    endloop
  endfacet
  facet normal -0.59358 0.396653 -0.700235
    outer loop
      vertex -12.0266 24.4252 0.2986307
      vertex -12.1759 25.1759 0.8504297
      vertex -11.7857 24.7857 0.2986307
    endloop
  endfacet
  facet normal 0.0759028 -0.381578 -0.921215
    outer loop
      vertex 11.4252 0.973439 0.2986307
      vertex 11 0.888859 0.2986307
      vertex 11 1.60982 0
    endloop
  endfacet
  facet normal -0.396646 0.593594 0.700228
    outer loop
      vertex -11.6364 25.5364 15.0726707
      vertex -12.1759 25.1759 15.0726707
      vertex -11.4252 25.0266 15.6244707
    endloop
  endfacet
  facet normal -0.51475 0.77034 0.376311
    outer loop
      vertex -11.6364 25.5364 15.0726707
      vertex -12.387 25.387 14.3517707
      vertex -12.1759 25.1759 15.0726707
    endloop
  endfacet
  facet normal 0.382786 0 0.923837
    outer loop
      vertex 11.3902 24 15.9231707
      vertex 12.1111 2 15.6244707
      vertex 12.1111 24 15.6244707
    endloop
  endfacet
  facet normal 0.382786 0 0.923837
    outer loop
      vertex 12.1111 2 15.6244707
      vertex 11.3902 24 15.9231707
      vertex 11.3902 2 15.9231707
    endloop
  endfacet
  facet normal 0 0 1
    outer loop
      vertex 11 24.3902 15.9231707
      vertex 11.3902 24 15.9231707
      vertex 11.3605 24.1493 15.9231707
    endloop
  endfacet
  facet normal 0 0 1
    outer loop
      vertex 11.3902 24 15.9231707
      vertex 11 24.3902 15.9231707
      vertex 11.3902 2 15.9231707
    endloop
  endfacet
  facet normal 0 0 1
    outer loop
      vertex 11 24.3902 15.9231707
      vertex 11.3605 24.1493 15.9231707
      vertex 11.2759 24.2759 15.9231707
    endloop
  endfacet
  facet normal 0 0 1
    outer loop
      vertex 11 1.60982 15.9231707
      vertex 11.3902 2 15.9231707
      vertex 11 24.3902 15.9231707
    endloop
  endfacet
  facet normal 0 0 1
    outer loop
      vertex 11 24.3902 15.9231707
      vertex 11.2759 24.2759 15.9231707
      vertex 11.1493 24.3605 15.9231707
    endloop
  endfacet
  facet normal 0 0 1
    outer loop
      vertex 11.3902 2 15.9231707
      vertex 11 1.60982 15.9231707
      vertex 11.3605 1.85068 15.9231707
    endloop
  endfacet
  facet normal 0 0 1
    outer loop
      vertex 11.3605 1.85068 15.9231707
      vertex 11 1.60982 15.9231707
      vertex 11.2759 1.7241 15.9231707
    endloop
  endfacet
  facet normal 0 0 1
    outer loop
      vertex 11.2759 1.7241 15.9231707
      vertex 11 1.60982 15.9231707
      vertex 11.1493 1.63952 15.9231707
    endloop
  endfacet
  facet normal -0 0 1
    outer loop
      vertex -11 24.3902 15.9231707
      vertex 11 1.60982 15.9231707
      vertex 11 24.3902 15.9231707
    endloop
  endfacet
  facet normal 0 0 1
    outer loop
      vertex -11 24.3902 15.9231707
      vertex -11 1.60982 15.9231707
      vertex 11 1.60982 15.9231707
    endloop
  endfacet
  facet normal 0 0 1
    outer loop
      vertex -11.3902 24 15.9231707
      vertex -11 24.3902 15.9231707
      vertex -11.1493 24.3605 15.9231707
    endloop
  endfacet
  facet normal 0 0 1
    outer loop
      vertex -11 24.3902 15.9231707
      vertex -11.3902 24 15.9231707
      vertex -11 1.60982 15.9231707
    endloop
  endfacet
  facet normal 0 0 1
    outer loop
      vertex -11.3902 24 15.9231707
      vertex -11.1493 24.3605 15.9231707
      vertex -11.2759 24.2759 15.9231707
    endloop
  endfacet
  facet normal -0 0 1
    outer loop
      vertex -11.3902 2 15.9231707
      vertex -11 1.60982 15.9231707
      vertex -11.3902 24 15.9231707
    endloop
  endfacet
  facet normal 0 0 1
    outer loop
      vertex -11.3902 24 15.9231707
      vertex -11.2759 24.2759 15.9231707
      vertex -11.3605 24.1493 15.9231707
    endloop
  endfacet
  facet normal 0 0 1
    outer loop
      vertex -11 1.60982 15.9231707
      vertex -11.3902 2 15.9231707
      vertex -11.1493 1.63952 15.9231707
    endloop
  endfacet
  facet normal 0 0 1
    outer loop
      vertex -11.1493 1.63952 15.9231707
      vertex -11.3902 2 15.9231707
      vertex -11.2759 1.7241 15.9231707
    endloop
  endfacet
  facet normal 0 0 1
    outer loop
      vertex -11.2759 1.7241 15.9231707
      vertex -11.3902 2 15.9231707
      vertex -11.3605 1.85068 15.9231707
    endloop
  endfacet
  facet normal -0.700226 0.139156 -0.700228
    outer loop
      vertex -12.1111 24 0.2986307
      vertex -12.6629 24 0.8504297
      vertex -12.0266 24.4252 0.2986307
    endloop
  endfacet
  facet normal -0.38271 0 -0.923869
    outer loop
      vertex -12.1111 2 0.2986307
      vertex -11.3902 24 0
      vertex -11.3902 2 0
    endloop
  endfacet
  facet normal -0.38271 0 -0.923869
    outer loop
      vertex -11.3902 24 0
      vertex -12.1111 2 0.2986307
      vertex -12.1111 24 0.2986307
    endloop
  endfacet
  facet normal -0.593576 -0.396672 -0.700228
    outer loop
      vertex -11.7857 1.2143 0.2986307
      vertex -12.1759 0.824124 0.8504297
      vertex -12.0266 1.57478 0.2986307
    endloop
  endfacet
  facet normal 0.216124 -0.323497 -0.921217
    outer loop
      vertex 11.4252 0.973439 0.2986307
      vertex 11.1493 1.63952 0
      vertex 11.2759 1.7241 0
    endloop
  endfacet
  facet normal -0.195081 -0.980787 0
    outer loop
      vertex -11.7507 0.187745 1.5713907
      vertex -11 0.0384293 14.3517707
      vertex -11.7507 0.187745 14.3517707
    endloop
  endfacet
  facet normal -0.195081 -0.980787 -0
    outer loop
      vertex -11 0.0384293 14.3517707
      vertex -11.7507 0.187745 1.5713907
      vertex -11 0.0384293 1.5713907
    endloop
  endfacet
  facet normal 0.0759213 -0.381651 0.921183
    outer loop
      vertex 11.1493 1.63952 15.9231707
      vertex 11 1.60982 15.9231707
      vertex 11.4252 0.973439 15.6244707
    endloop
  endfacet
  facet normal 0.216167 -0.32356 0.921184
    outer loop
      vertex 11.2759 1.7241 15.9231707
      vertex 11.1493 1.63952 15.9231707
      vertex 11.4252 0.973439 15.6244707
    endloop
  endfacet
  facet normal -0.0759213 -0.381651 0.921183
    outer loop
      vertex -11.1493 1.63952 15.9231707
      vertex -11.4252 0.973439 15.6244707
      vertex -11 1.60982 15.9231707
    endloop
  endfacet
  facet normal -0.514717 -0.770334 0.376368
    outer loop
      vertex -12.1759 0.824124 15.0726707
      vertex -12.387 0.61296 14.3517707
      vertex -11.6364 0.463644 15.0726707
    endloop
  endfacet
  facet normal -0.139285 -0.700215 0.700213
    outer loop
      vertex -11 0.888859 15.6244707
      vertex -11.4252 0.973439 15.6244707
      vertex -11 0.33706 15.0726707
    endloop
  endfacet
  facet normal 0.514753 -0.770286 0.376415
    outer loop
      vertex 12.387 0.61296 14.3517707
      vertex 11.6364 0.463644 15.0726707
      vertex 11.7507 0.187745 14.3517707
    endloop
  endfacet
  facet normal 0.514717 -0.770334 0.376368
    outer loop
      vertex 12.1759 0.824124 15.0726707
      vertex 11.6364 0.463644 15.0726707
      vertex 12.387 0.61296 14.3517707
    endloop
  endfacet
  facet normal -0.216178 -0.323557 0.921183
    outer loop
      vertex -11.2759 1.7241 15.9231707
      vertex -11.7857 1.2143 15.6244707
      vertex -11.4252 0.973439 15.6244707
    endloop
  endfacet
  facet normal 0.700239 -0.139194 0.700207
    outer loop
      vertex 12.6629 2 15.0726707
      vertex 12.0266 1.57478 15.6244707
      vertex 12.5364 1.36362 15.0726707
    endloop
  endfacet
  facet normal 0.593604 -0.396656 0.700213
    outer loop
      vertex 12.5364 1.36362 15.0726707
      vertex 12.0266 1.57478 15.6244707
      vertex 12.1759 0.824124 15.0726707
    endloop
  endfacet
  facet normal 0 -0.382682 -0.92388
    outer loop
      vertex -11 0.888859 0.2986307
      vertex 11 1.60982 0
      vertex 11 0.888859 0.2986307
    endloop
  endfacet
  facet normal -0 -0.382682 -0.92388
    outer loop
      vertex 11 1.60982 0
      vertex -11 0.888859 0.2986307
      vertex -11 1.60982 0
    endloop
  endfacet
  facet normal 0.0759063 -0.381576 -0.921215
    outer loop
      vertex 11.4252 0.973439 0.2986307
      vertex 11 1.60982 0
      vertex 11.1493 1.63952 0
    endloop
  endfacet
  facet normal 0.593604 -0.396656 -0.700213
    outer loop
      vertex 12.1759 0.824124 0.8504297
      vertex 12.0266 1.57478 0.2986307
      vertex 12.5364 1.36362 0.8504297
    endloop
  endfacet
  facet normal 0.593576 -0.396672 -0.700228
    outer loop
      vertex 12.1759 0.824124 0.8504297
      vertex 11.7857 1.2143 0.2986307
      vertex 12.0266 1.57478 0.2986307
    endloop
  endfacet
  facet normal -0.770349 0.514756 -0.376283
    outer loop
      vertex -12.1759 25.1759 0.8504297
      vertex -12.5364 24.6364 0.8504297
      vertex -12.387 25.387 1.5713907
    endloop
  endfacet
  facet normal -0.593593 0.396646 -0.700228
    outer loop
      vertex -12.0266 24.4252 0.2986307
      vertex -12.5364 24.6364 0.8504297
      vertex -12.1759 25.1759 0.8504297
    endloop
  endfacet
  facet normal -0.396646 0.593593 -0.700228
    outer loop
      vertex -11.4252 25.0266 0.2986307
      vertex -12.1759 25.1759 0.8504297
      vertex -11.6364 25.5364 0.8504297
    endloop
  endfacet
  facet normal -0.514756 0.770349 -0.376283
    outer loop
      vertex -12.1759 25.1759 0.8504297
      vertex -12.387 25.387 1.5713907
      vertex -11.6364 25.5364 0.8504297
    endloop
  endfacet
  facet normal -0.216157 0.323473 -0.921217
    outer loop
      vertex -11.2759 24.2759 0
      vertex -11.7857 24.7857 0.2986307
      vertex -11.4252 25.0266 0.2986307
    endloop
  endfacet
  facet normal -0.323473 0.216157 -0.921217
    outer loop
      vertex -11.2759 24.2759 0
      vertex -12.0266 24.4252 0.2986307
      vertex -11.7857 24.7857 0.2986307
    endloop
  endfacet
  facet normal -0.323537 0.2162 0.921185
    outer loop
      vertex -11.7857 24.7857 15.6244707
      vertex -12.0266 24.4252 15.6244707
      vertex -11.2759 24.2759 15.9231707
    endloop
  endfacet
  facet normal -0.323536 0.216202 0.921184
    outer loop
      vertex -11.2759 24.2759 15.9231707
      vertex -12.0266 24.4252 15.6244707
      vertex -11.3605 24.1493 15.9231707
    endloop
  endfacet
  facet normal -0.381683 0.0758518 0.921176
    outer loop
      vertex -12.0266 24.4252 15.6244707
      vertex -12.1111 24 15.6244707
      vertex -11.3902 24 15.9231707
    endloop
  endfacet
  facet normal -0.700227 -0.13915 -0.700228
    outer loop
      vertex -12.0266 1.57478 0.2986307
      vertex -12.6629 2 0.8504297
      vertex -12.1111 2 0.2986307
    endloop
  endfacet
  facet normal -0.396619 -0.593625 -0.700217
    outer loop
      vertex -11.4252 0.973439 0.2986307
      vertex -12.1759 0.824124 0.8504297
      vertex -11.7857 1.2143 0.2986307
    endloop
  endfacet
  facet normal -0.216136 -0.323494 -0.921215
    outer loop
      vertex -11.4252 0.973439 0.2986307
      vertex -11.7857 1.2143 0.2986307
      vertex -11.2759 1.7241 0
    endloop
  endfacet
  facet normal -0.381571 -0.0758952 -0.921218
    outer loop
      vertex -11.3605 1.85068 0
      vertex -12.0266 1.57478 0.2986307
      vertex -11.3902 2 0
    endloop
  endfacet
  facet normal -0.323461 -0.216186 -0.921215
    outer loop
      vertex -11.2759 1.7241 0
      vertex -12.0266 1.57478 0.2986307
      vertex -11.3605 1.85068 0
    endloop
  endfacet
  facet normal 0.381608 0.0758369 -0.921208
    outer loop
      vertex 12.1111 24 0.2986307
      vertex 11.3902 24 0
      vertex 12.0266 24.4252 0.2986307
    endloop
  endfacet
  facet normal -0.0759063 -0.381576 -0.921215
    outer loop
      vertex -11 1.60982 0
      vertex -11.4252 0.973439 0.2986307
      vertex -11.1493 1.63952 0
    endloop
  endfacet
  facet normal -0.216124 -0.323497 -0.921217
    outer loop
      vertex -11.1493 1.63952 0
      vertex -11.4252 0.973439 0.2986307
      vertex -11.2759 1.7241 0
    endloop
  endfacet
  facet normal -0.216202 0.323536 0.921184
    outer loop
      vertex -11.1493 24.3605 15.9231707
      vertex -11.4252 25.0266 15.6244707
      vertex -11.2759 24.2759 15.9231707
    endloop
  endfacet
  facet normal 0 0 -1
    outer loop
      vertex 11 1.60982 0
      vertex 11.3902 2 0
      vertex 11.3605 1.85068 0
    endloop
  endfacet
  facet normal -0 0 -1
    outer loop
      vertex 11.3902 2 0
      vertex 11 1.60982 0
      vertex 11.3902 24 0
    endloop
  endfacet
  facet normal 0 0 -1
    outer loop
      vertex 11 1.60982 0
      vertex 11.3605 1.85068 0
      vertex 11.2759 1.7241 0
    endloop
  endfacet
  facet normal 0 0 -1
    outer loop
      vertex 11 24.3902 0
      vertex 11.3902 24 0
      vertex 11 1.60982 0
    endloop
  endfacet
  facet normal 0 0 -1
    outer loop
      vertex 11 1.60982 0
      vertex 11.2759 1.7241 0
      vertex 11.1493 1.63952 0
    endloop
  endfacet
  facet normal 0 0 -1
    outer loop
      vertex 11.3902 24 0
      vertex 11 24.3902 0
      vertex 11.3605 24.1493 0
    endloop
  endfacet
  facet normal 0 0 -1
    outer loop
      vertex 11.3605 24.1493 0
      vertex 11 24.3902 0
      vertex 11.2759 24.2759 0
    endloop
  endfacet
  facet normal 0 0 -1
    outer loop
      vertex 11.2759 24.2759 0
      vertex 11 24.3902 0
      vertex 11.1493 24.3605 0
    endloop
  endfacet
  facet normal 0 0 -1
    outer loop
      vertex -11 1.60982 0
      vertex 11 24.3902 0
      vertex 11 1.60982 0
    endloop
  endfacet
  facet normal 0 0 -1
    outer loop
      vertex -11 1.60982 0
      vertex -11 24.3902 0
      vertex 11 24.3902 0
    endloop
  endfacet
  facet normal 0 0 -1
    outer loop
      vertex -11.3902 2 0
      vertex -11 1.60982 0
      vertex -11.1493 1.63952 0
    endloop
  endfacet
  facet normal 0 0 -1
    outer loop
      vertex -11 1.60982 0
      vertex -11.3902 2 0
      vertex -11 24.3902 0
    endloop
  endfacet
  facet normal 0 0 -1
    outer loop
      vertex -11.3902 2 0
      vertex -11.1493 1.63952 0
      vertex -11.2759 1.7241 0
    endloop
  endfacet
  facet normal 0 0 -1
    outer loop
      vertex -11.3902 24 0
      vertex -11 24.3902 0
      vertex -11.3902 2 0
    endloop
  endfacet
  facet normal 0 0 -1
    outer loop
      vertex -11.3902 2 0
      vertex -11.2759 1.7241 0
      vertex -11.3605 1.85068 0
    endloop
  endfacet
  facet normal 0 0 -1
    outer loop
      vertex -11 24.3902 0
      vertex -11.3902 24 0
      vertex -11.1493 24.3605 0
    endloop
  endfacet
  facet normal 0 0 -1
    outer loop
      vertex -11.1493 24.3605 0
      vertex -11.3902 24 0
      vertex -11.2759 24.2759 0
    endloop
  endfacet
  facet normal 0 0 -1
    outer loop
      vertex -11.2759 24.2759 0
      vertex -11.3902 24 0
      vertex -11.3605 24.1493 0
    endloop
  endfacet
  facet normal -0.0758518 0.381683 0.921176
    outer loop
      vertex -11 25.1111 15.6244707
      vertex -11.4252 25.0266 15.6244707
      vertex -11 24.3902 15.9231707
    endloop
  endfacet
  facet normal -0.0759196 0.381643 0.921187
    outer loop
      vertex -11 24.3902 15.9231707
      vertex -11.4252 25.0266 15.6244707
      vertex -11.1493 24.3605 15.9231707
    endloop
  endfacet
endsolid OpenSCAD_Model
