solid OpenSCAD_Model
  facet normal -0.37638 -0.180735 -0.908665
    outer loop
      vertex 1.60982 -32.7507 0.1493158
      vertex 0.888859 -32 0.2986308
      vertex 1.60982 -32 0
    endloop
  endfacet
  facet normal -0.382682 0 -0.92388
    outer loop
      vertex 0.888859 -32 0.2986308
      vertex 1.60982 -26 0
      vertex 1.60982 -32 0
    endloop
  endfacet
  facet normal -0.382682 0 -0.92388
    outer loop
      vertex 1.60982 -26 0
      vertex 0.888859 -32 0.2986308
      vertex 0.888859 -26 0.2986308
    endloop
  endfacet
  facet normal -0.700228 -0.700227 -0.139153
    outer loop
      vertex 0.33706 -33.0266 1.5363598
      vertex 0.888859 -33.6629 1.9615698
      vertex 0.33706 -33.1111 1.9615698
    endloop
  endfacet
  facet normal -0.376383 -0.180739 -0.908663
    outer loop
      vertex 1.60982 -32.7507 0.1493158
      vertex 0.888859 -32.6364 0.4252148
      vertex 0.888859 -32 0.2986308
    endloop
  endfacet
  facet normal -0.376283 0.514756 0.770349
    outer loop
      vertex 0.888859 -24.8241 49.1374698
      vertex 0.888859 -25.3636 49.4979698
      vertex 1.60982 -24.613 49.3485698
    endloop
  endfacet
  facet normal 0 -0.555695 0.831386
    outer loop
      vertex 1.60982 -32.7507 49.7738698
      vertex 186.39 -33.387 49.3485698
      vertex 186.39 -32.7507 49.7738698
    endloop
  endfacet
  facet normal 0 -0.555695 0.831386
    outer loop
      vertex 186.39 -33.387 49.3485698
      vertex 1.60982 -32.7507 49.7738698
      vertex 1.60982 -33.387 49.3485698
    endloop
  endfacet
  facet normal 0 0.980834 0.194845
    outer loop
      vertex 186.39 -24.1877 48.7122698
      vertex 7.54917 -24.1317 48.4303698
      vertex 7.34194 -24.1877 48.7122698
    endloop
  endfacet
  facet normal -5.45333e-07 0.980768 0.195177
    outer loop
      vertex 186.39 -24.1877 48.7122698
      vertex 7.58912 -24.1117 48.3298698
      vertex 7.54917 -24.1317 48.4303698
    endloop
  endfacet
  facet normal -3.7109e-07 0.980784 0.195099
    outer loop
      vertex 186.39 -24.1877 48.7122698
      vertex 7.66294 -24.0748 48.1443698
      vertex 7.58912 -24.1117 48.3298698
    endloop
  endfacet
  facet normal -0 0.980791 0.195061
    outer loop
      vertex 7.69306 -24.0384 47.9615698
      vertex 186.39 -24.1877 48.7122698
      vertex 186.39 -24.0384 47.9615698
    endloop
  endfacet
  facet normal -1.0033e-06 0.980745 0.195291
    outer loop
      vertex 186.39 -24.1877 48.7122698
      vertex 7.69306 -24.0384 47.9615698
      vertex 7.66294 -24.0748 48.1443698
    endloop
  endfacet
  facet normal -0.376456 0.180711 0.908639
    outer loop
      vertex 0.888859 -26 49.6244698
      vertex 1.60982 -26 49.9231698
      vertex 1.60982 -25.2493 49.7738698
    endloop
  endfacet
  facet normal -0 0.195061 0.980791
    outer loop
      vertex 1.60982 -25.2493 49.7738698
      vertex 186.39 -26 49.9231698
      vertex 186.39 -25.2493 49.7738698
    endloop
  endfacet
  facet normal 0 0.195061 0.980791
    outer loop
      vertex 186.39 -26 49.9231698
      vertex 1.60982 -25.2493 49.7738698
      vertex 1.60982 -26 49.9231698
    endloop
  endfacet
  facet normal -0.376456 -0.908637 -0.18072
    outer loop
      vertex 1.60982 -33.8123 1.2109098
      vertex 1.60982 -33.9616 1.9615698
      vertex 0.888859 -33.6629 1.9615698
    endloop
  endfacet
  facet normal -0.382758 -0.923849 0
    outer loop
      vertex 0.888859 -33.6629 1.9615698
      vertex 1.60982 -33.9616 47.9615698
      vertex 0.888859 -33.6629 47.9615698
    endloop
  endfacet
  facet normal -0.382758 -0.923849 -0
    outer loop
      vertex 1.60982 -33.9616 47.9615698
      vertex 0.888859 -33.6629 1.9615698
      vertex 1.60982 -33.9616 1.9615698
    endloop
  endfacet
  facet normal -0.921217 0.216157 0.323473
    outer loop
      vertex 0.0384293 -25.7241 48.2374698
      vertex 0.33706 -25.5748 48.9881698
      vertex 0.33706 -25.2143 48.7472698
    endloop
  endfacet
  facet normal 0 -1 0
    outer loop
      vertex 169.847 -33.9616 29.4822698
      vertex 186.39 -33.9616 47.9615698
      vertex 169.81 -33.9616 29.4869698
    endloop
  endfacet
  facet normal 0 -1 0
    outer loop
      vertex 186.39 -33.9616 47.9615698
      vertex 176.19 -33.9616 29.4869698
      vertex 176.4 -33.9616 29.5146698
    endloop
  endfacet
  facet normal 0 -1 0
    outer loop
      vertex 176.153 -33.9616 29.4822698
      vertex 186.39 -33.9616 47.9615698
      vertex 169.847 -33.9616 29.4822698
    endloop
  endfacet
  facet normal 0 -1 0
    outer loop
      vertex 186.39 -33.9616 47.9615698
      vertex 176.153 -33.9616 29.4822698
      vertex 176.19 -33.9616 29.4869698
    endloop
  endfacet
  facet normal 0 -1 0
    outer loop
      vertex 170.043 -33.9616 29.4010698
      vertex 176.153 -33.9616 29.4822698
      vertex 169.847 -33.9616 29.4822698
    endloop
  endfacet
  facet normal 0 -1 0
    outer loop
      vertex 170.043 -33.9616 29.4010698
      vertex 175.957 -33.9616 29.4010698
      vertex 176.153 -33.9616 29.4822698
    endloop
  endfacet
  facet normal 0 -1 0
    outer loop
      vertex 170.077 -33.9616 29.3869698
      vertex 175.957 -33.9616 29.4010698
      vertex 170.043 -33.9616 29.4010698
    endloop
  endfacet
  facet normal 0 -1 0
    outer loop
      vertex 170.077 -33.9616 29.3869698
      vertex 175.923 -33.9616 29.3869698
      vertex 175.957 -33.9616 29.4010698
    endloop
  endfacet
  facet normal 0 -1 0
    outer loop
      vertex 170.245 -33.9616 29.2579698
      vertex 175.923 -33.9616 29.3869698
      vertex 170.077 -33.9616 29.3869698
    endloop
  endfacet
  facet normal 0 -1 0
    outer loop
      vertex 170.245 -33.9616 29.2579698
      vertex 175.755 -33.9616 29.2579698
      vertex 175.923 -33.9616 29.3869698
    endloop
  endfacet
  facet normal 0 -1 0
    outer loop
      vertex 170.274 -33.9616 29.2355698
      vertex 175.755 -33.9616 29.2579698
      vertex 170.245 -33.9616 29.2579698
    endloop
  endfacet
  facet normal 0 -1 0
    outer loop
      vertex 170.274 -33.9616 29.2355698
      vertex 175.726 -33.9616 29.2355698
      vertex 175.755 -33.9616 29.2579698
    endloop
  endfacet
  facet normal 0 -1 0
    outer loop
      vertex 170.403 -33.9616 29.0673698
      vertex 175.726 -33.9616 29.2355698
      vertex 170.274 -33.9616 29.2355698
    endloop
  endfacet
  facet normal 0 -1 0
    outer loop
      vertex 170.403 -33.9616 29.0673698
      vertex 175.597 -33.9616 29.0673698
      vertex 175.726 -33.9616 29.2355698
    endloop
  endfacet
  facet normal 0 -1 0
    outer loop
      vertex 170.425 -33.9616 29.0381698
      vertex 175.597 -33.9616 29.0673698
      vertex 170.403 -33.9616 29.0673698
    endloop
  endfacet
  facet normal 0 -1 0
    outer loop
      vertex 170.425 -33.9616 29.0381698
      vertex 175.575 -33.9616 29.0381698
      vertex 175.597 -33.9616 29.0673698
    endloop
  endfacet
  facet normal 0 -1 0
    outer loop
      vertex 170.439 -33.9616 29.0042698
      vertex 175.575 -33.9616 29.0381698
      vertex 170.425 -33.9616 29.0381698
    endloop
  endfacet
  facet normal 0 -1 0
    outer loop
      vertex 170.439 -33.9616 29.0042698
      vertex 175.561 -33.9616 29.0042698
      vertex 175.575 -33.9616 29.0381698
    endloop
  endfacet
  facet normal 0 -1 0
    outer loop
      vertex 170.521 -33.9616 28.8083698
      vertex 175.561 -33.9616 29.0042698
      vertex 170.439 -33.9616 29.0042698
    endloop
  endfacet
  facet normal 0 -1 0
    outer loop
      vertex 170.521 -33.9616 28.8083698
      vertex 175.479 -33.9616 28.8083698
      vertex 175.561 -33.9616 29.0042698
    endloop
  endfacet
  facet normal 0 -1 0
    outer loop
      vertex 170.525 -33.9616 28.7719698
      vertex 175.479 -33.9616 28.8083698
      vertex 170.521 -33.9616 28.8083698
    endloop
  endfacet
  facet normal 0 -1 0
    outer loop
      vertex 170.525 -33.9616 28.7719698
      vertex 175.475 -33.9616 28.7719698
      vertex 175.479 -33.9616 28.8083698
    endloop
  endfacet
  facet normal 0 -1 0
    outer loop
      vertex 170.553 -33.9616 28.5616698
      vertex 175.475 -33.9616 28.7719698
      vertex 170.525 -33.9616 28.7719698
    endloop
  endfacet
  facet normal 0 -1 0
    outer loop
      vertex 170.553 -33.9616 28.5616698
      vertex 175.447 -33.9616 28.5616698
      vertex 175.475 -33.9616 28.7719698
    endloop
  endfacet
  facet normal 0 -1 0
    outer loop
      vertex 170.553 -33.9616 21.3614698
      vertex 175.447 -33.9616 28.5616698
      vertex 170.553 -33.9616 28.5616698
    endloop
  endfacet
  facet normal 0 -1 0
    outer loop
      vertex 170.553 -33.9616 21.3614698
      vertex 175.447 -33.9616 21.3614698
      vertex 175.447 -33.9616 28.5616698
    endloop
  endfacet
  facet normal 0 -1 0
    outer loop
      vertex 170.525 -33.9616 21.1511698
      vertex 175.447 -33.9616 21.3614698
      vertex 170.553 -33.9616 21.3614698
    endloop
  endfacet
  facet normal 0 -1 0
    outer loop
      vertex 170.525 -33.9616 21.1511698
      vertex 175.475 -33.9616 21.1511698
      vertex 175.447 -33.9616 21.3614698
    endloop
  endfacet
  facet normal 0 -1 0
    outer loop
      vertex 170.521 -33.9616 21.1147698
      vertex 175.475 -33.9616 21.1511698
      vertex 170.525 -33.9616 21.1511698
    endloop
  endfacet
  facet normal 0 -1 0
    outer loop
      vertex 170.521 -33.9616 21.1147698
      vertex 175.479 -33.9616 21.1147698
      vertex 175.475 -33.9616 21.1511698
    endloop
  endfacet
  facet normal 0 -1 0
    outer loop
      vertex 170.439 -33.9616 20.9188698
      vertex 175.479 -33.9616 21.1147698
      vertex 170.521 -33.9616 21.1147698
    endloop
  endfacet
  facet normal 0 -1 0
    outer loop
      vertex 170.439 -33.9616 20.9188698
      vertex 175.561 -33.9616 20.9188698
      vertex 175.479 -33.9616 21.1147698
    endloop
  endfacet
  facet normal 0 -1 0
    outer loop
      vertex 170.425 -33.9616 20.8849698
      vertex 175.561 -33.9616 20.9188698
      vertex 170.439 -33.9616 20.9188698
    endloop
  endfacet
  facet normal 0 -1 0
    outer loop
      vertex 170.425 -33.9616 20.8849698
      vertex 175.575 -33.9616 20.8849698
      vertex 175.561 -33.9616 20.9188698
    endloop
  endfacet
  facet normal 0 -1 0
    outer loop
      vertex 170.403 -33.9616 20.8557698
      vertex 175.575 -33.9616 20.8849698
      vertex 170.425 -33.9616 20.8849698
    endloop
  endfacet
  facet normal 0 -1 0
    outer loop
      vertex 170.403 -33.9616 20.8557698
      vertex 175.597 -33.9616 20.8557698
      vertex 175.575 -33.9616 20.8849698
    endloop
  endfacet
  facet normal 0 -1 0
    outer loop
      vertex 170.274 -33.9616 20.6875698
      vertex 175.597 -33.9616 20.8557698
      vertex 170.403 -33.9616 20.8557698
    endloop
  endfacet
  facet normal 0 -1 0
    outer loop
      vertex 170.274 -33.9616 20.6875698
      vertex 175.726 -33.9616 20.6875698
      vertex 175.597 -33.9616 20.8557698
    endloop
  endfacet
  facet normal 0 -1 0
    outer loop
      vertex 170.245 -33.9616 20.6651698
      vertex 175.726 -33.9616 20.6875698
      vertex 170.274 -33.9616 20.6875698
    endloop
  endfacet
  facet normal 0 -1 0
    outer loop
      vertex 170.245 -33.9616 20.6651698
      vertex 175.755 -33.9616 20.6651698
      vertex 175.726 -33.9616 20.6875698
    endloop
  endfacet
  facet normal 0 -1 0
    outer loop
      vertex 170.077 -33.9616 20.5361698
      vertex 175.755 -33.9616 20.6651698
      vertex 170.245 -33.9616 20.6651698
    endloop
  endfacet
  facet normal 0 -1 0
    outer loop
      vertex 170.077 -33.9616 20.5361698
      vertex 175.923 -33.9616 20.5361698
      vertex 175.755 -33.9616 20.6651698
    endloop
  endfacet
  facet normal 0 -1 0
    outer loop
      vertex 170.043 -33.9616 20.5220698
      vertex 175.923 -33.9616 20.5361698
      vertex 170.077 -33.9616 20.5361698
    endloop
  endfacet
  facet normal 0 -1 0
    outer loop
      vertex 170.043 -33.9616 20.5220698
      vertex 175.957 -33.9616 20.5220698
      vertex 175.923 -33.9616 20.5361698
    endloop
  endfacet
  facet normal 0 -1 0
    outer loop
      vertex 169.847 -33.9616 20.4408698
      vertex 175.957 -33.9616 20.5220698
      vertex 170.043 -33.9616 20.5220698
    endloop
  endfacet
  facet normal 0 -1 0
    outer loop
      vertex 169.847 -33.9616 20.4408698
      vertex 176.153 -33.9616 20.4408698
      vertex 175.957 -33.9616 20.5220698
    endloop
  endfacet
  facet normal 0 -1 0
    outer loop
      vertex 186.39 -33.9616 1.9615698
      vertex 169.847 -33.9616 20.4408698
      vertex 169.81 -33.9616 20.4361698
    endloop
  endfacet
  facet normal 0 -1 0
    outer loop
      vertex 169.847 -33.9616 20.4408698
      vertex 186.39 -33.9616 1.9615698
      vertex 176.153 -33.9616 20.4408698
    endloop
  endfacet
  facet normal 0 -1 0
    outer loop
      vertex 186.39 -33.9616 1.9615698
      vertex 169.81 -33.9616 20.4361698
      vertex 169.6 -33.9616 20.4084698
    endloop
  endfacet
  facet normal 0 -1 0
    outer loop
      vertex 176.153 -33.9616 20.4408698
      vertex 186.39 -33.9616 1.9615698
      vertex 176.19 -33.9616 20.4361698
    endloop
  endfacet
  facet normal 0 -1 0
    outer loop
      vertex 161.923 -33.9616 29.3869698
      vertex 186.39 -33.9616 47.9615698
      vertex 1.60982 -33.9616 47.9615698
    endloop
  endfacet
  facet normal 0 -1 0
    outer loop
      vertex 186.39 -33.9616 47.9615698
      vertex 162.19 -33.9616 29.4869698
      vertex 162.4 -33.9616 29.5146698
    endloop
  endfacet
  facet normal 0 -1 0
    outer loop
      vertex 186.39 -33.9616 47.9615698
      vertex 162.153 -33.9616 29.4822698
      vertex 162.19 -33.9616 29.4869698
    endloop
  endfacet
  facet normal 0 -1 0
    outer loop
      vertex 186.39 -33.9616 47.9615698
      vertex 161.957 -33.9616 29.4010698
      vertex 162.153 -33.9616 29.4822698
    endloop
  endfacet
  facet normal 0 -1 0
    outer loop
      vertex 186.39 -33.9616 47.9615698
      vertex 161.923 -33.9616 29.3869698
      vertex 161.957 -33.9616 29.4010698
    endloop
  endfacet
  facet normal 0 -1 0
    outer loop
      vertex 1.60982 -33.9616 47.9615698
      vertex 161.755 -33.9616 29.2579698
      vertex 161.923 -33.9616 29.3869698
    endloop
  endfacet
  facet normal 0 -1 0
    outer loop
      vertex 1.60982 -33.9616 47.9615698
      vertex 161.726 -33.9616 29.2355698
      vertex 161.755 -33.9616 29.2579698
    endloop
  endfacet
  facet normal 0 -1 0
    outer loop
      vertex 1.60982 -33.9616 47.9615698
      vertex 161.597 -33.9616 29.0673698
      vertex 161.726 -33.9616 29.2355698
    endloop
  endfacet
  facet normal 0 -1 0
    outer loop
      vertex 1.60982 -33.9616 47.9615698
      vertex 161.575 -33.9616 29.0381698
      vertex 161.597 -33.9616 29.0673698
    endloop
  endfacet
  facet normal 0 -1 0
    outer loop
      vertex 1.60982 -33.9616 47.9615698
      vertex 161.561 -33.9616 29.0042698
      vertex 161.575 -33.9616 29.0381698
    endloop
  endfacet
  facet normal 0 -1 0
    outer loop
      vertex 1.60982 -33.9616 47.9615698
      vertex 161.479 -33.9616 28.8083698
      vertex 161.561 -33.9616 29.0042698
    endloop
  endfacet
  facet normal 0 -1 0
    outer loop
      vertex 1.60982 -33.9616 47.9615698
      vertex 161.475 -33.9616 28.7719698
      vertex 161.479 -33.9616 28.8083698
    endloop
  endfacet
  facet normal 0 -1 0
    outer loop
      vertex 1.60982 -33.9616 47.9615698
      vertex 161.447 -33.9616 28.5616698
      vertex 161.475 -33.9616 28.7719698
    endloop
  endfacet
  facet normal 0 -1 0
    outer loop
      vertex 1.60982 -33.9616 47.9615698
      vertex 161.447 -33.9616 21.3614698
      vertex 161.447 -33.9616 28.5616698
    endloop
  endfacet
  facet normal 0 -1 0
    outer loop
      vertex 1.60982 -33.9616 1.9615698
      vertex 161.447 -33.9616 21.3614698
      vertex 1.60982 -33.9616 47.9615698
    endloop
  endfacet
  facet normal 0 -1 -0
    outer loop
      vertex 161.447 -33.9616 21.3614698
      vertex 1.60982 -33.9616 1.9615698
      vertex 161.475 -33.9616 21.1511698
    endloop
  endfacet
  facet normal 0 -1 -0
    outer loop
      vertex 161.475 -33.9616 21.1511698
      vertex 1.60982 -33.9616 1.9615698
      vertex 161.479 -33.9616 21.1147698
    endloop
  endfacet
  facet normal 0 -1 -0
    outer loop
      vertex 161.479 -33.9616 21.1147698
      vertex 1.60982 -33.9616 1.9615698
      vertex 161.561 -33.9616 20.9188698
    endloop
  endfacet
  facet normal 0 -1 -0
    outer loop
      vertex 161.561 -33.9616 20.9188698
      vertex 1.60982 -33.9616 1.9615698
      vertex 161.575 -33.9616 20.8849698
    endloop
  endfacet
  facet normal 0 -1 -0
    outer loop
      vertex 161.575 -33.9616 20.8849698
      vertex 1.60982 -33.9616 1.9615698
      vertex 161.597 -33.9616 20.8557698
    endloop
  endfacet
  facet normal 0 -1 -0
    outer loop
      vertex 161.597 -33.9616 20.8557698
      vertex 1.60982 -33.9616 1.9615698
      vertex 161.726 -33.9616 20.6875698
    endloop
  endfacet
  facet normal 0 -1 -0
    outer loop
      vertex 161.726 -33.9616 20.6875698
      vertex 1.60982 -33.9616 1.9615698
      vertex 161.755 -33.9616 20.6651698
    endloop
  endfacet
  facet normal 0 -1 -0
    outer loop
      vertex 161.755 -33.9616 20.6651698
      vertex 1.60982 -33.9616 1.9615698
      vertex 161.923 -33.9616 20.5361698
    endloop
  endfacet
  facet normal 0 -1 0
    outer loop
      vertex 186.39 -33.9616 1.9615698
      vertex 161.923 -33.9616 20.5361698
      vertex 1.60982 -33.9616 1.9615698
    endloop
  endfacet
  facet normal 0 -1 0
    outer loop
      vertex 186.39 -33.9616 1.9615698
      vertex 169.6 -33.9616 20.4084698
      vertex 162.4 -33.9616 20.4084698
    endloop
  endfacet
  facet normal 0 -1 0
    outer loop
      vertex 176.19 -33.9616 20.4361698
      vertex 186.39 -33.9616 1.9615698
      vertex 176.4 -33.9616 20.4084698
    endloop
  endfacet
  facet normal 0 -1 0
    outer loop
      vertex 162.19 -33.9616 20.4361698
      vertex 186.39 -33.9616 1.9615698
      vertex 162.4 -33.9616 20.4084698
    endloop
  endfacet
  facet normal 0 -1 0
    outer loop
      vertex 162.153 -33.9616 20.4408698
      vertex 186.39 -33.9616 1.9615698
      vertex 162.19 -33.9616 20.4361698
    endloop
  endfacet
  facet normal 0 -1 0
    outer loop
      vertex 161.957 -33.9616 20.5220698
      vertex 186.39 -33.9616 1.9615698
      vertex 162.153 -33.9616 20.4408698
    endloop
  endfacet
  facet normal 0 -1 0
    outer loop
      vertex 161.923 -33.9616 20.5361698
      vertex 186.39 -33.9616 1.9615698
      vertex 161.957 -33.9616 20.5220698
    endloop
  endfacet
  facet normal 0 -1 0
    outer loop
      vertex 169.6 -33.9616 29.5146698
      vertex 186.39 -33.9616 47.9615698
      vertex 162.4 -33.9616 29.5146698
    endloop
  endfacet
  facet normal 0 -1 0
    outer loop
      vertex 169.81 -33.9616 29.4869698
      vertex 186.39 -33.9616 47.9615698
      vertex 169.6 -33.9616 29.5146698
    endloop
  endfacet
  facet normal 0 -1 0
    outer loop
      vertex 183.6 -33.9616 29.5146698
      vertex 186.39 -33.9616 47.9615698
      vertex 176.4 -33.9616 29.5146698
    endloop
  endfacet
  facet normal 0 -1 0
    outer loop
      vertex 183.81 -33.9616 29.4869698
      vertex 186.39 -33.9616 47.9615698
      vertex 183.6 -33.9616 29.5146698
    endloop
  endfacet
  facet normal 0 -1 0
    outer loop
      vertex 183.847 -33.9616 29.4822698
      vertex 186.39 -33.9616 47.9615698
      vertex 183.81 -33.9616 29.4869698
    endloop
  endfacet
  facet normal 0 -1 0
    outer loop
      vertex 184.043 -33.9616 29.4010698
      vertex 186.39 -33.9616 47.9615698
      vertex 183.847 -33.9616 29.4822698
    endloop
  endfacet
  facet normal 0 -1 0
    outer loop
      vertex 184.077 -33.9616 29.3869698
      vertex 186.39 -33.9616 47.9615698
      vertex 184.043 -33.9616 29.4010698
    endloop
  endfacet
  facet normal 0 -1 0
    outer loop
      vertex 184.245 -33.9616 29.2579698
      vertex 186.39 -33.9616 47.9615698
      vertex 184.077 -33.9616 29.3869698
    endloop
  endfacet
  facet normal 0 -1 0
    outer loop
      vertex 184.274 -33.9616 29.2355698
      vertex 186.39 -33.9616 47.9615698
      vertex 184.245 -33.9616 29.2579698
    endloop
  endfacet
  facet normal 0 -1 0
    outer loop
      vertex 184.403 -33.9616 29.0673698
      vertex 186.39 -33.9616 47.9615698
      vertex 184.274 -33.9616 29.2355698
    endloop
  endfacet
  facet normal 0 -1 0
    outer loop
      vertex 184.425 -33.9616 29.0381698
      vertex 186.39 -33.9616 47.9615698
      vertex 184.403 -33.9616 29.0673698
    endloop
  endfacet
  facet normal 0 -1 0
    outer loop
      vertex 184.439 -33.9616 29.0042698
      vertex 186.39 -33.9616 47.9615698
      vertex 184.425 -33.9616 29.0381698
    endloop
  endfacet
  facet normal 0 -1 0
    outer loop
      vertex 184.521 -33.9616 28.8083698
      vertex 186.39 -33.9616 47.9615698
      vertex 184.439 -33.9616 29.0042698
    endloop
  endfacet
  facet normal 0 -1 0
    outer loop
      vertex 184.525 -33.9616 28.7719698
      vertex 186.39 -33.9616 47.9615698
      vertex 184.521 -33.9616 28.8083698
    endloop
  endfacet
  facet normal 0 -1 0
    outer loop
      vertex 184.553 -33.9616 28.5616698
      vertex 186.39 -33.9616 47.9615698
      vertex 184.525 -33.9616 28.7719698
    endloop
  endfacet
  facet normal 0 -1 0
    outer loop
      vertex 184.553 -33.9616 21.3614698
      vertex 186.39 -33.9616 47.9615698
      vertex 184.553 -33.9616 28.5616698
    endloop
  endfacet
  facet normal 0 -1 0
    outer loop
      vertex 184.553 -33.9616 21.3614698
      vertex 186.39 -33.9616 1.9615698
      vertex 186.39 -33.9616 47.9615698
    endloop
  endfacet
  facet normal 0 -1 0
    outer loop
      vertex 184.525 -33.9616 21.1511698
      vertex 186.39 -33.9616 1.9615698
      vertex 184.553 -33.9616 21.3614698
    endloop
  endfacet
  facet normal 0 -1 0
    outer loop
      vertex 184.521 -33.9616 21.1147698
      vertex 186.39 -33.9616 1.9615698
      vertex 184.525 -33.9616 21.1511698
    endloop
  endfacet
  facet normal 0 -1 0
    outer loop
      vertex 184.439 -33.9616 20.9188698
      vertex 186.39 -33.9616 1.9615698
      vertex 184.521 -33.9616 21.1147698
    endloop
  endfacet
  facet normal 0 -1 0
    outer loop
      vertex 184.425 -33.9616 20.8849698
      vertex 186.39 -33.9616 1.9615698
      vertex 184.439 -33.9616 20.9188698
    endloop
  endfacet
  facet normal 0 -1 0
    outer loop
      vertex 184.403 -33.9616 20.8557698
      vertex 186.39 -33.9616 1.9615698
      vertex 184.425 -33.9616 20.8849698
    endloop
  endfacet
  facet normal 0 -1 0
    outer loop
      vertex 184.274 -33.9616 20.6875698
      vertex 186.39 -33.9616 1.9615698
      vertex 184.403 -33.9616 20.8557698
    endloop
  endfacet
  facet normal 0 -1 0
    outer loop
      vertex 184.245 -33.9616 20.6651698
      vertex 186.39 -33.9616 1.9615698
      vertex 184.274 -33.9616 20.6875698
    endloop
  endfacet
  facet normal 0 -1 0
    outer loop
      vertex 184.077 -33.9616 20.5361698
      vertex 186.39 -33.9616 1.9615698
      vertex 184.245 -33.9616 20.6651698
    endloop
  endfacet
  facet normal 0 -1 0
    outer loop
      vertex 184.043 -33.9616 20.5220698
      vertex 186.39 -33.9616 1.9615698
      vertex 184.077 -33.9616 20.5361698
    endloop
  endfacet
  facet normal 0 -1 0
    outer loop
      vertex 183.847 -33.9616 20.4408698
      vertex 186.39 -33.9616 1.9615698
      vertex 184.043 -33.9616 20.5220698
    endloop
  endfacet
  facet normal 0 -1 0
    outer loop
      vertex 183.81 -33.9616 20.4361698
      vertex 186.39 -33.9616 1.9615698
      vertex 183.847 -33.9616 20.4408698
    endloop
  endfacet
  facet normal 0 -1 0
    outer loop
      vertex 183.6 -33.9616 20.4084698
      vertex 186.39 -33.9616 1.9615698
      vertex 183.81 -33.9616 20.4361698
    endloop
  endfacet
  facet normal 0 -1 0
    outer loop
      vertex 176.4 -33.9616 20.4084698
      vertex 186.39 -33.9616 1.9615698
      vertex 183.6 -33.9616 20.4084698
    endloop
  endfacet
  facet normal 0 0.195081 -0.980787
    outer loop
      vertex 1.60982 -26 0
      vertex 186.39 -25.2493 0.1493158
      vertex 186.39 -26 0
    endloop
  endfacet
  facet normal 0 0.195081 -0.980787
    outer loop
      vertex 186.39 -25.2493 0.1493158
      vertex 1.60982 -26 0
      vertex 1.60982 -25.2493 0.1493158
    endloop
  endfacet
  facet normal 0.921043 0.323806 -0.216399
    outer loop
      vertex 187.663 -24.9734 1.5363598
      vertex 187.962 -25.6395 1.8122598
      vertex 187.962 -25.7241 1.6856698
    endloop
  endfacet
  facet normal -0.921217 -0.323473 0.216157
    outer loop
      vertex 0.33706 -33.0266 48.3867698
      vertex 0.33706 -32.7857 48.7472698
      vertex 0.0384293 -32.2759 48.2374698
    endloop
  endfacet
  facet normal -0.921208 -0.381608 0.0758369
    outer loop
      vertex 0.33706 -33.1111 47.9615698
      vertex 0.33706 -33.0266 48.3867698
      vertex 0.0384293 -32.3902 47.9615698
    endloop
  endfacet
  facet normal 0 -0.831418 -0.555647
    outer loop
      vertex 1.60982 -33.387 0.5745308
      vertex 186.39 -33.8123 1.2109098
      vertex 1.60982 -33.8123 1.2109098
    endloop
  endfacet
  facet normal 0 -0.831418 -0.555647
    outer loop
      vertex 186.39 -33.8123 1.2109098
      vertex 1.60982 -33.387 0.5745308
      vertex 186.39 -33.387 0.5745308
    endloop
  endfacet
  facet normal 0 -0.555618 -0.831438
    outer loop
      vertex 1.60982 -33.387 0.5745308
      vertex 186.39 -32.7507 0.1493158
      vertex 186.39 -33.387 0.5745308
    endloop
  endfacet
  facet normal -0 -0.555618 -0.831438
    outer loop
      vertex 186.39 -32.7507 0.1493158
      vertex 1.60982 -33.387 0.5745308
      vertex 1.60982 -32.7507 0.1493158
    endloop
  endfacet
  facet normal -0.376388 -0.514759 -0.770296
    outer loop
      vertex 1.60982 -32.7507 0.1493158
      vertex 1.60982 -33.387 0.5745308
      vertex 0.888859 -32.6364 0.4252148
    endloop
  endfacet
  facet normal -0.376376 -0.180624 0.908689
    outer loop
      vertex 0.888859 -32.6364 49.4979698
      vertex 1.60982 -32.7507 49.7738698
      vertex 0.888859 -32 49.6244698
    endloop
  endfacet
  facet normal 0.376355 0.908696 -0.180631
    outer loop
      vertex 186.39 -24.1877 1.2109098
      vertex 187.111 -24.3371 1.9615698
      vertex 187.111 -24.4636 1.3251898
    endloop
  endfacet
  facet normal 0 0.831293 0.555835
    outer loop
      vertex 186.39 -24.613 49.3485698
      vertex 6.39018 -24.5 49.1795698
      vertex 1.60982 -24.613 49.3485698
    endloop
  endfacet
  facet normal 6.84955e-07 0.83163 0.555331
    outer loop
      vertex 186.39 -24.613 49.3485698
      vertex 6.64042 -24.4389 49.0880698
      vertex 6.39018 -24.5 49.1795698
    endloop
  endfacet
  facet normal 1.36802e-07 0.831455 0.555592
    outer loop
      vertex 186.39 -24.613 49.3485698
      vertex 7.11114 -24.3239 48.9159698
      vertex 6.64042 -24.4389 49.0880698
    endloop
  endfacet
  facet normal -0 0.831386 0.555695
    outer loop
      vertex 7.34194 -24.1877 48.7122698
      vertex 186.39 -24.613 49.3485698
      vertex 186.39 -24.1877 48.7122698
    endloop
  endfacet
  facet normal -6.91254e-07 0.831296 0.555829
    outer loop
      vertex 186.39 -24.613 49.3485698
      vertex 7.34194 -24.1877 48.7122698
      vertex 7.11114 -24.3239 48.9159698
    endloop
  endfacet
  facet normal 0 0.831293 0.555835
    outer loop
      vertex 1.60982 -24.613 49.3485698
      vertex 6.39018 -24.5 49.1795698
      vertex 1.60982 -24.5 49.1795698
    endloop
  endfacet
  facet normal -0.376456 -0.908639 0.180711
    outer loop
      vertex 1.60982 -33.9616 47.9615698
      vertex 1.60982 -33.8123 48.7122698
      vertex 0.888859 -33.6629 47.9615698
    endloop
  endfacet
  facet normal -0 0.555695 0.831386
    outer loop
      vertex 1.60982 -24.613 49.3485698
      vertex 186.39 -25.2493 49.7738698
      vertex 186.39 -24.613 49.3485698
    endloop
  endfacet
  facet normal 0 0.555695 0.831386
    outer loop
      vertex 186.39 -25.2493 49.7738698
      vertex 1.60982 -24.613 49.3485698
      vertex 1.60982 -25.2493 49.7738698
    endloop
  endfacet
  facet normal -0.700195 0.593642 -0.39663
    outer loop
      vertex 0.33706 -24.9734 1.5363598
      vertex 0.888859 -24.5 1.2707798
      vertex 0.888859 -24.8241 0.7856948
    endloop
  endfacet
  facet normal -0.700196 0.593646 -0.396623
    outer loop
      vertex 0.888859 -24.5 1.2707798
      vertex 0.33706 -24.9734 1.5363598
      vertex 0.849508 -24.5 1.3402498
    endloop
  endfacet
  facet normal 0.700097 0.396702 -0.59371
    outer loop
      vertex 187.111 -24.8241 0.7856948
      vertex 187.663 -25.5748 0.9350098
      vertex 187.111 -25.3636 0.4252148
    endloop
  endfacet
  facet normal 0 -0.195081 -0.980787
    outer loop
      vertex 1.60982 -32.7507 0.1493158
      vertex 186.39 -32 0
      vertex 186.39 -32.7507 0.1493158
    endloop
  endfacet
  facet normal -0 -0.195081 -0.980787
    outer loop
      vertex 186.39 -32 0
      vertex 1.60982 -32.7507 0.1493158
      vertex 1.60982 -32 0
    endloop
  endfacet
  facet normal 0 0.980789 -0.195071
    outer loop
      vertex 186.39 -24.1877 1.2109098
      vertex 7.69306 -24.0384 1.9615698
      vertex 186.39 -24.0384 1.9615698
    endloop
  endfacet
  facet normal -1.09417e-06 0.980739 -0.195321
    outer loop
      vertex 7.69306 -24.0384 1.9615698
      vertex 186.39 -24.1877 1.2109098
      vertex 7.66294 -24.0748 1.7787998
    endloop
  endfacet
  facet normal -1.59998e-07 0.980796 -0.195039
    outer loop
      vertex 7.66294 -24.0748 1.7787998
      vertex 186.39 -24.1877 1.2109098
      vertex 7.58912 -24.1117 1.5932398
    endloop
  endfacet
  facet normal -8.01161e-07 0.980738 -0.195327
    outer loop
      vertex 7.58912 -24.1117 1.5932398
      vertex 186.39 -24.1877 1.2109098
      vertex 7.54917 -24.1317 1.4928198
    endloop
  endfacet
  facet normal 0 0.980835 -0.194838
    outer loop
      vertex 7.54917 -24.1317 1.4928198
      vertex 186.39 -24.1877 1.2109098
      vertex 7.34194 -24.1877 1.2109098
    endloop
  endfacet
  facet normal -0.700218 -0.139277 -0.700212
    outer loop
      vertex 0.888859 -32.6364 0.4252148
      vertex 0.33706 -32.4252 0.9350098
      vertex 0.888859 -32 0.2986308
    endloop
  endfacet
  facet normal -0.376374 -0.770282 -0.514789
    outer loop
      vertex 1.60982 -33.8123 1.2109098
      vertex 0.888859 -33.5364 1.3251898
      vertex 1.60982 -33.387 0.5745308
    endloop
  endfacet
  facet normal -0.923869 -0.38271 0
    outer loop
      vertex 0.33706 -33.1111 1.9615698
      vertex 0.0384293 -32.3902 47.9615698
      vertex 0.0384293 -32.3902 1.9615698
    endloop
  endfacet
  facet normal -0.923869 -0.38271 0
    outer loop
      vertex 0.0384293 -32.3902 47.9615698
      vertex 0.33706 -33.1111 1.9615698
      vertex 0.33706 -33.1111 47.9615698
    endloop
  endfacet
  facet normal -0.700227 -0.396631 -0.593604
    outer loop
      vertex 0.888859 -33.1759 0.7856948
      vertex 0.33706 -32.4252 0.9350098
      vertex 0.888859 -32.6364 0.4252148
    endloop
  endfacet
  facet normal 0.921036 0.0759165 0.382008
    outer loop
      vertex 187.663 -25.5748 48.9881698
      vertex 187.663 -26 49.0726698
      vertex 187.962 -26 48.3517698
    endloop
  endfacet
  facet normal -0.376358 0.770352 -0.514696
    outer loop
      vertex 1.0644 -24.5 1.1424198
      vertex 0.888859 -24.8241 0.7856948
      vertex 0.888859 -24.5 1.2707798
    endloop
  endfacet
  facet normal -0.37632 0.770356 -0.514718
    outer loop
      vertex 0.888859 -24.8241 0.7856948
      vertex 1.0644 -24.5 1.1424198
      vertex 1.60982 -24.613 0.5745308
    endloop
  endfacet
  facet normal -0.921214 0.216143 -0.323492
    outer loop
      vertex 0.33706 -25.5748 0.9350098
      vertex 0.0384293 -25.7241 1.6856698
      vertex 0.33706 -25.2143 1.1758798
    endloop
  endfacet
  facet normal 0 -0.980791 0.195061
    outer loop
      vertex 1.60982 -33.9616 47.9615698
      vertex 186.39 -33.8123 48.7122698
      vertex 1.60982 -33.8123 48.7122698
    endloop
  endfacet
  facet normal 0 -0.980791 0.195061
    outer loop
      vertex 186.39 -33.8123 48.7122698
      vertex 1.60982 -33.9616 47.9615698
      vertex 186.39 -33.9616 47.9615698
    endloop
  endfacet
  facet normal -0.700228 -0.139156 0.700226
    outer loop
      vertex 0.33706 -32.4252 48.9881698
      vertex 0.888859 -32 49.6244698
      vertex 0.33706 -32 49.0726698
    endloop
  endfacet
  facet normal -0.376283 -0.514756 0.770349
    outer loop
      vertex 1.60982 -33.387 49.3485698
      vertex 0.888859 -32.6364 49.4979698
      vertex 0.888859 -33.1759 49.1374698
    endloop
  endfacet
  facet normal -0 0 1
    outer loop
      vertex 1.60982 -26 49.9231698
      vertex 186.39 -32 49.9231698
      vertex 186.39 -26 49.9231698
    endloop
  endfacet
  facet normal 0 0 1
    outer loop
      vertex 186.39 -32 49.9231698
      vertex 1.60982 -26 49.9231698
      vertex 1.60982 -32 49.9231698
    endloop
  endfacet
  facet normal 0.700088 0.139301 -0.700337
    outer loop
      vertex 187.111 -25.3636 0.4252148
      vertex 187.663 -25.5748 0.9350098
      vertex 187.111 -26 0.2986308
    endloop
  endfacet
  facet normal -0.700228 0.396646 0.593593
    outer loop
      vertex 0.33706 -25.5748 48.9881698
      vertex 0.888859 -25.3636 49.4979698
      vertex 0.888859 -24.8241 49.1374698
    endloop
  endfacet
  facet normal 0.376439 -0.180712 0.908646
    outer loop
      vertex 187.111 -32 49.6244698
      vertex 186.39 -32 49.9231698
      vertex 186.39 -32.7507 49.7738698
    endloop
  endfacet
  facet normal 0.376363 0.180737 -0.908672
    outer loop
      vertex 186.39 -25.2493 0.1493158
      vertex 187.111 -26 0.2986308
      vertex 186.39 -26 0
    endloop
  endfacet
  facet normal -0.707107 0 -0.707107
    outer loop
      vertex 0.888859 -32 0.2986308
      vertex 0.33706 -26 0.8504298
      vertex 0.888859 -26 0.2986308
    endloop
  endfacet
  facet normal -0.707107 -0 -0.707107
    outer loop
      vertex 0.33706 -26 0.8504298
      vertex 0.888859 -32 0.2986308
      vertex 0.33706 -32 0.8504298
    endloop
  endfacet
  facet normal 0 0 -1
    outer loop
      vertex 1.60982 -32 0
      vertex 186.39 -26 0
      vertex 186.39 -32 0
    endloop
  endfacet
  facet normal -0 0 -1
    outer loop
      vertex 186.39 -26 0
      vertex 1.60982 -32 0
      vertex 1.60982 -26 0
    endloop
  endfacet
  facet normal -0.37634 -0.514723 -0.770343
    outer loop
      vertex 1.60982 -33.387 0.5745308
      vertex 0.888859 -33.1759 0.7856948
      vertex 0.888859 -32.6364 0.4252148
    endloop
  endfacet
  facet normal -0.921217 0.323473 0.216157
    outer loop
      vertex 0.0384293 -25.7241 48.2374698
      vertex 0.33706 -25.2143 48.7472698
      vertex 0.33706 -24.9734 48.3867698
    endloop
  endfacet
  facet normal 0 0.555618 -0.831438
    outer loop
      vertex 1.60982 -25.2493 0.1493158
      vertex 186.39 -24.613 0.5745308
      vertex 186.39 -25.2493 0.1493158
    endloop
  endfacet
  facet normal 0 0.555618 -0.831438
    outer loop
      vertex 186.39 -24.613 0.5745308
      vertex 1.60982 -25.2493 0.1493158
      vertex 1.60982 -24.613 0.5745308
    endloop
  endfacet
  facet normal -0.700228 0.139156 0.700226
    outer loop
      vertex 0.33706 -26 49.0726698
      vertex 0.888859 -26 49.6244698
      vertex 0.33706 -25.5748 48.9881698
    endloop
  endfacet
  facet normal -0.376323 -0.770333 -0.51475
    outer loop
      vertex 1.60982 -33.387 0.5745308
      vertex 0.888859 -33.5364 1.3251898
      vertex 0.888859 -33.1759 0.7856948
    endloop
  endfacet
  facet normal -0.376372 -0.90869 -0.18063
    outer loop
      vertex 1.60982 -33.8123 1.2109098
      vertex 0.888859 -33.6629 1.9615698
      vertex 0.888859 -33.5364 1.3251898
    endloop
  endfacet
  facet normal -0.37634 0.514723 -0.770343
    outer loop
      vertex 0.888859 -25.3636 0.4252148
      vertex 0.888859 -24.8241 0.7856948
      vertex 1.60982 -24.613 0.5745308
    endloop
  endfacet
  facet normal -0.376459 0.770218 -0.514824
    outer loop
      vertex 1.60982 -24.613 0.5745308
      vertex 1.0644 -24.5 1.1424198
      vertex 1.60982 -24.5 0.7435878
    endloop
  endfacet
  facet normal -0.923869 0.38271 0
    outer loop
      vertex 0.0384293 -25.6098 1.9615698
      vertex 0.33706 -24.8889 47.9615698
      vertex 0.33706 -24.8889 1.9615698
    endloop
  endfacet
  facet normal -0.923869 0.38271 0
    outer loop
      vertex 0.33706 -24.8889 47.9615698
      vertex 0.0384293 -25.6098 1.9615698
      vertex 0.0384293 -25.6098 47.9615698
    endloop
  endfacet
  facet normal 0.700093 -0.396696 -0.593719
    outer loop
      vertex 187.663 -32.4252 0.9350098
      vertex 187.663 -32.7857 1.1758798
      vertex 187.111 -33.1759 0.7856948
    endloop
  endfacet
  facet normal 0.382665 0 -0.923887
    outer loop
      vertex 186.39 -32 0
      vertex 187.111 -26 0.2986308
      vertex 187.111 -32 0.2986308
    endloop
  endfacet
  facet normal 0.382665 0 -0.923887
    outer loop
      vertex 187.111 -26 0.2986308
      vertex 186.39 -32 0
      vertex 186.39 -26 0
    endloop
  endfacet
  facet normal -0.921219 -0.0759046 0.381568
    outer loop
      vertex 0.0384293 -32.1493 48.3220698
      vertex 0.33706 -32.4252 48.9881698
      vertex 0.0384293 -32 48.3517698
    endloop
  endfacet
  facet normal 0 -0.195061 0.980791
    outer loop
      vertex 1.60982 -32 49.9231698
      vertex 186.39 -32.7507 49.7738698
      vertex 186.39 -32 49.9231698
    endloop
  endfacet
  facet normal 0 -0.195061 0.980791
    outer loop
      vertex 186.39 -32.7507 49.7738698
      vertex 1.60982 -32 49.9231698
      vertex 1.60982 -32.7507 49.7738698
    endloop
  endfacet
  facet normal 0.376439 0.908646 0.180712
    outer loop
      vertex 186.39 -24.0384 47.9615698
      vertex 186.39 -24.1877 48.7122698
      vertex 187.111 -24.3371 47.9615698
    endloop
  endfacet
  facet normal 0.376438 -0.908644 -0.180722
    outer loop
      vertex 187.111 -33.6629 1.9615698
      vertex 186.39 -33.9616 1.9615698
      vertex 186.39 -33.8123 1.2109098
    endloop
  endfacet
  facet normal -0.376388 0.514759 -0.770296
    outer loop
      vertex 0.888859 -25.3636 0.4252148
      vertex 1.60982 -24.613 0.5745308
      vertex 1.60982 -25.2493 0.1493158
    endloop
  endfacet
  facet normal -0.376383 0.514831 0.77025
    outer loop
      vertex 0.888859 -25.3636 49.4979698
      vertex 1.60982 -25.2493 49.7738698
      vertex 1.60982 -24.613 49.3485698
    endloop
  endfacet
  facet normal 0.700098 0.593699 0.396716
    outer loop
      vertex 187.111 -24.4636 48.5979698
      vertex 187.111 -24.8241 49.1374698
      vertex 187.663 -24.9734 48.3867698
    endloop
  endfacet
  facet normal 0.376323 0.514727 -0.770349
    outer loop
      vertex 186.39 -24.613 0.5745308
      vertex 187.111 -24.8241 0.7856948
      vertex 187.111 -25.3636 0.4252148
    endloop
  endfacet
  facet normal -0.921217 -0.21616 0.323473
    outer loop
      vertex 0.0384293 -32.2759 48.2374698
      vertex 0.33706 -32.4252 48.9881698
      vertex 0.0384293 -32.1493 48.3220698
    endloop
  endfacet
  facet normal -0.700223 -0.396626 -0.593613
    outer loop
      vertex 0.888859 -33.1759 0.7856948
      vertex 0.33706 -32.7857 1.1758798
      vertex 0.33706 -32.4252 0.9350098
    endloop
  endfacet
  facet normal -0.921215 0.0759029 -0.381579
    outer loop
      vertex 0.33706 -26 0.8504298
      vertex 0.0384293 -26 1.5713898
      vertex 0.33706 -25.5748 0.9350098
    endloop
  endfacet
  facet normal -0.37638 0.180735 -0.908665
    outer loop
      vertex 1.60982 -26 0
      vertex 0.888859 -26 0.2986308
      vertex 1.60982 -25.2493 0.1493158
    endloop
  endfacet
  facet normal -0.921214 -0.216143 -0.323492
    outer loop
      vertex 0.33706 -32.7857 1.1758798
      vertex 0.0384293 -32.2759 1.6856698
      vertex 0.33706 -32.4252 0.9350098
    endloop
  endfacet
  facet normal -0.921217 0.323473 0.21616
    outer loop
      vertex 0.0384293 -25.7241 48.2374698
      vertex 0.33706 -24.9734 48.3867698
      vertex 0.0384293 -25.6395 48.1108698
    endloop
  endfacet
  facet normal 0 -0.980789 -0.195071
    outer loop
      vertex 1.60982 -33.8123 1.2109098
      vertex 186.39 -33.9616 1.9615698
      vertex 1.60982 -33.9616 1.9615698
    endloop
  endfacet
  facet normal 0 -0.980789 -0.195071
    outer loop
      vertex 186.39 -33.9616 1.9615698
      vertex 1.60982 -33.8123 1.2109098
      vertex 186.39 -33.8123 1.2109098
    endloop
  endfacet
  facet normal -0.376508 0.770121 0.514933
    outer loop
      vertex 1.0644 -24.5 48.7807698
      vertex 1.60982 -24.613 49.3485698
      vertex 1.60982 -24.5 49.1795698
    endloop
  endfacet
  facet normal 0 1 0
    outer loop
      vertex 176.153 -24.0384 29.4822698
      vertex 186.39 -24.0384 47.9615698
      vertex 176.19 -24.0384 29.4869698
    endloop
  endfacet
  facet normal 0 1 0
    outer loop
      vertex 186.39 -24.0384 47.9615698
      vertex 169.81 -24.0384 29.4869698
      vertex 169.6 -24.0384 29.5146698
    endloop
  endfacet
  facet normal 0 1 0
    outer loop
      vertex 169.847 -24.0384 29.4822698
      vertex 186.39 -24.0384 47.9615698
      vertex 176.153 -24.0384 29.4822698
    endloop
  endfacet
  facet normal 0 1 0
    outer loop
      vertex 186.39 -24.0384 47.9615698
      vertex 169.847 -24.0384 29.4822698
      vertex 169.81 -24.0384 29.4869698
    endloop
  endfacet
  facet normal 0 1 -0
    outer loop
      vertex 175.957 -24.0384 29.4010698
      vertex 169.847 -24.0384 29.4822698
      vertex 176.153 -24.0384 29.4822698
    endloop
  endfacet
  facet normal 0 1 0
    outer loop
      vertex 175.957 -24.0384 29.4010698
      vertex 170.043 -24.0384 29.4010698
      vertex 169.847 -24.0384 29.4822698
    endloop
  endfacet
  facet normal 0 1 -0
    outer loop
      vertex 175.923 -24.0384 29.3869698
      vertex 170.043 -24.0384 29.4010698
      vertex 175.957 -24.0384 29.4010698
    endloop
  endfacet
  facet normal 0 1 0
    outer loop
      vertex 175.923 -24.0384 29.3869698
      vertex 170.077 -24.0384 29.3869698
      vertex 170.043 -24.0384 29.4010698
    endloop
  endfacet
  facet normal 0 1 -0
    outer loop
      vertex 175.755 -24.0384 29.2579698
      vertex 170.077 -24.0384 29.3869698
      vertex 175.923 -24.0384 29.3869698
    endloop
  endfacet
  facet normal 0 1 0
    outer loop
      vertex 175.755 -24.0384 29.2579698
      vertex 170.245 -24.0384 29.2579698
      vertex 170.077 -24.0384 29.3869698
    endloop
  endfacet
  facet normal 0 1 -0
    outer loop
      vertex 175.726 -24.0384 29.2355698
      vertex 170.245 -24.0384 29.2579698
      vertex 175.755 -24.0384 29.2579698
    endloop
  endfacet
  facet normal 0 1 0
    outer loop
      vertex 175.726 -24.0384 29.2355698
      vertex 170.274 -24.0384 29.2355698
      vertex 170.245 -24.0384 29.2579698
    endloop
  endfacet
  facet normal 0 1 -0
    outer loop
      vertex 175.704 -24.0384 29.2064698
      vertex 170.274 -24.0384 29.2355698
      vertex 175.726 -24.0384 29.2355698
    endloop
  endfacet
  facet normal 0 1 0
    outer loop
      vertex 175.704 -24.0384 29.2064698
      vertex 170.296 -24.0384 29.2064698
      vertex 170.274 -24.0384 29.2355698
    endloop
  endfacet
  facet normal 0 1 -0
    outer loop
      vertex 175.575 -24.0384 29.0381698
      vertex 170.296 -24.0384 29.2064698
      vertex 175.704 -24.0384 29.2064698
    endloop
  endfacet
  facet normal 0 1 0
    outer loop
      vertex 175.575 -24.0384 29.0381698
      vertex 170.425 -24.0384 29.0381698
      vertex 170.296 -24.0384 29.2064698
    endloop
  endfacet
  facet normal 0 1 -0
    outer loop
      vertex 175.561 -24.0384 29.0042698
      vertex 170.425 -24.0384 29.0381698
      vertex 175.575 -24.0384 29.0381698
    endloop
  endfacet
  facet normal 0 1 0
    outer loop
      vertex 175.561 -24.0384 29.0042698
      vertex 170.439 -24.0384 29.0042698
      vertex 170.425 -24.0384 29.0381698
    endloop
  endfacet
  facet normal 0 1 -0
    outer loop
      vertex 175.479 -24.0384 28.8083698
      vertex 170.439 -24.0384 29.0042698
      vertex 175.561 -24.0384 29.0042698
    endloop
  endfacet
  facet normal 0 1 0
    outer loop
      vertex 175.479 -24.0384 28.8083698
      vertex 170.521 -24.0384 28.8083698
      vertex 170.439 -24.0384 29.0042698
    endloop
  endfacet
  facet normal 0 1 -0
    outer loop
      vertex 175.475 -24.0384 28.7719698
      vertex 170.521 -24.0384 28.8083698
      vertex 175.479 -24.0384 28.8083698
    endloop
  endfacet
  facet normal 0 1 0
    outer loop
      vertex 175.475 -24.0384 28.7719698
      vertex 170.525 -24.0384 28.7719698
      vertex 170.521 -24.0384 28.8083698
    endloop
  endfacet
  facet normal 0 1 -0
    outer loop
      vertex 175.447 -24.0384 28.5616698
      vertex 170.525 -24.0384 28.7719698
      vertex 175.475 -24.0384 28.7719698
    endloop
  endfacet
  facet normal 0 1 0
    outer loop
      vertex 175.447 -24.0384 28.5616698
      vertex 170.553 -24.0384 28.5616698
      vertex 170.525 -24.0384 28.7719698
    endloop
  endfacet
  facet normal 0 1 -0
    outer loop
      vertex 175.447 -24.0384 21.3614698
      vertex 170.553 -24.0384 28.5616698
      vertex 175.447 -24.0384 28.5616698
    endloop
  endfacet
  facet normal 0 1 0
    outer loop
      vertex 175.447 -24.0384 21.3614698
      vertex 170.553 -24.0384 21.3614698
      vertex 170.553 -24.0384 28.5616698
    endloop
  endfacet
  facet normal 0 1 0
    outer loop
      vertex 175.475 -24.0384 21.1511698
      vertex 170.553 -24.0384 21.3614698
      vertex 175.447 -24.0384 21.3614698
    endloop
  endfacet
  facet normal 0 1 0
    outer loop
      vertex 175.475 -24.0384 21.1511698
      vertex 170.525 -24.0384 21.1511698
      vertex 170.553 -24.0384 21.3614698
    endloop
  endfacet
  facet normal 0 1 0
    outer loop
      vertex 175.479 -24.0384 21.1147698
      vertex 170.525 -24.0384 21.1511698
      vertex 175.475 -24.0384 21.1511698
    endloop
  endfacet
  facet normal 0 1 0
    outer loop
      vertex 175.479 -24.0384 21.1147698
      vertex 170.521 -24.0384 21.1147698
      vertex 170.525 -24.0384 21.1511698
    endloop
  endfacet
  facet normal 0 1 0
    outer loop
      vertex 175.561 -24.0384 20.9188698
      vertex 170.521 -24.0384 21.1147698
      vertex 175.479 -24.0384 21.1147698
    endloop
  endfacet
  facet normal 0 1 0
    outer loop
      vertex 175.561 -24.0384 20.9188698
      vertex 170.439 -24.0384 20.9188698
      vertex 170.521 -24.0384 21.1147698
    endloop
  endfacet
  facet normal 0 1 0
    outer loop
      vertex 175.575 -24.0384 20.8849698
      vertex 170.439 -24.0384 20.9188698
      vertex 175.561 -24.0384 20.9188698
    endloop
  endfacet
  facet normal 0 1 0
    outer loop
      vertex 175.575 -24.0384 20.8849698
      vertex 170.425 -24.0384 20.8849698
      vertex 170.439 -24.0384 20.9188698
    endloop
  endfacet
  facet normal 0 1 0
    outer loop
      vertex 175.704 -24.0384 20.7166698
      vertex 170.425 -24.0384 20.8849698
      vertex 175.575 -24.0384 20.8849698
    endloop
  endfacet
  facet normal 0 1 0
    outer loop
      vertex 175.704 -24.0384 20.7166698
      vertex 170.296 -24.0384 20.7166698
      vertex 170.425 -24.0384 20.8849698
    endloop
  endfacet
  facet normal 0 1 0
    outer loop
      vertex 175.726 -24.0384 20.6875698
      vertex 170.296 -24.0384 20.7166698
      vertex 175.704 -24.0384 20.7166698
    endloop
  endfacet
  facet normal 0 1 0
    outer loop
      vertex 175.726 -24.0384 20.6875698
      vertex 170.274 -24.0384 20.6875698
      vertex 170.296 -24.0384 20.7166698
    endloop
  endfacet
  facet normal 0 1 0
    outer loop
      vertex 175.755 -24.0384 20.6651698
      vertex 170.274 -24.0384 20.6875698
      vertex 175.726 -24.0384 20.6875698
    endloop
  endfacet
  facet normal 0 1 0
    outer loop
      vertex 175.755 -24.0384 20.6651698
      vertex 170.245 -24.0384 20.6651698
      vertex 170.274 -24.0384 20.6875698
    endloop
  endfacet
  facet normal 0 1 0
    outer loop
      vertex 175.923 -24.0384 20.5361698
      vertex 170.245 -24.0384 20.6651698
      vertex 175.755 -24.0384 20.6651698
    endloop
  endfacet
  facet normal 0 1 0
    outer loop
      vertex 175.923 -24.0384 20.5361698
      vertex 170.077 -24.0384 20.5361698
      vertex 170.245 -24.0384 20.6651698
    endloop
  endfacet
  facet normal 0 1 0
    outer loop
      vertex 175.957 -24.0384 20.5220698
      vertex 170.077 -24.0384 20.5361698
      vertex 175.923 -24.0384 20.5361698
    endloop
  endfacet
  facet normal 0 1 0
    outer loop
      vertex 175.957 -24.0384 20.5220698
      vertex 170.043 -24.0384 20.5220698
      vertex 170.077 -24.0384 20.5361698
    endloop
  endfacet
  facet normal 0 1 0
    outer loop
      vertex 176.153 -24.0384 20.4408698
      vertex 170.043 -24.0384 20.5220698
      vertex 175.957 -24.0384 20.5220698
    endloop
  endfacet
  facet normal 0 1 0
    outer loop
      vertex 176.153 -24.0384 20.4408698
      vertex 169.847 -24.0384 20.4408698
      vertex 170.043 -24.0384 20.5220698
    endloop
  endfacet
  facet normal 0 1 0
    outer loop
      vertex 186.39 -24.0384 1.9615698
      vertex 176.153 -24.0384 20.4408698
      vertex 176.19 -24.0384 20.4361698
    endloop
  endfacet
  facet normal 0 1 0
    outer loop
      vertex 176.153 -24.0384 20.4408698
      vertex 186.39 -24.0384 1.9615698
      vertex 169.847 -24.0384 20.4408698
    endloop
  endfacet
  facet normal 0 1 0
    outer loop
      vertex 186.39 -24.0384 1.9615698
      vertex 176.19 -24.0384 20.4361698
      vertex 176.4 -24.0384 20.4084698
    endloop
  endfacet
  facet normal 0 1 0
    outer loop
      vertex 169.847 -24.0384 20.4408698
      vertex 186.39 -24.0384 1.9615698
      vertex 169.81 -24.0384 20.4361698
    endloop
  endfacet
  facet normal 0 1 0
    outer loop
      vertex 176.4 -24.0384 29.5146698
      vertex 186.39 -24.0384 47.9615698
      vertex 183.6 -24.0384 29.5146698
    endloop
  endfacet
  facet normal 0 1 0
    outer loop
      vertex 186.39 -24.0384 47.9615698
      vertex 183.81 -24.0384 29.4869698
      vertex 183.6 -24.0384 29.5146698
    endloop
  endfacet
  facet normal 0 1 0
    outer loop
      vertex 186.39 -24.0384 47.9615698
      vertex 183.847 -24.0384 29.4822698
      vertex 183.81 -24.0384 29.4869698
    endloop
  endfacet
  facet normal 0 1 0
    outer loop
      vertex 186.39 -24.0384 47.9615698
      vertex 184.043 -24.0384 29.4010698
      vertex 183.847 -24.0384 29.4822698
    endloop
  endfacet
  facet normal 0 1 0
    outer loop
      vertex 186.39 -24.0384 47.9615698
      vertex 184.077 -24.0384 29.3869698
      vertex 184.043 -24.0384 29.4010698
    endloop
  endfacet
  facet normal 0 1 0
    outer loop
      vertex 186.39 -24.0384 47.9615698
      vertex 184.245 -24.0384 29.2579698
      vertex 184.077 -24.0384 29.3869698
    endloop
  endfacet
  facet normal 0 1 0
    outer loop
      vertex 186.39 -24.0384 47.9615698
      vertex 184.274 -24.0384 29.2355698
      vertex 184.245 -24.0384 29.2579698
    endloop
  endfacet
  facet normal 0 1 0
    outer loop
      vertex 186.39 -24.0384 47.9615698
      vertex 184.296 -24.0384 29.2064698
      vertex 184.274 -24.0384 29.2355698
    endloop
  endfacet
  facet normal 0 1 0
    outer loop
      vertex 186.39 -24.0384 47.9615698
      vertex 184.425 -24.0384 29.0381698
      vertex 184.296 -24.0384 29.2064698
    endloop
  endfacet
  facet normal 0 1 0
    outer loop
      vertex 186.39 -24.0384 47.9615698
      vertex 184.439 -24.0384 29.0042698
      vertex 184.425 -24.0384 29.0381698
    endloop
  endfacet
  facet normal 0 1 0
    outer loop
      vertex 186.39 -24.0384 47.9615698
      vertex 184.521 -24.0384 28.8083698
      vertex 184.439 -24.0384 29.0042698
    endloop
  endfacet
  facet normal 0 1 0
    outer loop
      vertex 186.39 -24.0384 47.9615698
      vertex 184.525 -24.0384 28.7719698
      vertex 184.521 -24.0384 28.8083698
    endloop
  endfacet
  facet normal 0 1 0
    outer loop
      vertex 186.39 -24.0384 47.9615698
      vertex 184.553 -24.0384 28.5616698
      vertex 184.525 -24.0384 28.7719698
    endloop
  endfacet
  facet normal 0 1 0
    outer loop
      vertex 186.39 -24.0384 47.9615698
      vertex 184.553 -24.0384 21.3614698
      vertex 184.553 -24.0384 28.5616698
    endloop
  endfacet
  facet normal 0 1 0
    outer loop
      vertex 186.39 -24.0384 1.9615698
      vertex 176.4 -24.0384 20.4084698
      vertex 183.6 -24.0384 20.4084698
    endloop
  endfacet
  facet normal 0 1 0
    outer loop
      vertex 169.81 -24.0384 20.4361698
      vertex 186.39 -24.0384 1.9615698
      vertex 169.6 -24.0384 20.4084698
    endloop
  endfacet
  facet normal 0 1 0
    outer loop
      vertex 169.6 -24.0384 20.4084698
      vertex 186.39 -24.0384 1.9615698
      vertex 162.4 -24.0384 20.4084698
    endloop
  endfacet
  facet normal 0 1 0
    outer loop
      vertex 183.81 -24.0384 20.4361698
      vertex 186.39 -24.0384 1.9615698
      vertex 183.6 -24.0384 20.4084698
    endloop
  endfacet
  facet normal 0 1 0
    outer loop
      vertex 183.847 -24.0384 20.4408698
      vertex 186.39 -24.0384 1.9615698
      vertex 183.81 -24.0384 20.4361698
    endloop
  endfacet
  facet normal 0 1 0
    outer loop
      vertex 184.043 -24.0384 20.5220698
      vertex 186.39 -24.0384 1.9615698
      vertex 183.847 -24.0384 20.4408698
    endloop
  endfacet
  facet normal 0 1 0
    outer loop
      vertex 184.077 -24.0384 20.5361698
      vertex 186.39 -24.0384 1.9615698
      vertex 184.043 -24.0384 20.5220698
    endloop
  endfacet
  facet normal 0 1 0
    outer loop
      vertex 184.245 -24.0384 20.6651698
      vertex 186.39 -24.0384 1.9615698
      vertex 184.077 -24.0384 20.5361698
    endloop
  endfacet
  facet normal 0 1 0
    outer loop
      vertex 184.274 -24.0384 20.6875698
      vertex 186.39 -24.0384 1.9615698
      vertex 184.245 -24.0384 20.6651698
    endloop
  endfacet
  facet normal 0 1 0
    outer loop
      vertex 184.296 -24.0384 20.7166698
      vertex 186.39 -24.0384 1.9615698
      vertex 184.274 -24.0384 20.6875698
    endloop
  endfacet
  facet normal 0 1 0
    outer loop
      vertex 184.425 -24.0384 20.8849698
      vertex 186.39 -24.0384 1.9615698
      vertex 184.296 -24.0384 20.7166698
    endloop
  endfacet
  facet normal 0 1 0
    outer loop
      vertex 184.439 -24.0384 20.9188698
      vertex 186.39 -24.0384 1.9615698
      vertex 184.425 -24.0384 20.8849698
    endloop
  endfacet
  facet normal 0 1 0
    outer loop
      vertex 184.521 -24.0384 21.1147698
      vertex 186.39 -24.0384 1.9615698
      vertex 184.439 -24.0384 20.9188698
    endloop
  endfacet
  facet normal 0 1 0
    outer loop
      vertex 184.525 -24.0384 21.1511698
      vertex 186.39 -24.0384 1.9615698
      vertex 184.521 -24.0384 21.1147698
    endloop
  endfacet
  facet normal 0 1 0
    outer loop
      vertex 184.553 -24.0384 21.3614698
      vertex 186.39 -24.0384 1.9615698
      vertex 184.525 -24.0384 21.1511698
    endloop
  endfacet
  facet normal 0 1 -0
    outer loop
      vertex 186.39 -24.0384 1.9615698
      vertex 184.553 -24.0384 21.3614698
      vertex 186.39 -24.0384 47.9615698
    endloop
  endfacet
  facet normal 0 1 0
    outer loop
      vertex 176.19 -24.0384 29.4869698
      vertex 186.39 -24.0384 47.9615698
      vertex 176.4 -24.0384 29.5146698
    endloop
  endfacet
  facet normal 0 1 0
    outer loop
      vertex 162.4 -24.0384 29.5146698
      vertex 186.39 -24.0384 47.9615698
      vertex 169.6 -24.0384 29.5146698
    endloop
  endfacet
  facet normal 0 1 0
    outer loop
      vertex 162.19 -24.0384 29.4869698
      vertex 186.39 -24.0384 47.9615698
      vertex 162.4 -24.0384 29.5146698
    endloop
  endfacet
  facet normal 0 1 0
    outer loop
      vertex 162.153 -24.0384 29.4822698
      vertex 186.39 -24.0384 47.9615698
      vertex 162.19 -24.0384 29.4869698
    endloop
  endfacet
  facet normal 0 1 0
    outer loop
      vertex 161.957 -24.0384 29.4010698
      vertex 186.39 -24.0384 47.9615698
      vertex 162.153 -24.0384 29.4822698
    endloop
  endfacet
  facet normal 0 1 0
    outer loop
      vertex 161.923 -24.0384 29.3869698
      vertex 186.39 -24.0384 47.9615698
      vertex 161.957 -24.0384 29.4010698
    endloop
  endfacet
  facet normal 0 1 0
    outer loop
      vertex 186.39 -24.0384 47.9615698
      vertex 161.923 -24.0384 29.3869698
      vertex 7.69306 -24.0384 47.9615698
    endloop
  endfacet
  facet normal 0 1 -0
    outer loop
      vertex 161.755 -24.0384 29.2579698
      vertex 7.69306 -24.0384 47.9615698
      vertex 161.923 -24.0384 29.3869698
    endloop
  endfacet
  facet normal 0 1 -0
    outer loop
      vertex 161.726 -24.0384 29.2355698
      vertex 7.69306 -24.0384 47.9615698
      vertex 161.755 -24.0384 29.2579698
    endloop
  endfacet
  facet normal 0 1 -0
    outer loop
      vertex 161.704 -24.0384 29.2064698
      vertex 7.69306 -24.0384 47.9615698
      vertex 161.726 -24.0384 29.2355698
    endloop
  endfacet
  facet normal 0 1 -0
    outer loop
      vertex 161.575 -24.0384 29.0381698
      vertex 7.69306 -24.0384 47.9615698
      vertex 161.704 -24.0384 29.2064698
    endloop
  endfacet
  facet normal 0 1 -0
    outer loop
      vertex 161.561 -24.0384 29.0042698
      vertex 7.69306 -24.0384 47.9615698
      vertex 161.575 -24.0384 29.0381698
    endloop
  endfacet
  facet normal 0 1 -0
    outer loop
      vertex 161.479 -24.0384 28.8083698
      vertex 7.69306 -24.0384 47.9615698
      vertex 161.561 -24.0384 29.0042698
    endloop
  endfacet
  facet normal 0 1 -0
    outer loop
      vertex 161.475 -24.0384 28.7719698
      vertex 7.69306 -24.0384 47.9615698
      vertex 161.479 -24.0384 28.8083698
    endloop
  endfacet
  facet normal 0 1 -0
    outer loop
      vertex 161.447 -24.0384 28.5616698
      vertex 7.69306 -24.0384 47.9615698
      vertex 161.475 -24.0384 28.7719698
    endloop
  endfacet
  facet normal 0 1 -0
    outer loop
      vertex 161.447 -24.0384 21.3614698
      vertex 7.69306 -24.0384 47.9615698
      vertex 161.447 -24.0384 28.5616698
    endloop
  endfacet
  facet normal 0 1 0
    outer loop
      vertex 7.69306 -24.0384 1.9615698
      vertex 161.447 -24.0384 21.3614698
      vertex 161.475 -24.0384 21.1511698
    endloop
  endfacet
  facet normal 0 1 0
    outer loop
      vertex 7.69306 -24.0384 1.9615698
      vertex 161.475 -24.0384 21.1511698
      vertex 161.479 -24.0384 21.1147698
    endloop
  endfacet
  facet normal 0 1 0
    outer loop
      vertex 7.69306 -24.0384 1.9615698
      vertex 161.479 -24.0384 21.1147698
      vertex 161.561 -24.0384 20.9188698
    endloop
  endfacet
  facet normal 0 1 0
    outer loop
      vertex 7.69306 -24.0384 1.9615698
      vertex 161.561 -24.0384 20.9188698
      vertex 161.575 -24.0384 20.8849698
    endloop
  endfacet
  facet normal 0 1 0
    outer loop
      vertex 7.69306 -24.0384 1.9615698
      vertex 161.575 -24.0384 20.8849698
      vertex 161.704 -24.0384 20.7166698
    endloop
  endfacet
  facet normal 0 1 0
    outer loop
      vertex 7.69306 -24.0384 1.9615698
      vertex 161.704 -24.0384 20.7166698
      vertex 161.726 -24.0384 20.6875698
    endloop
  endfacet
  facet normal 0 1 0
    outer loop
      vertex 7.69306 -24.0384 1.9615698
      vertex 161.726 -24.0384 20.6875698
      vertex 161.755 -24.0384 20.6651698
    endloop
  endfacet
  facet normal 0 1 0
    outer loop
      vertex 7.69306 -24.0384 1.9615698
      vertex 161.755 -24.0384 20.6651698
      vertex 161.923 -24.0384 20.5361698
    endloop
  endfacet
  facet normal 0 1 0
    outer loop
      vertex 186.39 -24.0384 1.9615698
      vertex 161.923 -24.0384 20.5361698
      vertex 161.957 -24.0384 20.5220698
    endloop
  endfacet
  facet normal 0 1 0
    outer loop
      vertex 186.39 -24.0384 1.9615698
      vertex 161.957 -24.0384 20.5220698
      vertex 162.153 -24.0384 20.4408698
    endloop
  endfacet
  facet normal 0 1 0
    outer loop
      vertex 186.39 -24.0384 1.9615698
      vertex 162.19 -24.0384 20.4361698
      vertex 162.4 -24.0384 20.4084698
    endloop
  endfacet
  facet normal 0 1 0
    outer loop
      vertex 186.39 -24.0384 1.9615698
      vertex 162.153 -24.0384 20.4408698
      vertex 162.19 -24.0384 20.4361698
    endloop
  endfacet
  facet normal 0 1 0
    outer loop
      vertex 161.923 -24.0384 20.5361698
      vertex 186.39 -24.0384 1.9615698
      vertex 7.69306 -24.0384 1.9615698
    endloop
  endfacet
  facet normal 0 1 0
    outer loop
      vertex 161.447 -24.0384 21.3614698
      vertex 7.69306 -24.0384 1.9615698
      vertex 7.69306 -24.0384 47.9615698
    endloop
  endfacet
  facet normal -0.921215 0.0759064 -0.381577
    outer loop
      vertex 0.0384293 -26 1.5713898
      vertex 0.0384293 -25.8507 1.6010898
      vertex 0.33706 -25.5748 0.9350098
    endloop
  endfacet
  facet normal -0.376376 -0.908689 0.180624
    outer loop
      vertex 0.888859 -33.6629 47.9615698
      vertex 1.60982 -33.8123 48.7122698
      vertex 0.888859 -33.5364 48.5979698
    endloop
  endfacet
  facet normal -0.700231 -0.593573 -0.39667
    outer loop
      vertex 0.888859 -33.1759 0.7856948
      vertex 0.33706 -33.0266 1.5363598
      vertex 0.33706 -32.7857 1.1758798
    endloop
  endfacet
  facet normal 0 -0.831386 0.555695
    outer loop
      vertex 1.60982 -33.8123 48.7122698
      vertex 186.39 -33.387 49.3485698
      vertex 1.60982 -33.387 49.3485698
    endloop
  endfacet
  facet normal 0 -0.831386 0.555695
    outer loop
      vertex 186.39 -33.387 49.3485698
      vertex 1.60982 -33.8123 48.7122698
      vertex 186.39 -33.8123 48.7122698
    endloop
  endfacet
  facet normal -0.921208 -0.0758369 0.381608
    outer loop
      vertex 0.33706 -32.4252 48.9881698
      vertex 0.33706 -32 49.0726698
      vertex 0.0384293 -32 48.3517698
    endloop
  endfacet
  facet normal -0.382758 0 0.923849
    outer loop
      vertex 0.888859 -26 49.6244698
      vertex 1.60982 -32 49.9231698
      vertex 1.60982 -26 49.9231698
    endloop
  endfacet
  facet normal -0.382758 0 0.923849
    outer loop
      vertex 1.60982 -32 49.9231698
      vertex 0.888859 -26 49.6244698
      vertex 0.888859 -32 49.6244698
    endloop
  endfacet
  facet normal -0.700186 0.700241 0.13929
    outer loop
      vertex 0.33706 -24.9734 48.3867698
      vertex 0.849508 -24.5 48.5828698
      vertex 0.747575 -24.5 48.0704698
    endloop
  endfacet
  facet normal -0.921219 0.381568 0.0759046
    outer loop
      vertex 0.0384293 -25.6395 48.1108698
      vertex 0.33706 -24.9734 48.3867698
      vertex 0.0384293 -25.6098 47.9615698
    endloop
  endfacet
  facet normal 0.376323 -0.514727 -0.770349
    outer loop
      vertex 187.111 -32.6364 0.4252148
      vertex 187.111 -33.1759 0.7856948
      vertex 186.39 -33.387 0.5745308
    endloop
  endfacet
  facet normal 0.700087 0.593707 -0.396725
    outer loop
      vertex 187.111 -24.4636 1.3251898
      vertex 187.663 -24.9734 1.5363598
      vertex 187.111 -24.8241 0.7856948
    endloop
  endfacet
  facet normal 0.38274 0 0.923856
    outer loop
      vertex 186.39 -26 49.9231698
      vertex 187.111 -32 49.6244698
      vertex 187.111 -26 49.6244698
    endloop
  endfacet
  facet normal 0.38274 0 0.923856
    outer loop
      vertex 187.111 -32 49.6244698
      vertex 186.39 -26 49.9231698
      vertex 186.39 -32 49.9231698
    endloop
  endfacet
  facet normal -0.700209 -0.700238 -0.139194
    outer loop
      vertex 0.888859 -33.5364 1.3251898
      vertex 0.888859 -33.6629 1.9615698
      vertex 0.33706 -33.0266 1.5363598
    endloop
  endfacet
  facet normal -0.700235 -0.59358 0.396653
    outer loop
      vertex 0.33706 -33.0266 48.3867698
      vertex 0.888859 -33.1759 49.1374698
      vertex 0.33706 -32.7857 48.7472698
    endloop
  endfacet
  facet normal -0.921219 0.0759046 0.381568
    outer loop
      vertex 0.0384293 -26 48.3517698
      vertex 0.33706 -25.5748 48.9881698
      vertex 0.0384293 -25.8507 48.3220698
    endloop
  endfacet
  facet normal -0.92388 0 -0.382683
    outer loop
      vertex 0.33706 -32 0.8504298
      vertex 0.0384293 -26 1.5713898
      vertex 0.33706 -26 0.8504298
    endloop
  endfacet
  facet normal -0.92388 -0 -0.382683
    outer loop
      vertex 0.0384293 -26 1.5713898
      vertex 0.33706 -32 0.8504298
      vertex 0.0384293 -32 1.5713898
    endloop
  endfacet
  facet normal -0.700214 -0.139285 -0.700214
    outer loop
      vertex 0.888859 -32 0.2986308
      vertex 0.33706 -32.4252 0.9350098
      vertex 0.33706 -32 0.8504298
    endloop
  endfacet
  facet normal -0.921216 0.323467 -0.216173
    outer loop
      vertex 0.0384293 -25.7241 1.6856698
      vertex 0.0384293 -25.6395 1.8122598
      vertex 0.33706 -24.9734 1.5363598
    endloop
  endfacet
  facet normal -0.700223 0.396626 -0.593613
    outer loop
      vertex 0.33706 -25.5748 0.9350098
      vertex 0.33706 -25.2143 1.1758798
      vertex 0.888859 -24.8241 0.7856948
    endloop
  endfacet
  facet normal 0 0.831418 -0.555647
    outer loop
      vertex 186.39 -24.613 0.5745308
      vertex 7.34194 -24.1877 1.2109098
      vertex 186.39 -24.1877 1.2109098
    endloop
  endfacet
  facet normal -6.45803e-07 0.831334 -0.555773
    outer loop
      vertex 7.34194 -24.1877 1.2109098
      vertex 186.39 -24.613 0.5745308
      vertex 7.11114 -24.3239 1.0071798
    endloop
  endfacet
  facet normal -2.17947e-08 0.831454 -0.555594
    outer loop
      vertex 7.11114 -24.3239 1.0071798
      vertex 186.39 -24.613 0.5745308
      vertex 6.64042 -24.4389 0.8350808
    endloop
  endfacet
  facet normal 4.69737e-07 0.83161 -0.55536
    outer loop
      vertex 6.64042 -24.4389 0.8350808
      vertex 186.39 -24.613 0.5745308
      vertex 6.39018 -24.5 0.7435878
    endloop
  endfacet
  facet normal 0 0.831379 -0.555705
    outer loop
      vertex 1.60982 -24.613 0.5745308
      vertex 6.39018 -24.5 0.7435878
      vertex 186.39 -24.613 0.5745308
    endloop
  endfacet
  facet normal 0 0.831379 -0.555705
    outer loop
      vertex 6.39018 -24.5 0.7435878
      vertex 1.60982 -24.613 0.5745308
      vertex 1.60982 -24.5 0.7435878
    endloop
  endfacet
  facet normal -0.376383 0.180739 -0.908663
    outer loop
      vertex 0.888859 -26 0.2986308
      vertex 0.888859 -25.3636 0.4252148
      vertex 1.60982 -25.2493 0.1493158
    endloop
  endfacet
  facet normal -0.921217 0.216125 -0.323497
    outer loop
      vertex 0.0384293 -25.8507 1.6010898
      vertex 0.0384293 -25.7241 1.6856698
      vertex 0.33706 -25.5748 0.9350098
    endloop
  endfacet
  facet normal -0.700235 0.396653 0.59358
    outer loop
      vertex 0.33706 -25.5748 48.9881698
      vertex 0.888859 -24.8241 49.1374698
      vertex 0.33706 -25.2143 48.7472698
    endloop
  endfacet
  facet normal -0.700217 -0.593601 -0.396654
    outer loop
      vertex 0.888859 -33.5364 1.3251898
      vertex 0.33706 -33.0266 1.5363598
      vertex 0.888859 -33.1759 0.7856948
    endloop
  endfacet
  facet normal -0.707107 -0.707106 0
    outer loop
      vertex 0.888859 -33.6629 1.9615698
      vertex 0.33706 -33.1111 47.9615698
      vertex 0.33706 -33.1111 1.9615698
    endloop
  endfacet
  facet normal -0.707107 -0.707106 0
    outer loop
      vertex 0.33706 -33.1111 47.9615698
      vertex 0.888859 -33.6629 1.9615698
      vertex 0.888859 -33.6629 47.9615698
    endloop
  endfacet
  facet normal -0.700235 -0.396653 0.59358
    outer loop
      vertex 0.33706 -32.7857 48.7472698
      vertex 0.888859 -33.1759 49.1374698
      vertex 0.33706 -32.4252 48.9881698
    endloop
  endfacet
  facet normal -0.700228 -0.700226 0.139156
    outer loop
      vertex 0.888859 -33.6629 47.9615698
      vertex 0.33706 -33.0266 48.3867698
      vertex 0.33706 -33.1111 47.9615698
    endloop
  endfacet
  facet normal -0.921208 0.0758369 0.381608
    outer loop
      vertex 0.0384293 -26 48.3517698
      vertex 0.33706 -26 49.0726698
      vertex 0.33706 -25.5748 48.9881698
    endloop
  endfacet
  facet normal -0.707107 0 0.707106
    outer loop
      vertex 0.33706 -32 49.0726698
      vertex 0.888859 -26 49.6244698
      vertex 0.33706 -26 49.0726698
    endloop
  endfacet
  facet normal -0.707107 0 0.707106
    outer loop
      vertex 0.888859 -26 49.6244698
      vertex 0.33706 -32 49.0726698
      vertex 0.888859 -32 49.6244698
    endloop
  endfacet
  facet normal -0.376383 -0.514831 0.77025
    outer loop
      vertex 1.60982 -33.387 49.3485698
      vertex 1.60982 -32.7507 49.7738698
      vertex 0.888859 -32.6364 49.4979698
    endloop
  endfacet
  facet normal -0.376456 -0.180711 0.908639
    outer loop
      vertex 1.60982 -32.7507 49.7738698
      vertex 1.60982 -32 49.9231698
      vertex 0.888859 -32 49.6244698
    endloop
  endfacet
  facet normal -0.700212 0.139189 0.700235
    outer loop
      vertex 0.33706 -25.5748 48.9881698
      vertex 0.888859 -26 49.6244698
      vertex 0.888859 -25.3636 49.4979698
    endloop
  endfacet
  facet normal -0.376376 0.180624 0.908689
    outer loop
      vertex 0.888859 -26 49.6244698
      vertex 1.60982 -25.2493 49.7738698
      vertex 0.888859 -25.3636 49.4979698
    endloop
  endfacet
  facet normal -0.921217 -0.216157 0.323473
    outer loop
      vertex 0.33706 -32.7857 48.7472698
      vertex 0.33706 -32.4252 48.9881698
      vertex 0.0384293 -32.2759 48.2374698
    endloop
  endfacet
  facet normal 0.700084 -0.13931 -0.700339
    outer loop
      vertex 187.663 -32 0.8504298
      vertex 187.663 -32.4252 0.9350098
      vertex 187.111 -32 0.2986308
    endloop
  endfacet
  facet normal 0.700093 0.396696 -0.593719
    outer loop
      vertex 187.111 -24.8241 0.7856948
      vertex 187.663 -25.2143 1.1758798
      vertex 187.663 -25.5748 0.9350098
    endloop
  endfacet
  facet normal 0.921036 -0.382008 0.0759165
    outer loop
      vertex 187.962 -32.3902 47.9615698
      vertex 187.663 -33.0266 48.3867698
      vertex 187.663 -33.1111 47.9615698
    endloop
  endfacet
  facet normal 0.376266 -0.51476 0.770355
    outer loop
      vertex 187.111 -33.1759 49.1374698
      vertex 187.111 -32.6364 49.4979698
      vertex 186.39 -33.387 49.3485698
    endloop
  endfacet
  facet normal 0.921042 -0.0759826 -0.381979
    outer loop
      vertex 187.663 -32 0.8504298
      vertex 187.962 -32 1.5713898
      vertex 187.663 -32.4252 0.9350098
    endloop
  endfacet
  facet normal -0.700227 0.396631 -0.593604
    outer loop
      vertex 0.888859 -25.3636 0.4252148
      vertex 0.33706 -25.5748 0.9350098
      vertex 0.888859 -24.8241 0.7856948
    endloop
  endfacet
  facet normal -0.921219 0.381569 -0.0758999
    outer loop
      vertex 0.0384293 -25.6395 1.8122598
      vertex 0.0384293 -25.6098 1.9615698
      vertex 0.33706 -24.9734 1.5363598
    endloop
  endfacet
  facet normal -0.921215 -0.0759029 -0.381579
    outer loop
      vertex 0.33706 -32.4252 0.9350098
      vertex 0.0384293 -32 1.5713898
      vertex 0.33706 -32 0.8504298
    endloop
  endfacet
  facet normal -0.70025 0.700177 -0.139291
    outer loop
      vertex 0.747575 -24.5 1.8526998
      vertex 0.33706 -24.8889 1.9615698
      vertex 0.725919 -24.5 1.9615698
    endloop
  endfacet
  facet normal -0.700245 0.70021 -0.13915
    outer loop
      vertex 0.33706 -24.8889 1.9615698
      vertex 0.747575 -24.5 1.8526998
      vertex 0.33706 -24.9734 1.5363598
    endloop
  endfacet
  facet normal -0.921208 0.381608 -0.0758351
    outer loop
      vertex 0.33706 -24.9734 1.5363598
      vertex 0.0384293 -25.6098 1.9615698
      vertex 0.33706 -24.8889 1.9615698
    endloop
  endfacet
  facet normal -0.700186 0.700244 -0.139276
    outer loop
      vertex 0.33706 -24.9734 1.5363598
      vertex 0.747575 -24.5 1.8526998
      vertex 0.849508 -24.5 1.3402498
    endloop
  endfacet
  facet normal -0.921217 0.21616 0.323473
    outer loop
      vertex 0.0384293 -25.8507 48.3220698
      vertex 0.33706 -25.5748 48.9881698
      vertex 0.0384293 -25.7241 48.2374698
    endloop
  endfacet
  facet normal -0.700218 0.139277 -0.700212
    outer loop
      vertex 0.888859 -26 0.2986308
      vertex 0.33706 -25.5748 0.9350098
      vertex 0.888859 -25.3636 0.4252148
    endloop
  endfacet
  facet normal -0.700214 0.139285 -0.700214
    outer loop
      vertex 0.33706 -26 0.8504298
      vertex 0.33706 -25.5748 0.9350098
      vertex 0.888859 -26 0.2986308
    endloop
  endfacet
  facet normal -0.921208 -0.381608 -0.0758351
    outer loop
      vertex 0.33706 -33.0266 1.5363598
      vertex 0.33706 -33.1111 1.9615698
      vertex 0.0384293 -32.3902 1.9615698
    endloop
  endfacet
  facet normal -0.921219 -0.381569 -0.0758999
    outer loop
      vertex 0.33706 -33.0266 1.5363598
      vertex 0.0384293 -32.3902 1.9615698
      vertex 0.0384293 -32.3605 1.8122598
    endloop
  endfacet
  facet normal -0.376383 -0.77025 0.514831
    outer loop
      vertex 1.60982 -33.8123 48.7122698
      vertex 1.60982 -33.387 49.3485698
      vertex 0.888859 -33.5364 48.5979698
    endloop
  endfacet
  facet normal -0.376283 -0.770349 0.514756
    outer loop
      vertex 0.888859 -33.5364 48.5979698
      vertex 1.60982 -33.387 49.3485698
      vertex 0.888859 -33.1759 49.1374698
    endloop
  endfacet
  facet normal -0.921219 -0.381568 0.0759046
    outer loop
      vertex 0.0384293 -32.3902 47.9615698
      vertex 0.33706 -33.0266 48.3867698
      vertex 0.0384293 -32.3605 48.1108698
    endloop
  endfacet
  facet normal -0.923869 0 0.38271
    outer loop
      vertex 0.0384293 -32 48.3517698
      vertex 0.33706 -26 49.0726698
      vertex 0.0384293 -26 48.3517698
    endloop
  endfacet
  facet normal -0.923869 0 0.38271
    outer loop
      vertex 0.33706 -26 49.0726698
      vertex 0.0384293 -32 48.3517698
      vertex 0.33706 -32 49.0726698
    endloop
  endfacet
  facet normal -0.700212 -0.139189 0.700235
    outer loop
      vertex 0.888859 -32.6364 49.4979698
      vertex 0.888859 -32 49.6244698
      vertex 0.33706 -32.4252 48.9881698
    endloop
  endfacet
  facet normal -0.700228 -0.396646 0.593593
    outer loop
      vertex 0.888859 -33.1759 49.1374698
      vertex 0.888859 -32.6364 49.4979698
      vertex 0.33706 -32.4252 48.9881698
    endloop
  endfacet
  facet normal -0.700235 0.59358 0.396653
    outer loop
      vertex 0.33706 -25.2143 48.7472698
      vertex 0.888859 -24.8241 49.1374698
      vertex 0.33706 -24.9734 48.3867698
    endloop
  endfacet
  facet normal -0.921215 -0.0759064 -0.381577
    outer loop
      vertex 0.33706 -32.4252 0.9350098
      vertex 0.0384293 -32.1493 1.6010898
      vertex 0.0384293 -32 1.5713898
    endloop
  endfacet
  facet normal 0.921042 0.0759826 -0.381979
    outer loop
      vertex 187.663 -25.5748 0.9350098
      vertex 187.962 -26 1.5713898
      vertex 187.663 -26 0.8504298
    endloop
  endfacet
  facet normal 0.376366 -0.18074 -0.90867
    outer loop
      vertex 187.111 -32 0.2986308
      vertex 187.111 -32.6364 0.4252148
      vertex 186.39 -32.7507 0.1493158
    endloop
  endfacet
  facet normal 0.923701 0.383114 0
    outer loop
      vertex 187.962 -25.6098 47.9615698
      vertex 187.663 -24.8889 1.9615698
      vertex 187.663 -24.8889 47.9615698
    endloop
  endfacet
  facet normal 0.923701 0.383114 0
    outer loop
      vertex 187.663 -24.8889 1.9615698
      vertex 187.962 -25.6098 47.9615698
      vertex 187.962 -25.6098 1.9615698
    endloop
  endfacet
  facet normal 0.921041 0.21637 -0.323832
    outer loop
      vertex 187.663 -25.2143 1.1758798
      vertex 187.962 -25.7241 1.6856698
      vertex 187.663 -25.5748 0.9350098
    endloop
  endfacet
  facet normal 0.700098 -0.396716 0.593699
    outer loop
      vertex 187.663 -32.4252 48.9881698
      vertex 187.111 -32.6364 49.4979698
      vertex 187.111 -33.1759 49.1374698
    endloop
  endfacet
  facet normal 0.921036 -0.382008 -0.0759147
    outer loop
      vertex 187.962 -32.3902 1.9615698
      vertex 187.663 -33.1111 1.9615698
      vertex 187.663 -33.0266 1.5363598
    endloop
  endfacet
  facet normal 0.921044 0.216386 0.323812
    outer loop
      vertex 187.962 -25.7241 48.2374698
      vertex 187.663 -25.5748 48.9881698
      vertex 187.962 -25.8507 48.3220698
    endloop
  endfacet
  facet normal 0.921043 0.075986 -0.381977
    outer loop
      vertex 187.663 -25.5748 0.9350098
      vertex 187.962 -25.8507 1.6010898
      vertex 187.962 -26 1.5713898
    endloop
  endfacet
  facet normal 0.700082 -0.139214 0.70036
    outer loop
      vertex 187.663 -32.4252 48.9881698
      vertex 187.111 -32 49.6244698
      vertex 187.111 -32.6364 49.4979698
    endloop
  endfacet
  facet normal 0.376365 -0.770256 0.514835
    outer loop
      vertex 187.111 -33.5364 48.5979698
      vertex 186.39 -33.387 49.3485698
      vertex 186.39 -33.8123 48.7122698
    endloop
  endfacet
  facet normal -0.921217 -0.323469 -0.216166
    outer loop
      vertex 0.33706 -33.0266 1.5363598
      vertex 0.0384293 -32.2759 1.6856698
      vertex 0.33706 -32.7857 1.1758798
    endloop
  endfacet
  facet normal -0.921216 -0.323467 -0.216173
    outer loop
      vertex 0.33706 -33.0266 1.5363598
      vertex 0.0384293 -32.3605 1.8122598
      vertex 0.0384293 -32.2759 1.6856698
    endloop
  endfacet
  facet normal -0.707144 0.70707 0
    outer loop
      vertex 0.725919 -24.5 1.9615698
      vertex 0.33706 -24.8889 47.9615698
      vertex 0.725919 -24.5 47.9615698
    endloop
  endfacet
  facet normal -0.707144 0.70707 0
    outer loop
      vertex 0.33706 -24.8889 47.9615698
      vertex 0.725919 -24.5 1.9615698
      vertex 0.33706 -24.8889 1.9615698
    endloop
  endfacet
  facet normal -0.921217 0.323469 -0.216166
    outer loop
      vertex 0.33706 -25.2143 1.1758798
      vertex 0.0384293 -25.7241 1.6856698
      vertex 0.33706 -24.9734 1.5363598
    endloop
  endfacet
  facet normal -0.700231 0.593573 -0.39667
    outer loop
      vertex 0.33706 -25.2143 1.1758798
      vertex 0.33706 -24.9734 1.5363598
      vertex 0.888859 -24.8241 0.7856948
    endloop
  endfacet
  facet normal -0.700212 -0.700235 0.139189
    outer loop
      vertex 0.888859 -33.6629 47.9615698
      vertex 0.888859 -33.5364 48.5979698
      vertex 0.33706 -33.0266 48.3867698
    endloop
  endfacet
  facet normal -0.700228 -0.593593 0.396646
    outer loop
      vertex 0.888859 -33.5364 48.5979698
      vertex 0.888859 -33.1759 49.1374698
      vertex 0.33706 -33.0266 48.3867698
    endloop
  endfacet
  facet normal -0.921217 -0.323473 0.21616
    outer loop
      vertex 0.0384293 -32.3605 48.1108698
      vertex 0.33706 -33.0266 48.3867698
      vertex 0.0384293 -32.2759 48.2374698
    endloop
  endfacet
  facet normal 0.700079 -0.700363 -0.139218
    outer loop
      vertex 187.663 -33.0266 1.5363598
      vertex 187.111 -33.6629 1.9615698
      vertex 187.111 -33.5364 1.3251898
    endloop
  endfacet
  facet normal 0.706978 0 -0.707236
    outer loop
      vertex 187.663 -32 0.8504298
      vertex 187.111 -26 0.2986308
      vertex 187.663 -26 0.8504298
    endloop
  endfacet
  facet normal 0.706978 0 -0.707236
    outer loop
      vertex 187.111 -26 0.2986308
      vertex 187.663 -32 0.8504298
      vertex 187.111 -32 0.2986308
    endloop
  endfacet
  facet normal 0.376438 0.908644 -0.180722
    outer loop
      vertex 186.39 -24.0384 1.9615698
      vertex 187.111 -24.3371 1.9615698
      vertex 186.39 -24.1877 1.2109098
    endloop
  endfacet
  facet normal 0.700098 0.700351 0.139181
    outer loop
      vertex 187.111 -24.3371 47.9615698
      vertex 187.663 -24.9734 48.3867698
      vertex 187.663 -24.8889 47.9615698
    endloop
  endfacet
  facet normal 0.376366 0.18074 -0.90867
    outer loop
      vertex 186.39 -25.2493 0.1493158
      vertex 187.111 -25.3636 0.4252148
      vertex 187.111 -26 0.2986308
    endloop
  endfacet
  facet normal 0.37637 0.514763 -0.770302
    outer loop
      vertex 186.39 -25.2493 0.1493158
      vertex 186.39 -24.613 0.5745308
      vertex 187.111 -25.3636 0.4252148
    endloop
  endfacet
  facet normal 0.37637 -0.514763 -0.770302
    outer loop
      vertex 187.111 -32.6364 0.4252148
      vertex 186.39 -33.387 0.5745308
      vertex 186.39 -32.7507 0.1493158
    endloop
  endfacet
  facet normal 0.376266 0.770355 0.51476
    outer loop
      vertex 187.111 -24.4636 48.5979698
      vertex 186.39 -24.613 49.3485698
      vertex 187.111 -24.8241 49.1374698
    endloop
  endfacet
  facet normal 0.923701 -0.383114 0
    outer loop
      vertex 187.663 -33.1111 47.9615698
      vertex 187.962 -32.3902 1.9615698
      vertex 187.962 -32.3902 47.9615698
    endloop
  endfacet
  facet normal 0.923701 -0.383114 0
    outer loop
      vertex 187.962 -32.3902 1.9615698
      vertex 187.663 -33.1111 47.9615698
      vertex 187.663 -33.1111 1.9615698
    endloop
  endfacet
  facet normal 0.921047 -0.0759843 0.381968
    outer loop
      vertex 187.962 -32 48.3517698
      vertex 187.663 -32.4252 48.9881698
      vertex 187.962 -32.1493 48.3220698
    endloop
  endfacet
  facet normal 0.923712 0 -0.383086
    outer loop
      vertex 187.962 -32 1.5713898
      vertex 187.663 -26 0.8504298
      vertex 187.962 -26 1.5713898
    endloop
  endfacet
  facet normal 0.923712 0 -0.383086
    outer loop
      vertex 187.663 -26 0.8504298
      vertex 187.962 -32 1.5713898
      vertex 187.663 -32 0.8504298
    endloop
  endfacet
  facet normal 0.376357 0.770288 -0.514793
    outer loop
      vertex 186.39 -24.1877 1.2109098
      vertex 187.111 -24.4636 1.3251898
      vertex 186.39 -24.613 0.5745308
    endloop
  endfacet
  facet normal 0.376355 -0.908696 -0.180631
    outer loop
      vertex 187.111 -33.5364 1.3251898
      vertex 187.111 -33.6629 1.9615698
      vertex 186.39 -33.8123 1.2109098
    endloop
  endfacet
  facet normal 0.376357 -0.770288 -0.514793
    outer loop
      vertex 186.39 -33.387 0.5745308
      vertex 187.111 -33.5364 1.3251898
      vertex 186.39 -33.8123 1.2109098
    endloop
  endfacet
  facet normal -0.921217 -0.216125 -0.323497
    outer loop
      vertex 0.33706 -32.4252 0.9350098
      vertex 0.0384293 -32.2759 1.6856698
      vertex 0.0384293 -32.1493 1.6010898
    endloop
  endfacet
  facet normal -1 0 0
    outer loop
      vertex 0.0384293 -26 1.5713898
      vertex 0.0384293 -25.6098 1.9615698
      vertex 0.0384293 -25.6395 1.8122598
    endloop
  endfacet
  facet normal -1 0 0
    outer loop
      vertex 0.0384293 -25.6098 1.9615698
      vertex 0.0384293 -32.3902 1.9615698
      vertex 0.0384293 -25.6098 47.9615698
    endloop
  endfacet
  facet normal -1 0 0
    outer loop
      vertex 0.0384293 -26 1.5713898
      vertex 0.0384293 -25.6395 1.8122598
      vertex 0.0384293 -25.7241 1.6856698
    endloop
  endfacet
  facet normal -1 0 0
    outer loop
      vertex 0.0384293 -32.3902 47.9615698
      vertex 0.0384293 -25.6098 47.9615698
      vertex 0.0384293 -32.3902 1.9615698
    endloop
  endfacet
  facet normal -1 0 0
    outer loop
      vertex 0.0384293 -26 1.5713898
      vertex 0.0384293 -25.7241 1.6856698
      vertex 0.0384293 -25.8507 1.6010898
    endloop
  endfacet
  facet normal -1 0 -0
    outer loop
      vertex 0.0384293 -26 48.3517698
      vertex 0.0384293 -25.6098 47.9615698
      vertex 0.0384293 -32.3902 47.9615698
    endloop
  endfacet
  facet normal -1 -0 0
    outer loop
      vertex 0.0384293 -25.6098 1.9615698
      vertex 0.0384293 -26 1.5713898
      vertex 0.0384293 -32.3902 1.9615698
    endloop
  endfacet
  facet normal -1 0 0
    outer loop
      vertex 0.0384293 -25.6098 47.9615698
      vertex 0.0384293 -26 48.3517698
      vertex 0.0384293 -25.6395 48.1108698
    endloop
  endfacet
  facet normal -1 0 0
    outer loop
      vertex 0.0384293 -32.3902 1.9615698
      vertex 0.0384293 -26 1.5713898
      vertex 0.0384293 -32 1.5713898
    endloop
  endfacet
  facet normal -1 0 0
    outer loop
      vertex 0.0384293 -25.6395 48.1108698
      vertex 0.0384293 -26 48.3517698
      vertex 0.0384293 -25.7241 48.2374698
    endloop
  endfacet
  facet normal -1 0 0
    outer loop
      vertex 0.0384293 -32.3902 1.9615698
      vertex 0.0384293 -32 1.5713898
      vertex 0.0384293 -32.1493 1.6010898
    endloop
  endfacet
  facet normal -1 0 0
    outer loop
      vertex 0.0384293 -25.7241 48.2374698
      vertex 0.0384293 -26 48.3517698
      vertex 0.0384293 -25.8507 48.3220698
    endloop
  endfacet
  facet normal -1 0 0
    outer loop
      vertex 0.0384293 -32.3902 1.9615698
      vertex 0.0384293 -32.1493 1.6010898
      vertex 0.0384293 -32.2759 1.6856698
    endloop
  endfacet
  facet normal -1 -0 0
    outer loop
      vertex 0.0384293 -26 48.3517698
      vertex 0.0384293 -32.3902 47.9615698
      vertex 0.0384293 -32 48.3517698
    endloop
  endfacet
  facet normal -1 0 0
    outer loop
      vertex 0.0384293 -32.3902 1.9615698
      vertex 0.0384293 -32.2759 1.6856698
      vertex 0.0384293 -32.3605 1.8122598
    endloop
  endfacet
  facet normal -1 0 0
    outer loop
      vertex 0.0384293 -32 48.3517698
      vertex 0.0384293 -32.3902 47.9615698
      vertex 0.0384293 -32.1493 48.3220698
    endloop
  endfacet
  facet normal -1 0 0
    outer loop
      vertex 0.0384293 -32.1493 48.3220698
      vertex 0.0384293 -32.3902 47.9615698
      vertex 0.0384293 -32.2759 48.2374698
    endloop
  endfacet
  facet normal -1 0 0
    outer loop
      vertex 0.0384293 -32.2759 48.2374698
      vertex 0.0384293 -32.3902 47.9615698
      vertex 0.0384293 -32.3605 48.1108698
    endloop
  endfacet
  facet normal -0.700254 0.70018 0.139253
    outer loop
      vertex 0.33706 -24.8889 47.9615698
      vertex 0.747575 -24.5 48.0704698
      vertex 0.725919 -24.5 47.9615698
    endloop
  endfacet
  facet normal -0.70025 0.700205 0.139152
    outer loop
      vertex 0.747575 -24.5 48.0704698
      vertex 0.33706 -24.8889 47.9615698
      vertex 0.33706 -24.9734 48.3867698
    endloop
  endfacet
  facet normal -0.921208 0.381608 0.0758369
    outer loop
      vertex 0.0384293 -25.6098 47.9615698
      vertex 0.33706 -24.9734 48.3867698
      vertex 0.33706 -24.8889 47.9615698
    endloop
  endfacet
  facet normal 0.376363 -0.180737 -0.908672
    outer loop
      vertex 186.39 -32 0
      vertex 187.111 -32 0.2986308
      vertex 186.39 -32.7507 0.1493158
    endloop
  endfacet
  facet normal 0.700084 0.13931 -0.700339
    outer loop
      vertex 187.111 -26 0.2986308
      vertex 187.663 -25.5748 0.9350098
      vertex 187.663 -26 0.8504298
    endloop
  endfacet
  facet normal 0.706979 0.707235 0
    outer loop
      vertex 187.663 -24.8889 47.9615698
      vertex 187.111 -24.3371 1.9615698
      vertex 187.111 -24.3371 47.9615698
    endloop
  endfacet
  facet normal 0.706979 0.707235 0
    outer loop
      vertex 187.111 -24.3371 1.9615698
      vertex 187.663 -24.8889 47.9615698
      vertex 187.663 -24.8889 1.9615698
    endloop
  endfacet
  facet normal 0.700082 0.139214 0.70036
    outer loop
      vertex 187.111 -25.3636 49.4979698
      vertex 187.111 -26 49.6244698
      vertex 187.663 -25.5748 48.9881698
    endloop
  endfacet
  facet normal 0.376359 0.180625 0.908696
    outer loop
      vertex 187.111 -25.3636 49.4979698
      vertex 186.39 -25.2493 49.7738698
      vertex 187.111 -26 49.6244698
    endloop
  endfacet
  facet normal 0.700082 -0.70036 0.139214
    outer loop
      vertex 187.663 -33.0266 48.3867698
      vertex 187.111 -33.5364 48.5979698
      vertex 187.111 -33.6629 47.9615698
    endloop
  endfacet
  facet normal 0.700098 0.396716 0.593699
    outer loop
      vertex 187.111 -24.8241 49.1374698
      vertex 187.111 -25.3636 49.4979698
      vertex 187.663 -25.5748 48.9881698
    endloop
  endfacet
  facet normal 0.921044 0.323808 -0.216393
    outer loop
      vertex 187.663 -24.9734 1.5363598
      vertex 187.962 -25.7241 1.6856698
      vertex 187.663 -25.2143 1.1758798
    endloop
  endfacet
  facet normal 0.700097 -0.396702 -0.59371
    outer loop
      vertex 187.111 -32.6364 0.4252148
      vertex 187.663 -32.4252 0.9350098
      vertex 187.111 -33.1759 0.7856948
    endloop
  endfacet
  facet normal 0.700088 -0.139301 -0.700337
    outer loop
      vertex 187.111 -32 0.2986308
      vertex 187.663 -32.4252 0.9350098
      vertex 187.111 -32.6364 0.4252148
    endloop
  endfacet
  facet normal 0.921044 0.216351 -0.323836
    outer loop
      vertex 187.663 -25.5748 0.9350098
      vertex 187.962 -25.7241 1.6856698
      vertex 187.962 -25.8507 1.6010898
    endloop
  endfacet
  facet normal -0.70021 0.593738 0.39646
    outer loop
      vertex 0.33706 -24.9734 48.3867698
      vertex 0.888859 -24.5 48.6523698
      vertex 0.849508 -24.5 48.5828698
    endloop
  endfacet
  facet normal -0.700203 0.593641 0.396618
    outer loop
      vertex 0.888859 -24.5 48.6523698
      vertex 0.33706 -24.9734 48.3867698
      vertex 0.888859 -24.8241 49.1374698
    endloop
  endfacet
  facet normal -0.376284 0.770345 0.514762
    outer loop
      vertex 1.0644 -24.5 48.7807698
      vertex 0.888859 -24.8241 49.1374698
      vertex 1.60982 -24.613 49.3485698
    endloop
  endfacet
  facet normal -0.376452 0.770328 0.514664
    outer loop
      vertex 0.888859 -24.8241 49.1374698
      vertex 1.0644 -24.5 48.7807698
      vertex 0.888859 -24.5 48.6523698
    endloop
  endfacet
  facet normal 0.700098 0.700352 -0.139178
    outer loop
      vertex 187.111 -24.3371 1.9615698
      vertex 187.663 -24.8889 1.9615698
      vertex 187.663 -24.9734 1.5363598
    endloop
  endfacet
  facet normal 0.376305 0.770339 -0.514754
    outer loop
      vertex 186.39 -24.613 0.5745308
      vertex 187.111 -24.4636 1.3251898
      vertex 187.111 -24.8241 0.7856948
    endloop
  endfacet
  facet normal 0.376359 -0.908696 0.180625
    outer loop
      vertex 187.111 -33.5364 48.5979698
      vertex 186.39 -33.8123 48.7122698
      vertex 187.111 -33.6629 47.9615698
    endloop
  endfacet
  facet normal 0.706979 -0.707235 0
    outer loop
      vertex 187.111 -33.6629 47.9615698
      vertex 187.663 -33.1111 1.9615698
      vertex 187.663 -33.1111 47.9615698
    endloop
  endfacet
  facet normal 0.706979 -0.707235 0
    outer loop
      vertex 187.663 -33.1111 1.9615698
      vertex 187.111 -33.6629 47.9615698
      vertex 187.111 -33.6629 1.9615698
    endloop
  endfacet
  facet normal 0.376359 -0.180625 0.908696
    outer loop
      vertex 187.111 -32 49.6244698
      vertex 186.39 -32.7507 49.7738698
      vertex 187.111 -32.6364 49.4979698
    endloop
  endfacet
  facet normal 0.376365 -0.514835 0.770256
    outer loop
      vertex 187.111 -32.6364 49.4979698
      vertex 186.39 -32.7507 49.7738698
      vertex 186.39 -33.387 49.3485698
    endloop
  endfacet
  facet normal 0.38274 0.923856 -0
    outer loop
      vertex 187.111 -24.3371 1.9615698
      vertex 186.39 -24.0384 47.9615698
      vertex 187.111 -24.3371 47.9615698
    endloop
  endfacet
  facet normal 0.38274 0.923856 0
    outer loop
      vertex 186.39 -24.0384 47.9615698
      vertex 187.111 -24.3371 1.9615698
      vertex 186.39 -24.0384 1.9615698
    endloop
  endfacet
  facet normal 0.700082 0.70036 0.139214
    outer loop
      vertex 187.111 -24.3371 47.9615698
      vertex 187.111 -24.4636 48.5979698
      vertex 187.663 -24.9734 48.3867698
    endloop
  endfacet
  facet normal 0.700098 0.139181 0.700351
    outer loop
      vertex 187.663 -25.5748 48.9881698
      vertex 187.111 -26 49.6244698
      vertex 187.663 -26 49.0726698
    endloop
  endfacet
  facet normal 0.921036 0.382008 0.0759165
    outer loop
      vertex 187.663 -24.8889 47.9615698
      vertex 187.663 -24.9734 48.3867698
      vertex 187.962 -25.6098 47.9615698
    endloop
  endfacet
  facet normal 0.700079 0.700363 -0.139218
    outer loop
      vertex 187.111 -24.4636 1.3251898
      vertex 187.111 -24.3371 1.9615698
      vertex 187.663 -24.9734 1.5363598
    endloop
  endfacet
  facet normal 0.921043 -0.075986 -0.381977
    outer loop
      vertex 187.962 -32 1.5713898
      vertex 187.962 -32.1493 1.6010898
      vertex 187.663 -32.4252 0.9350098
    endloop
  endfacet
  facet normal 0.700101 -0.593679 -0.396741
    outer loop
      vertex 187.663 -32.7857 1.1758798
      vertex 187.663 -33.0266 1.5363598
      vertex 187.111 -33.1759 0.7856948
    endloop
  endfacet
  facet normal 0.706979 -0 0.707235
    outer loop
      vertex 187.111 -32 49.6244698
      vertex 187.663 -26 49.0726698
      vertex 187.111 -26 49.6244698
    endloop
  endfacet
  facet normal 0.706979 0 0.707235
    outer loop
      vertex 187.663 -26 49.0726698
      vertex 187.111 -32 49.6244698
      vertex 187.663 -32 49.0726698
    endloop
  endfacet
  facet normal 0.700098 -0.593699 0.396716
    outer loop
      vertex 187.663 -33.0266 48.3867698
      vertex 187.111 -33.1759 49.1374698
      vertex 187.111 -33.5364 48.5979698
    endloop
  endfacet
  facet normal 0.700105 -0.396724 0.593686
    outer loop
      vertex 187.663 -32.4252 48.9881698
      vertex 187.111 -33.1759 49.1374698
      vertex 187.663 -32.7857 48.7472698
    endloop
  endfacet
  facet normal 0.376439 -0.908646 0.180712
    outer loop
      vertex 187.111 -33.6629 47.9615698
      vertex 186.39 -33.8123 48.7122698
      vertex 186.39 -33.9616 47.9615698
    endloop
  endfacet
  facet normal 0.38274 -0.923856 0
    outer loop
      vertex 186.39 -33.9616 1.9615698
      vertex 187.111 -33.6629 47.9615698
      vertex 186.39 -33.9616 47.9615698
    endloop
  endfacet
  facet normal 0.38274 -0.923856 0
    outer loop
      vertex 187.111 -33.6629 47.9615698
      vertex 186.39 -33.9616 1.9615698
      vertex 187.111 -33.6629 1.9615698
    endloop
  endfacet
  facet normal 0.700098 -0.700352 -0.139178
    outer loop
      vertex 187.663 -33.1111 1.9615698
      vertex 187.111 -33.6629 1.9615698
      vertex 187.663 -33.0266 1.5363598
    endloop
  endfacet
  facet normal 0.921044 -0.323808 -0.216393
    outer loop
      vertex 187.663 -32.7857 1.1758798
      vertex 187.962 -32.2759 1.6856698
      vertex 187.663 -33.0266 1.5363598
    endloop
  endfacet
  facet normal 0.921041 -0.21637 -0.323832
    outer loop
      vertex 187.663 -32.4252 0.9350098
      vertex 187.962 -32.2759 1.6856698
      vertex 187.663 -32.7857 1.1758798
    endloop
  endfacet
  facet normal 0.376439 0.180712 0.908646
    outer loop
      vertex 186.39 -25.2493 49.7738698
      vertex 186.39 -26 49.9231698
      vertex 187.111 -26 49.6244698
    endloop
  endfacet
  facet normal 0.376359 0.908696 0.180625
    outer loop
      vertex 187.111 -24.3371 47.9615698
      vertex 186.39 -24.1877 48.7122698
      vertex 187.111 -24.4636 48.5979698
    endloop
  endfacet
  facet normal 0.376365 0.770256 0.514835
    outer loop
      vertex 186.39 -24.1877 48.7122698
      vertex 186.39 -24.613 49.3485698
      vertex 187.111 -24.4636 48.5979698
    endloop
  endfacet
  facet normal 0.700101 0.593679 -0.396741
    outer loop
      vertex 187.111 -24.8241 0.7856948
      vertex 187.663 -24.9734 1.5363598
      vertex 187.663 -25.2143 1.1758798
    endloop
  endfacet
  facet normal 0.700087 -0.593707 -0.396725
    outer loop
      vertex 187.111 -33.1759 0.7856948
      vertex 187.663 -33.0266 1.5363598
      vertex 187.111 -33.5364 1.3251898
    endloop
  endfacet
  facet normal 0.376305 -0.770339 -0.514754
    outer loop
      vertex 187.111 -33.1759 0.7856948
      vertex 187.111 -33.5364 1.3251898
      vertex 186.39 -33.387 0.5745308
    endloop
  endfacet
  facet normal 0.921044 -0.216351 -0.323836
    outer loop
      vertex 187.962 -32.1493 1.6010898
      vertex 187.962 -32.2759 1.6856698
      vertex 187.663 -32.4252 0.9350098
    endloop
  endfacet
  facet normal 0.921047 -0.381968 0.0759843
    outer loop
      vertex 187.962 -32.3605 48.1108698
      vertex 187.663 -33.0266 48.3867698
      vertex 187.962 -32.3902 47.9615698
    endloop
  endfacet
  facet normal 0.700098 -0.700351 0.139181
    outer loop
      vertex 187.663 -33.1111 47.9615698
      vertex 187.663 -33.0266 48.3867698
      vertex 187.111 -33.6629 47.9615698
    endloop
  endfacet
  facet normal 0.376266 -0.770355 0.51476
    outer loop
      vertex 187.111 -33.1759 49.1374698
      vertex 186.39 -33.387 49.3485698
      vertex 187.111 -33.5364 48.5979698
    endloop
  endfacet
  facet normal 0.921046 -0.38197 -0.0759795
    outer loop
      vertex 187.962 -32.3605 1.8122598
      vertex 187.962 -32.3902 1.9615698
      vertex 187.663 -33.0266 1.5363598
    endloop
  endfacet
  facet normal 0.921043 -0.323806 -0.216399
    outer loop
      vertex 187.962 -32.2759 1.6856698
      vertex 187.962 -32.3605 1.8122598
      vertex 187.663 -33.0266 1.5363598
    endloop
  endfacet
  facet normal 0.923701 -0 0.383114
    outer loop
      vertex 187.663 -32 49.0726698
      vertex 187.962 -26 48.3517698
      vertex 187.663 -26 49.0726698
    endloop
  endfacet
  facet normal 0.923701 0 0.383114
    outer loop
      vertex 187.962 -26 48.3517698
      vertex 187.663 -32 49.0726698
      vertex 187.962 -32 48.3517698
    endloop
  endfacet
  facet normal 0.921036 0.382008 -0.0759147
    outer loop
      vertex 187.663 -24.8889 1.9615698
      vertex 187.962 -25.6098 1.9615698
      vertex 187.663 -24.9734 1.5363598
    endloop
  endfacet
  facet normal 0.921046 0.38197 -0.0759795
    outer loop
      vertex 187.663 -24.9734 1.5363598
      vertex 187.962 -25.6098 1.9615698
      vertex 187.962 -25.6395 1.8122598
    endloop
  endfacet
  facet normal 0.921047 0.381968 0.0759843
    outer loop
      vertex 187.962 -25.6098 47.9615698
      vertex 187.663 -24.9734 48.3867698
      vertex 187.962 -25.6395 48.1108698
    endloop
  endfacet
  facet normal 0.921044 -0.216386 0.323812
    outer loop
      vertex 187.962 -32.1493 48.3220698
      vertex 187.663 -32.4252 48.9881698
      vertex 187.962 -32.2759 48.2374698
    endloop
  endfacet
  facet normal 0.921044 -0.323812 0.216386
    outer loop
      vertex 187.962 -32.2759 48.2374698
      vertex 187.663 -33.0266 48.3867698
      vertex 187.962 -32.3605 48.1108698
    endloop
  endfacet
  facet normal 0.700105 0.593686 0.396724
    outer loop
      vertex 187.663 -24.9734 48.3867698
      vertex 187.111 -24.8241 49.1374698
      vertex 187.663 -25.2143 48.7472698
    endloop
  endfacet
  facet normal 0.700105 -0.593686 0.396724
    outer loop
      vertex 187.663 -32.7857 48.7472698
      vertex 187.111 -33.1759 49.1374698
      vertex 187.663 -33.0266 48.3867698
    endloop
  endfacet
  facet normal 0.921047 0.0759843 0.381968
    outer loop
      vertex 187.962 -25.8507 48.3220698
      vertex 187.663 -25.5748 48.9881698
      vertex 187.962 -26 48.3517698
    endloop
  endfacet
  facet normal 1 0 0
    outer loop
      vertex 187.962 -26 48.3517698
      vertex 187.962 -25.6098 47.9615698
      vertex 187.962 -25.6395 48.1108698
    endloop
  endfacet
  facet normal 1 0 0
    outer loop
      vertex 187.962 -25.6098 47.9615698
      vertex 187.962 -32.3902 47.9615698
      vertex 187.962 -25.6098 1.9615698
    endloop
  endfacet
  facet normal 1 0 0
    outer loop
      vertex 187.962 -26 48.3517698
      vertex 187.962 -25.6395 48.1108698
      vertex 187.962 -25.7241 48.2374698
    endloop
  endfacet
  facet normal 1 0 0
    outer loop
      vertex 187.962 -32.3902 1.9615698
      vertex 187.962 -25.6098 1.9615698
      vertex 187.962 -32.3902 47.9615698
    endloop
  endfacet
  facet normal 1 0 0
    outer loop
      vertex 187.962 -26 48.3517698
      vertex 187.962 -25.7241 48.2374698
      vertex 187.962 -25.8507 48.3220698
    endloop
  endfacet
  facet normal 1 0 -0
    outer loop
      vertex 187.962 -26 1.5713898
      vertex 187.962 -25.6098 1.9615698
      vertex 187.962 -32.3902 1.9615698
    endloop
  endfacet
  facet normal 1 0 0
    outer loop
      vertex 187.962 -25.6098 47.9615698
      vertex 187.962 -26 48.3517698
      vertex 187.962 -32.3902 47.9615698
    endloop
  endfacet
  facet normal 1 0 0
    outer loop
      vertex 187.962 -25.6098 1.9615698
      vertex 187.962 -26 1.5713898
      vertex 187.962 -25.6395 1.8122598
    endloop
  endfacet
  facet normal 1 0 0
    outer loop
      vertex 187.962 -32.3902 47.9615698
      vertex 187.962 -26 48.3517698
      vertex 187.962 -32 48.3517698
    endloop
  endfacet
  facet normal 1 0 0
    outer loop
      vertex 187.962 -25.6395 1.8122598
      vertex 187.962 -26 1.5713898
      vertex 187.962 -25.7241 1.6856698
    endloop
  endfacet
  facet normal 1 0 0
    outer loop
      vertex 187.962 -32.3902 47.9615698
      vertex 187.962 -32 48.3517698
      vertex 187.962 -32.1493 48.3220698
    endloop
  endfacet
  facet normal 1 0 0
    outer loop
      vertex 187.962 -25.7241 1.6856698
      vertex 187.962 -26 1.5713898
      vertex 187.962 -25.8507 1.6010898
    endloop
  endfacet
  facet normal 1 0 0
    outer loop
      vertex 187.962 -32.3902 47.9615698
      vertex 187.962 -32.1493 48.3220698
      vertex 187.962 -32.2759 48.2374698
    endloop
  endfacet
  facet normal 1 0 0
    outer loop
      vertex 187.962 -26 1.5713898
      vertex 187.962 -32.3902 1.9615698
      vertex 187.962 -32 1.5713898
    endloop
  endfacet
  facet normal 1 0 0
    outer loop
      vertex 187.962 -32.3902 47.9615698
      vertex 187.962 -32.2759 48.2374698
      vertex 187.962 -32.3605 48.1108698
    endloop
  endfacet
  facet normal 1 0 0
    outer loop
      vertex 187.962 -32 1.5713898
      vertex 187.962 -32.3902 1.9615698
      vertex 187.962 -32.1493 1.6010898
    endloop
  endfacet
  facet normal 1 0 0
    outer loop
      vertex 187.962 -32.1493 1.6010898
      vertex 187.962 -32.3902 1.9615698
      vertex 187.962 -32.2759 1.6856698
    endloop
  endfacet
  facet normal 1 0 0
    outer loop
      vertex 187.962 -32.2759 1.6856698
      vertex 187.962 -32.3902 1.9615698
      vertex 187.962 -32.3605 1.8122598
    endloop
  endfacet
  facet normal 0.376266 0.51476 0.770355
    outer loop
      vertex 186.39 -24.613 49.3485698
      vertex 187.111 -25.3636 49.4979698
      vertex 187.111 -24.8241 49.1374698
    endloop
  endfacet
  facet normal 0.376365 0.514835 0.770256
    outer loop
      vertex 186.39 -24.613 49.3485698
      vertex 186.39 -25.2493 49.7738698
      vertex 187.111 -25.3636 49.4979698
    endloop
  endfacet
  facet normal 0.700098 -0.139181 0.700351
    outer loop
      vertex 187.663 -32 49.0726698
      vertex 187.111 -32 49.6244698
      vertex 187.663 -32.4252 48.9881698
    endloop
  endfacet
  facet normal 0.921036 -0.0759165 0.382008
    outer loop
      vertex 187.962 -32 48.3517698
      vertex 187.663 -32 49.0726698
      vertex 187.663 -32.4252 48.9881698
    endloop
  endfacet
  facet normal 0.921045 -0.323813 0.216384
    outer loop
      vertex 187.962 -32.2759 48.2374698
      vertex 187.663 -32.7857 48.7472698
      vertex 187.663 -33.0266 48.3867698
    endloop
  endfacet
  facet normal 0.921045 -0.216384 0.323813
    outer loop
      vertex 187.962 -32.2759 48.2374698
      vertex 187.663 -32.4252 48.9881698
      vertex 187.663 -32.7857 48.7472698
    endloop
  endfacet
  facet normal 0.921044 0.323812 0.216386
    outer loop
      vertex 187.962 -25.6395 48.1108698
      vertex 187.663 -24.9734 48.3867698
      vertex 187.962 -25.7241 48.2374698
    endloop
  endfacet
  facet normal 0.700105 0.396724 0.593686
    outer loop
      vertex 187.663 -25.2143 48.7472698
      vertex 187.111 -24.8241 49.1374698
      vertex 187.663 -25.5748 48.9881698
    endloop
  endfacet
  facet normal 0.921045 0.216384 0.323813
    outer loop
      vertex 187.663 -25.2143 48.7472698
      vertex 187.663 -25.5748 48.9881698
      vertex 187.962 -25.7241 48.2374698
    endloop
  endfacet
  facet normal 0.921045 0.323813 0.216384
    outer loop
      vertex 187.663 -24.9734 48.3867698
      vertex 187.663 -25.2143 48.7472698
      vertex 187.962 -25.7241 48.2374698
    endloop
  endfacet
  facet normal 0.376383 0.514831 0.77025
    outer loop
      vertex 6.39018 21.387 49.3485698
      vertex 6.39018 20.7507 49.7738698
      vertex 7.11114 20.6364 49.4979698
    endloop
  endfacet
  facet normal -0.376459 -0.770218 -0.514824
    outer loop
      vertex 1.60982 -24.5 0.7435878
      vertex 1.0644 -24.5 1.1424198
      vertex 1.60982 -24.387 0.5745308
    endloop
  endfacet
  facet normal -0.921217 0.21616 0.323473
    outer loop
      vertex 0.0384293 20.1493 48.3220698
      vertex 0.33706 20.4252 48.9881698
      vertex 0.0384293 20.2759 48.2374698
    endloop
  endfacet
  facet normal 0.376284 0.514756 0.770349
    outer loop
      vertex 6.39018 21.387 49.3485698
      vertex 7.11114 20.6364 49.4979698
      vertex 7.11114 21.1759 49.1374698
    endloop
  endfacet
  facet normal -1 0 0
    outer loop
      vertex 0.0384293 20 1.5713898
      vertex 0.0384293 20.3902 1.9615698
      vertex 0.0384293 20.3605 1.8122598
    endloop
  endfacet
  facet normal -1 0 0
    outer loop
      vertex 0.0384293 -23.3902 1.9615698
      vertex 0.0384293 20.3902 1.9615698
      vertex 0.0384293 20 1.5713898
    endloop
  endfacet
  facet normal -1 0 0
    outer loop
      vertex 0.0384293 20 1.5713898
      vertex 0.0384293 20.3605 1.8122598
      vertex 0.0384293 20.2759 1.6856698
    endloop
  endfacet
  facet normal -1 0 0
    outer loop
      vertex 0.0384293 20.3902 1.9615698
      vertex 0.0384293 -23.3902 1.9615698
      vertex 0.0384293 20.3902 47.9615698
    endloop
  endfacet
  facet normal -1 0 0
    outer loop
      vertex 0.0384293 20 1.5713898
      vertex 0.0384293 20.2759 1.6856698
      vertex 0.0384293 20.1493 1.6010898
    endloop
  endfacet
  facet normal -1 0 0
    outer loop
      vertex 0.0384293 20.3902 47.9615698
      vertex 0.0384293 20 48.3517698
      vertex 0.0384293 20.3605 48.1108698
    endloop
  endfacet
  facet normal -1 0 0
    outer loop
      vertex 0.0384293 20.3605 48.1108698
      vertex 0.0384293 20 48.3517698
      vertex 0.0384293 20.2759 48.2374698
    endloop
  endfacet
  facet normal -1 0 0
    outer loop
      vertex 0.0384293 20.2759 48.2374698
      vertex 0.0384293 20 48.3517698
      vertex 0.0384293 20.1493 48.3220698
    endloop
  endfacet
  facet normal -1 0 0
    outer loop
      vertex 0.0384293 -23.3902 1.9615698
      vertex 0.0384293 20 1.5713898
      vertex 0.0384293 -23 1.5713898
    endloop
  endfacet
  facet normal -1 0 0
    outer loop
      vertex 0.0384293 -23.3902 47.9615698
      vertex 0.0384293 20.3902 47.9615698
      vertex 0.0384293 -23.3902 1.9615698
    endloop
  endfacet
  facet normal -1 0 0
    outer loop
      vertex 0.0384293 -23.3902 1.9615698
      vertex 0.0384293 -23 1.5713898
      vertex 0.0384293 -23.1493 1.6010898
    endloop
  endfacet
  facet normal -1 0 0
    outer loop
      vertex 0.0384293 20.3902 47.9615698
      vertex 0.0384293 -23.3902 47.9615698
      vertex 0.0384293 20 48.3517698
    endloop
  endfacet
  facet normal -1 0 0
    outer loop
      vertex 0.0384293 -23.3902 1.9615698
      vertex 0.0384293 -23.1493 1.6010898
      vertex 0.0384293 -23.2759 1.6856698
    endloop
  endfacet
  facet normal -1 -0 0
    outer loop
      vertex 0.0384293 20 48.3517698
      vertex 0.0384293 -23.3902 47.9615698
      vertex 0.0384293 -23 48.3517698
    endloop
  endfacet
  facet normal -1 0 0
    outer loop
      vertex 0.0384293 -23.3902 1.9615698
      vertex 0.0384293 -23.2759 1.6856698
      vertex 0.0384293 -23.3605 1.8122598
    endloop
  endfacet
  facet normal -1 0 0
    outer loop
      vertex 0.0384293 -23 48.3517698
      vertex 0.0384293 -23.3902 47.9615698
      vertex 0.0384293 -23.1493 48.3220698
    endloop
  endfacet
  facet normal -1 0 0
    outer loop
      vertex 0.0384293 -23.1493 48.3220698
      vertex 0.0384293 -23.3902 47.9615698
      vertex 0.0384293 -23.2759 48.2374698
    endloop
  endfacet
  facet normal -1 0 0
    outer loop
      vertex 0.0384293 -23.2759 48.2374698
      vertex 0.0384293 -23.3902 47.9615698
      vertex 0.0384293 -23.3605 48.1108698
    endloop
  endfacet
  facet normal 0.376315 -0.770266 -0.514856
    outer loop
      vertex 6.39018 -24.387 0.5745308
      vertex 6.64042 -24.4389 0.8350808
      vertex 6.39018 -24.5 0.7435878
    endloop
  endfacet
  facet normal 0.700231 0.593573 -0.396671
    outer loop
      vertex 7.11114 21.1759 0.7856948
      vertex 7.66294 21.0266 1.5363598
      vertex 7.66294 20.7857 1.1758798
    endloop
  endfacet
  facet normal 0 0.831418 -0.555647
    outer loop
      vertex 6.39018 21.387 0.5745308
      vertex 1.60982 21.8123 1.2109098
      vertex 6.39018 21.8123 1.2109098
    endloop
  endfacet
  facet normal 0 0.831418 -0.555647
    outer loop
      vertex 1.60982 21.8123 1.2109098
      vertex 6.39018 21.387 0.5745308
      vertex 1.60982 21.387 0.5745308
    endloop
  endfacet
  facet normal 0 -0.195061 0.980791
    outer loop
      vertex 1.60982 -23 49.9231698
      vertex 6.39018 -23.7507 49.7738698
      vertex 6.39018 -23 49.9231698
    endloop
  endfacet
  facet normal 0 -0.195061 0.980791
    outer loop
      vertex 6.39018 -23.7507 49.7738698
      vertex 1.60982 -23 49.9231698
      vertex 1.60982 -23.7507 49.7738698
    endloop
  endfacet
  facet normal 0.700212 0.139189 0.700236
    outer loop
      vertex 7.11114 20.6364 49.4979698
      vertex 7.11114 20 49.6244698
      vertex 7.66294 20.4252 48.9881698
    endloop
  endfacet
  facet normal 0.376377 0.180624 0.908689
    outer loop
      vertex 7.11114 20.6364 49.4979698
      vertex 6.39018 20.7507 49.7738698
      vertex 7.11114 20 49.6244698
    endloop
  endfacet
  facet normal 0.700213 0.139285 -0.700215
    outer loop
      vertex 7.11114 20 0.2986308
      vertex 7.66294 20.4252 0.9350098
      vertex 7.66294 20 0.8504298
    endloop
  endfacet
  facet normal 0.700218 -0.139277 -0.700212
    outer loop
      vertex 7.11114 -23 0.2986308
      vertex 7.66294 -23.4252 0.9350098
      vertex 7.11114 -23.6364 0.4252148
    endloop
  endfacet
  facet normal -0.700228 -0.139156 0.700226
    outer loop
      vertex 0.33706 -23.4252 48.9881698
      vertex 0.888859 -23 49.6244698
      vertex 0.33706 -23 49.0726698
    endloop
  endfacet
  facet normal 0.376383 0.77025 0.514831
    outer loop
      vertex 6.39018 21.8123 48.7122698
      vertex 6.39018 21.387 49.3485698
      vertex 7.11114 21.5364 48.5979698
    endloop
  endfacet
  facet normal -0 0.195061 0.980791
    outer loop
      vertex 1.60982 20.7507 49.7738698
      vertex 6.39018 20 49.9231698
      vertex 6.39018 20.7507 49.7738698
    endloop
  endfacet
  facet normal 0 0.195061 0.980791
    outer loop
      vertex 6.39018 20 49.9231698
      vertex 1.60982 20.7507 49.7738698
      vertex 1.60982 20 49.9231698
    endloop
  endfacet
  facet normal 0.382758 0.923848 -0
    outer loop
      vertex 7.11114 21.6629 1.9615698
      vertex 6.39018 21.9616 47.9615698
      vertex 7.11114 21.6629 47.9615698
    endloop
  endfacet
  facet normal 0.382758 0.923848 0
    outer loop
      vertex 6.39018 21.9616 47.9615698
      vertex 7.11114 21.6629 1.9615698
      vertex 6.39018 21.9616 1.9615698
    endloop
  endfacet
  facet normal 0 -0.555695 0.831386
    outer loop
      vertex 1.60982 -23.7507 49.7738698
      vertex 6.39018 -24.387 49.3485698
      vertex 6.39018 -23.7507 49.7738698
    endloop
  endfacet
  facet normal 0 -0.555695 0.831386
    outer loop
      vertex 6.39018 -24.387 49.3485698
      vertex 1.60982 -23.7507 49.7738698
      vertex 1.60982 -24.387 49.3485698
    endloop
  endfacet
  facet normal 0.376384 -0.180739 -0.908663
    outer loop
      vertex 7.11114 -23 0.2986308
      vertex 7.11114 -23.6364 0.4252148
      vertex 6.39018 -23.7507 0.1493158
    endloop
  endfacet
  facet normal -0 0 1
    outer loop
      vertex 1.60982 20 49.9231698
      vertex 6.39018 -23 49.9231698
      vertex 6.39018 20 49.9231698
    endloop
  endfacet
  facet normal 0 0 1
    outer loop
      vertex 6.39018 -23 49.9231698
      vertex 1.60982 20 49.9231698
      vertex 1.60982 -23 49.9231698
    endloop
  endfacet
  facet normal -0.921216 -0.323467 -0.216173
    outer loop
      vertex 0.33706 -24.0266 1.5363598
      vertex 0.0384293 -23.3605 1.8122598
      vertex 0.0384293 -23.2759 1.6856698
    endloop
  endfacet
  facet normal -0.921219 0.0759046 0.381568
    outer loop
      vertex 0.0384293 20 48.3517698
      vertex 0.33706 20.4252 48.9881698
      vertex 0.0384293 20.1493 48.3220698
    endloop
  endfacet
  facet normal 0.376377 0.908689 0.180624
    outer loop
      vertex 7.11114 21.6629 47.9615698
      vertex 6.39018 21.8123 48.7122698
      vertex 7.11114 21.5364 48.5979698
    endloop
  endfacet
  facet normal 0 -0.195081 -0.980787
    outer loop
      vertex 1.60982 -23.7507 0.1493158
      vertex 6.39018 -23 0
      vertex 6.39018 -23.7507 0.1493158
    endloop
  endfacet
  facet normal -0 -0.195081 -0.980787
    outer loop
      vertex 6.39018 -23 0
      vertex 1.60982 -23.7507 0.1493158
      vertex 1.60982 -23 0
    endloop
  endfacet
  facet normal 0.376381 0.180735 -0.908665
    outer loop
      vertex 6.39018 20.7507 0.1493158
      vertex 7.11114 20 0.2986308
      vertex 6.39018 20 0
    endloop
  endfacet
  facet normal -0.700212 0.139189 0.700235
    outer loop
      vertex 0.33706 20.4252 48.9881698
      vertex 0.888859 20 49.6244698
      vertex 0.888859 20.6364 49.4979698
    endloop
  endfacet
  facet normal -0.376456 0.180711 0.908639
    outer loop
      vertex 0.888859 20 49.6244698
      vertex 1.60982 20 49.9231698
      vertex 1.60982 20.7507 49.7738698
    endloop
  endfacet
  facet normal -0.376456 0.908639 0.180711
    outer loop
      vertex 0.888859 21.6629 47.9615698
      vertex 1.60982 21.8123 48.7122698
      vertex 1.60982 21.9616 47.9615698
    endloop
  endfacet
  facet normal -0.921219 -0.0759046 0.381568
    outer loop
      vertex 0.0384293 -23.1493 48.3220698
      vertex 0.33706 -23.4252 48.9881698
      vertex 0.0384293 -23 48.3517698
    endloop
  endfacet
  facet normal -0.921217 0.323473 0.216157
    outer loop
      vertex 0.0384293 20.2759 48.2374698
      vertex 0.33706 20.7857 48.7472698
      vertex 0.33706 21.0266 48.3867698
    endloop
  endfacet
  facet normal 0.376284 -0.514756 0.770349
    outer loop
      vertex 7.11114 -24.1759 49.1374698
      vertex 7.11114 -23.6364 49.4979698
      vertex 6.39018 -24.387 49.3485698
    endloop
  endfacet
  facet normal 0.376457 0.180711 0.908638
    outer loop
      vertex 6.39018 20.7507 49.7738698
      vertex 6.39018 20 49.9231698
      vertex 7.11114 20 49.6244698
    endloop
  endfacet
  facet normal -0.382758 0 0.923849
    outer loop
      vertex 0.888859 20 49.6244698
      vertex 1.60982 -23 49.9231698
      vertex 1.60982 20 49.9231698
    endloop
  endfacet
  facet normal -0.382758 0 0.923849
    outer loop
      vertex 1.60982 -23 49.9231698
      vertex 0.888859 20 49.6244698
      vertex 0.888859 -23 49.6244698
    endloop
  endfacet
  facet normal 0.700228 0.593594 0.396646
    outer loop
      vertex 7.11114 21.5364 48.5979698
      vertex 7.11114 21.1759 49.1374698
      vertex 7.66294 21.0266 48.3867698
    endloop
  endfacet
  facet normal 0.376284 0.770349 0.514756
    outer loop
      vertex 7.11114 21.5364 48.5979698
      vertex 6.39018 21.387 49.3485698
      vertex 7.11114 21.1759 49.1374698
    endloop
  endfacet
  facet normal 0.700234 0.396653 0.593581
    outer loop
      vertex 7.66294 20.7857 48.7472698
      vertex 7.11114 21.1759 49.1374698
      vertex 7.66294 20.4252 48.9881698
    endloop
  endfacet
  facet normal 0.921217 -0.216157 0.323473
    outer loop
      vertex 7.96157 -23.2759 48.2374698
      vertex 7.66294 -23.4252 48.9881698
      vertex 7.66294 -23.7857 48.7472698
    endloop
  endfacet
  facet normal 0.700234 0.593581 0.396653
    outer loop
      vertex 7.66294 21.0266 48.3867698
      vertex 7.11114 21.1759 49.1374698
      vertex 7.66294 20.7857 48.7472698
    endloop
  endfacet
  facet normal 0.700228 0.396646 0.593594
    outer loop
      vertex 7.11114 21.1759 49.1374698
      vertex 7.11114 20.6364 49.4979698
      vertex 7.66294 20.4252 48.9881698
    endloop
  endfacet
  facet normal 0.923869 -1.38094e-06 0.382709
    outer loop
      vertex 7.66294 20 49.0726698
      vertex 7.90878 9.93185 48.4791698
      vertex 7.96157 20 48.3517698
    endloop
  endfacet
  facet normal 0.923877 0 0.382689
    outer loop
      vertex 7.90878 9.93185 48.4791698
      vertex 7.66294 20 49.0726698
      vertex 7.66294 9.58919 49.0726698
    endloop
  endfacet
  facet normal 0.92383 0 0.382802
    outer loop
      vertex 7.96157 20 48.3517698
      vertex 7.90878 9.93185 48.4791698
      vertex 7.96157 9.93185 48.3517698
    endloop
  endfacet
  facet normal 0.923877 -0 0.382689
    outer loop
      vertex 7.66294 -23 49.0726698
      vertex 7.90878 -1.93185 48.4791698
      vertex 7.66294 -1.58919 49.0726698
    endloop
  endfacet
  facet normal 0.923869 6.59931e-07 0.382709
    outer loop
      vertex 7.96157 -23 48.3517698
      vertex 7.90878 -1.93185 48.4791698
      vertex 7.66294 -23 49.0726698
    endloop
  endfacet
  facet normal 0.92383 0 0.382802
    outer loop
      vertex 7.90878 -1.93185 48.4791698
      vertex 7.96157 -23 48.3517698
      vertex 7.96157 -1.93185 48.3517698
    endloop
  endfacet
  facet normal 0.923894 0 -0.382648
    outer loop
      vertex 7.96157 -1.93185 1.5713898
      vertex 7.96157 -23 1.5713898
      vertex 7.90878 -1.93185 1.4439298
    endloop
  endfacet
  facet normal 0.92388 -2.373e-07 -0.382682
    outer loop
      vertex 7.66294 -23 0.8504298
      vertex 7.90878 -1.93185 1.4439298
      vertex 7.96157 -23 1.5713898
    endloop
  endfacet
  facet normal 0.923877 0 -0.382689
    outer loop
      vertex 7.90878 -1.93185 1.4439298
      vertex 7.66294 -23 0.8504298
      vertex 7.66294 -1.58919 0.8504298
    endloop
  endfacet
  facet normal 0.923894 0 -0.382648
    outer loop
      vertex 7.90878 9.93185 1.4439298
      vertex 7.96157 20 1.5713898
      vertex 7.96157 9.93185 1.5713898
    endloop
  endfacet
  facet normal 0.92388 4.96564e-07 -0.382682
    outer loop
      vertex 7.96157 20 1.5713898
      vertex 7.90878 9.93185 1.4439298
      vertex 7.66294 20 0.8504298
    endloop
  endfacet
  facet normal 0.923877 0 -0.382689
    outer loop
      vertex 7.66294 20 0.8504298
      vertex 7.90878 9.93185 1.4439298
      vertex 7.66294 9.58919 0.8504298
    endloop
  endfacet
  facet normal -0.921217 -0.323473 0.21616
    outer loop
      vertex 0.0384293 -23.3605 48.1108698
      vertex 0.33706 -24.0266 48.3867698
      vertex 0.0384293 -23.2759 48.2374698
    endloop
  endfacet
  facet normal -0.921217 -0.216125 -0.323497
    outer loop
      vertex 0.33706 -23.4252 0.9350098
      vertex 0.0384293 -23.2759 1.6856698
      vertex 0.0384293 -23.1493 1.6010898
    endloop
  endfacet
  facet normal -0.700214 0.139285 -0.700214
    outer loop
      vertex 0.33706 20 0.8504298
      vertex 0.33706 20.4252 0.9350098
      vertex 0.888859 20 0.2986308
    endloop
  endfacet
  facet normal 0 0.831386 0.555695
    outer loop
      vertex 6.39018 21.8123 48.7122698
      vertex 1.60982 21.387 49.3485698
      vertex 6.39018 21.387 49.3485698
    endloop
  endfacet
  facet normal 0 0.831386 0.555695
    outer loop
      vertex 1.60982 21.387 49.3485698
      vertex 6.39018 21.8123 48.7122698
      vertex 1.60982 21.8123 48.7122698
    endloop
  endfacet
  facet normal -0.700209 0.700238 -0.139194
    outer loop
      vertex 0.33706 21.0266 1.5363598
      vertex 0.888859 21.6629 1.9615698
      vertex 0.888859 21.5364 1.3251898
    endloop
  endfacet
  facet normal -0.923869 -0.38271 0
    outer loop
      vertex 0.33706 -24.1111 1.9615698
      vertex 0.0384293 -23.3902 47.9615698
      vertex 0.0384293 -23.3902 1.9615698
    endloop
  endfacet
  facet normal -0.923869 -0.38271 0
    outer loop
      vertex 0.0384293 -23.3902 47.9615698
      vertex 0.33706 -24.1111 1.9615698
      vertex 0.33706 -24.1111 47.9615698
    endloop
  endfacet
  facet normal -0.376376 -0.180624 0.908689
    outer loop
      vertex 0.888859 -23.6364 49.4979698
      vertex 1.60982 -23.7507 49.7738698
      vertex 0.888859 -23 49.6244698
    endloop
  endfacet
  facet normal -0.70025 -0.700177 -0.139291
    outer loop
      vertex 0.33706 -24.1111 1.9615698
      vertex 0.747575 -24.5 1.8526998
      vertex 0.725919 -24.5 1.9615698
    endloop
  endfacet
  facet normal -0.700245 -0.70021 -0.13915
    outer loop
      vertex 0.747575 -24.5 1.8526998
      vertex 0.33706 -24.1111 1.9615698
      vertex 0.33706 -24.0266 1.5363598
    endloop
  endfacet
  facet normal 0.376457 -0.180711 0.908638
    outer loop
      vertex 7.11114 -23 49.6244698
      vertex 6.39018 -23 49.9231698
      vertex 6.39018 -23.7507 49.7738698
    endloop
  endfacet
  facet normal -0.921214 0.216143 -0.323492
    outer loop
      vertex 0.33706 20.4252 0.9350098
      vertex 0.0384293 20.2759 1.6856698
      vertex 0.33706 20.7857 1.1758798
    endloop
  endfacet
  facet normal 0.921208 0.381607 0.0758368
    outer loop
      vertex 7.66294 21.1111 47.9615698
      vertex 7.66294 21.0266 48.3867698
      vertex 7.96157 20.3902 47.9615698
    endloop
  endfacet
  facet normal 0.382758 0 0.923848
    outer loop
      vertex 6.39018 20 49.9231698
      vertex 7.11114 8.98341 49.6244698
      vertex 7.11114 20 49.6244698
    endloop
  endfacet
  facet normal 0.382466 0 0.92397
    outer loop
      vertex 6.46193 8.51764 49.8934698
      vertex 6.39018 20 49.9231698
      vertex 6.46193 -0.517637 49.8934698
    endloop
  endfacet
  facet normal 0.382789 2.37045e-06 0.923836
    outer loop
      vertex 7.11114 8.98341 49.6244698
      vertex 6.39018 20 49.9231698
      vertex 6.46193 8.51764 49.8934698
    endloop
  endfacet
  facet normal 0.38279 -1.2133e-06 0.923835
    outer loop
      vertex 6.39018 -23 49.9231698
      vertex 7.11114 -0.983406 49.6244698
      vertex 6.46193 -0.517637 49.8934698
    endloop
  endfacet
  facet normal 0.382758 0 0.923848
    outer loop
      vertex 7.11114 -0.983406 49.6244698
      vertex 6.39018 -23 49.9231698
      vertex 7.11114 -23 49.6244698
    endloop
  endfacet
  facet normal 0.382466 -0 0.92397
    outer loop
      vertex 6.39018 -23 49.9231698
      vertex 6.46193 -0.517637 49.8934698
      vertex 6.39018 20 49.9231698
    endloop
  endfacet
  facet normal 0.921216 0.0759063 -0.381576
    outer loop
      vertex 7.66294 20.4252 0.9350098
      vertex 7.96157 20.1493 1.6010898
      vertex 7.96157 20 1.5713898
    endloop
  endfacet
  facet normal 0.921215 0.0759028 -0.381578
    outer loop
      vertex 7.66294 20.4252 0.9350098
      vertex 7.96157 20 1.5713898
      vertex 7.66294 20 0.8504298
    endloop
  endfacet
  facet normal -0.700218 -0.139277 -0.700212
    outer loop
      vertex 0.888859 -23.6364 0.4252148
      vertex 0.33706 -23.4252 0.9350098
      vertex 0.888859 -23 0.2986308
    endloop
  endfacet
  facet normal -0.382682 0 -0.92388
    outer loop
      vertex 0.888859 -23 0.2986308
      vertex 1.60982 20 0
      vertex 1.60982 -23 0
    endloop
  endfacet
  facet normal -0.382682 0 -0.92388
    outer loop
      vertex 1.60982 20 0
      vertex 0.888859 -23 0.2986308
      vertex 0.888859 20 0.2986308
    endloop
  endfacet
  facet normal 0.376388 0.514759 -0.770295
    outer loop
      vertex 6.39018 20.7507 0.1493158
      vertex 6.39018 21.387 0.5745308
      vertex 7.11114 20.6364 0.4252148
    endloop
  endfacet
  facet normal -0.382758 0.923849 0
    outer loop
      vertex 1.60982 21.9616 1.9615698
      vertex 0.888859 21.6629 47.9615698
      vertex 1.60982 21.9616 47.9615698
    endloop
  endfacet
  facet normal -0.382758 0.923849 0
    outer loop
      vertex 0.888859 21.6629 47.9615698
      vertex 1.60982 21.9616 1.9615698
      vertex 0.888859 21.6629 1.9615698
    endloop
  endfacet
  facet normal 0.376341 0.514723 -0.770343
    outer loop
      vertex 6.39018 21.387 0.5745308
      vertex 7.11114 21.1759 0.7856948
      vertex 7.11114 20.6364 0.4252148
    endloop
  endfacet
  facet normal -0.37634 0.514723 -0.770343
    outer loop
      vertex 0.888859 20.6364 0.4252148
      vertex 0.888859 21.1759 0.7856948
      vertex 1.60982 21.387 0.5745308
    endloop
  endfacet
  facet normal -0.700228 0.700226 0.139156
    outer loop
      vertex 0.33706 21.1111 47.9615698
      vertex 0.33706 21.0266 48.3867698
      vertex 0.888859 21.6629 47.9615698
    endloop
  endfacet
  facet normal 0.921219 -0.381569 -0.0758997
    outer loop
      vertex 7.96157 -23.3605 1.8122598
      vertex 7.96157 -23.3902 1.9615698
      vertex 7.66294 -24.0266 1.5363598
    endloop
  endfacet
  facet normal -0.70025 -0.700205 0.139152
    outer loop
      vertex 0.33706 -24.1111 47.9615698
      vertex 0.747575 -24.5 48.0704698
      vertex 0.33706 -24.0266 48.3867698
    endloop
  endfacet
  facet normal -0.700254 -0.70018 0.139253
    outer loop
      vertex 0.747575 -24.5 48.0704698
      vertex 0.33706 -24.1111 47.9615698
      vertex 0.725919 -24.5 47.9615698
    endloop
  endfacet
  facet normal -0.700212 -0.139189 0.700235
    outer loop
      vertex 0.888859 -23.6364 49.4979698
      vertex 0.888859 -23 49.6244698
      vertex 0.33706 -23.4252 48.9881698
    endloop
  endfacet
  facet normal 0.700213 -0.139285 -0.700215
    outer loop
      vertex 7.66294 -23 0.8504298
      vertex 7.66294 -23.4252 0.9350098
      vertex 7.11114 -23 0.2986308
    endloop
  endfacet
  facet normal 0.707107 0.707107 -0
    outer loop
      vertex 7.66294 21.1111 1.9615698
      vertex 7.11114 21.6629 47.9615698
      vertex 7.66294 21.1111 47.9615698
    endloop
  endfacet
  facet normal 0.707107 0.707107 0
    outer loop
      vertex 7.11114 21.6629 47.9615698
      vertex 7.66294 21.1111 1.9615698
      vertex 7.11114 21.6629 1.9615698
    endloop
  endfacet
  facet normal -0.376376 0.180624 0.908689
    outer loop
      vertex 0.888859 20 49.6244698
      vertex 1.60982 20.7507 49.7738698
      vertex 0.888859 20.6364 49.4979698
    endloop
  endfacet
  facet normal -0.707107 0.707106 0
    outer loop
      vertex 0.888859 21.6629 1.9615698
      vertex 0.33706 21.1111 47.9615698
      vertex 0.888859 21.6629 47.9615698
    endloop
  endfacet
  facet normal -0.707107 0.707106 0
    outer loop
      vertex 0.33706 21.1111 47.9615698
      vertex 0.888859 21.6629 1.9615698
      vertex 0.33706 21.1111 1.9615698
    endloop
  endfacet
  facet normal -0.921208 0.381608 0.0758369
    outer loop
      vertex 0.0384293 20.3902 47.9615698
      vertex 0.33706 21.0266 48.3867698
      vertex 0.33706 21.1111 47.9615698
    endloop
  endfacet
  facet normal 0.921217 0.216157 0.323473
    outer loop
      vertex 7.66294 20.7857 48.7472698
      vertex 7.66294 20.4252 48.9881698
      vertex 7.96157 20.2759 48.2374698
    endloop
  endfacet
  facet normal 0.921219 0.0759045 0.381567
    outer loop
      vertex 7.96157 20.1493 48.3220698
      vertex 7.66294 20.4252 48.9881698
      vertex 7.96157 20 48.3517698
    endloop
  endfacet
  facet normal 0.700227 -0.139156 0.700227
    outer loop
      vertex 7.66294 -23 49.0726698
      vertex 7.11114 -23 49.6244698
      vertex 7.66294 -23.4252 48.9881698
    endloop
  endfacet
  facet normal 1 0 0
    outer loop
      vertex 7.96157 -23.3902 47.9615698
      vertex 7.96157 -1.93185 48.3517698
      vertex 7.96157 -23 48.3517698
    endloop
  endfacet
  facet normal 1 0 0
    outer loop
      vertex 7.96157 -1.93185 48.3517698
      vertex 7.96157 -23.3902 47.9615698
      vertex 7.96157 -1.93185 1.5713898
    endloop
  endfacet
  facet normal 1 0 0
    outer loop
      vertex 7.96157 -23.3902 47.9615698
      vertex 7.96157 -23 48.3517698
      vertex 7.96157 -23.1493 48.3220698
    endloop
  endfacet
  facet normal 1 -0 0
    outer loop
      vertex 7.96157 -23.3902 1.9615698
      vertex 7.96157 -1.93185 1.5713898
      vertex 7.96157 -23.3902 47.9615698
    endloop
  endfacet
  facet normal 1 0 0
    outer loop
      vertex 7.96157 -23.3902 47.9615698
      vertex 7.96157 -23.1493 48.3220698
      vertex 7.96157 -23.2759 48.2374698
    endloop
  endfacet
  facet normal 1 0 0
    outer loop
      vertex 7.96157 -1.93185 1.5713898
      vertex 7.96157 -23.3902 1.9615698
      vertex 7.96157 -23 1.5713898
    endloop
  endfacet
  facet normal 1 0 0
    outer loop
      vertex 7.96157 -23.3902 47.9615698
      vertex 7.96157 -23.2759 48.2374698
      vertex 7.96157 -23.3605 48.1108698
    endloop
  endfacet
  facet normal 1 0 0
    outer loop
      vertex 7.96157 -23 1.5713898
      vertex 7.96157 -23.3902 1.9615698
      vertex 7.96157 -23.1493 1.6010898
    endloop
  endfacet
  facet normal 1 0 0
    outer loop
      vertex 7.96157 -23.1493 1.6010898
      vertex 7.96157 -23.3902 1.9615698
      vertex 7.96157 -23.2759 1.6856698
    endloop
  endfacet
  facet normal 1 0 0
    outer loop
      vertex 7.96157 -23.2759 1.6856698
      vertex 7.96157 -23.3902 1.9615698
      vertex 7.96157 -23.3605 1.8122598
    endloop
  endfacet
  facet normal 1 0 0
    outer loop
      vertex 7.96157 20 48.3517698
      vertex 7.96157 20.3902 47.9615698
      vertex 7.96157 20.3605 48.1108698
    endloop
  endfacet
  facet normal 1 0 0
    outer loop
      vertex 7.96157 20.3902 47.9615698
      vertex 7.96157 9.93185 48.3517698
      vertex 7.96157 20.3902 1.9615698
    endloop
  endfacet
  facet normal 1 0 0
    outer loop
      vertex 7.96157 20 48.3517698
      vertex 7.96157 20.3605 48.1108698
      vertex 7.96157 20.2759 48.2374698
    endloop
  endfacet
  facet normal 1 0 0
    outer loop
      vertex 7.96157 9.93185 1.5713898
      vertex 7.96157 20.3902 1.9615698
      vertex 7.96157 9.93185 48.3517698
    endloop
  endfacet
  facet normal 1 0 0
    outer loop
      vertex 7.96157 20 48.3517698
      vertex 7.96157 20.2759 48.2374698
      vertex 7.96157 20.1493 48.3220698
    endloop
  endfacet
  facet normal 1 0 0
    outer loop
      vertex 7.96157 20.3902 47.9615698
      vertex 7.96157 20 48.3517698
      vertex 7.96157 9.93185 48.3517698
    endloop
  endfacet
  facet normal 1 0 -0
    outer loop
      vertex 7.96157 20 1.5713898
      vertex 7.96157 20.3902 1.9615698
      vertex 7.96157 9.93185 1.5713898
    endloop
  endfacet
  facet normal 1 0 0
    outer loop
      vertex 7.96157 20.2759 1.6856698
      vertex 7.96157 20 1.5713898
      vertex 7.96157 20.1493 1.6010898
    endloop
  endfacet
  facet normal 1 0 0
    outer loop
      vertex 7.96157 20.3902 1.9615698
      vertex 7.96157 20 1.5713898
      vertex 7.96157 20.3605 1.8122598
    endloop
  endfacet
  facet normal 1 0 0
    outer loop
      vertex 7.96157 20.3605 1.8122598
      vertex 7.96157 20 1.5713898
      vertex 7.96157 20.2759 1.6856698
    endloop
  endfacet
  facet normal 0.921208 0.0758368 0.381607
    outer loop
      vertex 7.66294 20.4252 48.9881698
      vertex 7.66294 20 49.0726698
      vertex 7.96157 20 48.3517698
    endloop
  endfacet
  facet normal 0.700227 0.139156 0.700227
    outer loop
      vertex 7.66294 20.4252 48.9881698
      vertex 7.11114 20 49.6244698
      vertex 7.66294 20 49.0726698
    endloop
  endfacet
  facet normal 0.707107 0 0.707107
    outer loop
      vertex 7.11114 20 49.6244698
      vertex 7.66294 9.58919 49.0726698
      vertex 7.66294 20 49.0726698
    endloop
  endfacet
  facet normal 0.707141 3.59956e-06 0.707073
    outer loop
      vertex 7.11114 20 49.6244698
      vertex 7.35987 9.41421 49.3757698
      vertex 7.66294 9.58919 49.0726698
    endloop
  endfacet
  facet normal 0.707064 0 0.707149
    outer loop
      vertex 7.35987 9.41421 49.3757698
      vertex 7.11114 20 49.6244698
      vertex 7.11114 8.98341 49.6244698
    endloop
  endfacet
  facet normal 0.707064 -0 0.707149
    outer loop
      vertex 7.11114 -23 49.6244698
      vertex 7.35987 -1.41421 49.3757698
      vertex 7.11114 -0.983406 49.6244698
    endloop
  endfacet
  facet normal 0.707141 -1.77736e-06 0.707072
    outer loop
      vertex 7.11114 -23 49.6244698
      vertex 7.66294 -1.58919 49.0726698
      vertex 7.35987 -1.41421 49.3757698
    endloop
  endfacet
  facet normal 0.707107 0 0.707107
    outer loop
      vertex 7.66294 -1.58919 49.0726698
      vertex 7.11114 -23 49.6244698
      vertex 7.66294 -23 49.0726698
    endloop
  endfacet
  facet normal 0.921217 0.216159 0.323472
    outer loop
      vertex 7.96157 20.2759 48.2374698
      vertex 7.66294 20.4252 48.9881698
      vertex 7.96157 20.1493 48.3220698
    endloop
  endfacet
  facet normal 0.921217 0.323468 -0.216166
    outer loop
      vertex 7.66294 21.0266 1.5363598
      vertex 7.96157 20.2759 1.6856698
      vertex 7.66294 20.7857 1.1758798
    endloop
  endfacet
  facet normal 0.921219 0.381567 0.0759045
    outer loop
      vertex 7.96157 20.3902 47.9615698
      vertex 7.66294 21.0266 48.3867698
      vertex 7.96157 20.3605 48.1108698
    endloop
  endfacet
  facet normal 0.707106 0 -0.707107
    outer loop
      vertex 7.11114 -23 0.2986308
      vertex 7.66294 -1.58919 0.8504298
      vertex 7.66294 -23 0.8504298
    endloop
  endfacet
  facet normal 0.70711 -2.10285e-07 -0.707103
    outer loop
      vertex 7.66294 -1.58919 0.8504298
      vertex 7.11114 -23 0.2986308
      vertex 7.35987 -1.41421 0.5473568
    endloop
  endfacet
  facet normal 0.707101 0 -0.707112
    outer loop
      vertex 7.35987 -1.41421 0.5473568
      vertex 7.11114 -23 0.2986308
      vertex 7.11114 -0.983407 0.2986308
    endloop
  endfacet
  facet normal 0.707106 0 -0.707107
    outer loop
      vertex 7.66294 9.58919 0.8504298
      vertex 7.11114 20 0.2986308
      vertex 7.66294 20 0.8504298
    endloop
  endfacet
  facet normal 0.70711 4.25874e-07 -0.707103
    outer loop
      vertex 7.35987 9.41421 0.5473568
      vertex 7.11114 20 0.2986308
      vertex 7.66294 9.58919 0.8504298
    endloop
  endfacet
  facet normal 0.707101 0 -0.707112
    outer loop
      vertex 7.11114 20 0.2986308
      vertex 7.35987 9.41421 0.5473568
      vertex 7.11114 8.98341 0.2986308
    endloop
  endfacet
  facet normal 0.921215 -0.0759028 -0.381578
    outer loop
      vertex 7.66294 -23 0.8504298
      vertex 7.96157 -23 1.5713898
      vertex 7.66294 -23.4252 0.9350098
    endloop
  endfacet
  facet normal 0.921214 0.216143 -0.323491
    outer loop
      vertex 7.66294 20.7857 1.1758798
      vertex 7.96157 20.2759 1.6856698
      vertex 7.66294 20.4252 0.9350098
    endloop
  endfacet
  facet normal 0 0.555618 -0.831438
    outer loop
      vertex 1.60982 20.7507 0.1493158
      vertex 6.39018 21.387 0.5745308
      vertex 6.39018 20.7507 0.1493158
    endloop
  endfacet
  facet normal 0 0.555618 -0.831438
    outer loop
      vertex 6.39018 21.387 0.5745308
      vertex 1.60982 20.7507 0.1493158
      vertex 1.60982 21.387 0.5745308
    endloop
  endfacet
  facet normal -0.700223 -0.396626 -0.593613
    outer loop
      vertex 0.888859 -24.1759 0.7856948
      vertex 0.33706 -23.7857 1.1758798
      vertex 0.33706 -23.4252 0.9350098
    endloop
  endfacet
  facet normal -0.921215 -0.0759029 -0.381579
    outer loop
      vertex 0.33706 -23.4252 0.9350098
      vertex 0.0384293 -23 1.5713898
      vertex 0.33706 -23 0.8504298
    endloop
  endfacet
  facet normal 0 0.195081 -0.980787
    outer loop
      vertex 1.60982 20 0
      vertex 6.39018 20.7507 0.1493158
      vertex 6.39018 20 0
    endloop
  endfacet
  facet normal 0 0.195081 -0.980787
    outer loop
      vertex 6.39018 20.7507 0.1493158
      vertex 1.60982 20 0
      vertex 1.60982 20.7507 0.1493158
    endloop
  endfacet
  facet normal -0.700227 -0.396631 -0.593604
    outer loop
      vertex 0.888859 -24.1759 0.7856948
      vertex 0.33706 -23.4252 0.9350098
      vertex 0.888859 -23.6364 0.4252148
    endloop
  endfacet
  facet normal 0.376374 0.770282 -0.514789
    outer loop
      vertex 6.39018 21.8123 1.2109098
      vertex 7.11114 21.5364 1.3251898
      vertex 6.39018 21.387 0.5745308
    endloop
  endfacet
  facet normal 0.376384 0.180739 -0.908663
    outer loop
      vertex 6.39018 20.7507 0.1493158
      vertex 7.11114 20.6364 0.4252148
      vertex 7.11114 20 0.2986308
    endloop
  endfacet
  facet normal 0.376456 0.908637 -0.18072
    outer loop
      vertex 6.39018 21.9616 1.9615698
      vertex 7.11114 21.6629 1.9615698
      vertex 6.39018 21.8123 1.2109098
    endloop
  endfacet
  facet normal -0.700228 0.139156 0.700226
    outer loop
      vertex 0.33706 20 49.0726698
      vertex 0.888859 20 49.6244698
      vertex 0.33706 20.4252 48.9881698
    endloop
  endfacet
  facet normal -0.921208 0.0758369 0.381608
    outer loop
      vertex 0.0384293 20 48.3517698
      vertex 0.33706 20 49.0726698
      vertex 0.33706 20.4252 48.9881698
    endloop
  endfacet
  facet normal 0 -0.831379 -0.555705
    outer loop
      vertex 1.60982 -24.387 0.5745308
      vertex 6.39018 -24.5 0.7435878
      vertex 1.60982 -24.5 0.7435878
    endloop
  endfacet
  facet normal 0 -0.831379 -0.555705
    outer loop
      vertex 6.39018 -24.5 0.7435878
      vertex 1.60982 -24.387 0.5745308
      vertex 6.39018 -24.387 0.5745308
    endloop
  endfacet
  facet normal 0.700163 -0.700309 -0.139069
    outer loop
      vertex 7.66294 -24.0266 1.5363598
      vertex 7.58912 -24.1117 1.5932398
      vertex 7.54917 -24.1317 1.4928198
    endloop
  endfacet
  facet normal -0.921208 -0.381608 -0.0758351
    outer loop
      vertex 0.33706 -24.0266 1.5363598
      vertex 0.33706 -24.1111 1.9615698
      vertex 0.0384293 -23.3902 1.9615698
    endloop
  endfacet
  facet normal -0.921217 -0.216157 0.323473
    outer loop
      vertex 0.33706 -23.7857 48.7472698
      vertex 0.33706 -23.4252 48.9881698
      vertex 0.0384293 -23.2759 48.2374698
    endloop
  endfacet
  facet normal -0.707107 0 0.707106
    outer loop
      vertex 0.33706 -23 49.0726698
      vertex 0.888859 20 49.6244698
      vertex 0.33706 20 49.0726698
    endloop
  endfacet
  facet normal -0.707107 0 0.707106
    outer loop
      vertex 0.888859 20 49.6244698
      vertex 0.33706 -23 49.0726698
      vertex 0.888859 -23 49.6244698
    endloop
  endfacet
  facet normal -0.921215 -0.0759064 -0.381577
    outer loop
      vertex 0.33706 -23.4252 0.9350098
      vertex 0.0384293 -23.1493 1.6010898
      vertex 0.0384293 -23 1.5713898
    endloop
  endfacet
  facet normal -0.707144 -0.70707 0
    outer loop
      vertex 0.33706 -24.1111 1.9615698
      vertex 0.725919 -24.5 47.9615698
      vertex 0.33706 -24.1111 47.9615698
    endloop
  endfacet
  facet normal -0.707144 -0.70707 -0
    outer loop
      vertex 0.725919 -24.5 47.9615698
      vertex 0.33706 -24.1111 1.9615698
      vertex 0.725919 -24.5 1.9615698
    endloop
  endfacet
  facet normal 0.921208 -0.0758368 0.381607
    outer loop
      vertex 7.96157 -23 48.3517698
      vertex 7.66294 -23 49.0726698
      vertex 7.66294 -23.4252 48.9881698
    endloop
  endfacet
  facet normal -0.700235 0.396653 0.59358
    outer loop
      vertex 0.33706 20.4252 48.9881698
      vertex 0.888859 21.1759 49.1374698
      vertex 0.33706 20.7857 48.7472698
    endloop
  endfacet
  facet normal -0.700228 0.396646 0.593593
    outer loop
      vertex 0.33706 20.4252 48.9881698
      vertex 0.888859 20.6364 49.4979698
      vertex 0.888859 21.1759 49.1374698
    endloop
  endfacet
  facet normal -0.376376 0.908689 0.180624
    outer loop
      vertex 0.888859 21.5364 48.5979698
      vertex 1.60982 21.8123 48.7122698
      vertex 0.888859 21.6629 47.9615698
    endloop
  endfacet
  facet normal -0.700212 0.700235 0.139189
    outer loop
      vertex 0.33706 21.0266 48.3867698
      vertex 0.888859 21.5364 48.5979698
      vertex 0.888859 21.6629 47.9615698
    endloop
  endfacet
  facet normal -0.700223 0.396626 -0.593613
    outer loop
      vertex 0.33706 20.4252 0.9350098
      vertex 0.33706 20.7857 1.1758798
      vertex 0.888859 21.1759 0.7856948
    endloop
  endfacet
  facet normal -0.921215 0.0759064 -0.381577
    outer loop
      vertex 0.0384293 20 1.5713898
      vertex 0.0384293 20.1493 1.6010898
      vertex 0.33706 20.4252 0.9350098
    endloop
  endfacet
  facet normal -0.921217 -0.21616 0.323473
    outer loop
      vertex 0.0384293 -23.2759 48.2374698
      vertex 0.33706 -23.4252 48.9881698
      vertex 0.0384293 -23.1493 48.3220698
    endloop
  endfacet
  facet normal 0.921217 -0.216124 -0.323496
    outer loop
      vertex 7.96157 -23.1493 1.6010898
      vertex 7.96157 -23.2759 1.6856698
      vertex 7.66294 -23.4252 0.9350098
    endloop
  endfacet
  facet normal 0.921216 0.323466 -0.216172
    outer loop
      vertex 7.66294 21.0266 1.5363598
      vertex 7.96157 20.3605 1.8122598
      vertex 7.96157 20.2759 1.6856698
    endloop
  endfacet
  facet normal 0.921217 0.216124 -0.323496
    outer loop
      vertex 7.66294 20.4252 0.9350098
      vertex 7.96157 20.2759 1.6856698
      vertex 7.96157 20.1493 1.6010898
    endloop
  endfacet
  facet normal 0.376377 -0.180624 0.908689
    outer loop
      vertex 7.11114 -23 49.6244698
      vertex 6.39018 -23.7507 49.7738698
      vertex 7.11114 -23.6364 49.4979698
    endloop
  endfacet
  facet normal 0.376383 -0.514831 0.77025
    outer loop
      vertex 7.11114 -23.6364 49.4979698
      vertex 6.39018 -23.7507 49.7738698
      vertex 6.39018 -24.387 49.3485698
    endloop
  endfacet
  facet normal 0 0 -1
    outer loop
      vertex 1.60982 -23 0
      vertex 6.39018 20 0
      vertex 6.39018 -23 0
    endloop
  endfacet
  facet normal -0 0 -1
    outer loop
      vertex 6.39018 20 0
      vertex 1.60982 -23 0
      vertex 1.60982 20 0
    endloop
  endfacet
  facet normal 0.700227 0.700227 -0.139153
    outer loop
      vertex 7.11114 21.6629 1.9615698
      vertex 7.66294 21.1111 1.9615698
      vertex 7.66294 21.0266 1.5363598
    endloop
  endfacet
  facet normal 0.376457 0.908638 0.180711
    outer loop
      vertex 6.39018 21.9616 47.9615698
      vertex 6.39018 21.8123 48.7122698
      vertex 7.11114 21.6629 47.9615698
    endloop
  endfacet
  facet normal 0.700234 -0.396653 0.593581
    outer loop
      vertex 7.66294 -23.4252 48.9881698
      vertex 7.11114 -24.1759 49.1374698
      vertex 7.66294 -23.7857 48.7472698
    endloop
  endfacet
  facet normal 0.921216 -0.0759063 -0.381576
    outer loop
      vertex 7.96157 -23 1.5713898
      vertex 7.96157 -23.1493 1.6010898
      vertex 7.66294 -23.4252 0.9350098
    endloop
  endfacet
  facet normal 0.921217 0.323472 0.216159
    outer loop
      vertex 7.96157 20.3605 48.1108698
      vertex 7.66294 21.0266 48.3867698
      vertex 7.96157 20.2759 48.2374698
    endloop
  endfacet
  facet normal 0.921217 0.323473 0.216157
    outer loop
      vertex 7.66294 21.0266 48.3867698
      vertex 7.66294 20.7857 48.7472698
      vertex 7.96157 20.2759 48.2374698
    endloop
  endfacet
  facet normal -0.37634 -0.514723 -0.770343
    outer loop
      vertex 1.60982 -24.387 0.5745308
      vertex 0.888859 -24.1759 0.7856948
      vertex 0.888859 -23.6364 0.4252148
    endloop
  endfacet
  facet normal -0.37638 -0.180735 -0.908665
    outer loop
      vertex 1.60982 -23.7507 0.1493158
      vertex 0.888859 -23 0.2986308
      vertex 1.60982 -23 0
    endloop
  endfacet
  facet normal -0.921208 -0.381608 0.0758369
    outer loop
      vertex 0.33706 -24.1111 47.9615698
      vertex 0.33706 -24.0266 48.3867698
      vertex 0.0384293 -23.3902 47.9615698
    endloop
  endfacet
  facet normal 0 -0.555618 -0.831438
    outer loop
      vertex 1.60982 -24.387 0.5745308
      vertex 6.39018 -23.7507 0.1493158
      vertex 6.39018 -24.387 0.5745308
    endloop
  endfacet
  facet normal -0 -0.555618 -0.831438
    outer loop
      vertex 6.39018 -23.7507 0.1493158
      vertex 1.60982 -24.387 0.5745308
      vertex 1.60982 -23.7507 0.1493158
    endloop
  endfacet
  facet normal 0.700208 0.700238 -0.139194
    outer loop
      vertex 7.11114 21.5364 1.3251898
      vertex 7.11114 21.6629 1.9615698
      vertex 7.66294 21.0266 1.5363598
    endloop
  endfacet
  facet normal 0.700216 0.593601 -0.396655
    outer loop
      vertex 7.11114 21.5364 1.3251898
      vertex 7.66294 21.0266 1.5363598
      vertex 7.11114 21.1759 0.7856948
    endloop
  endfacet
  facet normal 0 0.980791 0.195061
    outer loop
      vertex 6.39018 21.9616 47.9615698
      vertex 1.60982 21.8123 48.7122698
      vertex 6.39018 21.8123 48.7122698
    endloop
  endfacet
  facet normal 0 0.980791 0.195061
    outer loop
      vertex 1.60982 21.8123 48.7122698
      vertex 6.39018 21.9616 47.9615698
      vertex 1.60982 21.9616 47.9615698
    endloop
  endfacet
  facet normal 0.700218 0.139277 -0.700212
    outer loop
      vertex 7.11114 20.6364 0.4252148
      vertex 7.66294 20.4252 0.9350098
      vertex 7.11114 20 0.2986308
    endloop
  endfacet
  facet normal 0.700227 0.396631 -0.593604
    outer loop
      vertex 7.11114 21.1759 0.7856948
      vertex 7.66294 20.4252 0.9350098
      vertex 7.11114 20.6364 0.4252148
    endloop
  endfacet
  facet normal 0.376373 0.908689 -0.18063
    outer loop
      vertex 6.39018 21.8123 1.2109098
      vertex 7.11114 21.6629 1.9615698
      vertex 7.11114 21.5364 1.3251898
    endloop
  endfacet
  facet normal 0.376323 0.770333 -0.51475
    outer loop
      vertex 6.39018 21.387 0.5745308
      vertex 7.11114 21.5364 1.3251898
      vertex 7.11114 21.1759 0.7856948
    endloop
  endfacet
  facet normal -0.37638 0.180735 -0.908665
    outer loop
      vertex 1.60982 20 0
      vertex 0.888859 20 0.2986308
      vertex 1.60982 20.7507 0.1493158
    endloop
  endfacet
  facet normal -0.707107 0 -0.707107
    outer loop
      vertex 0.888859 -23 0.2986308
      vertex 0.33706 20 0.8504298
      vertex 0.888859 20 0.2986308
    endloop
  endfacet
  facet normal -0.707107 -0 -0.707107
    outer loop
      vertex 0.33706 20 0.8504298
      vertex 0.888859 -23 0.2986308
      vertex 0.33706 -23 0.8504298
    endloop
  endfacet
  facet normal -0.700227 0.396631 -0.593604
    outer loop
      vertex 0.888859 20.6364 0.4252148
      vertex 0.33706 20.4252 0.9350098
      vertex 0.888859 21.1759 0.7856948
    endloop
  endfacet
  facet normal 0.700227 -0.396631 -0.593604
    outer loop
      vertex 7.11114 -23.6364 0.4252148
      vertex 7.66294 -23.4252 0.9350098
      vertex 7.11114 -24.1759 0.7856948
    endloop
  endfacet
  facet normal 0.376388 -0.514759 -0.770295
    outer loop
      vertex 7.11114 -23.6364 0.4252148
      vertex 6.39018 -24.387 0.5745308
      vertex 6.39018 -23.7507 0.1493158
    endloop
  endfacet
  facet normal 0.700234 -0.593581 0.396653
    outer loop
      vertex 7.66294 -23.7857 48.7472698
      vertex 7.11114 -24.1759 49.1374698
      vertex 7.66294 -24.0266 48.3867698
    endloop
  endfacet
  facet normal 0.700053 -0.700379 0.139267
    outer loop
      vertex 7.66294 -24.0748 48.1443698
      vertex 7.66294 -24.0266 48.3867698
      vertex 7.58912 -24.1117 48.3298698
    endloop
  endfacet
  facet normal -0.376508 -0.770121 0.514933
    outer loop
      vertex 1.60982 -24.5 49.1795698
      vertex 1.60982 -24.387 49.3485698
      vertex 1.0644 -24.5 48.7807698
    endloop
  endfacet
  facet normal -0.376456 -0.180711 0.908639
    outer loop
      vertex 1.60982 -23.7507 49.7738698
      vertex 1.60982 -23 49.9231698
      vertex 0.888859 -23 49.6244698
    endloop
  endfacet
  facet normal -0.921219 -0.381568 0.0759046
    outer loop
      vertex 0.0384293 -23.3902 47.9615698
      vertex 0.33706 -24.0266 48.3867698
      vertex 0.0384293 -23.3605 48.1108698
    endloop
  endfacet
  facet normal -0.921219 -0.381569 -0.0758999
    outer loop
      vertex 0.33706 -24.0266 1.5363598
      vertex 0.0384293 -23.3902 1.9615698
      vertex 0.0384293 -23.3605 1.8122598
    endloop
  endfacet
  facet normal -0.700218 0.139277 -0.700212
    outer loop
      vertex 0.888859 20 0.2986308
      vertex 0.33706 20.4252 0.9350098
      vertex 0.888859 20.6364 0.4252148
    endloop
  endfacet
  facet normal -0.700231 -0.593573 -0.39667
    outer loop
      vertex 0.888859 -24.1759 0.7856948
      vertex 0.33706 -24.0266 1.5363598
      vertex 0.33706 -23.7857 1.1758798
    endloop
  endfacet
  facet normal -0.700186 -0.700244 -0.139276
    outer loop
      vertex 0.849508 -24.5 1.3402498
      vertex 0.747575 -24.5 1.8526998
      vertex 0.33706 -24.0266 1.5363598
    endloop
  endfacet
  facet normal 0 -0.831293 0.555835
    outer loop
      vertex 1.60982 -24.5 49.1795698
      vertex 6.39018 -24.387 49.3485698
      vertex 1.60982 -24.387 49.3485698
    endloop
  endfacet
  facet normal 0 -0.831293 0.555835
    outer loop
      vertex 6.39018 -24.387 49.3485698
      vertex 1.60982 -24.5 49.1795698
      vertex 6.39018 -24.5 49.1795698
    endloop
  endfacet
  facet normal -0.376284 -0.770345 0.514762
    outer loop
      vertex 0.888859 -24.1759 49.1374698
      vertex 1.0644 -24.5 48.7807698
      vertex 1.60982 -24.387 49.3485698
    endloop
  endfacet
  facet normal -0.376452 -0.770328 0.514664
    outer loop
      vertex 1.0644 -24.5 48.7807698
      vertex 0.888859 -24.1759 49.1374698
      vertex 0.888859 -24.5 48.6523698
    endloop
  endfacet
  facet normal -0.700228 -0.396646 0.593593
    outer loop
      vertex 0.888859 -24.1759 49.1374698
      vertex 0.888859 -23.6364 49.4979698
      vertex 0.33706 -23.4252 48.9881698
    endloop
  endfacet
  facet normal -0.376456 0.908637 -0.18072
    outer loop
      vertex 1.60982 21.8123 1.2109098
      vertex 0.888859 21.6629 1.9615698
      vertex 1.60982 21.9616 1.9615698
    endloop
  endfacet
  facet normal -0.921217 0.216157 0.323473
    outer loop
      vertex 0.0384293 20.2759 48.2374698
      vertex 0.33706 20.4252 48.9881698
      vertex 0.33706 20.7857 48.7472698
    endloop
  endfacet
  facet normal -0 0.555695 0.831386
    outer loop
      vertex 1.60982 21.387 49.3485698
      vertex 6.39018 20.7507 49.7738698
      vertex 6.39018 21.387 49.3485698
    endloop
  endfacet
  facet normal 0 0.555695 0.831386
    outer loop
      vertex 6.39018 20.7507 49.7738698
      vertex 1.60982 21.387 49.3485698
      vertex 1.60982 20.7507 49.7738698
    endloop
  endfacet
  facet normal 0 1 -0
    outer loop
      vertex 6.39018 21.9616 1.9615698
      vertex 1.60982 21.9616 47.9615698
      vertex 6.39018 21.9616 47.9615698
    endloop
  endfacet
  facet normal 0 1 0
    outer loop
      vertex 1.60982 21.9616 47.9615698
      vertex 6.39018 21.9616 1.9615698
      vertex 1.60982 21.9616 1.9615698
    endloop
  endfacet
  facet normal 0.921217 -0.216159 0.323472
    outer loop
      vertex 7.96157 -23.1493 48.3220698
      vertex 7.66294 -23.4252 48.9881698
      vertex 7.96157 -23.2759 48.2374698
    endloop
  endfacet
  facet normal 0.921217 -0.323473 0.216157
    outer loop
      vertex 7.96157 -23.2759 48.2374698
      vertex 7.66294 -23.7857 48.7472698
      vertex 7.66294 -24.0266 48.3867698
    endloop
  endfacet
  facet normal 0.700177 -0.593559 -0.396788
    outer loop
      vertex 7.34194 -24.1877 1.2109098
      vertex 7.66294 -24.0266 1.5363598
      vertex 7.54917 -24.1317 1.4928198
    endloop
  endfacet
  facet normal 0.700033 -0.593955 -0.396449
    outer loop
      vertex 7.66294 -24.0266 1.5363598
      vertex 7.34194 -24.1877 1.2109098
      vertex 7.11114 -24.1759 0.7856948
    endloop
  endfacet
  facet normal 0.700324 -0.593513 -0.396595
    outer loop
      vertex 7.11114 -24.1759 0.7856948
      vertex 7.34194 -24.1877 1.2109098
      vertex 7.11114 -24.3239 1.0071798
    endloop
  endfacet
  facet normal 0.921215 -0.381584 0.075876
    outer loop
      vertex 7.66294 -24.0748 48.1443698
      vertex 7.96157 -23.3902 47.9615698
      vertex 7.66294 -24.0266 48.3867698
    endloop
  endfacet
  facet normal 0.921213 -0.381603 0.0758019
    outer loop
      vertex 7.96157 -23.3902 47.9615698
      vertex 7.66294 -24.0748 48.1443698
      vertex 7.69306 -24.0384 47.9615698
    endloop
  endfacet
  facet normal 0.382683 0 -0.92388
    outer loop
      vertex 6.39018 -23 0
      vertex 7.11114 -0.983407 0.2986308
      vertex 7.11114 -23 0.2986308
    endloop
  endfacet
  facet normal 0.382668 0 -0.923886
    outer loop
      vertex 6.46193 -0.517637 0.0297184
      vertex 6.39018 -23 0
      vertex 6.46193 8.51764 0.0297184
    endloop
  endfacet
  facet normal 0.382684 -6.20313e-08 -0.923879
    outer loop
      vertex 7.11114 -0.983407 0.2986308
      vertex 6.39018 -23 0
      vertex 6.46193 -0.517637 0.0297184
    endloop
  endfacet
  facet normal 0.382684 1.21191e-07 -0.923879
    outer loop
      vertex 6.39018 20 0
      vertex 7.11114 8.98341 0.2986308
      vertex 6.46193 8.51764 0.0297184
    endloop
  endfacet
  facet normal 0.382683 0 -0.92388
    outer loop
      vertex 7.11114 8.98341 0.2986308
      vertex 6.39018 20 0
      vertex 7.11114 20 0.2986308
    endloop
  endfacet
  facet normal 0.382668 0 -0.923886
    outer loop
      vertex 6.39018 20 0
      vertex 6.46193 8.51764 0.0297184
      vertex 6.39018 -23 0
    endloop
  endfacet
  facet normal 0.376381 -0.180735 -0.908665
    outer loop
      vertex 6.39018 -23 0
      vertex 7.11114 -23 0.2986308
      vertex 6.39018 -23.7507 0.1493158
    endloop
  endfacet
  facet normal 0.921209 0.381607 -0.075835
    outer loop
      vertex 7.66294 21.1111 1.9615698
      vertex 7.96157 20.3902 1.9615698
      vertex 7.66294 21.0266 1.5363598
    endloop
  endfacet
  facet normal 0.921219 -0.0759045 0.381567
    outer loop
      vertex 7.96157 -23 48.3517698
      vertex 7.66294 -23.4252 48.9881698
      vertex 7.96157 -23.1493 48.3220698
    endloop
  endfacet
  facet normal 0.921216 -0.323466 -0.216172
    outer loop
      vertex 7.96157 -23.2759 1.6856698
      vertex 7.96157 -23.3605 1.8122598
      vertex 7.66294 -24.0266 1.5363598
    endloop
  endfacet
  facet normal -0.700195 -0.593642 -0.39663
    outer loop
      vertex 0.888859 -24.5 1.2707798
      vertex 0.33706 -24.0266 1.5363598
      vertex 0.888859 -24.1759 0.7856948
    endloop
  endfacet
  facet normal -0.700196 -0.593646 -0.396623
    outer loop
      vertex 0.33706 -24.0266 1.5363598
      vertex 0.888859 -24.5 1.2707798
      vertex 0.849508 -24.5 1.3402498
    endloop
  endfacet
  facet normal -0.376358 -0.770352 -0.514696
    outer loop
      vertex 0.888859 -24.1759 0.7856948
      vertex 1.0644 -24.5 1.1424198
      vertex 0.888859 -24.5 1.2707798
    endloop
  endfacet
  facet normal -0.37632 -0.770356 -0.514718
    outer loop
      vertex 1.0644 -24.5 1.1424198
      vertex 0.888859 -24.1759 0.7856948
      vertex 1.60982 -24.387 0.5745308
    endloop
  endfacet
  facet normal -0.376383 -0.180739 -0.908663
    outer loop
      vertex 1.60982 -23.7507 0.1493158
      vertex 0.888859 -23.6364 0.4252148
      vertex 0.888859 -23 0.2986308
    endloop
  endfacet
  facet normal -0.376388 -0.514759 -0.770296
    outer loop
      vertex 1.60982 -23.7507 0.1493158
      vertex 1.60982 -24.387 0.5745308
      vertex 0.888859 -23.6364 0.4252148
    endloop
  endfacet
  facet normal -0.700228 0.700227 -0.139153
    outer loop
      vertex 0.33706 21.0266 1.5363598
      vertex 0.33706 21.1111 1.9615698
      vertex 0.888859 21.6629 1.9615698
    endloop
  endfacet
  facet normal 0.700212 0.700236 0.139189
    outer loop
      vertex 7.11114 21.6629 47.9615698
      vertex 7.11114 21.5364 48.5979698
      vertex 7.66294 21.0266 48.3867698
    endloop
  endfacet
  facet normal 0.700227 0.700227 0.139156
    outer loop
      vertex 7.11114 21.6629 47.9615698
      vertex 7.66294 21.0266 48.3867698
      vertex 7.66294 21.1111 47.9615698
    endloop
  endfacet
  facet normal 0.700222 0.396626 -0.593613
    outer loop
      vertex 7.11114 21.1759 0.7856948
      vertex 7.66294 20.7857 1.1758798
      vertex 7.66294 20.4252 0.9350098
    endloop
  endfacet
  facet normal 0 0.980789 -0.195071
    outer loop
      vertex 6.39018 21.8123 1.2109098
      vertex 1.60982 21.9616 1.9615698
      vertex 6.39018 21.9616 1.9615698
    endloop
  endfacet
  facet normal 0 0.980789 -0.195071
    outer loop
      vertex 1.60982 21.9616 1.9615698
      vertex 6.39018 21.8123 1.2109098
      vertex 1.60982 21.8123 1.2109098
    endloop
  endfacet
  facet normal -0.921208 0.381608 -0.0758351
    outer loop
      vertex 0.33706 21.0266 1.5363598
      vertex 0.0384293 20.3902 1.9615698
      vertex 0.33706 21.1111 1.9615698
    endloop
  endfacet
  facet normal -0.923869 0.38271 0
    outer loop
      vertex 0.0384293 20.3902 1.9615698
      vertex 0.33706 21.1111 47.9615698
      vertex 0.33706 21.1111 1.9615698
    endloop
  endfacet
  facet normal -0.923869 0.38271 0
    outer loop
      vertex 0.33706 21.1111 47.9615698
      vertex 0.0384293 20.3902 1.9615698
      vertex 0.0384293 20.3902 47.9615698
    endloop
  endfacet
  facet normal -0.376372 0.90869 -0.18063
    outer loop
      vertex 0.888859 21.5364 1.3251898
      vertex 0.888859 21.6629 1.9615698
      vertex 1.60982 21.8123 1.2109098
    endloop
  endfacet
  facet normal -0.376374 0.770282 -0.514789
    outer loop
      vertex 1.60982 21.387 0.5745308
      vertex 0.888859 21.5364 1.3251898
      vertex 1.60982 21.8123 1.2109098
    endloop
  endfacet
  facet normal -0.376388 0.514759 -0.770296
    outer loop
      vertex 0.888859 20.6364 0.4252148
      vertex 1.60982 21.387 0.5745308
      vertex 1.60982 20.7507 0.1493158
    endloop
  endfacet
  facet normal -0.376383 0.180739 -0.908663
    outer loop
      vertex 0.888859 20 0.2986308
      vertex 0.888859 20.6364 0.4252148
      vertex 1.60982 20.7507 0.1493158
    endloop
  endfacet
  facet normal 0.700084 -0.700354 -0.139239
    outer loop
      vertex 7.66294 -24.0266 1.5363598
      vertex 7.66294 -24.0748 1.7787998
      vertex 7.58912 -24.1117 1.5932398
    endloop
  endfacet
  facet normal 0.376341 -0.514723 -0.770343
    outer loop
      vertex 7.11114 -23.6364 0.4252148
      vertex 7.11114 -24.1759 0.7856948
      vertex 6.39018 -24.387 0.5745308
    endloop
  endfacet
  facet normal 0.700191 -0.7003 0.138971
    outer loop
      vertex 7.66294 -24.0266 48.3867698
      vertex 7.54917 -24.1317 48.4303698
      vertex 7.58912 -24.1117 48.3298698
    endloop
  endfacet
  facet normal -0.923869 0 0.38271
    outer loop
      vertex 0.0384293 -23 48.3517698
      vertex 0.33706 20 49.0726698
      vertex 0.0384293 20 48.3517698
    endloop
  endfacet
  facet normal -0.923869 0 0.38271
    outer loop
      vertex 0.33706 20 49.0726698
      vertex 0.0384293 -23 48.3517698
      vertex 0.33706 -23 49.0726698
    endloop
  endfacet
  facet normal -0.921208 -0.0758369 0.381608
    outer loop
      vertex 0.33706 -23.4252 48.9881698
      vertex 0.33706 -23 49.0726698
      vertex 0.0384293 -23 48.3517698
    endloop
  endfacet
  facet normal -0.921217 -0.323473 0.216157
    outer loop
      vertex 0.33706 -24.0266 48.3867698
      vertex 0.33706 -23.7857 48.7472698
      vertex 0.0384293 -23.2759 48.2374698
    endloop
  endfacet
  facet normal -0.921216 0.323467 -0.216173
    outer loop
      vertex 0.0384293 20.2759 1.6856698
      vertex 0.0384293 20.3605 1.8122598
      vertex 0.33706 21.0266 1.5363598
    endloop
  endfacet
  facet normal -0.921215 0.0759029 -0.381579
    outer loop
      vertex 0.33706 20 0.8504298
      vertex 0.0384293 20 1.5713898
      vertex 0.33706 20.4252 0.9350098
    endloop
  endfacet
  facet normal -0.921217 -0.323469 -0.216166
    outer loop
      vertex 0.33706 -24.0266 1.5363598
      vertex 0.0384293 -23.2759 1.6856698
      vertex 0.33706 -23.7857 1.1758798
    endloop
  endfacet
  facet normal -0.921214 -0.216143 -0.323492
    outer loop
      vertex 0.33706 -23.7857 1.1758798
      vertex 0.0384293 -23.2759 1.6856698
      vertex 0.33706 -23.4252 0.9350098
    endloop
  endfacet
  facet normal 0.376348 -0.770175 0.514969
    outer loop
      vertex 6.64042 -24.4389 49.0880698
      vertex 6.39018 -24.387 49.3485698
      vertex 6.39018 -24.5 49.1795698
    endloop
  endfacet
  facet normal -0.376283 -0.514756 0.770349
    outer loop
      vertex 1.60982 -24.387 49.3485698
      vertex 0.888859 -23.6364 49.4979698
      vertex 0.888859 -24.1759 49.1374698
    endloop
  endfacet
  facet normal -0.376383 -0.514831 0.77025
    outer loop
      vertex 1.60982 -24.387 49.3485698
      vertex 1.60982 -23.7507 49.7738698
      vertex 0.888859 -23.6364 49.4979698
    endloop
  endfacet
  facet normal -0.921219 0.381568 0.0759046
    outer loop
      vertex 0.0384293 20.3605 48.1108698
      vertex 0.33706 21.0266 48.3867698
      vertex 0.0384293 20.3902 47.9615698
    endloop
  endfacet
  facet normal -0.921217 0.323473 0.21616
    outer loop
      vertex 0.0384293 20.2759 48.2374698
      vertex 0.33706 21.0266 48.3867698
      vertex 0.0384293 20.3605 48.1108698
    endloop
  endfacet
  facet normal -0.376383 0.514831 0.77025
    outer loop
      vertex 0.888859 20.6364 49.4979698
      vertex 1.60982 20.7507 49.7738698
      vertex 1.60982 21.387 49.3485698
    endloop
  endfacet
  facet normal -0.376283 0.770349 0.514756
    outer loop
      vertex 0.888859 21.1759 49.1374698
      vertex 1.60982 21.387 49.3485698
      vertex 0.888859 21.5364 48.5979698
    endloop
  endfacet
  facet normal 0.700212 -0.139189 0.700236
    outer loop
      vertex 7.66294 -23.4252 48.9881698
      vertex 7.11114 -23 49.6244698
      vertex 7.11114 -23.6364 49.4979698
    endloop
  endfacet
  facet normal 0.700228 -0.396646 0.593594
    outer loop
      vertex 7.66294 -23.4252 48.9881698
      vertex 7.11114 -23.6364 49.4979698
      vertex 7.11114 -24.1759 49.1374698
    endloop
  endfacet
  facet normal 0.921217 -0.323472 0.216159
    outer loop
      vertex 7.96157 -23.2759 48.2374698
      vertex 7.66294 -24.0266 48.3867698
      vertex 7.96157 -23.3605 48.1108698
    endloop
  endfacet
  facet normal 0.921219 -0.381567 0.0759045
    outer loop
      vertex 7.96157 -23.3605 48.1108698
      vertex 7.66294 -24.0266 48.3867698
      vertex 7.96157 -23.3902 47.9615698
    endloop
  endfacet
  facet normal 0.923869 0.382709 0
    outer loop
      vertex 7.96157 20.3902 47.9615698
      vertex 7.66294 21.1111 1.9615698
      vertex 7.66294 21.1111 47.9615698
    endloop
  endfacet
  facet normal 0.923869 0.382709 0
    outer loop
      vertex 7.66294 21.1111 1.9615698
      vertex 7.96157 20.3902 47.9615698
      vertex 7.96157 20.3902 1.9615698
    endloop
  endfacet
  facet normal -0.700214 -0.139285 -0.700214
    outer loop
      vertex 0.888859 -23 0.2986308
      vertex 0.33706 -23.4252 0.9350098
      vertex 0.33706 -23 0.8504298
    endloop
  endfacet
  facet normal 0.921219 0.381569 -0.0758997
    outer loop
      vertex 7.66294 21.0266 1.5363598
      vertex 7.96157 20.3902 1.9615698
      vertex 7.96157 20.3605 1.8122598
    endloop
  endfacet
  facet normal -0.92388 0 -0.382683
    outer loop
      vertex 0.33706 -23 0.8504298
      vertex 0.0384293 20 1.5713898
      vertex 0.33706 20 0.8504298
    endloop
  endfacet
  facet normal -0.92388 -0 -0.382683
    outer loop
      vertex 0.0384293 20 1.5713898
      vertex 0.33706 -23 0.8504298
      vertex 0.0384293 -23 1.5713898
    endloop
  endfacet
  facet normal -0.700231 0.593573 -0.39667
    outer loop
      vertex 0.33706 20.7857 1.1758798
      vertex 0.33706 21.0266 1.5363598
      vertex 0.888859 21.1759 0.7856948
    endloop
  endfacet
  facet normal -0.921217 0.323469 -0.216166
    outer loop
      vertex 0.33706 20.7857 1.1758798
      vertex 0.0384293 20.2759 1.6856698
      vertex 0.33706 21.0266 1.5363598
    endloop
  endfacet
  facet normal -0.921219 0.381569 -0.0758999
    outer loop
      vertex 0.0384293 20.3605 1.8122598
      vertex 0.0384293 20.3902 1.9615698
      vertex 0.33706 21.0266 1.5363598
    endloop
  endfacet
  facet normal -0.921217 0.216125 -0.323497
    outer loop
      vertex 0.0384293 20.1493 1.6010898
      vertex 0.0384293 20.2759 1.6856698
      vertex 0.33706 20.4252 0.9350098
    endloop
  endfacet
  facet normal -0.700217 0.593601 -0.396654
    outer loop
      vertex 0.888859 21.1759 0.7856948
      vertex 0.33706 21.0266 1.5363598
      vertex 0.888859 21.5364 1.3251898
    endloop
  endfacet
  facet normal -0.376323 0.770333 -0.51475
    outer loop
      vertex 0.888859 21.1759 0.7856948
      vertex 0.888859 21.5364 1.3251898
      vertex 1.60982 21.387 0.5745308
    endloop
  endfacet
  facet normal -0.70021 -0.593738 0.39646
    outer loop
      vertex 0.888859 -24.5 48.6523698
      vertex 0.33706 -24.0266 48.3867698
      vertex 0.849508 -24.5 48.5828698
    endloop
  endfacet
  facet normal -0.700203 -0.593641 0.396618
    outer loop
      vertex 0.33706 -24.0266 48.3867698
      vertex 0.888859 -24.5 48.6523698
      vertex 0.888859 -24.1759 49.1374698
    endloop
  endfacet
  facet normal -0.700186 -0.700241 0.13929
    outer loop
      vertex 0.747575 -24.5 48.0704698
      vertex 0.849508 -24.5 48.5828698
      vertex 0.33706 -24.0266 48.3867698
    endloop
  endfacet
  facet normal -0.700235 -0.59358 0.396653
    outer loop
      vertex 0.33706 -24.0266 48.3867698
      vertex 0.888859 -24.1759 49.1374698
      vertex 0.33706 -23.7857 48.7472698
    endloop
  endfacet
  facet normal -0.700235 -0.396653 0.59358
    outer loop
      vertex 0.33706 -23.7857 48.7472698
      vertex 0.888859 -24.1759 49.1374698
      vertex 0.33706 -23.4252 48.9881698
    endloop
  endfacet
  facet normal 0.70009 -0.593859 0.396492
    outer loop
      vertex 7.34194 -24.1877 48.7122698
      vertex 7.66294 -24.0266 48.3867698
      vertex 7.11114 -24.1759 49.1374698
    endloop
  endfacet
  facet normal 0.700264 -0.593379 0.396902
    outer loop
      vertex 7.66294 -24.0266 48.3867698
      vertex 7.34194 -24.1877 48.7122698
      vertex 7.54917 -24.1317 48.4303698
    endloop
  endfacet
  facet normal 0.700294 -0.593551 0.396594
    outer loop
      vertex 7.34194 -24.1877 48.7122698
      vertex 7.11114 -24.1759 49.1374698
      vertex 7.11114 -24.3239 48.9159698
    endloop
  endfacet
  facet normal 0.376299 -0.770224 0.514931
    outer loop
      vertex 6.64042 -24.4389 49.0880698
      vertex 7.11114 -24.1759 49.1374698
      vertex 6.39018 -24.387 49.3485698
    endloop
  endfacet
  facet normal 0.376381 -0.77033 0.514713
    outer loop
      vertex 7.11114 -24.1759 49.1374698
      vertex 6.64042 -24.4389 49.0880698
      vertex 7.11114 -24.3239 48.9159698
    endloop
  endfacet
  facet normal -0.376283 0.514756 0.770349
    outer loop
      vertex 0.888859 21.1759 49.1374698
      vertex 0.888859 20.6364 49.4979698
      vertex 1.60982 21.387 49.3485698
    endloop
  endfacet
  facet normal -0.376383 0.77025 0.514831
    outer loop
      vertex 0.888859 21.5364 48.5979698
      vertex 1.60982 21.387 49.3485698
      vertex 1.60982 21.8123 48.7122698
    endloop
  endfacet
  facet normal -0.700228 0.593593 0.396646
    outer loop
      vertex 0.33706 21.0266 48.3867698
      vertex 0.888859 21.1759 49.1374698
      vertex 0.888859 21.5364 48.5979698
    endloop
  endfacet
  facet normal -0.700235 0.59358 0.396653
    outer loop
      vertex 0.33706 20.7857 48.7472698
      vertex 0.888859 21.1759 49.1374698
      vertex 0.33706 21.0266 48.3867698
    endloop
  endfacet
  facet normal 0.923871 -0.382704 0
    outer loop
      vertex 7.69306 -24.0384 47.9615698
      vertex 7.96157 -23.3902 1.9615698
      vertex 7.96157 -23.3902 47.9615698
    endloop
  endfacet
  facet normal 0.923871 -0.382704 0
    outer loop
      vertex 7.96157 -23.3902 1.9615698
      vertex 7.69306 -24.0384 47.9615698
      vertex 7.69306 -24.0384 1.9615698
    endloop
  endfacet
  facet normal 0.376384 -0.770313 -0.514736
    outer loop
      vertex 6.64042 -24.4389 0.8350808
      vertex 7.11114 -24.1759 0.7856948
      vertex 7.11114 -24.3239 1.0071798
    endloop
  endfacet
  facet normal 0.376334 -0.770248 -0.514871
    outer loop
      vertex 7.11114 -24.1759 0.7856948
      vertex 6.64042 -24.4389 0.8350808
      vertex 6.39018 -24.387 0.5745308
    endloop
  endfacet
  facet normal 0.921217 -0.323468 -0.216166
    outer loop
      vertex 7.66294 -23.7857 1.1758798
      vertex 7.96157 -23.2759 1.6856698
      vertex 7.66294 -24.0266 1.5363598
    endloop
  endfacet
  facet normal 0.700231 -0.593573 -0.396671
    outer loop
      vertex 7.66294 -23.7857 1.1758798
      vertex 7.66294 -24.0266 1.5363598
      vertex 7.11114 -24.1759 0.7856948
    endloop
  endfacet
  facet normal 0.921212 -0.381602 -0.0758143
    outer loop
      vertex 7.66294 -24.0748 1.7787998
      vertex 7.96157 -23.3902 1.9615698
      vertex 7.69306 -24.0384 1.9615698
    endloop
  endfacet
  facet normal 0.921213 -0.381589 -0.0758646
    outer loop
      vertex 7.96157 -23.3902 1.9615698
      vertex 7.66294 -24.0748 1.7787998
      vertex 7.66294 -24.0266 1.5363598
    endloop
  endfacet
  facet normal 0.700222 -0.396626 -0.593613
    outer loop
      vertex 7.66294 -23.4252 0.9350098
      vertex 7.66294 -23.7857 1.1758798
      vertex 7.11114 -24.1759 0.7856948
    endloop
  endfacet
  facet normal 0.921214 -0.216143 -0.323491
    outer loop
      vertex 7.66294 -23.4252 0.9350098
      vertex 7.96157 -23.2759 1.6856698
      vertex 7.66294 -23.7857 1.1758798
    endloop
  endfacet
  facet normal 0.654206 0.492563 0.573931
    outer loop
      vertex 274.917 8.51764 39.9263698
      vertex 272.485 9.41421 41.9290698
      vertex 272.933 8.51764 42.1878698
    endloop
  endfacet
  facet normal 0.654106 0.493134 0.573554
    outer loop
      vertex 272.485 9.41421 41.9290698
      vertex 274.917 8.51764 39.9263698
      vertex 274.468 9.41421 39.6675698
    endloop
  endfacet
  facet normal 0.221508 0.865529 -0.449214
    outer loop
      vertex 264.507 9.41421 2.4915598
      vertex 266.757 9.93185 4.5984098
      vertex 267.205 9.41421 3.8219498
    endloop
  endfacet
  facet normal 0.221511 0.865527 -0.449217
    outer loop
      vertex 266.757 9.93185 4.5984098
      vertex 264.507 9.41421 2.4915598
      vertex 264.059 9.93185 3.2680098
    endloop
  endfacet
  facet normal 0 0.500003 -0.866024
    outer loop
      vertex 254.935 8.51764 0.0297184
      vertex 7.35987 9.41421 0.5473568
      vertex 254.935 9.41421 0.5473568
    endloop
  endfacet
  facet normal 1.33462e-08 0.500005 -0.866022
    outer loop
      vertex 254.935 8.51764 0.0297184
      vertex 7.11114 8.98341 0.2986308
      vertex 7.35987 9.41421 0.5473568
    endloop
  endfacet
  facet normal 0 0.5 -0.866025
    outer loop
      vertex 7.11114 8.98341 0.2986308
      vertex 254.935 8.51764 0.0297184
      vertex 6.46193 8.51764 0.0297184
    endloop
  endfacet
  facet normal 0.226079 0.487054 -0.843604
    outer loop
      vertex 260.952 9.41421 1.3352098
      vertex 261.659 9.41421 1.5246798
      vertex 260.952 8.51764 0.8175758
    endloop
  endfacet
  facet normal 0.032754 -0.86556 -0.499734
    outer loop
      vertex 254.935 -1.93185 1.4439298
      vertex 258.002 -1.41421 0.7483758
      vertex 258.002 -1.93185 1.6449498
    endloop
  endfacet
  facet normal 0.0327538 -0.865559 -0.499734
    outer loop
      vertex 258.002 -1.41421 0.7483758
      vertex 254.935 -1.93185 1.4439298
      vertex 254.935 -1.41421 0.5473568
    endloop
  endfacet
  facet normal 0.0654285 0 0.997857
    outer loop
      vertex 254.935 8.51764 49.8934698
      vertex 258.002 -0.517637 49.6923698
      vertex 258.002 8.51764 49.6923698
    endloop
  endfacet
  facet normal 0.0654285 0 0.997857
    outer loop
      vertex 258.002 -0.517637 49.6923698
      vertex 254.935 8.51764 49.8934698
      vertex 254.935 -0.517637 49.8934698
    endloop
  endfacet
  facet normal 0.169768 0.492717 0.853469
    outer loop
      vertex 258.002 9.41421 49.1747698
      vertex 260.952 8.51764 49.1055698
      vertex 260.952 9.41421 48.5879698
    endloop
  endfacet
  facet normal 0.169768 0.492717 0.853469
    outer loop
      vertex 260.952 8.51764 49.1055698
      vertex 258.002 9.41421 49.1747698
      vertex 258.002 8.51764 49.6923698
    endloop
  endfacet
  facet normal 0 -0.500001 -0.866025
    outer loop
      vertex 7.35987 -1.41421 0.5473568
      vertex 254.935 -0.517637 0.0297184
      vertex 254.935 -1.41421 0.5473568
    endloop
  endfacet
  facet normal 6.80932e-09 -0.500003 -0.866024
    outer loop
      vertex 7.11114 -0.983407 0.2986308
      vertex 254.935 -0.517637 0.0297184
      vertex 7.35987 -1.41421 0.5473568
    endloop
  endfacet
  facet normal -0 -0.5 -0.866025
    outer loop
      vertex 254.935 -0.517637 0.0297184
      vertex 7.11114 -0.983407 0.2986308
      vertex 6.46193 -0.517637 0.0297184
    endloop
  endfacet
  facet normal 0.22152 -0.865516 0.449234
    outer loop
      vertex 266.757 -1.93185 45.3247698
      vertex 264.507 -1.41421 47.4315698
      vertex 264.059 -1.93185 46.6551698
    endloop
  endfacet
  facet normal 0.22152 -0.865516 0.449234
    outer loop
      vertex 264.507 -1.41421 47.4315698
      vertex 266.757 -1.93185 45.3247698
      vertex 267.205 -1.41421 46.1011698
    endloop
  endfacet
  facet normal 0.843576 -0.48738 -0.225478
    outer loop
      vertex 279.144 -0.517637 19.0098698
      vertex 278.626 -1.41421 19.0098698
      vertex 278.437 -1.41421 18.3027698
    endloop
  endfacet
  facet normal 0.163094 0.861749 -0.480404
    outer loop
      vertex 261.659 9.41421 1.5246798
      vertex 264.059 9.93185 3.2680098
      vertex 264.507 9.41421 2.4915598
    endloop
  endfacet
  facet normal 0.163092 0.861752 -0.480401
    outer loop
      vertex 264.059 9.93185 3.2680098
      vertex 261.659 9.41421 1.5246798
      vertex 261.211 9.93185 2.3011398
    endloop
  endfacet
  facet normal 0.494808 0.858635 0.133835
    outer loop
      vertex 277.66 9.93185 31.1720698
      vertex 278.437 9.41421 31.6203698
      vertex 277.73 9.93185 30.9132698
    endloop
  endfacet
  facet normal 0.831487 -0 0.555544
    outer loop
      vertex 274.917 -0.517637 39.9263698
      vertex 276.588 8.51764 37.4253698
      vertex 274.917 8.51764 39.9263698
    endloop
  endfacet
  facet normal 0.831487 0 0.555544
    outer loop
      vertex 276.588 8.51764 37.4253698
      vertex 274.917 -0.517637 39.9263698
      vertex 276.588 -0.517637 37.4253698
    endloop
  endfacet
  facet normal 0.0654024 0 -0.997859
    outer loop
      vertex 254.935 -0.517637 0.0297184
      vertex 258.002 8.51764 0.2307378
      vertex 258.002 -0.517637 0.2307378
    endloop
  endfacet
  facet normal 0.0654024 0 -0.997859
    outer loop
      vertex 258.002 8.51764 0.2307378
      vertex 254.935 -0.517637 0.0297184
      vertex 254.935 8.51764 0.0297184
    endloop
  endfacet
  facet normal 0 0 -1
    outer loop
      vertex 6.46193 -0.517637 0.0297184
      vertex 254.935 8.51764 0.0297184
      vertex 254.935 -0.517637 0.0297184
    endloop
  endfacet
  facet normal -0 0 -1
    outer loop
      vertex 254.935 8.51764 0.0297184
      vertex 6.46193 -0.517637 0.0297184
      vertex 6.46193 8.51764 0.0297184
    endloop
  endfacet
  facet normal -0 0 1
    outer loop
      vertex 6.46193 8.51764 49.8934698
      vertex 254.935 -0.517637 49.8934698
      vertex 254.935 8.51764 49.8934698
    endloop
  endfacet
  facet normal 0 0 1
    outer loop
      vertex 254.935 -0.517637 49.8934698
      vertex 6.46193 8.51764 49.8934698
      vertex 6.46193 -0.517637 49.8934698
    endloop
  endfacet
  facet normal -0 0.500047 0.865998
    outer loop
      vertex 7.35987 9.41421 49.3757698
      vertex 254.935 8.51764 49.8934698
      vertex 254.935 9.41421 49.3757698
    endloop
  endfacet
  facet normal -3.90577e-07 0.499966 0.866045
    outer loop
      vertex 7.11114 8.98341 49.6244698
      vertex 254.935 8.51764 49.8934698
      vertex 7.35987 9.41421 49.3757698
    endloop
  endfacet
  facet normal 0 0.500122 0.865955
    outer loop
      vertex 254.935 8.51764 49.8934698
      vertex 7.11114 8.98341 49.6244698
      vertex 6.46193 8.51764 49.8934698
    endloop
  endfacet
  facet normal 0.843671 0.486869 -0.226225
    outer loop
      vertex 278.437 9.41421 18.3027698
      vertex 279.144 8.51764 19.0098698
      vertex 278.885 8.51764 18.0439698
    endloop
  endfacet
  facet normal 0.278271 -0.865522 -0.416458
    outer loop
      vertex 266.757 -1.93185 4.5984098
      vertex 269.706 -1.41421 5.4930798
      vertex 269.258 -1.93185 6.2695398
    endloop
  endfacet
  facet normal 0.278271 -0.865522 -0.416458
    outer loop
      vertex 269.706 -1.41421 5.4930798
      vertex 266.757 -1.93185 4.5984098
      vertex 267.205 -1.41421 3.8219498
    endloop
  endfacet
  facet normal 0.965879 0 -0.258994
    outer loop
      vertex 279.144 -0.517637 19.0098698
      vertex 278.885 8.51764 18.0439698
      vertex 279.144 8.51764 19.0098698
    endloop
  endfacet
  facet normal 0.965879 0 -0.258994
    outer loop
      vertex 278.885 8.51764 18.0439698
      vertex 279.144 -0.517637 19.0098698
      vertex 278.885 -0.517637 18.0439698
    endloop
  endfacet
  facet normal 0.032754 0.86556 -0.499734
    outer loop
      vertex 258.002 9.41421 0.7483758
      vertex 254.935 9.93185 1.4439298
      vertex 258.002 9.93185 1.6449498
    endloop
  endfacet
  facet normal 0.0327538 0.865559 -0.499734
    outer loop
      vertex 254.935 9.93185 1.4439298
      vertex 258.002 9.41421 0.7483758
      vertex 254.935 9.41421 0.5473568
    endloop
  endfacet
  facet normal 0.0989759 0.861773 -0.497544
    outer loop
      vertex 260.952 9.41421 1.3352098
      vertex 258.002 9.93185 1.6449498
      vertex 260.952 9.93185 2.2317898
    endloop
  endfacet
  facet normal 0.0989754 0.861772 -0.497547
    outer loop
      vertex 258.002 9.93185 1.6449498
      vertex 260.952 9.41421 1.3352098
      vertex 258.002 9.41421 0.7483758
    endloop
  endfacet
  facet normal 0.226028 -0.487087 -0.843598
    outer loop
      vertex 261.918 -0.517637 1.0763998
      vertex 261.659 -1.41421 1.5246798
      vertex 260.952 -0.517637 0.8175758
    endloop
  endfacet
  facet normal 0 0.866044 0.499968
    outer loop
      vertex 254.935 9.41421 49.3757698
      vertex 7.66294 9.58919 49.0726698
      vertex 7.35987 9.41421 49.3757698
    endloop
  endfacet
  facet normal -0 0.866031 0.499991
    outer loop
      vertex 7.90878 9.93185 48.4791698
      vertex 254.935 9.41421 49.3757698
      vertex 254.935 9.93185 48.4791698
    endloop
  endfacet
  facet normal -5.67163e-08 0.866024 0.500003
    outer loop
      vertex 254.935 9.41421 49.3757698
      vertex 7.90878 9.93185 48.4791698
      vertex 7.66294 9.58919 49.0726698
    endloop
  endfacet
  facet normal 0.573826 0.492774 0.654139
    outer loop
      vertex 271.967 9.41421 42.4467698
      vertex 269.965 8.51764 44.8783698
      vertex 272.226 8.51764 42.8949698
    endloop
  endfacet
  facet normal 0.573788 0.492831 0.654129
    outer loop
      vertex 269.965 8.51764 44.8783698
      vertex 271.967 9.41421 42.4467698
      vertex 269.706 9.41421 44.4300698
    endloop
  endfacet
  facet normal 0.321479 0 0.946917
    outer loop
      vertex 261.918 8.51764 48.8467698
      vertex 264.766 -0.517637 47.8798698
      vertex 264.766 8.51764 47.8798698
    endloop
  endfacet
  facet normal 0.321479 0 0.946917
    outer loop
      vertex 264.766 -0.517637 47.8798698
      vertex 261.918 8.51764 48.8467698
      vertex 261.918 -0.517637 48.8467698
    endloop
  endfacet
  facet normal 0.555571 0 -0.831469
    outer loop
      vertex 267.464 -0.517637 3.3736698
      vertex 269.965 8.51764 5.0447898
      vertex 269.965 -0.517637 5.0447898
    endloop
  endfacet
  facet normal 0.555571 0 -0.831469
    outer loop
      vertex 269.965 8.51764 5.0447898
      vertex 267.464 -0.517637 3.3736698
      vertex 267.464 8.51764 3.3736698
    endloop
  endfacet
  facet normal 0.278271 0.865522 -0.416458
    outer loop
      vertex 269.706 9.41421 5.4930798
      vertex 266.757 9.93185 4.5984098
      vertex 269.258 9.93185 6.2695398
    endloop
  endfacet
  facet normal 0.278271 0.865522 -0.416458
    outer loop
      vertex 266.757 9.93185 4.5984098
      vertex 269.706 9.41421 5.4930798
      vertex 267.205 9.41421 3.8219498
    endloop
  endfacet
  facet normal 0.258783 0 0.965936
    outer loop
      vertex 260.952 8.51764 49.1055698
      vertex 261.918 -0.517637 48.8467698
      vertex 261.918 8.51764 48.8467698
    endloop
  endfacet
  facet normal 0.258783 0 0.965936
    outer loop
      vertex 261.918 -0.517637 48.8467698
      vertex 260.952 8.51764 49.1055698
      vertex 260.952 -0.517637 49.1055698
    endloop
  endfacet
  facet normal 0 -0.500046 0.865999
    outer loop
      vertex 254.935 -0.517637 49.8934698
      vertex 7.35987 -1.41421 49.3757698
      vertex 254.935 -1.41421 49.3757698
    endloop
  endfacet
  facet normal -4.01308e-07 -0.499963 0.866047
    outer loop
      vertex 254.935 -0.517637 49.8934698
      vertex 7.11114 -0.983406 49.6244698
      vertex 7.35987 -1.41421 49.3757698
    endloop
  endfacet
  facet normal 0 -0.500123 0.865954
    outer loop
      vertex 7.11114 -0.983406 49.6244698
      vertex 254.935 -0.517637 49.8934698
      vertex 6.46193 -0.517637 49.8934698
    endloop
  endfacet
  facet normal 0.226028 0.487089 -0.843597
    outer loop
      vertex 260.952 8.51764 0.8175758
      vertex 261.659 9.41421 1.5246798
      vertex 261.918 8.51764 1.0763998
    endloop
  endfacet
  facet normal 0.777278 -0.499001 -0.383193
    outer loop
      vertex 276.14 -1.41421 12.7565698
      vertex 277.918 -0.517637 15.1955698
      vertex 277.47 -1.41421 15.4543698
    endloop
  endfacet
  facet normal 0.777278 -0.499001 -0.383193
    outer loop
      vertex 277.918 -0.517637 15.1955698
      vertex 276.14 -1.41421 12.7565698
      vertex 276.588 -0.517637 12.4977698
    endloop
  endfacet
  facet normal 0.226079 -0.487053 -0.843604
    outer loop
      vertex 260.952 -0.517637 0.8175758
      vertex 261.659 -1.41421 1.5246798
      vertex 260.952 -1.41421 1.3352098
    endloop
  endfacet
  facet normal 0.480228 0.861891 -0.162864
    outer loop
      vertex 278.437 9.41421 18.3027698
      vertex 276.694 9.93185 15.9026698
      vertex 277.66 9.93185 18.7510698
    endloop
  endfacet
  facet normal 0.480539 0.861666 -0.163138
    outer loop
      vertex 276.694 9.93185 15.9026698
      vertex 278.437 9.41421 18.3027698
      vertex 277.47 9.41421 15.4543698
    endloop
  endfacet
  facet normal 0.777278 -0.499001 0.383193
    outer loop
      vertex 276.14 -1.41421 37.1665698
      vertex 277.918 -0.517637 34.7275698
      vertex 276.588 -0.517637 37.4253698
    endloop
  endfacet
  facet normal 0.777278 -0.499001 0.383193
    outer loop
      vertex 277.918 -0.517637 34.7275698
      vertex 276.14 -1.41421 37.1665698
      vertex 277.47 -1.41421 34.4687698
    endloop
  endfacet
  facet normal 0.499976 -0.865424 -0.0326477
    outer loop
      vertex 279.213 -1.41421 21.9599698
      vertex 278.513 -1.93185 24.9615698
      vertex 278.317 -1.93185 21.9599698
    endloop
  endfacet
  facet normal 0.499555 -0.865661 -0.0327866
    outer loop
      vertex 278.513 -1.93185 24.9615698
      vertex 279.213 -1.41421 21.9599698
      vertex 279.41 -1.41421 24.9615698
    endloop
  endfacet
  facet normal 0.824094 -0.492541 0.279771
    outer loop
      vertex 277.47 -1.41421 34.4687698
      vertex 278.885 -0.517637 31.8791698
      vertex 277.918 -0.517637 34.7275698
    endloop
  endfacet
  facet normal 0.824094 -0.492541 0.279771
    outer loop
      vertex 278.885 -0.517637 31.8791698
      vertex 277.47 -1.41421 34.4687698
      vertex 278.437 -1.41421 31.6203698
    endloop
  endfacet
  facet normal 0.03275 0.865566 0.499723
    outer loop
      vertex 258.002 9.41421 49.1747698
      vertex 254.935 9.93185 48.4791698
      vertex 254.935 9.41421 49.3757698
    endloop
  endfacet
  facet normal 0.03275 0.865566 0.499723
    outer loop
      vertex 254.935 9.93185 48.4791698
      vertex 258.002 9.41421 49.1747698
      vertex 258.002 9.93185 48.2781698
    endloop
  endfacet
  facet normal 0.0566941 -0.499169 0.864648
    outer loop
      vertex 254.935 -0.517637 49.8934698
      vertex 258.002 -1.41421 49.1747698
      vertex 258.002 -0.517637 49.6923698
    endloop
  endfacet
  facet normal 0.0566632 -0.499242 0.864608
    outer loop
      vertex 258.002 -1.41421 49.1747698
      vertex 254.935 -0.517637 49.8934698
      vertex 254.935 -1.41421 49.3757698
    endloop
  endfacet
  facet normal 0.226007 0.487101 0.843596
    outer loop
      vertex 261.659 9.41421 48.3984698
      vertex 260.952 8.51764 49.1055698
      vertex 261.918 8.51764 48.8467698
    endloop
  endfacet
  facet normal 0.169775 -0.49274 -0.853454
    outer loop
      vertex 258.002 -1.41421 0.7483758
      vertex 260.952 -0.517637 0.8175758
      vertex 260.952 -1.41421 1.3352098
    endloop
  endfacet
  facet normal 0.169776 -0.492742 -0.853453
    outer loop
      vertex 260.952 -0.517637 0.8175758
      vertex 258.002 -1.41421 0.7483758
      vertex 258.002 -0.517637 0.2307378
    endloop
  endfacet
  facet normal 0 -0.866044 0.499968
    outer loop
      vertex 7.66294 -1.58919 49.0726698
      vertex 254.935 -1.41421 49.3757698
      vertex 7.35987 -1.41421 49.3757698
    endloop
  endfacet
  facet normal -5.67163e-08 -0.866024 0.500003
    outer loop
      vertex 7.90878 -1.93185 48.4791698
      vertex 254.935 -1.41421 49.3757698
      vertex 7.66294 -1.58919 49.0726698
    endloop
  endfacet
  facet normal 0 -0.866031 0.499991
    outer loop
      vertex 254.935 -1.41421 49.3757698
      vertex 7.90878 -1.93185 48.4791698
      vertex 254.935 -1.93185 48.4791698
    endloop
  endfacet
  facet normal 0.132809 0.858354 -0.49557
    outer loop
      vertex 260.952 9.41421 1.3352098
      vertex 260.952 9.93185 2.2317898
      vertex 261.659 9.41421 1.5246798
    endloop
  endfacet
  facet normal 0.0566703 0.499199 -0.864632
    outer loop
      vertex 254.935 8.51764 0.0297184
      vertex 258.002 9.41421 0.7483758
      vertex 258.002 8.51764 0.2307378
    endloop
  endfacet
  facet normal 0.0566702 0.499199 -0.864632
    outer loop
      vertex 258.002 9.41421 0.7483758
      vertex 254.935 8.51764 0.0297184
      vertex 254.935 9.41421 0.5473568
    endloop
  endfacet
  facet normal 0.195105 0 -0.980782
    outer loop
      vertex 258.002 -0.517637 0.2307378
      vertex 260.952 8.51764 0.8175758
      vertex 260.952 -0.517637 0.8175758
    endloop
  endfacet
  facet normal 0.195105 0 -0.980782
    outer loop
      vertex 260.952 8.51764 0.8175758
      vertex 258.002 -0.517637 0.2307378
      vertex 258.002 8.51764 0.2307378
    endloop
  endfacet
  facet normal 0.279727 0.492792 -0.82396
    outer loop
      vertex 261.918 8.51764 1.0763998
      vertex 264.507 9.41421 2.4915598
      vertex 264.766 8.51764 2.0432698
    endloop
  endfacet
  facet normal 0.279731 0.492785 -0.823962
    outer loop
      vertex 264.507 9.41421 2.4915598
      vertex 261.918 8.51764 1.0763998
      vertex 261.659 9.41421 1.5246798
    endloop
  endfacet
  facet normal 0.3832 0.499251 -0.777114
    outer loop
      vertex 264.766 8.51764 2.0432698
      vertex 267.205 9.41421 3.8219498
      vertex 267.464 8.51764 3.3736698
    endloop
  endfacet
  facet normal 0.383196 0.499257 -0.777112
    outer loop
      vertex 267.205 9.41421 3.8219498
      vertex 264.766 8.51764 2.0432698
      vertex 264.507 9.41421 2.4915598
    endloop
  endfacet
  facet normal 0.481372 0.499273 -0.720422
    outer loop
      vertex 267.464 8.51764 3.3736698
      vertex 269.706 9.41421 5.4930798
      vertex 269.965 8.51764 5.0447898
    endloop
  endfacet
  facet normal 0.481376 0.499267 -0.720423
    outer loop
      vertex 269.706 9.41421 5.4930798
      vertex 267.464 8.51764 3.3736698
      vertex 267.205 9.41421 3.8219498
    endloop
  endfacet
  facet normal 0.94692 0 -0.321469
    outer loop
      vertex 278.885 -0.517637 18.0439698
      vertex 277.918 8.51764 15.1955698
      vertex 278.885 8.51764 18.0439698
    endloop
  endfacet
  facet normal 0.94692 0 -0.321469
    outer loop
      vertex 277.918 8.51764 15.1955698
      vertex 278.885 -0.517637 18.0439698
      vertex 277.918 -0.517637 15.1955698
    endloop
  endfacet
  facet normal 0.49583 -0.858248 0.13253
    outer loop
      vertex 278.626 -1.41421 30.9132698
      vertex 278.437 -1.41421 31.6203698
      vertex 277.73 -1.93185 30.9132698
    endloop
  endfacet
  facet normal 0 0.866024 -0.500002
    outer loop
      vertex 254.935 9.41421 0.5473568
      vertex 7.90878 9.93185 1.4439298
      vertex 254.935 9.93185 1.4439298
    endloop
  endfacet
  facet normal -2.14798e-09 0.866024 -0.500003
    outer loop
      vertex 7.90878 9.93185 1.4439298
      vertex 254.935 9.41421 0.5473568
      vertex 7.66294 9.58919 0.8504298
    endloop
  endfacet
  facet normal 0 0.866025 -0.500002
    outer loop
      vertex 7.66294 9.58919 0.8504298
      vertex 254.935 9.41421 0.5473568
      vertex 7.35987 9.41421 0.5473568
    endloop
  endfacet
  facet normal 0.573797 0.492824 -0.654126
    outer loop
      vertex 269.965 8.51764 5.0447898
      vertex 271.967 9.41421 7.4764198
      vertex 272.226 8.51764 7.0281298
    endloop
  endfacet
  facet normal 0.573797 0.492824 -0.654126
    outer loop
      vertex 271.967 9.41421 7.4764198
      vertex 269.965 8.51764 5.0447898
      vertex 269.706 9.41421 5.4930798
    endloop
  endfacet
  facet normal 0.362713 0.858328 0.362923
    outer loop
      vertex 272.485 9.41421 41.9290698
      vertex 271.519 9.93185 41.6702698
      vertex 271.967 9.41421 42.4467698
    endloop
  endfacet
  facet normal 0.362498 0.858193 0.363455
    outer loop
      vertex 271.519 9.93185 41.6702698
      vertex 272.485 9.41421 41.9290698
      vertex 271.709 9.93185 41.4807698
    endloop
  endfacet
  facet normal 0.853302 -0.493 0.169787
    outer loop
      vertex 278.626 -1.41421 30.9132698
      vertex 279.731 -0.517637 27.9631698
      vertex 279.144 -0.517637 30.9132698
    endloop
  endfacet
  facet normal 0.853302 -0.493 0.169787
    outer loop
      vertex 279.731 -0.517637 27.9631698
      vertex 278.626 -1.41421 30.9132698
      vertex 279.213 -1.41421 27.9631698
    endloop
  endfacet
  facet normal 0.49583 0.858248 -0.13253
    outer loop
      vertex 277.73 9.93185 19.0098698
      vertex 278.626 9.41421 19.0098698
      vertex 278.437 9.41421 18.3027698
    endloop
  endfacet
  facet normal 0.03275 -0.865566 0.499723
    outer loop
      vertex 254.935 -1.93185 48.4791698
      vertex 258.002 -1.41421 49.1747698
      vertex 254.935 -1.41421 49.3757698
    endloop
  endfacet
  facet normal 0.03275 -0.865566 0.499723
    outer loop
      vertex 258.002 -1.41421 49.1747698
      vertex 254.935 -1.93185 48.4791698
      vertex 258.002 -1.93185 48.2781698
    endloop
  endfacet
  facet normal 0.132714 0.858326 -0.495644
    outer loop
      vertex 260.952 9.93185 2.2317898
      vertex 261.211 9.93185 2.3011398
      vertex 261.659 9.41421 1.5246798
    endloop
  endfacet
  facet normal 0.334589 0.86172 -0.38143
    outer loop
      vertex 271.967 9.41421 7.4764198
      vertex 269.258 9.93185 6.2695398
      vertex 271.519 9.93185 8.2528798
    endloop
  endfacet
  facet normal 0.334589 0.86172 -0.38143
    outer loop
      vertex 269.258 9.93185 6.2695398
      vertex 271.967 9.41421 7.4764198
      vertex 269.706 9.41421 5.4930798
    endloop
  endfacet
  facet normal 0.279727 -0.49279 -0.82396
    outer loop
      vertex 264.507 -1.41421 2.4915598
      vertex 261.918 -0.517637 1.0763998
      vertex 264.766 -0.517637 2.0432698
    endloop
  endfacet
  facet normal 0.279731 -0.492784 -0.823963
    outer loop
      vertex 261.918 -0.517637 1.0763998
      vertex 264.507 -1.41421 2.4915598
      vertex 261.659 -1.41421 1.5246798
    endloop
  endfacet
  facet normal -2.14798e-09 -0.866024 -0.500003
    outer loop
      vertex 254.935 -1.41421 0.5473568
      vertex 7.90878 -1.93185 1.4439298
      vertex 7.66294 -1.58919 0.8504298
    endloop
  endfacet
  facet normal -0 -0.866025 -0.500002
    outer loop
      vertex 254.935 -1.41421 0.5473568
      vertex 7.66294 -1.58919 0.8504298
      vertex 7.35987 -1.41421 0.5473568
    endloop
  endfacet
  facet normal 0 -0.866024 -0.500002
    outer loop
      vertex 7.90878 -1.93185 1.4439298
      vertex 254.935 -1.41421 0.5473568
      vertex 254.935 -1.93185 1.4439298
    endloop
  endfacet
  facet normal 0.49583 -0.858248 -0.13253
    outer loop
      vertex 278.626 -1.41421 19.0098698
      vertex 277.73 -1.93185 19.0098698
      vertex 278.437 -1.41421 18.3027698
    endloop
  endfacet
  facet normal 0.843576 -0.48738 0.225478
    outer loop
      vertex 279.144 -0.517637 30.9132698
      vertex 278.437 -1.41421 31.6203698
      vertex 278.626 -1.41421 30.9132698
    endloop
  endfacet
  facet normal 0.0566703 -0.499197 -0.864633
    outer loop
      vertex 254.935 -1.41421 0.5473568
      vertex 258.002 -0.517637 0.2307378
      vertex 258.002 -1.41421 0.7483758
    endloop
  endfacet
  facet normal 0.0566704 -0.499198 -0.864633
    outer loop
      vertex 258.002 -0.517637 0.2307378
      vertex 254.935 -1.41421 0.5473568
      vertex 254.935 -0.517637 0.0297184
    endloop
  endfacet
  facet normal 0.169776 0.492741 -0.853453
    outer loop
      vertex 258.002 8.51764 0.2307378
      vertex 260.952 9.41421 1.3352098
      vertex 260.952 8.51764 0.8175758
    endloop
  endfacet
  facet normal 0.169774 0.492744 -0.853452
    outer loop
      vertex 260.952 9.41421 1.3352098
      vertex 258.002 8.51764 0.2307378
      vertex 258.002 9.41421 0.7483758
    endloop
  endfacet
  facet normal 0.44226 0 -0.896887
    outer loop
      vertex 264.766 -0.517637 2.0432698
      vertex 267.464 8.51764 3.3736698
      vertex 267.464 -0.517637 3.3736698
    endloop
  endfacet
  facet normal 0.44226 0 -0.896887
    outer loop
      vertex 267.464 8.51764 3.3736698
      vertex 264.766 -0.517637 2.0432698
      vertex 264.766 8.51764 2.0432698
    endloop
  endfacet
  facet normal 0.480539 0.861666 0.163138
    outer loop
      vertex 278.437 9.41421 31.6203698
      vertex 276.694 9.93185 34.0204698
      vertex 277.47 9.41421 34.4687698
    endloop
  endfacet
  facet normal 0.480228 0.861891 0.162864
    outer loop
      vertex 276.694 9.93185 34.0204698
      vertex 278.437 9.41421 31.6203698
      vertex 277.66 9.93185 31.1720698
    endloop
  endfacet
  facet normal 0.997853 -0 0.0654908
    outer loop
      vertex 279.731 -0.517637 27.9631698
      vertex 279.928 8.51764 24.9615698
      vertex 279.731 8.51764 27.9631698
    endloop
  endfacet
  facet normal 0.997853 0 0.0654908
    outer loop
      vertex 279.928 8.51764 24.9615698
      vertex 279.731 -0.517637 27.9631698
      vertex 279.928 -0.517637 24.9615698
    endloop
  endfacet
  facet normal 0.169768 -0.492716 0.853469
    outer loop
      vertex 258.002 -0.517637 49.6923698
      vertex 260.952 -1.41421 48.5879698
      vertex 260.952 -0.517637 49.1055698
    endloop
  endfacet
  facet normal 0.169768 -0.492716 0.853469
    outer loop
      vertex 260.952 -1.41421 48.5879698
      vertex 258.002 -0.517637 49.6923698
      vertex 258.002 -1.41421 49.1747698
    endloop
  endfacet
  facet normal 0.279733 -0.492798 0.823954
    outer loop
      vertex 261.918 -0.517637 48.8467698
      vertex 264.507 -1.41421 47.4315698
      vertex 264.766 -0.517637 47.8798698
    endloop
  endfacet
  facet normal 0.279733 -0.492798 0.823954
    outer loop
      vertex 264.507 -1.41421 47.4315698
      vertex 261.918 -0.517637 48.8467698
      vertex 261.659 -1.41421 48.3984698
    endloop
  endfacet
  facet normal 0.707157 0 0.707057
    outer loop
      vertex 272.226 8.51764 42.8949698
      vertex 272.933 -0.517637 42.1878698
      vertex 272.933 8.51764 42.1878698
    endloop
  endfacet
  facet normal 0.707157 0 0.707057
    outer loop
      vertex 272.933 -0.517637 42.1878698
      vertex 272.226 8.51764 42.8949698
      vertex 272.226 -0.517637 42.8949698
    endloop
  endfacet
  facet normal 0.449268 -0.865464 -0.221653
    outer loop
      vertex 275.363 -1.93185 13.2048698
      vertex 277.47 -1.41421 15.4543698
      vertex 276.694 -1.93185 15.9026698
    endloop
  endfacet
  facet normal 0.449003 -0.865678 -0.221356
    outer loop
      vertex 277.47 -1.41421 15.4543698
      vertex 275.363 -1.93185 13.2048698
      vertex 276.14 -1.41421 12.7565698
    endloop
  endfacet
  facet normal 0.824094 0.492542 -0.279771
    outer loop
      vertex 278.885 8.51764 18.0439698
      vertex 277.47 9.41421 15.4543698
      vertex 278.437 9.41421 18.3027698
    endloop
  endfacet
  facet normal 0.824094 0.492542 -0.279771
    outer loop
      vertex 277.47 9.41421 15.4543698
      vertex 278.885 8.51764 18.0439698
      vertex 277.918 8.51764 15.1955698
    endloop
  endfacet
  facet normal 0.896927 -0 0.44218
    outer loop
      vertex 276.588 -0.517637 37.4253698
      vertex 277.918 8.51764 34.7275698
      vertex 276.588 8.51764 37.4253698
    endloop
  endfacet
  facet normal 0.896927 0 0.44218
    outer loop
      vertex 277.918 8.51764 34.7275698
      vertex 276.588 -0.517637 37.4253698
      vertex 277.918 -0.517637 34.7275698
    endloop
  endfacet
  facet normal 0.65945 0 0.751748
    outer loop
      vertex 269.965 8.51764 44.8783698
      vertex 272.226 -0.517637 42.8949698
      vertex 272.226 8.51764 42.8949698
    endloop
  endfacet
  facet normal 0.65945 0 0.751748
    outer loop
      vertex 272.226 -0.517637 42.8949698
      vertex 269.965 8.51764 44.8783698
      vertex 269.965 -0.517637 44.8783698
    endloop
  endfacet
  facet normal 0.49583 0.858248 0.13253
    outer loop
      vertex 277.73 9.93185 30.9132698
      vertex 278.437 9.41421 31.6203698
      vertex 278.626 9.41421 30.9132698
    endloop
  endfacet
  facet normal 0.481366 -0.499278 0.720422
    outer loop
      vertex 267.464 -0.517637 46.5494698
      vertex 269.706 -1.41421 44.4300698
      vertex 269.965 -0.517637 44.8783698
    endloop
  endfacet
  facet normal 0.481366 -0.499278 0.720422
    outer loop
      vertex 269.706 -1.41421 44.4300698
      vertex 267.464 -0.517637 46.5494698
      vertex 267.205 -1.41421 46.1011698
    endloop
  endfacet
  facet normal 0.0566659 0.499171 0.864648
    outer loop
      vertex 254.935 9.41421 49.3757698
      vertex 258.002 8.51764 49.6923698
      vertex 258.002 9.41421 49.1747698
    endloop
  endfacet
  facet normal 0.0566913 0.499243 0.864605
    outer loop
      vertex 258.002 8.51764 49.6923698
      vertex 254.935 9.41421 49.3757698
      vertex 254.935 8.51764 49.8934698
    endloop
  endfacet
  facet normal 0.449003 -0.865678 0.221356
    outer loop
      vertex 275.363 -1.93185 36.7182698
      vertex 277.47 -1.41421 34.4687698
      vertex 276.14 -1.41421 37.1665698
    endloop
  endfacet
  facet normal 0.449268 -0.865464 0.221653
    outer loop
      vertex 277.47 -1.41421 34.4687698
      vertex 275.363 -1.93185 36.7182698
      vertex 276.694 -1.93185 34.0204698
    endloop
  endfacet
  facet normal 0.0989676 0.861779 0.497536
    outer loop
      vertex 260.952 9.41421 48.5879698
      vertex 258.002 9.93185 48.2781698
      vertex 258.002 9.41421 49.1747698
    endloop
  endfacet
  facet normal 0.0989676 0.861779 0.497536
    outer loop
      vertex 258.002 9.93185 48.2781698
      vertex 260.952 9.41421 48.5879698
      vertex 260.952 9.93185 47.6913698
    endloop
  endfacet
  facet normal 0.416182 0.865668 -0.278231
    outer loop
      vertex 274.468 9.41421 10.2555698
      vertex 275.363 9.93185 13.2048698
      vertex 276.14 9.41421 12.7565698
    endloop
  endfacet
  facet normal 0.416543 0.86547 -0.278306
    outer loop
      vertex 275.363 9.93185 13.2048698
      vertex 274.468 9.41421 10.2555698
      vertex 273.692 9.93185 10.7038698
    endloop
  endfacet
  facet normal 0.659439 0 -0.751758
    outer loop
      vertex 269.965 -0.517637 5.0447898
      vertex 272.226 8.51764 7.0281298
      vertex 272.226 -0.517637 7.0281298
    endloop
  endfacet
  facet normal 0.659439 0 -0.751758
    outer loop
      vertex 272.226 8.51764 7.0281298
      vertex 269.965 -0.517637 5.0447898
      vertex 269.965 8.51764 5.0447898
    endloop
  endfacet
  facet normal 0.481372 -0.499272 -0.720422
    outer loop
      vertex 269.706 -1.41421 5.4930798
      vertex 267.464 -0.517637 3.3736698
      vertex 269.965 -0.517637 5.0447898
    endloop
  endfacet
  facet normal 0.481376 -0.499266 -0.720424
    outer loop
      vertex 267.464 -0.517637 3.3736698
      vertex 269.706 -1.41421 5.4930798
      vertex 267.205 -1.41421 3.8219498
    endloop
  endfacet
  facet normal 0.132714 -0.858326 -0.495644
    outer loop
      vertex 261.659 -1.41421 1.5246798
      vertex 261.211 -1.93185 2.3011398
      vertex 260.952 -1.93185 2.2317898
    endloop
  endfacet
  facet normal 0.278279 -0.86551 0.416478
    outer loop
      vertex 266.757 -1.93185 45.3247698
      vertex 269.706 -1.41421 44.4300698
      vertex 267.205 -1.41421 46.1011698
    endloop
  endfacet
  facet normal 0.278272 -0.865529 0.416442
    outer loop
      vertex 269.706 -1.41421 44.4300698
      vertex 266.757 -1.93185 45.3247698
      vertex 269.258 -1.93185 43.6535698
    endloop
  endfacet
  facet normal 0.383197 -0.499263 0.777108
    outer loop
      vertex 264.766 -0.517637 47.8798698
      vertex 267.205 -1.41421 46.1011698
      vertex 267.464 -0.517637 46.5494698
    endloop
  endfacet
  facet normal 0.383197 -0.499263 0.777108
    outer loop
      vertex 267.205 -1.41421 46.1011698
      vertex 264.766 -0.517637 47.8798698
      vertex 264.507 -1.41421 47.4315698
    endloop
  endfacet
  facet normal 0.195093 0 0.980785
    outer loop
      vertex 258.002 8.51764 49.6923698
      vertex 260.952 -0.517637 49.1055698
      vertex 260.952 8.51764 49.1055698
    endloop
  endfacet
  facet normal 0.195093 0 0.980785
    outer loop
      vertex 260.952 -0.517637 49.1055698
      vertex 258.002 8.51764 49.6923698
      vertex 258.002 -0.517637 49.6923698
    endloop
  endfacet
  facet normal 0.497782 -0.861628 0.0990469
    outer loop
      vertex 278.317 -1.93185 27.9631698
      vertex 278.626 -1.41421 30.9132698
      vertex 277.73 -1.93185 30.9132698
    endloop
  endfacet
  facet normal 0.497782 -0.861628 0.0990469
    outer loop
      vertex 278.626 -1.41421 30.9132698
      vertex 278.317 -1.93185 27.9631698
      vertex 279.213 -1.41421 27.9631698
    endloop
  endfacet
  facet normal 0.997853 0 -0.0654908
    outer loop
      vertex 279.928 -0.517637 24.9615698
      vertex 279.731 8.51764 21.9599698
      vertex 279.928 8.51764 24.9615698
    endloop
  endfacet
  facet normal 0.997853 0 -0.0654908
    outer loop
      vertex 279.731 8.51764 21.9599698
      vertex 279.928 -0.517637 24.9615698
      vertex 279.731 -0.517637 21.9599698
    endloop
  endfacet
  facet normal 0.853302 -0.493 -0.169787
    outer loop
      vertex 279.213 -1.41421 21.9599698
      vertex 279.144 -0.517637 19.0098698
      vertex 279.731 -0.517637 21.9599698
    endloop
  endfacet
  facet normal 0.853302 -0.493 -0.169787
    outer loop
      vertex 279.144 -0.517637 19.0098698
      vertex 279.213 -1.41421 21.9599698
      vertex 278.626 -1.41421 19.0098698
    endloop
  endfacet
  facet normal 0.481366 0.499279 0.720421
    outer loop
      vertex 269.706 9.41421 44.4300698
      vertex 267.464 8.51764 46.5494698
      vertex 269.965 8.51764 44.8783698
    endloop
  endfacet
  facet normal 0.481366 0.499279 0.720421
    outer loop
      vertex 267.464 8.51764 46.5494698
      vertex 269.706 9.41421 44.4300698
      vertex 267.205 9.41421 46.1011698
    endloop
  endfacet
  facet normal 0.334576 0.861728 0.381423
    outer loop
      vertex 271.967 9.41421 42.4467698
      vertex 269.258 9.93185 43.6535698
      vertex 269.706 9.41421 44.4300698
    endloop
  endfacet
  facet normal 0.334576 0.861728 0.381423
    outer loop
      vertex 269.258 9.93185 43.6535698
      vertex 271.967 9.41421 42.4467698
      vertex 271.519 9.93185 41.6702698
    endloop
  endfacet
  facet normal 0.132794 0.858347 0.495587
    outer loop
      vertex 260.952 9.93185 47.6913698
      vertex 261.659 9.41421 48.3984698
      vertex 261.211 9.93185 47.6219698
    endloop
  endfacet
  facet normal 0.831487 0 -0.555544
    outer loop
      vertex 276.588 -0.517637 12.4977698
      vertex 274.917 8.51764 9.9967698
      vertex 276.588 8.51764 12.4977698
    endloop
  endfacet
  facet normal 0.831487 0 -0.555544
    outer loop
      vertex 274.917 8.51764 9.9967698
      vertex 276.588 -0.517637 12.4977698
      vertex 274.917 -0.517637 9.9967698
    endloop
  endfacet
  facet normal 0.416182 0.865668 0.278231
    outer loop
      vertex 275.363 9.93185 36.7182698
      vertex 274.468 9.41421 39.6675698
      vertex 276.14 9.41421 37.1665698
    endloop
  endfacet
  facet normal 0.416543 0.86547 0.278306
    outer loop
      vertex 274.468 9.41421 39.6675698
      vertex 275.363 9.93185 36.7182698
      vertex 273.692 9.93185 39.2192698
    endloop
  endfacet
  facet normal 0.321471 0 -0.94692
    outer loop
      vertex 261.918 -0.517637 1.0763998
      vertex 264.766 8.51764 2.0432698
      vertex 264.766 -0.517637 2.0432698
    endloop
  endfacet
  facet normal 0.321471 0 -0.94692
    outer loop
      vertex 264.766 8.51764 2.0432698
      vertex 261.918 -0.517637 1.0763998
      vertex 261.918 8.51764 1.0763998
    endloop
  endfacet
  facet normal 0.3832 -0.49925 -0.777115
    outer loop
      vertex 267.205 -1.41421 3.8219498
      vertex 264.766 -0.517637 2.0432698
      vertex 267.464 -0.517637 3.3736698
    endloop
  endfacet
  facet normal 0.383196 -0.499256 -0.777113
    outer loop
      vertex 264.766 -0.517637 2.0432698
      vertex 267.205 -1.41421 3.8219498
      vertex 264.507 -1.41421 2.4915598
    endloop
  endfacet
  facet normal 0.499976 -0.865424 0.0326477
    outer loop
      vertex 278.513 -1.93185 24.9615698
      vertex 279.213 -1.41421 27.9631698
      vertex 278.317 -1.93185 27.9631698
    endloop
  endfacet
  facet normal 0.499555 -0.865661 0.0327866
    outer loop
      vertex 279.213 -1.41421 27.9631698
      vertex 278.513 -1.93185 24.9615698
      vertex 279.41 -1.41421 24.9615698
    endloop
  endfacet
  facet normal 0.163092 -0.861752 -0.480401
    outer loop
      vertex 261.659 -1.41421 1.5246798
      vertex 264.059 -1.93185 3.2680098
      vertex 261.211 -1.93185 2.3011398
    endloop
  endfacet
  facet normal 0.163094 -0.861749 -0.480404
    outer loop
      vertex 264.059 -1.93185 3.2680098
      vertex 261.659 -1.41421 1.5246798
      vertex 264.507 -1.41421 2.4915598
    endloop
  endfacet
  facet normal 0.362713 -0.858328 0.362923
    outer loop
      vertex 271.519 -1.93185 41.6702698
      vertex 272.485 -1.41421 41.9290698
      vertex 271.967 -1.41421 42.4467698
    endloop
  endfacet
  facet normal 0.362498 -0.858193 0.363455
    outer loop
      vertex 272.485 -1.41421 41.9290698
      vertex 271.519 -1.93185 41.6702698
      vertex 271.709 -1.93185 41.4807698
    endloop
  endfacet
  facet normal 0.497782 0.861628 0.0990469
    outer loop
      vertex 278.317 9.93185 27.9631698
      vertex 278.626 9.41421 30.9132698
      vertex 279.213 9.41421 27.9631698
    endloop
  endfacet
  facet normal 0.497782 0.861628 0.0990469
    outer loop
      vertex 278.626 9.41421 30.9132698
      vertex 278.317 9.93185 27.9631698
      vertex 277.73 9.93185 30.9132698
    endloop
  endfacet
  facet normal 0.573797 -0.492823 -0.654127
    outer loop
      vertex 271.967 -1.41421 7.4764198
      vertex 269.965 -0.517637 5.0447898
      vertex 272.226 -0.517637 7.0281298
    endloop
  endfacet
  facet normal 0.573797 -0.492823 -0.654127
    outer loop
      vertex 269.965 -0.517637 5.0447898
      vertex 271.967 -1.41421 7.4764198
      vertex 269.706 -1.41421 5.4930798
    endloop
  endfacet
  facet normal 0.720271 -0.49962 0.481237
    outer loop
      vertex 274.468 -1.41421 39.6675698
      vertex 276.588 -0.517637 37.4253698
      vertex 274.917 -0.517637 39.9263698
    endloop
  endfacet
  facet normal 0.720431 -0.49901 0.481631
    outer loop
      vertex 276.588 -0.517637 37.4253698
      vertex 274.468 -1.41421 39.6675698
      vertex 276.14 -1.41421 37.1665698
    endloop
  endfacet
  facet normal 0.226007 -0.487099 0.843596
    outer loop
      vertex 261.918 -0.517637 48.8467698
      vertex 260.952 -0.517637 49.1055698
      vertex 261.659 -1.41421 48.3984698
    endloop
  endfacet
  facet normal 0.44226 0 0.896887
    outer loop
      vertex 264.766 8.51764 47.8798698
      vertex 267.464 -0.517637 46.5494698
      vertex 267.464 8.51764 46.5494698
    endloop
  endfacet
  facet normal 0.44226 0 0.896887
    outer loop
      vertex 267.464 -0.517637 46.5494698
      vertex 264.766 8.51764 47.8798698
      vertex 264.766 -0.517637 47.8798698
    endloop
  endfacet
  facet normal 0.132827 -0.858357 0.495561
    outer loop
      vertex 261.659 -1.41421 48.3984698
      vertex 260.952 -1.41421 48.5879698
      vertex 260.952 -1.93185 47.6913698
    endloop
  endfacet
  facet normal 0.226116 -0.487024 0.843611
    outer loop
      vertex 261.659 -1.41421 48.3984698
      vertex 260.952 -0.517637 49.1055698
      vertex 260.952 -1.41421 48.5879698
    endloop
  endfacet
  facet normal 0.494808 -0.858635 0.133835
    outer loop
      vertex 277.73 -1.93185 30.9132698
      vertex 278.437 -1.41421 31.6203698
      vertex 277.66 -1.93185 31.1720698
    endloop
  endfacet
  facet normal 0.381538 -0.861688 -0.334548
    outer loop
      vertex 272.485 -1.41421 7.9940598
      vertex 273.692 -1.93185 10.7038698
      vertex 271.709 -1.93185 8.4423398
    endloop
  endfacet
  facet normal 0.381532 -0.861691 -0.334546
    outer loop
      vertex 273.692 -1.93185 10.7038698
      vertex 272.485 -1.41421 7.9940598
      vertex 274.468 -1.41421 10.2555698
    endloop
  endfacet
  facet normal 0.449003 0.865678 0.221356
    outer loop
      vertex 277.47 9.41421 34.4687698
      vertex 275.363 9.93185 36.7182698
      vertex 276.14 9.41421 37.1665698
    endloop
  endfacet
  facet normal 0.449268 0.865464 0.221653
    outer loop
      vertex 275.363 9.93185 36.7182698
      vertex 277.47 9.41421 34.4687698
      vertex 276.694 9.93185 34.0204698
    endloop
  endfacet
  facet normal 0.980773 0 -0.195151
    outer loop
      vertex 279.731 -0.517637 21.9599698
      vertex 279.144 8.51764 19.0098698
      vertex 279.731 8.51764 21.9599698
    endloop
  endfacet
  facet normal 0.980773 0 -0.195151
    outer loop
      vertex 279.144 8.51764 19.0098698
      vertex 279.731 -0.517637 21.9599698
      vertex 279.144 -0.517637 19.0098698
    endloop
  endfacet
  facet normal 0.494808 -0.858635 -0.133835
    outer loop
      vertex 278.437 -1.41421 18.3027698
      vertex 277.73 -1.93185 19.0098698
      vertex 277.66 -1.93185 18.7510698
    endloop
  endfacet
  facet normal 0.334576 -0.861728 0.381423
    outer loop
      vertex 269.258 -1.93185 43.6535698
      vertex 271.967 -1.41421 42.4467698
      vertex 269.706 -1.41421 44.4300698
    endloop
  endfacet
  facet normal 0.334576 -0.861728 0.381423
    outer loop
      vertex 271.967 -1.41421 42.4467698
      vertex 269.258 -1.93185 43.6535698
      vertex 271.519 -1.93185 41.6702698
    endloop
  endfacet
  facet normal 0.226116 0.487026 0.84361
    outer loop
      vertex 260.952 9.41421 48.5879698
      vertex 260.952 8.51764 49.1055698
      vertex 261.659 9.41421 48.3984698
    endloop
  endfacet
  facet normal 0.278279 0.86551 0.416478
    outer loop
      vertex 269.706 9.41421 44.4300698
      vertex 266.757 9.93185 45.3247698
      vertex 267.205 9.41421 46.1011698
    endloop
  endfacet
  facet normal 0.278272 0.865529 0.416442
    outer loop
      vertex 266.757 9.93185 45.3247698
      vertex 269.706 9.41421 44.4300698
      vertex 269.258 9.93185 43.6535698
    endloop
  endfacet
  facet normal 0.279733 0.492799 0.823953
    outer loop
      vertex 264.507 9.41421 47.4315698
      vertex 261.918 8.51764 48.8467698
      vertex 264.766 8.51764 47.8798698
    endloop
  endfacet
  facet normal 0.279733 0.492799 0.823953
    outer loop
      vertex 261.918 8.51764 48.8467698
      vertex 264.507 9.41421 47.4315698
      vertex 261.659 9.41421 48.3984698
    endloop
  endfacet
  facet normal 0.94692 -0 0.321469
    outer loop
      vertex 277.918 -0.517637 34.7275698
      vertex 278.885 8.51764 31.8791698
      vertex 277.918 8.51764 34.7275698
    endloop
  endfacet
  facet normal 0.94692 0 0.321469
    outer loop
      vertex 278.885 8.51764 31.8791698
      vertex 277.918 -0.517637 34.7275698
      vertex 278.885 -0.517637 31.8791698
    endloop
  endfacet
  facet normal 0.853301 0.493001 -0.169787
    outer loop
      vertex 279.731 8.51764 21.9599698
      vertex 278.626 9.41421 19.0098698
      vertex 279.213 9.41421 21.9599698
    endloop
  endfacet
  facet normal 0.853301 0.493001 -0.169787
    outer loop
      vertex 278.626 9.41421 19.0098698
      vertex 279.731 8.51764 21.9599698
      vertex 279.144 8.51764 19.0098698
    endloop
  endfacet
  facet normal 0.132827 0.858357 0.495561
    outer loop
      vertex 260.952 9.93185 47.6913698
      vertex 260.952 9.41421 48.5879698
      vertex 261.659 9.41421 48.3984698
    endloop
  endfacet
  facet normal 0.499555 0.865661 -0.0327866
    outer loop
      vertex 279.213 9.41421 21.9599698
      vertex 278.513 9.93185 24.9615698
      vertex 279.41 9.41421 24.9615698
    endloop
  endfacet
  facet normal 0.499976 0.865424 -0.0326477
    outer loop
      vertex 278.513 9.93185 24.9615698
      vertex 279.213 9.41421 21.9599698
      vertex 278.317 9.93185 21.9599698
    endloop
  endfacet
  facet normal 0.777277 0.499002 -0.383193
    outer loop
      vertex 277.918 8.51764 15.1955698
      vertex 276.14 9.41421 12.7565698
      vertex 277.47 9.41421 15.4543698
    endloop
  endfacet
  facet normal 0.777277 0.499002 -0.383193
    outer loop
      vertex 276.14 9.41421 12.7565698
      vertex 277.918 8.51764 15.1955698
      vertex 276.588 8.51764 12.4977698
    endloop
  endfacet
  facet normal 0.751726 0 -0.659476
    outer loop
      vertex 274.917 -0.517637 9.9967698
      vertex 272.933 8.51764 7.7352398
      vertex 274.917 8.51764 9.9967698
    endloop
  endfacet
  facet normal 0.751726 0 -0.659476
    outer loop
      vertex 272.933 8.51764 7.7352398
      vertex 274.917 -0.517637 9.9967698
      vertex 272.933 -0.517637 7.7352398
    endloop
  endfacet
  facet normal 0.362472 -0.858183 -0.363505
    outer loop
      vertex 271.519 -1.93185 8.2528798
      vertex 272.485 -1.41421 7.9940598
      vertex 271.709 -1.93185 8.4423398
    endloop
  endfacet
  facet normal 0.362696 -0.858324 -0.362948
    outer loop
      vertex 272.485 -1.41421 7.9940598
      vertex 271.519 -1.93185 8.2528798
      vertex 271.967 -1.41421 7.4764198
    endloop
  endfacet
  facet normal 0.777277 0.499002 0.383193
    outer loop
      vertex 277.918 8.51764 34.7275698
      vertex 276.14 9.41421 37.1665698
      vertex 276.588 8.51764 37.4253698
    endloop
  endfacet
  facet normal 0.777277 0.499002 0.383193
    outer loop
      vertex 276.14 9.41421 37.1665698
      vertex 277.918 8.51764 34.7275698
      vertex 277.47 9.41421 34.4687698
    endloop
  endfacet
  facet normal 0.221511 -0.865527 -0.449217
    outer loop
      vertex 264.507 -1.41421 2.4915598
      vertex 266.757 -1.93185 4.5984098
      vertex 264.059 -1.93185 3.2680098
    endloop
  endfacet
  facet normal 0.221508 -0.865529 -0.449214
    outer loop
      vertex 266.757 -1.93185 4.5984098
      vertex 264.507 -1.41421 2.4915598
      vertex 267.205 -1.41421 3.8219498
    endloop
  endfacet
  facet normal 0.258805 0 -0.96593
    outer loop
      vertex 260.952 -0.517637 0.8175758
      vertex 261.918 8.51764 1.0763998
      vertex 261.918 -0.517637 1.0763998
    endloop
  endfacet
  facet normal 0.258805 0 -0.96593
    outer loop
      vertex 261.918 8.51764 1.0763998
      vertex 260.952 -0.517637 0.8175758
      vertex 260.952 8.51764 0.8175758
    endloop
  endfacet
  facet normal 0.720431 -0.49901 -0.481631
    outer loop
      vertex 274.468 -1.41421 10.2555698
      vertex 276.588 -0.517637 12.4977698
      vertex 276.14 -1.41421 12.7565698
    endloop
  endfacet
  facet normal 0.720271 -0.49962 -0.481237
    outer loop
      vertex 276.588 -0.517637 12.4977698
      vertex 274.468 -1.41421 10.2555698
      vertex 274.917 -0.517637 9.9967698
    endloop
  endfacet
  facet normal 0.654108 -0.493133 -0.573553
    outer loop
      vertex 272.485 -1.41421 7.9940598
      vertex 274.917 -0.517637 9.9967698
      vertex 274.468 -1.41421 10.2555698
    endloop
  endfacet
  facet normal 0.654206 -0.492572 -0.573923
    outer loop
      vertex 274.917 -0.517637 9.9967698
      vertex 272.485 -1.41421 7.9940598
      vertex 272.933 -0.517637 7.7352398
    endloop
  endfacet
  facet normal 0.416543 -0.86547 0.278306
    outer loop
      vertex 275.363 -1.93185 36.7182698
      vertex 274.468 -1.41421 39.6675698
      vertex 273.692 -1.93185 39.2192698
    endloop
  endfacet
  facet normal 0.416182 -0.865668 0.278231
    outer loop
      vertex 274.468 -1.41421 39.6675698
      vertex 275.363 -1.93185 36.7182698
      vertex 276.14 -1.41421 37.1665698
    endloop
  endfacet
  facet normal 0.843575 0.487382 -0.225478
    outer loop
      vertex 278.626 9.41421 19.0098698
      vertex 279.144 8.51764 19.0098698
      vertex 278.437 9.41421 18.3027698
    endloop
  endfacet
  facet normal 0.573826 -0.492772 0.65414
    outer loop
      vertex 269.965 -0.517637 44.8783698
      vertex 271.967 -1.41421 42.4467698
      vertex 272.226 -0.517637 42.8949698
    endloop
  endfacet
  facet normal 0.573788 -0.49283 0.65413
    outer loop
      vertex 271.967 -1.41421 42.4467698
      vertex 269.965 -0.517637 44.8783698
      vertex 269.706 -1.41421 44.4300698
    endloop
  endfacet
  facet normal 0.163076 -0.86176 0.480391
    outer loop
      vertex 264.059 -1.93185 46.6551698
      vertex 261.659 -1.41421 48.3984698
      vertex 261.211 -1.93185 47.6219698
    endloop
  endfacet
  facet normal 0.163104 -0.861738 0.480422
    outer loop
      vertex 261.659 -1.41421 48.3984698
      vertex 264.059 -1.93185 46.6551698
      vertex 264.507 -1.41421 47.4315698
    endloop
  endfacet
  facet normal 0.132794 -0.858347 0.495587
    outer loop
      vertex 261.211 -1.93185 47.6219698
      vertex 261.659 -1.41421 48.3984698
      vertex 260.952 -1.93185 47.6913698
    endloop
  endfacet
  facet normal 0.0989676 -0.861779 0.497536
    outer loop
      vertex 258.002 -1.93185 48.2781698
      vertex 260.952 -1.41421 48.5879698
      vertex 258.002 -1.41421 49.1747698
    endloop
  endfacet
  facet normal 0.0989676 -0.861779 0.497536
    outer loop
      vertex 260.952 -1.41421 48.5879698
      vertex 258.002 -1.93185 48.2781698
      vertex 260.952 -1.93185 47.6913698
    endloop
  endfacet
  facet normal 0.480228 -0.861891 -0.162864
    outer loop
      vertex 276.694 -1.93185 15.9026698
      vertex 278.437 -1.41421 18.3027698
      vertex 277.66 -1.93185 18.7510698
    endloop
  endfacet
  facet normal 0.480539 -0.861666 -0.163138
    outer loop
      vertex 278.437 -1.41421 18.3027698
      vertex 276.694 -1.93185 15.9026698
      vertex 277.47 -1.41421 15.4543698
    endloop
  endfacet
  facet normal 0.843672 -0.486867 -0.226225
    outer loop
      vertex 278.885 -0.517637 18.0439698
      vertex 279.144 -0.517637 19.0098698
      vertex 278.437 -1.41421 18.3027698
    endloop
  endfacet
  facet normal 0.824094 -0.492541 -0.279771
    outer loop
      vertex 277.47 -1.41421 15.4543698
      vertex 278.885 -0.517637 18.0439698
      vertex 278.437 -1.41421 18.3027698
    endloop
  endfacet
  facet normal 0.824094 -0.492541 -0.279771
    outer loop
      vertex 278.885 -0.517637 18.0439698
      vertex 277.47 -1.41421 15.4543698
      vertex 277.918 -0.517637 15.1955698
    endloop
  endfacet
  facet normal 0.362472 0.858183 -0.363505
    outer loop
      vertex 272.485 9.41421 7.9940598
      vertex 271.519 9.93185 8.2528798
      vertex 271.709 9.93185 8.4423398
    endloop
  endfacet
  facet normal 0.362696 0.858324 -0.362948
    outer loop
      vertex 271.519 9.93185 8.2528798
      vertex 272.485 9.41421 7.9940598
      vertex 271.967 9.41421 7.4764198
    endloop
  endfacet
  facet normal 0.381532 0.861691 -0.334546
    outer loop
      vertex 272.485 9.41421 7.9940598
      vertex 273.692 9.93185 10.7038698
      vertex 274.468 9.41421 10.2555698
    endloop
  endfacet
  facet normal 0.381538 0.861688 -0.334548
    outer loop
      vertex 273.692 9.93185 10.7038698
      vertex 272.485 9.41421 7.9940598
      vertex 271.709 9.93185 8.4423398
    endloop
  endfacet
  facet normal 0.383196 0.499264 0.777107
    outer loop
      vertex 267.205 9.41421 46.1011698
      vertex 264.766 8.51764 47.8798698
      vertex 267.464 8.51764 46.5494698
    endloop
  endfacet
  facet normal 0.383196 0.499264 0.777107
    outer loop
      vertex 264.766 8.51764 47.8798698
      vertex 267.205 9.41421 46.1011698
      vertex 264.507 9.41421 47.4315698
    endloop
  endfacet
  facet normal 0 1 0
    outer loop
      vertex 254.935 9.93185 48.4791698
      vertex 7.96157 9.93185 48.3517698
      vertex 7.90878 9.93185 48.4791698
    endloop
  endfacet
  facet normal 0 1 0
    outer loop
      vertex 254.935 9.93185 1.4439298
      vertex 254.935 9.93185 48.4791698
      vertex 258.002 9.93185 48.2781698
    endloop
  endfacet
  facet normal 0 1 0
    outer loop
      vertex 254.935 9.93185 1.4439298
      vertex 258.002 9.93185 48.2781698
      vertex 260.952 9.93185 47.6913698
    endloop
  endfacet
  facet normal 0 1 0
    outer loop
      vertex 254.935 9.93185 1.4439298
      vertex 260.952 9.93185 47.6913698
      vertex 261.211 9.93185 47.6219698
    endloop
  endfacet
  facet normal 0 1 0
    outer loop
      vertex 254.935 9.93185 1.4439298
      vertex 261.211 9.93185 47.6219698
      vertex 264.059 9.93185 46.6551698
    endloop
  endfacet
  facet normal 0 1 0
    outer loop
      vertex 254.935 9.93185 1.4439298
      vertex 264.059 9.93185 46.6551698
      vertex 266.757 9.93185 45.3247698
    endloop
  endfacet
  facet normal 0 1 0
    outer loop
      vertex 254.935 9.93185 1.4439298
      vertex 266.757 9.93185 45.3247698
      vertex 269.258 9.93185 43.6535698
    endloop
  endfacet
  facet normal 0 1 0
    outer loop
      vertex 254.935 9.93185 1.4439298
      vertex 269.258 9.93185 43.6535698
      vertex 271.519 9.93185 41.6702698
    endloop
  endfacet
  facet normal 0 1 0
    outer loop
      vertex 254.935 9.93185 1.4439298
      vertex 271.519 9.93185 41.6702698
      vertex 271.709 9.93185 41.4807698
    endloop
  endfacet
  facet normal 0 1 0
    outer loop
      vertex 254.935 9.93185 1.4439298
      vertex 271.709 9.93185 41.4807698
      vertex 273.692 9.93185 39.2192698
    endloop
  endfacet
  facet normal 0 1 0
    outer loop
      vertex 254.935 9.93185 1.4439298
      vertex 273.692 9.93185 39.2192698
      vertex 275.363 9.93185 36.7182698
    endloop
  endfacet
  facet normal 0 1 0
    outer loop
      vertex 254.935 9.93185 1.4439298
      vertex 275.363 9.93185 36.7182698
      vertex 276.694 9.93185 34.0204698
    endloop
  endfacet
  facet normal 0 1 0
    outer loop
      vertex 254.935 9.93185 1.4439298
      vertex 276.694 9.93185 34.0204698
      vertex 277.66 9.93185 31.1720698
    endloop
  endfacet
  facet normal 0 1 0
    outer loop
      vertex 254.935 9.93185 1.4439298
      vertex 277.66 9.93185 31.1720698
      vertex 277.73 9.93185 30.9132698
    endloop
  endfacet
  facet normal 0 1 0
    outer loop
      vertex 254.935 9.93185 1.4439298
      vertex 277.73 9.93185 30.9132698
      vertex 278.317 9.93185 27.9631698
    endloop
  endfacet
  facet normal 0 1 0
    outer loop
      vertex 254.935 9.93185 1.4439298
      vertex 278.317 9.93185 27.9631698
      vertex 278.513 9.93185 24.9615698
    endloop
  endfacet
  facet normal 0 1 0
    outer loop
      vertex 254.935 9.93185 1.4439298
      vertex 278.513 9.93185 24.9615698
      vertex 278.317 9.93185 21.9599698
    endloop
  endfacet
  facet normal 0 1 0
    outer loop
      vertex 254.935 9.93185 1.4439298
      vertex 278.317 9.93185 21.9599698
      vertex 277.73 9.93185 19.0098698
    endloop
  endfacet
  facet normal 0 1 0
    outer loop
      vertex 254.935 9.93185 1.4439298
      vertex 277.73 9.93185 19.0098698
      vertex 277.66 9.93185 18.7510698
    endloop
  endfacet
  facet normal 0 1 0
    outer loop
      vertex 254.935 9.93185 1.4439298
      vertex 277.66 9.93185 18.7510698
      vertex 276.694 9.93185 15.9026698
    endloop
  endfacet
  facet normal 0 1 0
    outer loop
      vertex 254.935 9.93185 1.4439298
      vertex 276.694 9.93185 15.9026698
      vertex 275.363 9.93185 13.2048698
    endloop
  endfacet
  facet normal 0 1 0
    outer loop
      vertex 254.935 9.93185 1.4439298
      vertex 275.363 9.93185 13.2048698
      vertex 273.692 9.93185 10.7038698
    endloop
  endfacet
  facet normal 0 1 0
    outer loop
      vertex 254.935 9.93185 1.4439298
      vertex 273.692 9.93185 10.7038698
      vertex 271.709 9.93185 8.4423398
    endloop
  endfacet
  facet normal 0 1 0
    outer loop
      vertex 254.935 9.93185 1.4439298
      vertex 271.709 9.93185 8.4423398
      vertex 271.519 9.93185 8.2528798
    endloop
  endfacet
  facet normal 0 1 0
    outer loop
      vertex 254.935 9.93185 1.4439298
      vertex 271.519 9.93185 8.2528798
      vertex 269.258 9.93185 6.2695398
    endloop
  endfacet
  facet normal 0 1 0
    outer loop
      vertex 254.935 9.93185 1.4439298
      vertex 269.258 9.93185 6.2695398
      vertex 266.757 9.93185 4.5984098
    endloop
  endfacet
  facet normal 0 1 0
    outer loop
      vertex 254.935 9.93185 1.4439298
      vertex 266.757 9.93185 4.5984098
      vertex 264.059 9.93185 3.2680098
    endloop
  endfacet
  facet normal 0 1 0
    outer loop
      vertex 254.935 9.93185 1.4439298
      vertex 264.059 9.93185 3.2680098
      vertex 261.211 9.93185 2.3011398
    endloop
  endfacet
  facet normal 0 1 0
    outer loop
      vertex 254.935 9.93185 1.4439298
      vertex 261.211 9.93185 2.3011398
      vertex 260.952 9.93185 2.2317898
    endloop
  endfacet
  facet normal 0 1 0
    outer loop
      vertex 254.935 9.93185 1.4439298
      vertex 260.952 9.93185 2.2317898
      vertex 258.002 9.93185 1.6449498
    endloop
  endfacet
  facet normal 0 1 0
    outer loop
      vertex 254.935 9.93185 48.4791698
      vertex 254.935 9.93185 1.4439298
      vertex 7.96157 9.93185 48.3517698
    endloop
  endfacet
  facet normal 0 1 0
    outer loop
      vertex 7.96157 9.93185 48.3517698
      vertex 254.935 9.93185 1.4439298
      vertex 7.96157 9.93185 1.5713898
    endloop
  endfacet
  facet normal 0 1 0
    outer loop
      vertex 7.96157 9.93185 1.5713898
      vertex 254.935 9.93185 1.4439298
      vertex 7.90878 9.93185 1.4439298
    endloop
  endfacet
  facet normal 0.864478 0.499459 -0.0567371
    outer loop
      vertex 279.928 8.51764 24.9615698
      vertex 279.213 9.41421 21.9599698
      vertex 279.41 9.41421 24.9615698
    endloop
  endfacet
  facet normal 0.864478 0.499459 -0.0567371
    outer loop
      vertex 279.213 9.41421 21.9599698
      vertex 279.928 8.51764 24.9615698
      vertex 279.731 8.51764 21.9599698
    endloop
  endfacet
  facet normal 0.864478 0.499459 0.0567371
    outer loop
      vertex 279.731 8.51764 27.9631698
      vertex 279.41 9.41421 24.9615698
      vertex 279.213 9.41421 27.9631698
    endloop
  endfacet
  facet normal 0.864478 0.499459 0.0567371
    outer loop
      vertex 279.41 9.41421 24.9615698
      vertex 279.731 8.51764 27.9631698
      vertex 279.928 8.51764 24.9615698
    endloop
  endfacet
  facet normal 0.864479 -0.499457 -0.0567372
    outer loop
      vertex 279.41 -1.41421 24.9615698
      vertex 279.731 -0.517637 21.9599698
      vertex 279.928 -0.517637 24.9615698
    endloop
  endfacet
  facet normal 0.864479 -0.499457 -0.0567372
    outer loop
      vertex 279.731 -0.517637 21.9599698
      vertex 279.41 -1.41421 24.9615698
      vertex 279.213 -1.41421 21.9599698
    endloop
  endfacet
  facet normal 0.654107 0.493134 -0.573552
    outer loop
      vertex 274.917 8.51764 9.9967698
      vertex 272.485 9.41421 7.9940598
      vertex 274.468 9.41421 10.2555698
    endloop
  endfacet
  facet normal 0.654205 0.492573 -0.573923
    outer loop
      vertex 272.485 9.41421 7.9940598
      vertex 274.917 8.51764 9.9967698
      vertex 272.933 8.51764 7.7352398
    endloop
  endfacet
  facet normal 0.707162 0 -0.707052
    outer loop
      vertex 272.226 -0.517637 7.0281298
      vertex 272.933 8.51764 7.7352398
      vertex 272.933 -0.517637 7.7352398
    endloop
  endfacet
  facet normal 0.707162 0 -0.707052
    outer loop
      vertex 272.933 8.51764 7.7352398
      vertex 272.226 -0.517637 7.0281298
      vertex 272.226 8.51764 7.0281298
    endloop
  endfacet
  facet normal 0.22152 0.865516 0.449234
    outer loop
      vertex 266.757 9.93185 45.3247698
      vertex 264.507 9.41421 47.4315698
      vertex 267.205 9.41421 46.1011698
    endloop
  endfacet
  facet normal 0.22152 0.865516 0.449234
    outer loop
      vertex 264.507 9.41421 47.4315698
      vertex 266.757 9.93185 45.3247698
      vertex 264.059 9.93185 46.6551698
    endloop
  endfacet
  facet normal 0.497782 0.861628 -0.0990469
    outer loop
      vertex 278.626 9.41421 19.0098698
      vertex 278.317 9.93185 21.9599698
      vertex 279.213 9.41421 21.9599698
    endloop
  endfacet
  facet normal 0.497782 0.861628 -0.0990469
    outer loop
      vertex 278.317 9.93185 21.9599698
      vertex 278.626 9.41421 19.0098698
      vertex 277.73 9.93185 19.0098698
    endloop
  endfacet
  facet normal 0.132809 -0.858354 -0.49557
    outer loop
      vertex 261.659 -1.41421 1.5246798
      vertex 260.952 -1.93185 2.2317898
      vertex 260.952 -1.41421 1.3352098
    endloop
  endfacet
  facet normal 0.0989759 -0.861773 -0.497544
    outer loop
      vertex 258.002 -1.93185 1.6449498
      vertex 260.952 -1.41421 1.3352098
      vertex 260.952 -1.93185 2.2317898
    endloop
  endfacet
  facet normal 0.0989754 -0.861772 -0.497547
    outer loop
      vertex 260.952 -1.41421 1.3352098
      vertex 258.002 -1.93185 1.6449498
      vertex 258.002 -1.41421 0.7483758
    endloop
  endfacet
  facet normal 0.416543 -0.86547 -0.278306
    outer loop
      vertex 274.468 -1.41421 10.2555698
      vertex 275.363 -1.93185 13.2048698
      vertex 273.692 -1.93185 10.7038698
    endloop
  endfacet
  facet normal 0.416182 -0.865668 -0.278231
    outer loop
      vertex 275.363 -1.93185 13.2048698
      vertex 274.468 -1.41421 10.2555698
      vertex 276.14 -1.41421 12.7565698
    endloop
  endfacet
  facet normal 0.480539 -0.861666 0.163138
    outer loop
      vertex 276.694 -1.93185 34.0204698
      vertex 278.437 -1.41421 31.6203698
      vertex 277.47 -1.41421 34.4687698
    endloop
  endfacet
  facet normal 0.480228 -0.861891 0.162864
    outer loop
      vertex 278.437 -1.41421 31.6203698
      vertex 276.694 -1.93185 34.0204698
      vertex 277.66 -1.93185 31.1720698
    endloop
  endfacet
  facet normal 0.617669 -0.486905 0.617582
    outer loop
      vertex 272.226 -0.517637 42.8949698
      vertex 272.485 -1.41421 41.9290698
      vertex 272.933 -0.517637 42.1878698
    endloop
  endfacet
  facet normal 0.617355 -0.487137 0.617713
    outer loop
      vertex 272.485 -1.41421 41.9290698
      vertex 272.226 -0.517637 42.8949698
      vertex 271.967 -1.41421 42.4467698
    endloop
  endfacet
  facet normal 0.843671 0.486869 0.226225
    outer loop
      vertex 278.437 9.41421 31.6203698
      vertex 278.885 8.51764 31.8791698
      vertex 279.144 8.51764 30.9132698
    endloop
  endfacet
  facet normal 0.843672 -0.486867 0.226225
    outer loop
      vertex 279.144 -0.517637 30.9132698
      vertex 278.885 -0.517637 31.8791698
      vertex 278.437 -1.41421 31.6203698
    endloop
  endfacet
  facet normal 0.497782 -0.861628 -0.0990469
    outer loop
      vertex 278.626 -1.41421 19.0098698
      vertex 278.317 -1.93185 21.9599698
      vertex 277.73 -1.93185 19.0098698
    endloop
  endfacet
  facet normal 0.497782 -0.861628 -0.0990469
    outer loop
      vertex 278.317 -1.93185 21.9599698
      vertex 278.626 -1.41421 19.0098698
      vertex 279.213 -1.41421 21.9599698
    endloop
  endfacet
  facet normal 0.163104 0.861738 0.480422
    outer loop
      vertex 264.059 9.93185 46.6551698
      vertex 261.659 9.41421 48.3984698
      vertex 264.507 9.41421 47.4315698
    endloop
  endfacet
  facet normal 0.163076 0.86176 0.480391
    outer loop
      vertex 261.659 9.41421 48.3984698
      vertex 264.059 9.93185 46.6551698
      vertex 261.211 9.93185 47.6219698
    endloop
  endfacet
  facet normal 0.617669 0.486907 0.617582
    outer loop
      vertex 272.485 9.41421 41.9290698
      vertex 272.226 8.51764 42.8949698
      vertex 272.933 8.51764 42.1878698
    endloop
  endfacet
  facet normal 0.617355 0.487138 0.617713
    outer loop
      vertex 272.226 8.51764 42.8949698
      vertex 272.485 9.41421 41.9290698
      vertex 271.967 9.41421 42.4467698
    endloop
  endfacet
  facet normal 0.449268 0.865464 -0.221653
    outer loop
      vertex 277.47 9.41421 15.4543698
      vertex 275.363 9.93185 13.2048698
      vertex 276.694 9.93185 15.9026698
    endloop
  endfacet
  facet normal 0.449003 0.865678 -0.221356
    outer loop
      vertex 275.363 9.93185 13.2048698
      vertex 277.47 9.41421 15.4543698
      vertex 276.14 9.41421 12.7565698
    endloop
  endfacet
  facet normal 0.965879 -0 0.258994
    outer loop
      vertex 278.885 -0.517637 31.8791698
      vertex 279.144 8.51764 30.9132698
      vertex 278.885 8.51764 31.8791698
    endloop
  endfacet
  facet normal 0.965879 0 0.258994
    outer loop
      vertex 279.144 8.51764 30.9132698
      vertex 278.885 -0.517637 31.8791698
      vertex 279.144 -0.517637 30.9132698
    endloop
  endfacet
  facet normal 0.980773 -0 0.195151
    outer loop
      vertex 279.144 -0.517637 30.9132698
      vertex 279.731 8.51764 27.9631698
      vertex 279.144 8.51764 30.9132698
    endloop
  endfacet
  facet normal 0.980773 0 0.195151
    outer loop
      vertex 279.731 8.51764 27.9631698
      vertex 279.144 -0.517637 30.9132698
      vertex 279.731 -0.517637 27.9631698
    endloop
  endfacet
  facet normal 0.499555 0.865661 0.0327866
    outer loop
      vertex 278.513 9.93185 24.9615698
      vertex 279.213 9.41421 27.9631698
      vertex 279.41 9.41421 24.9615698
    endloop
  endfacet
  facet normal 0.499976 0.865424 0.0326477
    outer loop
      vertex 279.213 9.41421 27.9631698
      vertex 278.513 9.93185 24.9615698
      vertex 278.317 9.93185 27.9631698
    endloop
  endfacet
  facet normal 0.864479 -0.499457 0.0567372
    outer loop
      vertex 279.213 -1.41421 27.9631698
      vertex 279.928 -0.517637 24.9615698
      vertex 279.731 -0.517637 27.9631698
    endloop
  endfacet
  facet normal 0.864479 -0.499457 0.0567372
    outer loop
      vertex 279.928 -0.517637 24.9615698
      vertex 279.213 -1.41421 27.9631698
      vertex 279.41 -1.41421 24.9615698
    endloop
  endfacet
  facet normal 0.896927 0 -0.44218
    outer loop
      vertex 277.918 -0.517637 15.1955698
      vertex 276.588 8.51764 12.4977698
      vertex 277.918 8.51764 15.1955698
    endloop
  endfacet
  facet normal 0.896927 0 -0.44218
    outer loop
      vertex 276.588 8.51764 12.4977698
      vertex 277.918 -0.517637 15.1955698
      vertex 276.588 -0.517637 12.4977698
    endloop
  endfacet
  facet normal 0 -1 0
    outer loop
      vertex 7.96157 -1.93185 48.3517698
      vertex 254.935 -1.93185 48.4791698
      vertex 7.90878 -1.93185 48.4791698
    endloop
  endfacet
  facet normal 0 -1 0
    outer loop
      vertex 254.935 -1.93185 1.4439298
      vertex 254.935 -1.93185 48.4791698
      vertex 7.96157 -1.93185 48.3517698
    endloop
  endfacet
  facet normal 0 -1 0
    outer loop
      vertex 254.935 -1.93185 48.4791698
      vertex 254.935 -1.93185 1.4439298
      vertex 258.002 -1.93185 48.2781698
    endloop
  endfacet
  facet normal 0 -1 -0
    outer loop
      vertex 258.002 -1.93185 48.2781698
      vertex 254.935 -1.93185 1.4439298
      vertex 260.952 -1.93185 47.6913698
    endloop
  endfacet
  facet normal 0 -1 -0
    outer loop
      vertex 260.952 -1.93185 47.6913698
      vertex 254.935 -1.93185 1.4439298
      vertex 261.211 -1.93185 47.6219698
    endloop
  endfacet
  facet normal 0 -1 -0
    outer loop
      vertex 261.211 -1.93185 47.6219698
      vertex 254.935 -1.93185 1.4439298
      vertex 264.059 -1.93185 46.6551698
    endloop
  endfacet
  facet normal 0 -1 -0
    outer loop
      vertex 264.059 -1.93185 46.6551698
      vertex 254.935 -1.93185 1.4439298
      vertex 266.757 -1.93185 45.3247698
    endloop
  endfacet
  facet normal 0 -1 -0
    outer loop
      vertex 266.757 -1.93185 45.3247698
      vertex 254.935 -1.93185 1.4439298
      vertex 269.258 -1.93185 43.6535698
    endloop
  endfacet
  facet normal 0 -1 -0
    outer loop
      vertex 269.258 -1.93185 43.6535698
      vertex 254.935 -1.93185 1.4439298
      vertex 271.519 -1.93185 41.6702698
    endloop
  endfacet
  facet normal 0 -1 -0
    outer loop
      vertex 271.519 -1.93185 41.6702698
      vertex 254.935 -1.93185 1.4439298
      vertex 271.709 -1.93185 41.4807698
    endloop
  endfacet
  facet normal 0 -1 -0
    outer loop
      vertex 271.709 -1.93185 41.4807698
      vertex 254.935 -1.93185 1.4439298
      vertex 273.692 -1.93185 39.2192698
    endloop
  endfacet
  facet normal 0 -1 -0
    outer loop
      vertex 273.692 -1.93185 39.2192698
      vertex 254.935 -1.93185 1.4439298
      vertex 275.363 -1.93185 36.7182698
    endloop
  endfacet
  facet normal 0 -1 -0
    outer loop
      vertex 275.363 -1.93185 36.7182698
      vertex 254.935 -1.93185 1.4439298
      vertex 276.694 -1.93185 34.0204698
    endloop
  endfacet
  facet normal 0 -1 -0
    outer loop
      vertex 276.694 -1.93185 34.0204698
      vertex 254.935 -1.93185 1.4439298
      vertex 277.66 -1.93185 31.1720698
    endloop
  endfacet
  facet normal 0 -1 -0
    outer loop
      vertex 277.66 -1.93185 31.1720698
      vertex 254.935 -1.93185 1.4439298
      vertex 277.73 -1.93185 30.9132698
    endloop
  endfacet
  facet normal 0 -1 -0
    outer loop
      vertex 277.73 -1.93185 30.9132698
      vertex 254.935 -1.93185 1.4439298
      vertex 278.317 -1.93185 27.9631698
    endloop
  endfacet
  facet normal 0 -1 -0
    outer loop
      vertex 278.317 -1.93185 27.9631698
      vertex 254.935 -1.93185 1.4439298
      vertex 278.513 -1.93185 24.9615698
    endloop
  endfacet
  facet normal 0 -1 0
    outer loop
      vertex 278.513 -1.93185 24.9615698
      vertex 254.935 -1.93185 1.4439298
      vertex 278.317 -1.93185 21.9599698
    endloop
  endfacet
  facet normal 0 -1 0
    outer loop
      vertex 278.317 -1.93185 21.9599698
      vertex 254.935 -1.93185 1.4439298
      vertex 277.73 -1.93185 19.0098698
    endloop
  endfacet
  facet normal 0 -1 0
    outer loop
      vertex 277.73 -1.93185 19.0098698
      vertex 254.935 -1.93185 1.4439298
      vertex 277.66 -1.93185 18.7510698
    endloop
  endfacet
  facet normal 0 -1 0
    outer loop
      vertex 277.66 -1.93185 18.7510698
      vertex 254.935 -1.93185 1.4439298
      vertex 276.694 -1.93185 15.9026698
    endloop
  endfacet
  facet normal 0 -1 0
    outer loop
      vertex 276.694 -1.93185 15.9026698
      vertex 254.935 -1.93185 1.4439298
      vertex 275.363 -1.93185 13.2048698
    endloop
  endfacet
  facet normal 0 -1 0
    outer loop
      vertex 275.363 -1.93185 13.2048698
      vertex 254.935 -1.93185 1.4439298
      vertex 273.692 -1.93185 10.7038698
    endloop
  endfacet
  facet normal 0 -1 0
    outer loop
      vertex 273.692 -1.93185 10.7038698
      vertex 254.935 -1.93185 1.4439298
      vertex 271.709 -1.93185 8.4423398
    endloop
  endfacet
  facet normal 0 -1 0
    outer loop
      vertex 271.709 -1.93185 8.4423398
      vertex 254.935 -1.93185 1.4439298
      vertex 271.519 -1.93185 8.2528798
    endloop
  endfacet
  facet normal 0 -1 0
    outer loop
      vertex 271.519 -1.93185 8.2528798
      vertex 254.935 -1.93185 1.4439298
      vertex 269.258 -1.93185 6.2695398
    endloop
  endfacet
  facet normal 0 -1 0
    outer loop
      vertex 269.258 -1.93185 6.2695398
      vertex 254.935 -1.93185 1.4439298
      vertex 266.757 -1.93185 4.5984098
    endloop
  endfacet
  facet normal 0 -1 0
    outer loop
      vertex 266.757 -1.93185 4.5984098
      vertex 254.935 -1.93185 1.4439298
      vertex 264.059 -1.93185 3.2680098
    endloop
  endfacet
  facet normal 0 -1 0
    outer loop
      vertex 264.059 -1.93185 3.2680098
      vertex 254.935 -1.93185 1.4439298
      vertex 261.211 -1.93185 2.3011398
    endloop
  endfacet
  facet normal 0 -1 0
    outer loop
      vertex 261.211 -1.93185 2.3011398
      vertex 254.935 -1.93185 1.4439298
      vertex 260.952 -1.93185 2.2317898
    endloop
  endfacet
  facet normal 0 -1 0
    outer loop
      vertex 254.935 -1.93185 1.4439298
      vertex 7.96157 -1.93185 48.3517698
      vertex 7.96157 -1.93185 1.5713898
    endloop
  endfacet
  facet normal 0 -1 0
    outer loop
      vertex 254.935 -1.93185 1.4439298
      vertex 7.96157 -1.93185 1.5713898
      vertex 7.90878 -1.93185 1.4439298
    endloop
  endfacet
  facet normal 0 -1 0
    outer loop
      vertex 260.952 -1.93185 2.2317898
      vertex 254.935 -1.93185 1.4439298
      vertex 258.002 -1.93185 1.6449498
    endloop
  endfacet
  facet normal 0.334589 -0.86172 -0.38143
    outer loop
      vertex 269.258 -1.93185 6.2695398
      vertex 271.967 -1.41421 7.4764198
      vertex 271.519 -1.93185 8.2528798
    endloop
  endfacet
  facet normal 0.334589 -0.86172 -0.38143
    outer loop
      vertex 271.967 -1.41421 7.4764198
      vertex 269.258 -1.93185 6.2695398
      vertex 269.706 -1.41421 5.4930798
    endloop
  endfacet
  facet normal 0.617669 0.486918 -0.617573
    outer loop
      vertex 272.226 8.51764 7.0281298
      vertex 272.485 9.41421 7.9940598
      vertex 272.933 8.51764 7.7352398
    endloop
  endfacet
  facet normal 0.617298 0.487192 -0.617728
    outer loop
      vertex 272.485 9.41421 7.9940598
      vertex 272.226 8.51764 7.0281298
      vertex 271.967 9.41421 7.4764198
    endloop
  endfacet
  facet normal 0.72043 0.499011 -0.481631
    outer loop
      vertex 276.588 8.51764 12.4977698
      vertex 274.468 9.41421 10.2555698
      vertex 276.14 9.41421 12.7565698
    endloop
  endfacet
  facet normal 0.720271 0.499621 -0.481236
    outer loop
      vertex 274.468 9.41421 10.2555698
      vertex 276.588 8.51764 12.4977698
      vertex 274.917 8.51764 9.9967698
    endloop
  endfacet
  facet normal 0.494808 0.858635 -0.133835
    outer loop
      vertex 277.66 9.93185 18.7510698
      vertex 277.73 9.93185 19.0098698
      vertex 278.437 9.41421 18.3027698
    endloop
  endfacet
  facet normal 0.843575 0.487382 0.225478
    outer loop
      vertex 278.626 9.41421 30.9132698
      vertex 278.437 9.41421 31.6203698
      vertex 279.144 8.51764 30.9132698
    endloop
  endfacet
  facet normal 0.720271 0.499621 0.481236
    outer loop
      vertex 276.588 8.51764 37.4253698
      vertex 274.468 9.41421 39.6675698
      vertex 274.917 8.51764 39.9263698
    endloop
  endfacet
  facet normal 0.72043 0.499011 0.481631
    outer loop
      vertex 274.468 9.41421 39.6675698
      vertex 276.588 8.51764 37.4253698
      vertex 276.14 9.41421 37.1665698
    endloop
  endfacet
  facet normal 0.381532 -0.861691 0.334547
    outer loop
      vertex 273.692 -1.93185 39.2192698
      vertex 272.485 -1.41421 41.9290698
      vertex 271.709 -1.93185 41.4807698
    endloop
  endfacet
  facet normal 0.381532 -0.861691 0.334547
    outer loop
      vertex 272.485 -1.41421 41.9290698
      vertex 273.692 -1.93185 39.2192698
      vertex 274.468 -1.41421 39.6675698
    endloop
  endfacet
  facet normal 0.853301 0.493001 0.169787
    outer loop
      vertex 279.144 8.51764 30.9132698
      vertex 279.213 9.41421 27.9631698
      vertex 278.626 9.41421 30.9132698
    endloop
  endfacet
  facet normal 0.853301 0.493001 0.169787
    outer loop
      vertex 279.213 9.41421 27.9631698
      vertex 279.144 8.51764 30.9132698
      vertex 279.731 8.51764 27.9631698
    endloop
  endfacet
  facet normal 0.617669 -0.486917 -0.617573
    outer loop
      vertex 272.485 -1.41421 7.9940598
      vertex 272.226 -0.517637 7.0281298
      vertex 272.933 -0.517637 7.7352398
    endloop
  endfacet
  facet normal 0.617299 -0.48719 -0.617728
    outer loop
      vertex 272.226 -0.517637 7.0281298
      vertex 272.485 -1.41421 7.9940598
      vertex 271.967 -1.41421 7.4764198
    endloop
  endfacet
  facet normal 0.555567 0 0.831472
    outer loop
      vertex 267.464 8.51764 46.5494698
      vertex 269.965 -0.517637 44.8783698
      vertex 269.965 8.51764 44.8783698
    endloop
  endfacet
  facet normal 0.555567 0 0.831472
    outer loop
      vertex 269.965 -0.517637 44.8783698
      vertex 267.464 8.51764 46.5494698
      vertex 267.464 -0.517637 46.5494698
    endloop
  endfacet
  facet normal 0.381532 0.861691 0.334547
    outer loop
      vertex 273.692 9.93185 39.2192698
      vertex 272.485 9.41421 41.9290698
      vertex 274.468 9.41421 39.6675698
    endloop
  endfacet
  facet normal 0.381532 0.861691 0.334547
    outer loop
      vertex 272.485 9.41421 41.9290698
      vertex 273.692 9.93185 39.2192698
      vertex 271.709 9.93185 41.4807698
    endloop
  endfacet
  facet normal 0.824094 0.492542 0.279771
    outer loop
      vertex 278.885 8.51764 31.8791698
      vertex 277.47 9.41421 34.4687698
      vertex 277.918 8.51764 34.7275698
    endloop
  endfacet
  facet normal 0.824094 0.492542 0.279771
    outer loop
      vertex 277.47 9.41421 34.4687698
      vertex 278.885 8.51764 31.8791698
      vertex 278.437 9.41421 31.6203698
    endloop
  endfacet
  facet normal 0.751722 -0 0.659481
    outer loop
      vertex 272.933 -0.517637 42.1878698
      vertex 274.917 8.51764 39.9263698
      vertex 272.933 8.51764 42.1878698
    endloop
  endfacet
  facet normal 0.751722 0 0.659481
    outer loop
      vertex 274.917 8.51764 39.9263698
      vertex 272.933 -0.517637 42.1878698
      vertex 274.917 -0.517637 39.9263698
    endloop
  endfacet
  facet normal 0.654206 -0.492562 0.573931
    outer loop
      vertex 272.485 -1.41421 41.9290698
      vertex 274.917 -0.517637 39.9263698
      vertex 272.933 -0.517637 42.1878698
    endloop
  endfacet
  facet normal 0.654106 -0.493133 0.573554
    outer loop
      vertex 274.917 -0.517637 39.9263698
      vertex 272.485 -1.41421 41.9290698
      vertex 274.468 -1.41421 39.6675698
    endloop
  endfacet
  facet normal -0.991258 0 0.131941
    outer loop
      vertex 170.269 -33.7 21.3286698
      vertex 170.3 -24.3 21.5615698
      vertex 170.269 -24.3 21.3286698
    endloop
  endfacet
  facet normal -0.991258 0 0.131941
    outer loop
      vertex 170.3 -24.3 21.5615698
      vertex 170.269 -33.7 21.3286698
      vertex 170.3 -33.7 21.5615698
    endloop
  endfacet
  facet normal 1 -0 0
    outer loop
      vertex 161.7 -33.7 28.3615698
      vertex 161.7 -24.3 21.5615698
      vertex 161.7 -24.3 28.3615698
    endloop
  endfacet
  facet normal 1 0 0
    outer loop
      vertex 161.7 -24.3 21.5615698
      vertex 161.7 -33.7 28.3615698
      vertex 161.7 -33.7 21.5615698
    endloop
  endfacet
  facet normal -0.991258 0 -0.131941
    outer loop
      vertex 170.3 -33.7 28.3615698
      vertex 170.269 -24.3 28.5944698
      vertex 170.3 -24.3 28.3615698
    endloop
  endfacet
  facet normal -0.991258 -0 -0.131941
    outer loop
      vertex 170.269 -24.3 28.5944698
      vertex 170.3 -33.7 28.3615698
      vertex 170.269 -33.7 28.5944698
    endloop
  endfacet
  facet normal 0 0 -1
    outer loop
      vertex 162.6 -33.7 29.2615698
      vertex 169.4 -24.3 29.2615698
      vertex 169.4 -33.7 29.2615698
    endloop
  endfacet
  facet normal -0 0 -1
    outer loop
      vertex 169.4 -24.3 29.2615698
      vertex 162.6 -33.7 29.2615698
      vertex 162.6 -24.3 29.2615698
    endloop
  endfacet
  facet normal 0.991258 -0 0.131941
    outer loop
      vertex 161.7 -33.7 21.5615698
      vertex 161.731 -24.3 21.3286698
      vertex 161.7 -24.3 21.5615698
    endloop
  endfacet
  facet normal 0.991258 0 0.131941
    outer loop
      vertex 161.731 -24.3 21.3286698
      vertex 161.7 -33.7 21.5615698
      vertex 161.731 -33.7 21.3286698
    endloop
  endfacet
  facet normal -0.130631 0 0.991431
    outer loop
      vertex 169.4 -24.3 20.6615698
      vertex 169.633 -33.7 20.6922698
      vertex 169.633 -24.3 20.6922698
    endloop
  endfacet
  facet normal -0.130631 0 0.991431
    outer loop
      vertex 169.633 -33.7 20.6922698
      vertex 169.4 -24.3 20.6615698
      vertex 169.4 -33.7 20.6615698
    endloop
  endfacet
  facet normal 0.130631 0 -0.991431
    outer loop
      vertex 162.367 -33.7 29.2308698
      vertex 162.6 -24.3 29.2615698
      vertex 162.6 -33.7 29.2615698
    endloop
  endfacet
  facet normal 0.130631 0 -0.991431
    outer loop
      vertex 162.6 -24.3 29.2615698
      vertex 162.367 -33.7 29.2308698
      vertex 162.367 -24.3 29.2308698
    endloop
  endfacet
  facet normal -1 0 0
    outer loop
      vertex 170.3 -33.7 21.5615698
      vertex 170.3 -24.3 28.3615698
      vertex 170.3 -24.3 21.5615698
    endloop
  endfacet
  facet normal -1 -0 0
    outer loop
      vertex 170.3 -24.3 28.3615698
      vertex 170.3 -33.7 21.5615698
      vertex 170.3 -33.7 28.3615698
    endloop
  endfacet
  facet normal 0.923768 0 -0.382953
    outer loop
      vertex 161.821 -33.7 28.8115698
      vertex 161.731 -24.3 28.5944698
      vertex 161.821 -24.3 28.8115698
    endloop
  endfacet
  facet normal 0.923768 0 -0.382953
    outer loop
      vertex 161.731 -24.3 28.5944698
      vertex 161.821 -33.7 28.8115698
      vertex 161.731 -33.7 28.5944698
    endloop
  endfacet
  facet normal -0.793414 0 0.608682
    outer loop
      vertex 170.036 -33.7 20.9251698
      vertex 170.179 -24.3 21.1115698
      vertex 170.036 -24.3 20.9251698
    endloop
  endfacet
  facet normal -0.793414 0 0.608682
    outer loop
      vertex 170.179 -24.3 21.1115698
      vertex 170.036 -33.7 20.9251698
      vertex 170.179 -33.7 21.1115698
    endloop
  endfacet
  facet normal 0.991258 0 -0.131941
    outer loop
      vertex 161.731 -33.7 28.5944698
      vertex 161.7 -24.3 28.3615698
      vertex 161.731 -24.3 28.5944698
    endloop
  endfacet
  facet normal 0.991258 0 -0.131941
    outer loop
      vertex 161.7 -24.3 28.3615698
      vertex 161.731 -33.7 28.5944698
      vertex 161.7 -33.7 28.3615698
    endloop
  endfacet
  facet normal -0.793414 0 -0.608682
    outer loop
      vertex 170.179 -33.7 28.8115698
      vertex 170.036 -24.3 28.9979698
      vertex 170.179 -24.3 28.8115698
    endloop
  endfacet
  facet normal -0.793414 -0 -0.608682
    outer loop
      vertex 170.036 -24.3 28.9979698
      vertex 170.179 -33.7 28.8115698
      vertex 170.036 -33.7 28.9979698
    endloop
  endfacet
  facet normal 0.609505 0 0.792782
    outer loop
      vertex 161.964 -24.3 20.9251698
      vertex 162.15 -33.7 20.7821698
      vertex 162.15 -24.3 20.7821698
    endloop
  endfacet
  facet normal 0.609505 0 0.792782
    outer loop
      vertex 162.15 -33.7 20.7821698
      vertex 161.964 -24.3 20.9251698
      vertex 161.964 -33.7 20.9251698
    endloop
  endfacet
  facet normal -0.923768 0 -0.382953
    outer loop
      vertex 170.269 -33.7 28.5944698
      vertex 170.179 -24.3 28.8115698
      vertex 170.269 -24.3 28.5944698
    endloop
  endfacet
  facet normal -0.923768 -0 -0.382953
    outer loop
      vertex 170.179 -24.3 28.8115698
      vertex 170.269 -33.7 28.5944698
      vertex 170.179 -33.7 28.8115698
    endloop
  endfacet
  facet normal 0.793414 0 -0.608682
    outer loop
      vertex 161.964 -33.7 28.9979698
      vertex 161.821 -24.3 28.8115698
      vertex 161.964 -24.3 28.9979698
    endloop
  endfacet
  facet normal 0.793414 0 -0.608682
    outer loop
      vertex 161.821 -24.3 28.8115698
      vertex 161.964 -33.7 28.9979698
      vertex 161.821 -33.7 28.8115698
    endloop
  endfacet
  facet normal -0.38274 0 -0.923856
    outer loop
      vertex 169.633 -33.7 29.2308698
      vertex 169.85 -24.3 29.1409698
      vertex 169.85 -33.7 29.1409698
    endloop
  endfacet
  facet normal -0.38274 0 -0.923856
    outer loop
      vertex 169.85 -24.3 29.1409698
      vertex 169.633 -33.7 29.2308698
      vertex 169.633 -24.3 29.2308698
    endloop
  endfacet
  facet normal 0.609505 0 -0.792782
    outer loop
      vertex 161.964 -33.7 28.9979698
      vertex 162.15 -24.3 29.1409698
      vertex 162.15 -33.7 29.1409698
    endloop
  endfacet
  facet normal 0.609505 0 -0.792782
    outer loop
      vertex 162.15 -24.3 29.1409698
      vertex 161.964 -33.7 28.9979698
      vertex 161.964 -24.3 28.9979698
    endloop
  endfacet
  facet normal 0.923768 -0 0.382953
    outer loop
      vertex 161.731 -33.7 21.3286698
      vertex 161.821 -24.3 21.1115698
      vertex 161.731 -24.3 21.3286698
    endloop
  endfacet
  facet normal 0.923768 0 0.382953
    outer loop
      vertex 161.821 -24.3 21.1115698
      vertex 161.731 -33.7 21.3286698
      vertex 161.821 -33.7 21.1115698
    endloop
  endfacet
  facet normal 0.38274 0 0.923856
    outer loop
      vertex 162.15 -24.3 20.7821698
      vertex 162.367 -33.7 20.6922698
      vertex 162.367 -24.3 20.6922698
    endloop
  endfacet
  facet normal 0.38274 0 0.923856
    outer loop
      vertex 162.367 -33.7 20.6922698
      vertex 162.15 -24.3 20.7821698
      vertex 162.15 -33.7 20.7821698
    endloop
  endfacet
  facet normal 0.38274 0 -0.923856
    outer loop
      vertex 162.15 -33.7 29.1409698
      vertex 162.367 -24.3 29.2308698
      vertex 162.367 -33.7 29.2308698
    endloop
  endfacet
  facet normal 0.38274 0 -0.923856
    outer loop
      vertex 162.367 -24.3 29.2308698
      vertex 162.15 -33.7 29.1409698
      vertex 162.15 -24.3 29.1409698
    endloop
  endfacet
  facet normal 0.793414 -0 0.608682
    outer loop
      vertex 161.821 -33.7 21.1115698
      vertex 161.964 -24.3 20.9251698
      vertex 161.821 -24.3 21.1115698
    endloop
  endfacet
  facet normal 0.793414 0 0.608682
    outer loop
      vertex 161.964 -24.3 20.9251698
      vertex 161.821 -33.7 21.1115698
      vertex 161.964 -33.7 20.9251698
    endloop
  endfacet
  facet normal -0.923768 0 0.382953
    outer loop
      vertex 170.179 -33.7 21.1115698
      vertex 170.269 -24.3 21.3286698
      vertex 170.179 -24.3 21.1115698
    endloop
  endfacet
  facet normal -0.923768 0 0.382953
    outer loop
      vertex 170.269 -24.3 21.3286698
      vertex 170.179 -33.7 21.1115698
      vertex 170.269 -33.7 21.3286698
    endloop
  endfacet
  facet normal -0.130631 0 -0.991431
    outer loop
      vertex 169.4 -33.7 29.2615698
      vertex 169.633 -24.3 29.2308698
      vertex 169.633 -33.7 29.2308698
    endloop
  endfacet
  facet normal -0.130631 0 -0.991431
    outer loop
      vertex 169.633 -24.3 29.2308698
      vertex 169.4 -33.7 29.2615698
      vertex 169.4 -24.3 29.2615698
    endloop
  endfacet
  facet normal -0 0 1
    outer loop
      vertex 162.6 -24.3 20.6615698
      vertex 169.4 -33.7 20.6615698
      vertex 169.4 -24.3 20.6615698
    endloop
  endfacet
  facet normal 0 0 1
    outer loop
      vertex 169.4 -33.7 20.6615698
      vertex 162.6 -24.3 20.6615698
      vertex 162.6 -33.7 20.6615698
    endloop
  endfacet
  facet normal -0.609505 0 -0.792782
    outer loop
      vertex 169.85 -33.7 29.1409698
      vertex 170.036 -24.3 28.9979698
      vertex 170.036 -33.7 28.9979698
    endloop
  endfacet
  facet normal -0.609505 0 -0.792782
    outer loop
      vertex 170.036 -24.3 28.9979698
      vertex 169.85 -33.7 29.1409698
      vertex 169.85 -24.3 29.1409698
    endloop
  endfacet
  facet normal -0.38274 0 0.923856
    outer loop
      vertex 169.633 -24.3 20.6922698
      vertex 169.85 -33.7 20.7821698
      vertex 169.85 -24.3 20.7821698
    endloop
  endfacet
  facet normal -0.38274 0 0.923856
    outer loop
      vertex 169.85 -33.7 20.7821698
      vertex 169.633 -24.3 20.6922698
      vertex 169.633 -33.7 20.6922698
    endloop
  endfacet
  facet normal -0.609505 0 0.792782
    outer loop
      vertex 169.85 -24.3 20.7821698
      vertex 170.036 -33.7 20.9251698
      vertex 170.036 -24.3 20.9251698
    endloop
  endfacet
  facet normal -0.609505 0 0.792782
    outer loop
      vertex 170.036 -33.7 20.9251698
      vertex 169.85 -24.3 20.7821698
      vertex 169.85 -33.7 20.7821698
    endloop
  endfacet
  facet normal 0.130631 0 0.991431
    outer loop
      vertex 162.367 -24.3 20.6922698
      vertex 162.6 -33.7 20.6615698
      vertex 162.6 -24.3 20.6615698
    endloop
  endfacet
  facet normal 0.130631 0 0.991431
    outer loop
      vertex 162.6 -33.7 20.6615698
      vertex 162.367 -24.3 20.6922698
      vertex 162.367 -33.7 20.6922698
    endloop
  endfacet
  facet normal 0.686607 -0.723103 -0.0754513
    outer loop
      vertex 161.475 -33.9616 28.7719698
      vertex 161.731 -33.7 28.5944698
      vertex 161.479 -33.9616 28.8083698
    endloop
  endfacet
  facet normal 0.68037 -0.727252 -0.0905602
    outer loop
      vertex 161.731 -33.7 28.5944698
      vertex 161.475 -33.9616 28.7719698
      vertex 161.7 -33.7 28.3615698
    endloop
  endfacet
  facet normal -0.680348 -0.72727 0.0905836
    outer loop
      vertex 170.525 -33.9616 21.1511698
      vertex 170.553 -33.9616 21.3614698
      vertex 170.3 -33.7 21.5615698
    endloop
  endfacet
  facet normal -0.489752 -0.786751 -0.375722
    outer loop
      vertex 170.179 -33.7 28.8115698
      vertex 170.403 -33.9616 29.0673698
      vertex 170.036 -33.7 28.9979698
    endloop
  endfacet
  facet normal -0.493548 -0.786217 -0.371851
    outer loop
      vertex 170.403 -33.9616 29.0673698
      vertex 170.179 -33.7 28.8115698
      vertex 170.425 -33.9616 29.0381698
    endloop
  endfacet
  facet normal -0.68037 -0.727252 0.0905602
    outer loop
      vertex 170.269 -33.7 21.3286698
      vertex 170.525 -33.9616 21.1511698
      vertex 170.3 -33.7 21.5615698
    endloop
  endfacet
  facet normal -0.686607 -0.723103 0.0754513
    outer loop
      vertex 170.525 -33.9616 21.1511698
      vertex 170.269 -33.7 21.3286698
      vertex 170.521 -33.9616 21.1147698
    endloop
  endfacet
  facet normal -0.589287 -0.769349 0.246664
    outer loop
      vertex 170.269 -33.7 21.3286698
      vertex 170.439 -33.9616 20.9188698
      vertex 170.521 -33.9616 21.1147698
    endloop
  endfacet
  facet normal -0.589287 -0.769349 -0.246664
    outer loop
      vertex 170.269 -33.7 28.5944698
      vertex 170.521 -33.9616 28.8083698
      vertex 170.439 -33.9616 29.0042698
    endloop
  endfacet
  facet normal -0.686607 -0.723103 -0.0754513
    outer loop
      vertex 170.269 -33.7 28.5944698
      vertex 170.525 -33.9616 28.7719698
      vertex 170.521 -33.9616 28.8083698
    endloop
  endfacet
  facet normal -0.68037 -0.727252 -0.0905602
    outer loop
      vertex 170.525 -33.9616 28.7719698
      vertex 170.269 -33.7 28.5944698
      vertex 170.3 -33.7 28.3615698
    endloop
  endfacet
  facet normal 0.0897753 -0.727128 0.680607
    outer loop
      vertex 162.19 -33.9616 20.4361698
      vertex 162.4 -33.9616 20.4084698
      vertex 162.6 -33.7 20.6615698
    endloop
  endfacet
  facet normal 0 -0.695334 -0.718686
    outer loop
      vertex 169.6 -33.9616 29.5146698
      vertex 162.6 -33.7 29.2615698
      vertex 169.4 -33.7 29.2615698
    endloop
  endfacet
  facet normal 0 -0.695334 -0.718686
    outer loop
      vertex 162.6 -33.7 29.2615698
      vertex 169.6 -33.9616 29.5146698
      vertex 162.4 -33.9616 29.5146698
    endloop
  endfacet
  facet normal 0.680348 -0.72727 -0.0905836
    outer loop
      vertex 161.447 -33.9616 28.5616698
      vertex 161.7 -33.7 28.3615698
      vertex 161.475 -33.9616 28.7719698
    endloop
  endfacet
  facet normal 0.375977 -0.786695 0.489645
    outer loop
      vertex 161.755 -33.9616 20.6651698
      vertex 161.923 -33.9616 20.5361698
      vertex 162.15 -33.7 20.7821698
    endloop
  endfacet
  facet normal 0.680348 -0.72727 0.0905836
    outer loop
      vertex 161.447 -33.9616 21.3614698
      vertex 161.475 -33.9616 21.1511698
      vertex 161.7 -33.7 21.5615698
    endloop
  endfacet
  facet normal 0.493548 -0.786217 0.371851
    outer loop
      vertex 161.597 -33.9616 20.8557698
      vertex 161.821 -33.7 21.1115698
      vertex 161.575 -33.9616 20.8849698
    endloop
  endfacet
  facet normal 0.489752 -0.786751 0.375722
    outer loop
      vertex 161.821 -33.7 21.1115698
      vertex 161.597 -33.9616 20.8557698
      vertex 161.964 -33.7 20.9251698
    endloop
  endfacet
  facet normal 0.489783 -0.786772 0.375636
    outer loop
      vertex 161.597 -33.9616 20.8557698
      vertex 161.726 -33.9616 20.6875698
      vertex 161.964 -33.7 20.9251698
    endloop
  endfacet
  facet normal -0.591768 -0.76817 -0.244388
    outer loop
      vertex 170.179 -33.7 28.8115698
      vertex 170.439 -33.9616 29.0042698
      vertex 170.425 -33.9616 29.0381698
    endloop
  endfacet
  facet normal -0.591321 -0.768276 -0.245135
    outer loop
      vertex 170.439 -33.9616 29.0042698
      vertex 170.179 -33.7 28.8115698
      vertex 170.269 -33.7 28.5944698
    endloop
  endfacet
  facet normal -0.0897753 -0.727128 -0.680607
    outer loop
      vertex 169.4 -33.7 29.2615698
      vertex 169.81 -33.9616 29.4869698
      vertex 169.6 -33.9616 29.5146698
    endloop
  endfacet
  facet normal 0.718824 -0.695193 0
    outer loop
      vertex 161.447 -33.9616 28.5616698
      vertex 161.7 -33.7 21.5615698
      vertex 161.7 -33.7 28.3615698
    endloop
  endfacet
  facet normal 0.718824 -0.695193 0
    outer loop
      vertex 161.7 -33.7 21.5615698
      vertex 161.447 -33.9616 28.5616698
      vertex 161.447 -33.9616 21.3614698
    endloop
  endfacet
  facet normal 0 -0.695334 0.718686
    outer loop
      vertex 162.6 -33.7 20.6615698
      vertex 169.6 -33.9616 20.4084698
      vertex 169.4 -33.7 20.6615698
    endloop
  endfacet
  facet normal 0 -0.695334 0.718686
    outer loop
      vertex 169.6 -33.9616 20.4084698
      vertex 162.6 -33.7 20.6615698
      vertex 162.4 -33.9616 20.4084698
    endloop
  endfacet
  facet normal 0.0897753 -0.727128 -0.680607
    outer loop
      vertex 162.19 -33.9616 29.4869698
      vertex 162.6 -33.7 29.2615698
      vertex 162.4 -33.9616 29.5146698
    endloop
  endfacet
  facet normal 0.244912 -0.768466 -0.591167
    outer loop
      vertex 161.957 -33.9616 29.4010698
      vertex 162.367 -33.7 29.2308698
      vertex 162.153 -33.9616 29.4822698
    endloop
  endfacet
  facet normal -0.680348 -0.72727 -0.0905836
    outer loop
      vertex 170.3 -33.7 28.3615698
      vertex 170.553 -33.9616 28.5616698
      vertex 170.525 -33.9616 28.7719698
    endloop
  endfacet
  facet normal -0.718824 -0.695193 0
    outer loop
      vertex 170.553 -33.9616 21.3614698
      vertex 170.3 -33.7 28.3615698
      vertex 170.3 -33.7 21.5615698
    endloop
  endfacet
  facet normal -0.718824 -0.695193 0
    outer loop
      vertex 170.3 -33.7 28.3615698
      vertex 170.553 -33.9616 21.3614698
      vertex 170.553 -33.9616 28.5616698
    endloop
  endfacet
  facet normal -0.489783 -0.786772 -0.375636
    outer loop
      vertex 170.036 -33.7 28.9979698
      vertex 170.403 -33.9616 29.0673698
      vertex 170.274 -33.9616 29.2355698
    endloop
  endfacet
  facet normal 0.589287 -0.769349 -0.246664
    outer loop
      vertex 161.479 -33.9616 28.8083698
      vertex 161.731 -33.7 28.5944698
      vertex 161.561 -33.9616 29.0042698
    endloop
  endfacet
  facet normal 0.377263 -0.78684 0.488421
    outer loop
      vertex 161.755 -33.9616 20.6651698
      vertex 161.964 -33.7 20.9251698
      vertex 161.726 -33.9616 20.6875698
    endloop
  endfacet
  facet normal 0.376171 -0.786826 0.489285
    outer loop
      vertex 161.964 -33.7 20.9251698
      vertex 161.755 -33.9616 20.6651698
      vertex 162.15 -33.7 20.7821698
    endloop
  endfacet
  facet normal 0.68037 -0.727252 0.0905602
    outer loop
      vertex 161.475 -33.9616 21.1511698
      vertex 161.731 -33.7 21.3286698
      vertex 161.7 -33.7 21.5615698
    endloop
  endfacet
  facet normal 0.686607 -0.723103 0.0754513
    outer loop
      vertex 161.731 -33.7 21.3286698
      vertex 161.475 -33.9616 21.1511698
      vertex 161.479 -33.9616 21.1147698
    endloop
  endfacet
  facet normal 0.591768 -0.76817 -0.244388
    outer loop
      vertex 161.561 -33.9616 29.0042698
      vertex 161.821 -33.7 28.8115698
      vertex 161.575 -33.9616 29.0381698
    endloop
  endfacet
  facet normal 0.591321 -0.768276 -0.245135
    outer loop
      vertex 161.821 -33.7 28.8115698
      vertex 161.561 -33.9616 29.0042698
      vertex 161.731 -33.7 28.5944698
    endloop
  endfacet
  facet normal 0.0866278 -0.726238 -0.681963
    outer loop
      vertex 162.367 -33.7 29.2308698
      vertex 162.19 -33.9616 29.4869698
      vertex 162.153 -33.9616 29.4822698
    endloop
  endfacet
  facet normal 0.0896874 -0.727061 -0.680689
    outer loop
      vertex 162.19 -33.9616 29.4869698
      vertex 162.367 -33.7 29.2308698
      vertex 162.6 -33.7 29.2615698
    endloop
  endfacet
  facet normal -0.375977 -0.786695 -0.489645
    outer loop
      vertex 169.85 -33.7 29.1409698
      vertex 170.245 -33.9616 29.2579698
      vertex 170.077 -33.9616 29.3869698
    endloop
  endfacet
  facet normal 0.589287 -0.769349 0.246664
    outer loop
      vertex 161.479 -33.9616 21.1147698
      vertex 161.561 -33.9616 20.9188698
      vertex 161.731 -33.7 21.3286698
    endloop
  endfacet
  facet normal -0.244912 -0.768466 -0.591167
    outer loop
      vertex 169.85 -33.7 29.1409698
      vertex 170.043 -33.9616 29.4010698
      vertex 169.633 -33.7 29.2308698
    endloop
  endfacet
  facet normal -0.245111 -0.768494 -0.591048
    outer loop
      vertex 170.043 -33.9616 29.4010698
      vertex 169.85 -33.7 29.1409698
      vertex 170.077 -33.9616 29.3869698
    endloop
  endfacet
  facet normal -0.244912 -0.768466 0.591167
    outer loop
      vertex 170.043 -33.9616 20.5220698
      vertex 169.85 -33.7 20.7821698
      vertex 169.633 -33.7 20.6922698
    endloop
  endfacet
  facet normal -0.245111 -0.768494 0.591048
    outer loop
      vertex 169.85 -33.7 20.7821698
      vertex 170.043 -33.9616 20.5220698
      vertex 170.077 -33.9616 20.5361698
    endloop
  endfacet
  facet normal 0.591321 -0.768276 0.245135
    outer loop
      vertex 161.561 -33.9616 20.9188698
      vertex 161.821 -33.7 21.1115698
      vertex 161.731 -33.7 21.3286698
    endloop
  endfacet
  facet normal 0.591768 -0.76817 0.244388
    outer loop
      vertex 161.821 -33.7 21.1115698
      vertex 161.561 -33.9616 20.9188698
      vertex 161.575 -33.9616 20.8849698
    endloop
  endfacet
  facet normal -0.489783 -0.786772 0.375636
    outer loop
      vertex 170.274 -33.9616 20.6875698
      vertex 170.403 -33.9616 20.8557698
      vertex 170.036 -33.7 20.9251698
    endloop
  endfacet
  facet normal -0.244912 -0.768466 0.591167
    outer loop
      vertex 169.847 -33.9616 20.4408698
      vertex 170.043 -33.9616 20.5220698
      vertex 169.633 -33.7 20.6922698
    endloop
  endfacet
  facet normal -0.0896874 -0.727061 0.680689
    outer loop
      vertex 169.81 -33.9616 20.4361698
      vertex 169.633 -33.7 20.6922698
      vertex 169.4 -33.7 20.6615698
    endloop
  endfacet
  facet normal -0.0866278 -0.726238 0.681963
    outer loop
      vertex 169.633 -33.7 20.6922698
      vertex 169.81 -33.9616 20.4361698
      vertex 169.847 -33.9616 20.4408698
    endloop
  endfacet
  facet normal -0.489752 -0.786751 0.375722
    outer loop
      vertex 170.403 -33.9616 20.8557698
      vertex 170.179 -33.7 21.1115698
      vertex 170.036 -33.7 20.9251698
    endloop
  endfacet
  facet normal -0.493548 -0.786217 0.371851
    outer loop
      vertex 170.179 -33.7 21.1115698
      vertex 170.403 -33.9616 20.8557698
      vertex 170.425 -33.9616 20.8849698
    endloop
  endfacet
  facet normal 0.375977 -0.786695 -0.489645
    outer loop
      vertex 161.755 -33.9616 29.2579698
      vertex 162.15 -33.7 29.1409698
      vertex 161.923 -33.9616 29.3869698
    endloop
  endfacet
  facet normal -0.376171 -0.786826 0.489285
    outer loop
      vertex 170.245 -33.9616 20.6651698
      vertex 170.036 -33.7 20.9251698
      vertex 169.85 -33.7 20.7821698
    endloop
  endfacet
  facet normal -0.377263 -0.78684 0.488421
    outer loop
      vertex 170.036 -33.7 20.9251698
      vertex 170.245 -33.9616 20.6651698
      vertex 170.274 -33.9616 20.6875698
    endloop
  endfacet
  facet normal -0.375977 -0.786695 0.489645
    outer loop
      vertex 170.077 -33.9616 20.5361698
      vertex 170.245 -33.9616 20.6651698
      vertex 169.85 -33.7 20.7821698
    endloop
  endfacet
  facet normal -0.591321 -0.768276 0.245135
    outer loop
      vertex 170.179 -33.7 21.1115698
      vertex 170.439 -33.9616 20.9188698
      vertex 170.269 -33.7 21.3286698
    endloop
  endfacet
  facet normal -0.591768 -0.76817 0.244388
    outer loop
      vertex 170.439 -33.9616 20.9188698
      vertex 170.179 -33.7 21.1115698
      vertex 170.425 -33.9616 20.8849698
    endloop
  endfacet
  facet normal 0.489783 -0.786772 -0.375636
    outer loop
      vertex 161.597 -33.9616 29.0673698
      vertex 161.964 -33.7 28.9979698
      vertex 161.726 -33.9616 29.2355698
    endloop
  endfacet
  facet normal 0.493548 -0.786217 -0.371851
    outer loop
      vertex 161.821 -33.7 28.8115698
      vertex 161.597 -33.9616 29.0673698
      vertex 161.575 -33.9616 29.0381698
    endloop
  endfacet
  facet normal 0.489752 -0.786751 -0.375722
    outer loop
      vertex 161.597 -33.9616 29.0673698
      vertex 161.821 -33.7 28.8115698
      vertex 161.964 -33.7 28.9979698
    endloop
  endfacet
  facet normal -0.0896874 -0.727061 -0.680689
    outer loop
      vertex 169.633 -33.7 29.2308698
      vertex 169.81 -33.9616 29.4869698
      vertex 169.4 -33.7 29.2615698
    endloop
  endfacet
  facet normal -0.0866278 -0.726238 -0.681963
    outer loop
      vertex 169.81 -33.9616 29.4869698
      vertex 169.633 -33.7 29.2308698
      vertex 169.847 -33.9616 29.4822698
    endloop
  endfacet
  facet normal 0.245111 -0.768494 -0.591048
    outer loop
      vertex 162.15 -33.7 29.1409698
      vertex 161.957 -33.9616 29.4010698
      vertex 161.923 -33.9616 29.3869698
    endloop
  endfacet
  facet normal 0.244912 -0.768466 -0.591167
    outer loop
      vertex 161.957 -33.9616 29.4010698
      vertex 162.15 -33.7 29.1409698
      vertex 162.367 -33.7 29.2308698
    endloop
  endfacet
  facet normal -0.0897753 -0.727128 0.680607
    outer loop
      vertex 169.6 -33.9616 20.4084698
      vertex 169.81 -33.9616 20.4361698
      vertex 169.4 -33.7 20.6615698
    endloop
  endfacet
  facet normal 0.377263 -0.78684 -0.488421
    outer loop
      vertex 161.964 -33.7 28.9979698
      vertex 161.755 -33.9616 29.2579698
      vertex 161.726 -33.9616 29.2355698
    endloop
  endfacet
  facet normal 0.376171 -0.786826 -0.489285
    outer loop
      vertex 161.755 -33.9616 29.2579698
      vertex 161.964 -33.7 28.9979698
      vertex 162.15 -33.7 29.1409698
    endloop
  endfacet
  facet normal -0.376171 -0.786826 -0.489285
    outer loop
      vertex 170.036 -33.7 28.9979698
      vertex 170.245 -33.9616 29.2579698
      vertex 169.85 -33.7 29.1409698
    endloop
  endfacet
  facet normal -0.377263 -0.78684 -0.488421
    outer loop
      vertex 170.245 -33.9616 29.2579698
      vertex 170.036 -33.7 28.9979698
      vertex 170.274 -33.9616 29.2355698
    endloop
  endfacet
  facet normal -0.244912 -0.768466 -0.591167
    outer loop
      vertex 169.633 -33.7 29.2308698
      vertex 170.043 -33.9616 29.4010698
      vertex 169.847 -33.9616 29.4822698
    endloop
  endfacet
  facet normal 0.245111 -0.768494 0.591048
    outer loop
      vertex 161.957 -33.9616 20.5220698
      vertex 162.15 -33.7 20.7821698
      vertex 161.923 -33.9616 20.5361698
    endloop
  endfacet
  facet normal 0.244912 -0.768466 0.591167
    outer loop
      vertex 162.15 -33.7 20.7821698
      vertex 161.957 -33.9616 20.5220698
      vertex 162.367 -33.7 20.6922698
    endloop
  endfacet
  facet normal 0.0866278 -0.726238 0.681963
    outer loop
      vertex 162.19 -33.9616 20.4361698
      vertex 162.367 -33.7 20.6922698
      vertex 162.153 -33.9616 20.4408698
    endloop
  endfacet
  facet normal 0.0896874 -0.727061 0.680689
    outer loop
      vertex 162.367 -33.7 20.6922698
      vertex 162.19 -33.9616 20.4361698
      vertex 162.6 -33.7 20.6615698
    endloop
  endfacet
  facet normal 0.244912 -0.768466 0.591167
    outer loop
      vertex 161.957 -33.9616 20.5220698
      vertex 162.153 -33.9616 20.4408698
      vertex 162.367 -33.7 20.6922698
    endloop
  endfacet
  facet normal -0.718824 0.695193 0
    outer loop
      vertex 170.3 -24.3 21.5615698
      vertex 170.553 -24.0384 28.5616698
      vertex 170.553 -24.0384 21.3614698
    endloop
  endfacet
  facet normal -0.718824 0.695193 0
    outer loop
      vertex 170.553 -24.0384 28.5616698
      vertex 170.3 -24.3 21.5615698
      vertex 170.3 -24.3 28.3615698
    endloop
  endfacet
  facet normal -0.490214 0.786453 -0.375743
    outer loop
      vertex 170.425 -24.0384 29.0381698
      vertex 170.179 -24.3 28.8115698
      vertex 170.296 -24.0384 29.2064698
    endloop
  endfacet
  facet normal -0.589287 0.769349 0.246664
    outer loop
      vertex 170.521 -24.0384 21.1147698
      vertex 170.439 -24.0384 20.9188698
      vertex 170.269 -24.3 21.3286698
    endloop
  endfacet
  facet normal -0.591321 0.768276 0.245135
    outer loop
      vertex 170.439 -24.0384 20.9188698
      vertex 170.179 -24.3 21.1115698
      vertex 170.269 -24.3 21.3286698
    endloop
  endfacet
  facet normal -0.591768 0.76817 0.244388
    outer loop
      vertex 170.179 -24.3 21.1115698
      vertex 170.439 -24.0384 20.9188698
      vertex 170.425 -24.0384 20.8849698
    endloop
  endfacet
  facet normal -0.591768 0.76817 -0.244388
    outer loop
      vertex 170.439 -24.0384 29.0042698
      vertex 170.179 -24.3 28.8115698
      vertex 170.425 -24.0384 29.0381698
    endloop
  endfacet
  facet normal -0.591321 0.768276 -0.245135
    outer loop
      vertex 170.179 -24.3 28.8115698
      vertex 170.439 -24.0384 29.0042698
      vertex 170.269 -24.3 28.5944698
    endloop
  endfacet
  facet normal -0.680348 0.72727 0.0905836
    outer loop
      vertex 170.553 -24.0384 21.3614698
      vertex 170.525 -24.0384 21.1511698
      vertex 170.3 -24.3 21.5615698
    endloop
  endfacet
  facet normal -0.68037 0.727252 0.0905602
    outer loop
      vertex 170.525 -24.0384 21.1511698
      vertex 170.269 -24.3 21.3286698
      vertex 170.3 -24.3 21.5615698
    endloop
  endfacet
  facet normal -0.686607 0.723103 0.0754513
    outer loop
      vertex 170.269 -24.3 21.3286698
      vertex 170.525 -24.0384 21.1511698
      vertex 170.521 -24.0384 21.1147698
    endloop
  endfacet
  facet normal 0.0896874 0.727061 0.680689
    outer loop
      vertex 162.19 -24.0384 20.4361698
      vertex 162.367 -24.3 20.6922698
      vertex 162.6 -24.3 20.6615698
    endloop
  endfacet
  facet normal 0.0866278 0.726238 0.681963
    outer loop
      vertex 162.367 -24.3 20.6922698
      vertex 162.19 -24.0384 20.4361698
      vertex 162.153 -24.0384 20.4408698
    endloop
  endfacet
  facet normal 0.490214 0.786453 -0.375743
    outer loop
      vertex 161.821 -24.3 28.8115698
      vertex 161.575 -24.0384 29.0381698
      vertex 161.704 -24.0384 29.2064698
    endloop
  endfacet
  facet normal 0.490214 0.786453 0.375743
    outer loop
      vertex 161.704 -24.0384 20.7166698
      vertex 161.575 -24.0384 20.8849698
      vertex 161.821 -24.3 21.1115698
    endloop
  endfacet
  facet normal -0.0897753 0.727128 -0.680607
    outer loop
      vertex 169.81 -24.0384 29.4869698
      vertex 169.4 -24.3 29.2615698
      vertex 169.6 -24.0384 29.5146698
    endloop
  endfacet
  facet normal 0.686607 0.723103 -0.0754513
    outer loop
      vertex 161.731 -24.3 28.5944698
      vertex 161.475 -24.0384 28.7719698
      vertex 161.479 -24.0384 28.8083698
    endloop
  endfacet
  facet normal 0.68037 0.727252 -0.0905602
    outer loop
      vertex 161.475 -24.0384 28.7719698
      vertex 161.731 -24.3 28.5944698
      vertex 161.7 -24.3 28.3615698
    endloop
  endfacet
  facet normal 0.680348 0.72727 0.0905836
    outer loop
      vertex 161.475 -24.0384 21.1511698
      vertex 161.447 -24.0384 21.3614698
      vertex 161.7 -24.3 21.5615698
    endloop
  endfacet
  facet normal 0.591768 0.76817 -0.244388
    outer loop
      vertex 161.821 -24.3 28.8115698
      vertex 161.561 -24.0384 29.0042698
      vertex 161.575 -24.0384 29.0381698
    endloop
  endfacet
  facet normal 0.591321 0.768276 -0.245135
    outer loop
      vertex 161.561 -24.0384 29.0042698
      vertex 161.821 -24.3 28.8115698
      vertex 161.731 -24.3 28.5944698
    endloop
  endfacet
  facet normal 0.589287 0.769349 -0.246664
    outer loop
      vertex 161.731 -24.3 28.5944698
      vertex 161.479 -24.0384 28.8083698
      vertex 161.561 -24.0384 29.0042698
    endloop
  endfacet
  facet normal 0.489959 0.786546 0.37588
    outer loop
      vertex 161.964 -24.3 20.9251698
      vertex 161.704 -24.0384 20.7166698
      vertex 161.821 -24.3 21.1115698
    endloop
  endfacet
  facet normal 0.492654 0.786493 0.372453
    outer loop
      vertex 161.704 -24.0384 20.7166698
      vertex 161.964 -24.3 20.9251698
      vertex 161.726 -24.0384 20.6875698
    endloop
  endfacet
  facet normal -0.492654 0.786493 -0.372453
    outer loop
      vertex 170.296 -24.0384 29.2064698
      vertex 170.036 -24.3 28.9979698
      vertex 170.274 -24.0384 29.2355698
    endloop
  endfacet
  facet normal -0.489959 0.786546 -0.37588
    outer loop
      vertex 170.036 -24.3 28.9979698
      vertex 170.296 -24.0384 29.2064698
      vertex 170.179 -24.3 28.8115698
    endloop
  endfacet
  facet normal 0 0.695334 -0.718686
    outer loop
      vertex 162.6 -24.3 29.2615698
      vertex 169.6 -24.0384 29.5146698
      vertex 169.4 -24.3 29.2615698
    endloop
  endfacet
  facet normal 0 0.695334 -0.718686
    outer loop
      vertex 169.6 -24.0384 29.5146698
      vertex 162.6 -24.3 29.2615698
      vertex 162.4 -24.0384 29.5146698
    endloop
  endfacet
  facet normal 0.244912 0.768466 0.591167
    outer loop
      vertex 161.957 -24.0384 20.5220698
      vertex 162.15 -24.3 20.7821698
      vertex 162.367 -24.3 20.6922698
    endloop
  endfacet
  facet normal 0.245111 0.768494 0.591048
    outer loop
      vertex 162.15 -24.3 20.7821698
      vertex 161.957 -24.0384 20.5220698
      vertex 161.923 -24.0384 20.5361698
    endloop
  endfacet
  facet normal 0.591321 0.768276 0.245135
    outer loop
      vertex 161.821 -24.3 21.1115698
      vertex 161.561 -24.0384 20.9188698
      vertex 161.731 -24.3 21.3286698
    endloop
  endfacet
  facet normal 0.591768 0.76817 0.244388
    outer loop
      vertex 161.561 -24.0384 20.9188698
      vertex 161.821 -24.3 21.1115698
      vertex 161.575 -24.0384 20.8849698
    endloop
  endfacet
  facet normal 0.718824 0.695193 0
    outer loop
      vertex 161.7 -24.3 28.3615698
      vertex 161.447 -24.0384 21.3614698
      vertex 161.447 -24.0384 28.5616698
    endloop
  endfacet
  facet normal 0.718824 0.695193 0
    outer loop
      vertex 161.447 -24.0384 21.3614698
      vertex 161.7 -24.3 28.3615698
      vertex 161.7 -24.3 21.5615698
    endloop
  endfacet
  facet normal 0.680348 0.72727 -0.0905836
    outer loop
      vertex 161.7 -24.3 28.3615698
      vertex 161.447 -24.0384 28.5616698
      vertex 161.475 -24.0384 28.7719698
    endloop
  endfacet
  facet normal -0.0897753 0.727128 0.680607
    outer loop
      vertex 169.81 -24.0384 20.4361698
      vertex 169.6 -24.0384 20.4084698
      vertex 169.4 -24.3 20.6615698
    endloop
  endfacet
  facet normal 0.0897753 0.727128 -0.680607
    outer loop
      vertex 162.6 -24.3 29.2615698
      vertex 162.19 -24.0384 29.4869698
      vertex 162.4 -24.0384 29.5146698
    endloop
  endfacet
  facet normal -0.589287 0.769349 -0.246664
    outer loop
      vertex 170.521 -24.0384 28.8083698
      vertex 170.269 -24.3 28.5944698
      vertex 170.439 -24.0384 29.0042698
    endloop
  endfacet
  facet normal -0.0866278 0.726238 -0.681963
    outer loop
      vertex 169.633 -24.3 29.2308698
      vertex 169.81 -24.0384 29.4869698
      vertex 169.847 -24.0384 29.4822698
    endloop
  endfacet
  facet normal -0.0896874 0.727061 -0.680689
    outer loop
      vertex 169.81 -24.0384 29.4869698
      vertex 169.633 -24.3 29.2308698
      vertex 169.4 -24.3 29.2615698
    endloop
  endfacet
  facet normal 0.0897753 0.727128 0.680607
    outer loop
      vertex 162.4 -24.0384 20.4084698
      vertex 162.19 -24.0384 20.4361698
      vertex 162.6 -24.3 20.6615698
    endloop
  endfacet
  facet normal -0.680348 0.72727 -0.0905836
    outer loop
      vertex 170.553 -24.0384 28.5616698
      vertex 170.3 -24.3 28.3615698
      vertex 170.525 -24.0384 28.7719698
    endloop
  endfacet
  facet normal 0.375977 0.786695 0.489645
    outer loop
      vertex 161.923 -24.0384 20.5361698
      vertex 161.755 -24.0384 20.6651698
      vertex 162.15 -24.3 20.7821698
    endloop
  endfacet
  facet normal 0 0.695334 0.718686
    outer loop
      vertex 169.6 -24.0384 20.4084698
      vertex 162.6 -24.3 20.6615698
      vertex 169.4 -24.3 20.6615698
    endloop
  endfacet
  facet normal 0 0.695334 0.718686
    outer loop
      vertex 162.6 -24.3 20.6615698
      vertex 169.6 -24.0384 20.4084698
      vertex 162.4 -24.0384 20.4084698
    endloop
  endfacet
  facet normal -0.377263 0.78684 -0.488421
    outer loop
      vertex 170.036 -24.3 28.9979698
      vertex 170.245 -24.0384 29.2579698
      vertex 170.274 -24.0384 29.2355698
    endloop
  endfacet
  facet normal -0.376171 0.786826 -0.489285
    outer loop
      vertex 170.245 -24.0384 29.2579698
      vertex 170.036 -24.3 28.9979698
      vertex 169.85 -24.3 29.1409698
    endloop
  endfacet
  facet normal -0.375977 0.786695 0.489645
    outer loop
      vertex 170.245 -24.0384 20.6651698
      vertex 170.077 -24.0384 20.5361698
      vertex 169.85 -24.3 20.7821698
    endloop
  endfacet
  facet normal 0.244912 0.768466 -0.591167
    outer loop
      vertex 162.15 -24.3 29.1409698
      vertex 161.957 -24.0384 29.4010698
      vertex 162.367 -24.3 29.2308698
    endloop
  endfacet
  facet normal 0.245111 0.768494 -0.591048
    outer loop
      vertex 161.957 -24.0384 29.4010698
      vertex 162.15 -24.3 29.1409698
      vertex 161.923 -24.0384 29.3869698
    endloop
  endfacet
  facet normal -0.0866278 0.726238 0.681963
    outer loop
      vertex 169.81 -24.0384 20.4361698
      vertex 169.633 -24.3 20.6922698
      vertex 169.847 -24.0384 20.4408698
    endloop
  endfacet
  facet normal -0.0896874 0.727061 0.680689
    outer loop
      vertex 169.633 -24.3 20.6922698
      vertex 169.81 -24.0384 20.4361698
      vertex 169.4 -24.3 20.6615698
    endloop
  endfacet
  facet normal 0.68037 0.727252 0.0905602
    outer loop
      vertex 161.731 -24.3 21.3286698
      vertex 161.475 -24.0384 21.1511698
      vertex 161.7 -24.3 21.5615698
    endloop
  endfacet
  facet normal 0.686607 0.723103 0.0754513
    outer loop
      vertex 161.475 -24.0384 21.1511698
      vertex 161.731 -24.3 21.3286698
      vertex 161.479 -24.0384 21.1147698
    endloop
  endfacet
  facet normal -0.244912 0.768466 0.591167
    outer loop
      vertex 170.043 -24.0384 20.5220698
      vertex 169.847 -24.0384 20.4408698
      vertex 169.633 -24.3 20.6922698
    endloop
  endfacet
  facet normal 0.589287 0.769349 0.246664
    outer loop
      vertex 161.561 -24.0384 20.9188698
      vertex 161.479 -24.0384 21.1147698
      vertex 161.731 -24.3 21.3286698
    endloop
  endfacet
  facet normal 0.244912 0.768466 0.591167
    outer loop
      vertex 162.153 -24.0384 20.4408698
      vertex 161.957 -24.0384 20.5220698
      vertex 162.367 -24.3 20.6922698
    endloop
  endfacet
  facet normal 0.244912 0.768466 -0.591167
    outer loop
      vertex 162.367 -24.3 29.2308698
      vertex 161.957 -24.0384 29.4010698
      vertex 162.153 -24.0384 29.4822698
    endloop
  endfacet
  facet normal -0.244912 0.768466 -0.591167
    outer loop
      vertex 170.043 -24.0384 29.4010698
      vertex 169.633 -24.3 29.2308698
      vertex 169.847 -24.0384 29.4822698
    endloop
  endfacet
  facet normal 0.492654 0.786493 -0.372453
    outer loop
      vertex 161.964 -24.3 28.9979698
      vertex 161.704 -24.0384 29.2064698
      vertex 161.726 -24.0384 29.2355698
    endloop
  endfacet
  facet normal 0.489959 0.786546 -0.37588
    outer loop
      vertex 161.704 -24.0384 29.2064698
      vertex 161.964 -24.3 28.9979698
      vertex 161.821 -24.3 28.8115698
    endloop
  endfacet
  facet normal -0.490214 0.786453 0.375743
    outer loop
      vertex 170.425 -24.0384 20.8849698
      vertex 170.296 -24.0384 20.7166698
      vertex 170.179 -24.3 21.1115698
    endloop
  endfacet
  facet normal -0.245111 0.768494 0.591048
    outer loop
      vertex 170.043 -24.0384 20.5220698
      vertex 169.85 -24.3 20.7821698
      vertex 170.077 -24.0384 20.5361698
    endloop
  endfacet
  facet normal -0.244912 0.768466 0.591167
    outer loop
      vertex 169.85 -24.3 20.7821698
      vertex 170.043 -24.0384 20.5220698
      vertex 169.633 -24.3 20.6922698
    endloop
  endfacet
  facet normal -0.377263 0.78684 0.488421
    outer loop
      vertex 170.245 -24.0384 20.6651698
      vertex 170.036 -24.3 20.9251698
      vertex 170.274 -24.0384 20.6875698
    endloop
  endfacet
  facet normal -0.376171 0.786826 0.489285
    outer loop
      vertex 170.036 -24.3 20.9251698
      vertex 170.245 -24.0384 20.6651698
      vertex 169.85 -24.3 20.7821698
    endloop
  endfacet
  facet normal 0.0896874 0.727061 -0.680689
    outer loop
      vertex 162.367 -24.3 29.2308698
      vertex 162.19 -24.0384 29.4869698
      vertex 162.6 -24.3 29.2615698
    endloop
  endfacet
  facet normal 0.0866278 0.726238 -0.681963
    outer loop
      vertex 162.19 -24.0384 29.4869698
      vertex 162.367 -24.3 29.2308698
      vertex 162.153 -24.0384 29.4822698
    endloop
  endfacet
  facet normal -0.686607 0.723103 -0.0754513
    outer loop
      vertex 170.525 -24.0384 28.7719698
      vertex 170.269 -24.3 28.5944698
      vertex 170.521 -24.0384 28.8083698
    endloop
  endfacet
  facet normal -0.68037 0.727252 -0.0905602
    outer loop
      vertex 170.269 -24.3 28.5944698
      vertex 170.525 -24.0384 28.7719698
      vertex 170.3 -24.3 28.3615698
    endloop
  endfacet
  facet normal -0.245111 0.768494 -0.591048
    outer loop
      vertex 169.85 -24.3 29.1409698
      vertex 170.043 -24.0384 29.4010698
      vertex 170.077 -24.0384 29.3869698
    endloop
  endfacet
  facet normal -0.244912 0.768466 -0.591167
    outer loop
      vertex 170.043 -24.0384 29.4010698
      vertex 169.85 -24.3 29.1409698
      vertex 169.633 -24.3 29.2308698
    endloop
  endfacet
  facet normal -0.375977 0.786695 -0.489645
    outer loop
      vertex 170.245 -24.0384 29.2579698
      vertex 169.85 -24.3 29.1409698
      vertex 170.077 -24.0384 29.3869698
    endloop
  endfacet
  facet normal -0.489959 0.786546 0.37588
    outer loop
      vertex 170.296 -24.0384 20.7166698
      vertex 170.036 -24.3 20.9251698
      vertex 170.179 -24.3 21.1115698
    endloop
  endfacet
  facet normal -0.492654 0.786493 0.372453
    outer loop
      vertex 170.036 -24.3 20.9251698
      vertex 170.296 -24.0384 20.7166698
      vertex 170.274 -24.0384 20.6875698
    endloop
  endfacet
  facet normal 0.376171 0.786826 0.489285
    outer loop
      vertex 161.755 -24.0384 20.6651698
      vertex 161.964 -24.3 20.9251698
      vertex 162.15 -24.3 20.7821698
    endloop
  endfacet
  facet normal 0.377263 0.78684 0.488421
    outer loop
      vertex 161.964 -24.3 20.9251698
      vertex 161.755 -24.0384 20.6651698
      vertex 161.726 -24.0384 20.6875698
    endloop
  endfacet
  facet normal 0.375977 0.786695 -0.489645
    outer loop
      vertex 162.15 -24.3 29.1409698
      vertex 161.755 -24.0384 29.2579698
      vertex 161.923 -24.0384 29.3869698
    endloop
  endfacet
  facet normal 0.376171 0.786826 -0.489285
    outer loop
      vertex 161.964 -24.3 28.9979698
      vertex 161.755 -24.0384 29.2579698
      vertex 162.15 -24.3 29.1409698
    endloop
  endfacet
  facet normal 0.377263 0.78684 -0.488421
    outer loop
      vertex 161.755 -24.0384 29.2579698
      vertex 161.964 -24.3 28.9979698
      vertex 161.726 -24.0384 29.2355698
    endloop
  endfacet
  facet normal -0.793414 0 -0.608682
    outer loop
      vertex 184.179 -33.7 28.8115698
      vertex 184.036 -24.3 28.9979698
      vertex 184.179 -24.3 28.8115698
    endloop
  endfacet
  facet normal -0.793414 -0 -0.608682
    outer loop
      vertex 184.036 -24.3 28.9979698
      vertex 184.179 -33.7 28.8115698
      vertex 184.036 -33.7 28.9979698
    endloop
  endfacet
  facet normal -0.991258 0 -0.131941
    outer loop
      vertex 184.3 -33.7 28.3615698
      vertex 184.269 -24.3 28.5944698
      vertex 184.3 -24.3 28.3615698
    endloop
  endfacet
  facet normal -0.991258 -0 -0.131941
    outer loop
      vertex 184.269 -24.3 28.5944698
      vertex 184.3 -33.7 28.3615698
      vertex 184.269 -33.7 28.5944698
    endloop
  endfacet
  facet normal -0.991258 0 0.131941
    outer loop
      vertex 184.269 -33.7 21.3286698
      vertex 184.3 -24.3 21.5615698
      vertex 184.269 -24.3 21.3286698
    endloop
  endfacet
  facet normal -0.991258 0 0.131941
    outer loop
      vertex 184.3 -24.3 21.5615698
      vertex 184.269 -33.7 21.3286698
      vertex 184.3 -33.7 21.5615698
    endloop
  endfacet
  facet normal -0.609505 0 0.792782
    outer loop
      vertex 183.85 -24.3 20.7821698
      vertex 184.036 -33.7 20.9251698
      vertex 184.036 -24.3 20.9251698
    endloop
  endfacet
  facet normal -0.609505 0 0.792782
    outer loop
      vertex 184.036 -33.7 20.9251698
      vertex 183.85 -24.3 20.7821698
      vertex 183.85 -33.7 20.7821698
    endloop
  endfacet
  facet normal -1 0 0
    outer loop
      vertex 184.3 -33.7 21.5615698
      vertex 184.3 -24.3 28.3615698
      vertex 184.3 -24.3 21.5615698
    endloop
  endfacet
  facet normal -1 -0 0
    outer loop
      vertex 184.3 -24.3 28.3615698
      vertex 184.3 -33.7 21.5615698
      vertex 184.3 -33.7 28.3615698
    endloop
  endfacet
  facet normal 1 -0 0
    outer loop
      vertex 175.7 -33.7 28.3615698
      vertex 175.7 -24.3 21.5615698
      vertex 175.7 -24.3 28.3615698
    endloop
  endfacet
  facet normal 1 0 0
    outer loop
      vertex 175.7 -24.3 21.5615698
      vertex 175.7 -33.7 28.3615698
      vertex 175.7 -33.7 21.5615698
    endloop
  endfacet
  facet normal 0.609505 0 -0.792782
    outer loop
      vertex 175.964 -33.7 28.9979698
      vertex 176.15 -24.3 29.1409698
      vertex 176.15 -33.7 29.1409698
    endloop
  endfacet
  facet normal 0.609505 0 -0.792782
    outer loop
      vertex 176.15 -24.3 29.1409698
      vertex 175.964 -33.7 28.9979698
      vertex 175.964 -24.3 28.9979698
    endloop
  endfacet
  facet normal 0.923768 0 -0.382953
    outer loop
      vertex 175.821 -33.7 28.8115698
      vertex 175.731 -24.3 28.5944698
      vertex 175.821 -24.3 28.8115698
    endloop
  endfacet
  facet normal 0.923768 0 -0.382953
    outer loop
      vertex 175.731 -24.3 28.5944698
      vertex 175.821 -33.7 28.8115698
      vertex 175.731 -33.7 28.5944698
    endloop
  endfacet
  facet normal 0.609505 0 0.792782
    outer loop
      vertex 175.964 -24.3 20.9251698
      vertex 176.15 -33.7 20.7821698
      vertex 176.15 -24.3 20.7821698
    endloop
  endfacet
  facet normal 0.609505 0 0.792782
    outer loop
      vertex 176.15 -33.7 20.7821698
      vertex 175.964 -24.3 20.9251698
      vertex 175.964 -33.7 20.9251698
    endloop
  endfacet
  facet normal 0.793414 -0 0.608682
    outer loop
      vertex 175.821 -33.7 21.1115698
      vertex 175.964 -24.3 20.9251698
      vertex 175.821 -24.3 21.1115698
    endloop
  endfacet
  facet normal 0.793414 0 0.608682
    outer loop
      vertex 175.964 -24.3 20.9251698
      vertex 175.821 -33.7 21.1115698
      vertex 175.964 -33.7 20.9251698
    endloop
  endfacet
  facet normal 0.923768 -0 0.382953
    outer loop
      vertex 175.731 -33.7 21.3286698
      vertex 175.821 -24.3 21.1115698
      vertex 175.731 -24.3 21.3286698
    endloop
  endfacet
  facet normal 0.923768 0 0.382953
    outer loop
      vertex 175.821 -24.3 21.1115698
      vertex 175.731 -33.7 21.3286698
      vertex 175.821 -33.7 21.1115698
    endloop
  endfacet
  facet normal 0.991258 -0 0.131941
    outer loop
      vertex 175.7 -33.7 21.5615698
      vertex 175.731 -24.3 21.3286698
      vertex 175.7 -24.3 21.5615698
    endloop
  endfacet
  facet normal 0.991258 0 0.131941
    outer loop
      vertex 175.731 -24.3 21.3286698
      vertex 175.7 -33.7 21.5615698
      vertex 175.731 -33.7 21.3286698
    endloop
  endfacet
  facet normal 0.991258 0 -0.131941
    outer loop
      vertex 175.731 -33.7 28.5944698
      vertex 175.7 -24.3 28.3615698
      vertex 175.731 -24.3 28.5944698
    endloop
  endfacet
  facet normal 0.991258 0 -0.131941
    outer loop
      vertex 175.7 -24.3 28.3615698
      vertex 175.731 -33.7 28.5944698
      vertex 175.7 -33.7 28.3615698
    endloop
  endfacet
  facet normal 0 0 -1
    outer loop
      vertex 176.6 -33.7 29.2615698
      vertex 183.4 -24.3 29.2615698
      vertex 183.4 -33.7 29.2615698
    endloop
  endfacet
  facet normal -0 0 -1
    outer loop
      vertex 183.4 -24.3 29.2615698
      vertex 176.6 -33.7 29.2615698
      vertex 176.6 -24.3 29.2615698
    endloop
  endfacet
  facet normal -0.923768 0 -0.382953
    outer loop
      vertex 184.269 -33.7 28.5944698
      vertex 184.179 -24.3 28.8115698
      vertex 184.269 -24.3 28.5944698
    endloop
  endfacet
  facet normal -0.923768 -0 -0.382953
    outer loop
      vertex 184.179 -24.3 28.8115698
      vertex 184.269 -33.7 28.5944698
      vertex 184.179 -33.7 28.8115698
    endloop
  endfacet
  facet normal -0.793414 0 0.608682
    outer loop
      vertex 184.036 -33.7 20.9251698
      vertex 184.179 -24.3 21.1115698
      vertex 184.036 -24.3 20.9251698
    endloop
  endfacet
  facet normal -0.793414 0 0.608682
    outer loop
      vertex 184.179 -24.3 21.1115698
      vertex 184.036 -33.7 20.9251698
      vertex 184.179 -33.7 21.1115698
    endloop
  endfacet
  facet normal -0.130631 0 0.991431
    outer loop
      vertex 183.4 -24.3 20.6615698
      vertex 183.633 -33.7 20.6922698
      vertex 183.633 -24.3 20.6922698
    endloop
  endfacet
  facet normal -0.130631 0 0.991431
    outer loop
      vertex 183.633 -33.7 20.6922698
      vertex 183.4 -24.3 20.6615698
      vertex 183.4 -33.7 20.6615698
    endloop
  endfacet
  facet normal -0.38274 0 -0.923856
    outer loop
      vertex 183.633 -33.7 29.2308698
      vertex 183.85 -24.3 29.1409698
      vertex 183.85 -33.7 29.1409698
    endloop
  endfacet
  facet normal -0.38274 0 -0.923856
    outer loop
      vertex 183.85 -24.3 29.1409698
      vertex 183.633 -33.7 29.2308698
      vertex 183.633 -24.3 29.2308698
    endloop
  endfacet
  facet normal 0.130631 0 -0.991431
    outer loop
      vertex 176.367 -33.7 29.2308698
      vertex 176.6 -24.3 29.2615698
      vertex 176.6 -33.7 29.2615698
    endloop
  endfacet
  facet normal 0.130631 0 -0.991431
    outer loop
      vertex 176.6 -24.3 29.2615698
      vertex 176.367 -33.7 29.2308698
      vertex 176.367 -24.3 29.2308698
    endloop
  endfacet
  facet normal 0.38274 0 0.923856
    outer loop
      vertex 176.15 -24.3 20.7821698
      vertex 176.367 -33.7 20.6922698
      vertex 176.367 -24.3 20.6922698
    endloop
  endfacet
  facet normal 0.38274 0 0.923856
    outer loop
      vertex 176.367 -33.7 20.6922698
      vertex 176.15 -24.3 20.7821698
      vertex 176.15 -33.7 20.7821698
    endloop
  endfacet
  facet normal -0.923768 0 0.382953
    outer loop
      vertex 184.179 -33.7 21.1115698
      vertex 184.269 -24.3 21.3286698
      vertex 184.179 -24.3 21.1115698
    endloop
  endfacet
  facet normal -0.923768 0 0.382953
    outer loop
      vertex 184.269 -24.3 21.3286698
      vertex 184.179 -33.7 21.1115698
      vertex 184.269 -33.7 21.3286698
    endloop
  endfacet
  facet normal 0.38274 0 -0.923856
    outer loop
      vertex 176.15 -33.7 29.1409698
      vertex 176.367 -24.3 29.2308698
      vertex 176.367 -33.7 29.2308698
    endloop
  endfacet
  facet normal 0.38274 0 -0.923856
    outer loop
      vertex 176.367 -24.3 29.2308698
      vertex 176.15 -33.7 29.1409698
      vertex 176.15 -24.3 29.1409698
    endloop
  endfacet
  facet normal 0.793414 0 -0.608682
    outer loop
      vertex 175.964 -33.7 28.9979698
      vertex 175.821 -24.3 28.8115698
      vertex 175.964 -24.3 28.9979698
    endloop
  endfacet
  facet normal 0.793414 0 -0.608682
    outer loop
      vertex 175.821 -24.3 28.8115698
      vertex 175.964 -33.7 28.9979698
      vertex 175.821 -33.7 28.8115698
    endloop
  endfacet
  facet normal -0.130631 0 -0.991431
    outer loop
      vertex 183.4 -33.7 29.2615698
      vertex 183.633 -24.3 29.2308698
      vertex 183.633 -33.7 29.2308698
    endloop
  endfacet
  facet normal -0.130631 0 -0.991431
    outer loop
      vertex 183.633 -24.3 29.2308698
      vertex 183.4 -33.7 29.2615698
      vertex 183.4 -24.3 29.2615698
    endloop
  endfacet
  facet normal -0 0 1
    outer loop
      vertex 176.6 -24.3 20.6615698
      vertex 183.4 -33.7 20.6615698
      vertex 183.4 -24.3 20.6615698
    endloop
  endfacet
  facet normal 0 0 1
    outer loop
      vertex 183.4 -33.7 20.6615698
      vertex 176.6 -24.3 20.6615698
      vertex 176.6 -33.7 20.6615698
    endloop
  endfacet
  facet normal -0.609505 0 -0.792782
    outer loop
      vertex 183.85 -33.7 29.1409698
      vertex 184.036 -24.3 28.9979698
      vertex 184.036 -33.7 28.9979698
    endloop
  endfacet
  facet normal -0.609505 0 -0.792782
    outer loop
      vertex 184.036 -24.3 28.9979698
      vertex 183.85 -33.7 29.1409698
      vertex 183.85 -24.3 29.1409698
    endloop
  endfacet
  facet normal -0.38274 0 0.923856
    outer loop
      vertex 183.633 -24.3 20.6922698
      vertex 183.85 -33.7 20.7821698
      vertex 183.85 -24.3 20.7821698
    endloop
  endfacet
  facet normal -0.38274 0 0.923856
    outer loop
      vertex 183.85 -33.7 20.7821698
      vertex 183.633 -24.3 20.6922698
      vertex 183.633 -33.7 20.6922698
    endloop
  endfacet
  facet normal 0.130631 0 0.991431
    outer loop
      vertex 176.367 -24.3 20.6922698
      vertex 176.6 -33.7 20.6615698
      vertex 176.6 -24.3 20.6615698
    endloop
  endfacet
  facet normal 0.130631 0 0.991431
    outer loop
      vertex 176.6 -33.7 20.6615698
      vertex 176.367 -24.3 20.6922698
      vertex 176.367 -33.7 20.6922698
    endloop
  endfacet
  facet normal -0.686607 -0.723103 -0.0754513
    outer loop
      vertex 184.269 -33.7 28.5944698
      vertex 184.525 -33.9616 28.7719698
      vertex 184.521 -33.9616 28.8083698
    endloop
  endfacet
  facet normal -0.68037 -0.727252 -0.0905602
    outer loop
      vertex 184.525 -33.9616 28.7719698
      vertex 184.269 -33.7 28.5944698
      vertex 184.3 -33.7 28.3615698
    endloop
  endfacet
  facet normal -0.680348 -0.72727 0.0905836
    outer loop
      vertex 184.525 -33.9616 21.1511698
      vertex 184.553 -33.9616 21.3614698
      vertex 184.3 -33.7 21.5615698
    endloop
  endfacet
  facet normal -0.244912 -0.768466 0.591167
    outer loop
      vertex 184.043 -33.9616 20.5220698
      vertex 183.85 -33.7 20.7821698
      vertex 183.633 -33.7 20.6922698
    endloop
  endfacet
  facet normal -0.245111 -0.768494 0.591048
    outer loop
      vertex 183.85 -33.7 20.7821698
      vertex 184.043 -33.9616 20.5220698
      vertex 184.077 -33.9616 20.5361698
    endloop
  endfacet
  facet normal -0.68037 -0.727252 0.0905602
    outer loop
      vertex 184.269 -33.7 21.3286698
      vertex 184.525 -33.9616 21.1511698
      vertex 184.3 -33.7 21.5615698
    endloop
  endfacet
  facet normal -0.686607 -0.723103 0.0754513
    outer loop
      vertex 184.525 -33.9616 21.1511698
      vertex 184.269 -33.7 21.3286698
      vertex 184.521 -33.9616 21.1147698
    endloop
  endfacet
  facet normal -0.589287 -0.769349 0.246664
    outer loop
      vertex 184.269 -33.7 21.3286698
      vertex 184.439 -33.9616 20.9188698
      vertex 184.521 -33.9616 21.1147698
    endloop
  endfacet
  facet normal -0.718824 -0.695193 0
    outer loop
      vertex 184.553 -33.9616 21.3614698
      vertex 184.3 -33.7 28.3615698
      vertex 184.3 -33.7 21.5615698
    endloop
  endfacet
  facet normal -0.718824 -0.695193 0
    outer loop
      vertex 184.3 -33.7 28.3615698
      vertex 184.553 -33.9616 21.3614698
      vertex 184.553 -33.9616 28.5616698
    endloop
  endfacet
  facet normal 0.718824 -0.695193 0
    outer loop
      vertex 175.447 -33.9616 28.5616698
      vertex 175.7 -33.7 21.5615698
      vertex 175.7 -33.7 28.3615698
    endloop
  endfacet
  facet normal 0.718824 -0.695193 0
    outer loop
      vertex 175.7 -33.7 21.5615698
      vertex 175.447 -33.9616 28.5616698
      vertex 175.447 -33.9616 21.3614698
    endloop
  endfacet
  facet normal 0.377263 -0.78684 0.488421
    outer loop
      vertex 175.755 -33.9616 20.6651698
      vertex 175.964 -33.7 20.9251698
      vertex 175.726 -33.9616 20.6875698
    endloop
  endfacet
  facet normal 0.376171 -0.786826 0.489285
    outer loop
      vertex 175.964 -33.7 20.9251698
      vertex 175.755 -33.9616 20.6651698
      vertex 176.15 -33.7 20.7821698
    endloop
  endfacet
  facet normal -0.489783 -0.786772 -0.375636
    outer loop
      vertex 184.036 -33.7 28.9979698
      vertex 184.403 -33.9616 29.0673698
      vertex 184.274 -33.9616 29.2355698
    endloop
  endfacet
  facet normal 0.244912 -0.768466 -0.591167
    outer loop
      vertex 175.957 -33.9616 29.4010698
      vertex 176.367 -33.7 29.2308698
      vertex 176.153 -33.9616 29.4822698
    endloop
  endfacet
  facet normal -0.680348 -0.72727 -0.0905836
    outer loop
      vertex 184.3 -33.7 28.3615698
      vertex 184.553 -33.9616 28.5616698
      vertex 184.525 -33.9616 28.7719698
    endloop
  endfacet
  facet normal 0.489783 -0.786772 0.375636
    outer loop
      vertex 175.597 -33.9616 20.8557698
      vertex 175.726 -33.9616 20.6875698
      vertex 175.964 -33.7 20.9251698
    endloop
  endfacet
  facet normal -0.591321 -0.768276 0.245135
    outer loop
      vertex 184.179 -33.7 21.1115698
      vertex 184.439 -33.9616 20.9188698
      vertex 184.269 -33.7 21.3286698
    endloop
  endfacet
  facet normal -0.591768 -0.76817 0.244388
    outer loop
      vertex 184.439 -33.9616 20.9188698
      vertex 184.179 -33.7 21.1115698
      vertex 184.425 -33.9616 20.8849698
    endloop
  endfacet
  facet normal 0.680348 -0.72727 -0.0905836
    outer loop
      vertex 175.447 -33.9616 28.5616698
      vertex 175.7 -33.7 28.3615698
      vertex 175.475 -33.9616 28.7719698
    endloop
  endfacet
  facet normal -0.244912 -0.768466 0.591167
    outer loop
      vertex 183.847 -33.9616 20.4408698
      vertex 184.043 -33.9616 20.5220698
      vertex 183.633 -33.7 20.6922698
    endloop
  endfacet
  facet normal 0.680348 -0.72727 0.0905836
    outer loop
      vertex 175.447 -33.9616 21.3614698
      vertex 175.475 -33.9616 21.1511698
      vertex 175.7 -33.7 21.5615698
    endloop
  endfacet
  facet normal -0.589287 -0.769349 -0.246664
    outer loop
      vertex 184.269 -33.7 28.5944698
      vertex 184.521 -33.9616 28.8083698
      vertex 184.439 -33.9616 29.0042698
    endloop
  endfacet
  facet normal -0.489783 -0.786772 0.375636
    outer loop
      vertex 184.274 -33.9616 20.6875698
      vertex 184.403 -33.9616 20.8557698
      vertex 184.036 -33.7 20.9251698
    endloop
  endfacet
  facet normal -0.489752 -0.786751 -0.375722
    outer loop
      vertex 184.179 -33.7 28.8115698
      vertex 184.403 -33.9616 29.0673698
      vertex 184.036 -33.7 28.9979698
    endloop
  endfacet
  facet normal -0.493548 -0.786217 -0.371851
    outer loop
      vertex 184.403 -33.9616 29.0673698
      vertex 184.179 -33.7 28.8115698
      vertex 184.425 -33.9616 29.0381698
    endloop
  endfacet
  facet normal 0.493548 -0.786217 -0.371851
    outer loop
      vertex 175.821 -33.7 28.8115698
      vertex 175.597 -33.9616 29.0673698
      vertex 175.575 -33.9616 29.0381698
    endloop
  endfacet
  facet normal 0.489752 -0.786751 -0.375722
    outer loop
      vertex 175.597 -33.9616 29.0673698
      vertex 175.821 -33.7 28.8115698
      vertex 175.964 -33.7 28.9979698
    endloop
  endfacet
  facet normal 0.686607 -0.723103 -0.0754513
    outer loop
      vertex 175.475 -33.9616 28.7719698
      vertex 175.731 -33.7 28.5944698
      vertex 175.479 -33.9616 28.8083698
    endloop
  endfacet
  facet normal 0.68037 -0.727252 -0.0905602
    outer loop
      vertex 175.731 -33.7 28.5944698
      vertex 175.475 -33.9616 28.7719698
      vertex 175.7 -33.7 28.3615698
    endloop
  endfacet
  facet normal 0.589287 -0.769349 0.246664
    outer loop
      vertex 175.479 -33.9616 21.1147698
      vertex 175.561 -33.9616 20.9188698
      vertex 175.731 -33.7 21.3286698
    endloop
  endfacet
  facet normal 0 -0.695334 -0.718686
    outer loop
      vertex 183.6 -33.9616 29.5146698
      vertex 176.6 -33.7 29.2615698
      vertex 183.4 -33.7 29.2615698
    endloop
  endfacet
  facet normal 0 -0.695334 -0.718686
    outer loop
      vertex 176.6 -33.7 29.2615698
      vertex 183.6 -33.9616 29.5146698
      vertex 176.4 -33.9616 29.5146698
    endloop
  endfacet
  facet normal 0.244912 -0.768466 0.591167
    outer loop
      vertex 175.957 -33.9616 20.5220698
      vertex 176.153 -33.9616 20.4408698
      vertex 176.367 -33.7 20.6922698
    endloop
  endfacet
  facet normal -0.489752 -0.786751 0.375722
    outer loop
      vertex 184.403 -33.9616 20.8557698
      vertex 184.179 -33.7 21.1115698
      vertex 184.036 -33.7 20.9251698
    endloop
  endfacet
  facet normal -0.493548 -0.786217 0.371851
    outer loop
      vertex 184.179 -33.7 21.1115698
      vertex 184.403 -33.9616 20.8557698
      vertex 184.425 -33.9616 20.8849698
    endloop
  endfacet
  facet normal 0.493548 -0.786217 0.371851
    outer loop
      vertex 175.597 -33.9616 20.8557698
      vertex 175.821 -33.7 21.1115698
      vertex 175.575 -33.9616 20.8849698
    endloop
  endfacet
  facet normal 0.489752 -0.786751 0.375722
    outer loop
      vertex 175.821 -33.7 21.1115698
      vertex 175.597 -33.9616 20.8557698
      vertex 175.964 -33.7 20.9251698
    endloop
  endfacet
  facet normal -0.375977 -0.786695 -0.489645
    outer loop
      vertex 183.85 -33.7 29.1409698
      vertex 184.245 -33.9616 29.2579698
      vertex 184.077 -33.9616 29.3869698
    endloop
  endfacet
  facet normal 0.591768 -0.76817 -0.244388
    outer loop
      vertex 175.561 -33.9616 29.0042698
      vertex 175.821 -33.7 28.8115698
      vertex 175.575 -33.9616 29.0381698
    endloop
  endfacet
  facet normal 0.591321 -0.768276 -0.245135
    outer loop
      vertex 175.821 -33.7 28.8115698
      vertex 175.561 -33.9616 29.0042698
      vertex 175.731 -33.7 28.5944698
    endloop
  endfacet
  facet normal 0.589287 -0.769349 -0.246664
    outer loop
      vertex 175.479 -33.9616 28.8083698
      vertex 175.731 -33.7 28.5944698
      vertex 175.561 -33.9616 29.0042698
    endloop
  endfacet
  facet normal 0.0897753 -0.727128 -0.680607
    outer loop
      vertex 176.19 -33.9616 29.4869698
      vertex 176.6 -33.7 29.2615698
      vertex 176.4 -33.9616 29.5146698
    endloop
  endfacet
  facet normal -0.0897753 -0.727128 -0.680607
    outer loop
      vertex 183.4 -33.7 29.2615698
      vertex 183.81 -33.9616 29.4869698
      vertex 183.6 -33.9616 29.5146698
    endloop
  endfacet
  facet normal 0.0866278 -0.726238 0.681963
    outer loop
      vertex 176.19 -33.9616 20.4361698
      vertex 176.367 -33.7 20.6922698
      vertex 176.153 -33.9616 20.4408698
    endloop
  endfacet
  facet normal 0.0896874 -0.727061 0.680689
    outer loop
      vertex 176.367 -33.7 20.6922698
      vertex 176.19 -33.9616 20.4361698
      vertex 176.6 -33.7 20.6615698
    endloop
  endfacet
  facet normal 0.245111 -0.768494 -0.591048
    outer loop
      vertex 176.15 -33.7 29.1409698
      vertex 175.957 -33.9616 29.4010698
      vertex 175.923 -33.9616 29.3869698
    endloop
  endfacet
  facet normal 0.244912 -0.768466 -0.591167
    outer loop
      vertex 175.957 -33.9616 29.4010698
      vertex 176.15 -33.7 29.1409698
      vertex 176.367 -33.7 29.2308698
    endloop
  endfacet
  facet normal 0.68037 -0.727252 0.0905602
    outer loop
      vertex 175.475 -33.9616 21.1511698
      vertex 175.731 -33.7 21.3286698
      vertex 175.7 -33.7 21.5615698
    endloop
  endfacet
  facet normal 0.686607 -0.723103 0.0754513
    outer loop
      vertex 175.731 -33.7 21.3286698
      vertex 175.475 -33.9616 21.1511698
      vertex 175.479 -33.9616 21.1147698
    endloop
  endfacet
  facet normal 0.377263 -0.78684 -0.488421
    outer loop
      vertex 175.964 -33.7 28.9979698
      vertex 175.755 -33.9616 29.2579698
      vertex 175.726 -33.9616 29.2355698
    endloop
  endfacet
  facet normal 0.376171 -0.786826 -0.489285
    outer loop
      vertex 175.755 -33.9616 29.2579698
      vertex 175.964 -33.7 28.9979698
      vertex 176.15 -33.7 29.1409698
    endloop
  endfacet
  facet normal -0.375977 -0.786695 0.489645
    outer loop
      vertex 184.077 -33.9616 20.5361698
      vertex 184.245 -33.9616 20.6651698
      vertex 183.85 -33.7 20.7821698
    endloop
  endfacet
  facet normal -0.591768 -0.76817 -0.244388
    outer loop
      vertex 184.179 -33.7 28.8115698
      vertex 184.439 -33.9616 29.0042698
      vertex 184.425 -33.9616 29.0381698
    endloop
  endfacet
  facet normal -0.591321 -0.768276 -0.245135
    outer loop
      vertex 184.439 -33.9616 29.0042698
      vertex 184.179 -33.7 28.8115698
      vertex 184.269 -33.7 28.5944698
    endloop
  endfacet
  facet normal 0.0897753 -0.727128 0.680607
    outer loop
      vertex 176.19 -33.9616 20.4361698
      vertex 176.4 -33.9616 20.4084698
      vertex 176.6 -33.7 20.6615698
    endloop
  endfacet
  facet normal 0.489783 -0.786772 -0.375636
    outer loop
      vertex 175.597 -33.9616 29.0673698
      vertex 175.964 -33.7 28.9979698
      vertex 175.726 -33.9616 29.2355698
    endloop
  endfacet
  facet normal 0 -0.695334 0.718686
    outer loop
      vertex 176.6 -33.7 20.6615698
      vertex 183.6 -33.9616 20.4084698
      vertex 183.4 -33.7 20.6615698
    endloop
  endfacet
  facet normal 0 -0.695334 0.718686
    outer loop
      vertex 183.6 -33.9616 20.4084698
      vertex 176.6 -33.7 20.6615698
      vertex 176.4 -33.9616 20.4084698
    endloop
  endfacet
  facet normal 0.375977 -0.786695 0.489645
    outer loop
      vertex 175.755 -33.9616 20.6651698
      vertex 175.923 -33.9616 20.5361698
      vertex 176.15 -33.7 20.7821698
    endloop
  endfacet
  facet normal -0.0897753 -0.727128 0.680607
    outer loop
      vertex 183.6 -33.9616 20.4084698
      vertex 183.81 -33.9616 20.4361698
      vertex 183.4 -33.7 20.6615698
    endloop
  endfacet
  facet normal -0.0896874 -0.727061 0.680689
    outer loop
      vertex 183.81 -33.9616 20.4361698
      vertex 183.633 -33.7 20.6922698
      vertex 183.4 -33.7 20.6615698
    endloop
  endfacet
  facet normal -0.0866278 -0.726238 0.681963
    outer loop
      vertex 183.633 -33.7 20.6922698
      vertex 183.81 -33.9616 20.4361698
      vertex 183.847 -33.9616 20.4408698
    endloop
  endfacet
  facet normal -0.376171 -0.786826 0.489285
    outer loop
      vertex 184.245 -33.9616 20.6651698
      vertex 184.036 -33.7 20.9251698
      vertex 183.85 -33.7 20.7821698
    endloop
  endfacet
  facet normal -0.377263 -0.78684 0.488421
    outer loop
      vertex 184.036 -33.7 20.9251698
      vertex 184.245 -33.9616 20.6651698
      vertex 184.274 -33.9616 20.6875698
    endloop
  endfacet
  facet normal 0.591321 -0.768276 0.245135
    outer loop
      vertex 175.561 -33.9616 20.9188698
      vertex 175.821 -33.7 21.1115698
      vertex 175.731 -33.7 21.3286698
    endloop
  endfacet
  facet normal 0.591768 -0.76817 0.244388
    outer loop
      vertex 175.821 -33.7 21.1115698
      vertex 175.561 -33.9616 20.9188698
      vertex 175.575 -33.9616 20.8849698
    endloop
  endfacet
  facet normal 0.375977 -0.786695 -0.489645
    outer loop
      vertex 175.755 -33.9616 29.2579698
      vertex 176.15 -33.7 29.1409698
      vertex 175.923 -33.9616 29.3869698
    endloop
  endfacet
  facet normal 0.245111 -0.768494 0.591048
    outer loop
      vertex 175.957 -33.9616 20.5220698
      vertex 176.15 -33.7 20.7821698
      vertex 175.923 -33.9616 20.5361698
    endloop
  endfacet
  facet normal 0.244912 -0.768466 0.591167
    outer loop
      vertex 176.15 -33.7 20.7821698
      vertex 175.957 -33.9616 20.5220698
      vertex 176.367 -33.7 20.6922698
    endloop
  endfacet
  facet normal -0.376171 -0.786826 -0.489285
    outer loop
      vertex 184.036 -33.7 28.9979698
      vertex 184.245 -33.9616 29.2579698
      vertex 183.85 -33.7 29.1409698
    endloop
  endfacet
  facet normal -0.377263 -0.78684 -0.488421
    outer loop
      vertex 184.245 -33.9616 29.2579698
      vertex 184.036 -33.7 28.9979698
      vertex 184.274 -33.9616 29.2355698
    endloop
  endfacet
  facet normal 0.0866278 -0.726238 -0.681963
    outer loop
      vertex 176.367 -33.7 29.2308698
      vertex 176.19 -33.9616 29.4869698
      vertex 176.153 -33.9616 29.4822698
    endloop
  endfacet
  facet normal 0.0896874 -0.727061 -0.680689
    outer loop
      vertex 176.19 -33.9616 29.4869698
      vertex 176.367 -33.7 29.2308698
      vertex 176.6 -33.7 29.2615698
    endloop
  endfacet
  facet normal -0.0896874 -0.727061 -0.680689
    outer loop
      vertex 183.633 -33.7 29.2308698
      vertex 183.81 -33.9616 29.4869698
      vertex 183.4 -33.7 29.2615698
    endloop
  endfacet
  facet normal -0.0866278 -0.726238 -0.681963
    outer loop
      vertex 183.81 -33.9616 29.4869698
      vertex 183.633 -33.7 29.2308698
      vertex 183.847 -33.9616 29.4822698
    endloop
  endfacet
  facet normal -0.244912 -0.768466 -0.591167
    outer loop
      vertex 183.633 -33.7 29.2308698
      vertex 184.043 -33.9616 29.4010698
      vertex 183.847 -33.9616 29.4822698
    endloop
  endfacet
  facet normal -0.244912 -0.768466 -0.591167
    outer loop
      vertex 183.85 -33.7 29.1409698
      vertex 184.043 -33.9616 29.4010698
      vertex 183.633 -33.7 29.2308698
    endloop
  endfacet
  facet normal -0.245111 -0.768494 -0.591048
    outer loop
      vertex 184.043 -33.9616 29.4010698
      vertex 183.85 -33.7 29.1409698
      vertex 184.077 -33.9616 29.3869698
    endloop
  endfacet
  facet normal -0.718824 0.695193 0
    outer loop
      vertex 184.3 -24.3 21.5615698
      vertex 184.553 -24.0384 28.5616698
      vertex 184.553 -24.0384 21.3614698
    endloop
  endfacet
  facet normal -0.718824 0.695193 0
    outer loop
      vertex 184.553 -24.0384 28.5616698
      vertex 184.3 -24.3 21.5615698
      vertex 184.3 -24.3 28.3615698
    endloop
  endfacet
  facet normal -0.0866278 0.726238 -0.681963
    outer loop
      vertex 183.633 -24.3 29.2308698
      vertex 183.81 -24.0384 29.4869698
      vertex 183.847 -24.0384 29.4822698
    endloop
  endfacet
  facet normal -0.0896874 0.727061 -0.680689
    outer loop
      vertex 183.81 -24.0384 29.4869698
      vertex 183.633 -24.3 29.2308698
      vertex 183.4 -24.3 29.2615698
    endloop
  endfacet
  facet normal -0.589287 0.769349 0.246664
    outer loop
      vertex 184.521 -24.0384 21.1147698
      vertex 184.439 -24.0384 20.9188698
      vertex 184.269 -24.3 21.3286698
    endloop
  endfacet
  facet normal -0.591321 0.768276 0.245135
    outer loop
      vertex 184.439 -24.0384 20.9188698
      vertex 184.179 -24.3 21.1115698
      vertex 184.269 -24.3 21.3286698
    endloop
  endfacet
  facet normal -0.591768 0.76817 0.244388
    outer loop
      vertex 184.179 -24.3 21.1115698
      vertex 184.439 -24.0384 20.9188698
      vertex 184.425 -24.0384 20.8849698
    endloop
  endfacet
  facet normal -0.377263 0.78684 -0.488421
    outer loop
      vertex 184.036 -24.3 28.9979698
      vertex 184.245 -24.0384 29.2579698
      vertex 184.274 -24.0384 29.2355698
    endloop
  endfacet
  facet normal -0.376171 0.786826 -0.489285
    outer loop
      vertex 184.245 -24.0384 29.2579698
      vertex 184.036 -24.3 28.9979698
      vertex 183.85 -24.3 29.1409698
    endloop
  endfacet
  facet normal -0.244912 0.768466 -0.591167
    outer loop
      vertex 184.043 -24.0384 29.4010698
      vertex 183.633 -24.3 29.2308698
      vertex 183.847 -24.0384 29.4822698
    endloop
  endfacet
  facet normal -0.680348 0.72727 0.0905836
    outer loop
      vertex 184.553 -24.0384 21.3614698
      vertex 184.525 -24.0384 21.1511698
      vertex 184.3 -24.3 21.5615698
    endloop
  endfacet
  facet normal -0.68037 0.727252 0.0905602
    outer loop
      vertex 184.525 -24.0384 21.1511698
      vertex 184.269 -24.3 21.3286698
      vertex 184.3 -24.3 21.5615698
    endloop
  endfacet
  facet normal -0.686607 0.723103 0.0754513
    outer loop
      vertex 184.269 -24.3 21.3286698
      vertex 184.525 -24.0384 21.1511698
      vertex 184.521 -24.0384 21.1147698
    endloop
  endfacet
  facet normal 0.490214 0.786453 -0.375743
    outer loop
      vertex 175.821 -24.3 28.8115698
      vertex 175.575 -24.0384 29.0381698
      vertex 175.704 -24.0384 29.2064698
    endloop
  endfacet
  facet normal 0.490214 0.786453 0.375743
    outer loop
      vertex 175.704 -24.0384 20.7166698
      vertex 175.575 -24.0384 20.8849698
      vertex 175.821 -24.3 21.1115698
    endloop
  endfacet
  facet normal -0.0897753 0.727128 -0.680607
    outer loop
      vertex 183.81 -24.0384 29.4869698
      vertex 183.4 -24.3 29.2615698
      vertex 183.6 -24.0384 29.5146698
    endloop
  endfacet
  facet normal 0.686607 0.723103 -0.0754513
    outer loop
      vertex 175.731 -24.3 28.5944698
      vertex 175.475 -24.0384 28.7719698
      vertex 175.479 -24.0384 28.8083698
    endloop
  endfacet
  facet normal 0.68037 0.727252 -0.0905602
    outer loop
      vertex 175.475 -24.0384 28.7719698
      vertex 175.731 -24.3 28.5944698
      vertex 175.7 -24.3 28.3615698
    endloop
  endfacet
  facet normal 0.0896874 0.727061 -0.680689
    outer loop
      vertex 176.367 -24.3 29.2308698
      vertex 176.19 -24.0384 29.4869698
      vertex 176.6 -24.3 29.2615698
    endloop
  endfacet
  facet normal 0.0866278 0.726238 -0.681963
    outer loop
      vertex 176.19 -24.0384 29.4869698
      vertex 176.367 -24.3 29.2308698
      vertex 176.153 -24.0384 29.4822698
    endloop
  endfacet
  facet normal 0.244912 0.768466 0.591167
    outer loop
      vertex 176.153 -24.0384 20.4408698
      vertex 175.957 -24.0384 20.5220698
      vertex 176.367 -24.3 20.6922698
    endloop
  endfacet
  facet normal 0.680348 0.72727 0.0905836
    outer loop
      vertex 175.475 -24.0384 21.1511698
      vertex 175.447 -24.0384 21.3614698
      vertex 175.7 -24.3 21.5615698
    endloop
  endfacet
  facet normal 0.591768 0.76817 -0.244388
    outer loop
      vertex 175.821 -24.3 28.8115698
      vertex 175.561 -24.0384 29.0042698
      vertex 175.575 -24.0384 29.0381698
    endloop
  endfacet
  facet normal 0.591321 0.768276 -0.245135
    outer loop
      vertex 175.561 -24.0384 29.0042698
      vertex 175.821 -24.3 28.8115698
      vertex 175.731 -24.3 28.5944698
    endloop
  endfacet
  facet normal 0.589287 0.769349 -0.246664
    outer loop
      vertex 175.731 -24.3 28.5944698
      vertex 175.479 -24.0384 28.8083698
      vertex 175.561 -24.0384 29.0042698
    endloop
  endfacet
  facet normal 0.489959 0.786546 0.37588
    outer loop
      vertex 175.964 -24.3 20.9251698
      vertex 175.704 -24.0384 20.7166698
      vertex 175.821 -24.3 21.1115698
    endloop
  endfacet
  facet normal 0.492654 0.786493 0.372453
    outer loop
      vertex 175.704 -24.0384 20.7166698
      vertex 175.964 -24.3 20.9251698
      vertex 175.726 -24.0384 20.6875698
    endloop
  endfacet
  facet normal -0.490214 0.786453 -0.375743
    outer loop
      vertex 184.425 -24.0384 29.0381698
      vertex 184.179 -24.3 28.8115698
      vertex 184.296 -24.0384 29.2064698
    endloop
  endfacet
  facet normal -0.589287 0.769349 -0.246664
    outer loop
      vertex 184.521 -24.0384 28.8083698
      vertex 184.269 -24.3 28.5944698
      vertex 184.439 -24.0384 29.0042698
    endloop
  endfacet
  facet normal 0.591321 0.768276 0.245135
    outer loop
      vertex 175.821 -24.3 21.1115698
      vertex 175.561 -24.0384 20.9188698
      vertex 175.731 -24.3 21.3286698
    endloop
  endfacet
  facet normal 0.591768 0.76817 0.244388
    outer loop
      vertex 175.561 -24.0384 20.9188698
      vertex 175.821 -24.3 21.1115698
      vertex 175.575 -24.0384 20.8849698
    endloop
  endfacet
  facet normal 0.718824 0.695193 0
    outer loop
      vertex 175.7 -24.3 28.3615698
      vertex 175.447 -24.0384 21.3614698
      vertex 175.447 -24.0384 28.5616698
    endloop
  endfacet
  facet normal 0.718824 0.695193 0
    outer loop
      vertex 175.447 -24.0384 21.3614698
      vertex 175.7 -24.3 28.3615698
      vertex 175.7 -24.3 21.5615698
    endloop
  endfacet
  facet normal 0.680348 0.72727 -0.0905836
    outer loop
      vertex 175.7 -24.3 28.3615698
      vertex 175.447 -24.0384 28.5616698
      vertex 175.475 -24.0384 28.7719698
    endloop
  endfacet
  facet normal 0.0897753 0.727128 -0.680607
    outer loop
      vertex 176.6 -24.3 29.2615698
      vertex 176.19 -24.0384 29.4869698
      vertex 176.4 -24.0384 29.5146698
    endloop
  endfacet
  facet normal 0.244912 0.768466 -0.591167
    outer loop
      vertex 176.367 -24.3 29.2308698
      vertex 175.957 -24.0384 29.4010698
      vertex 176.153 -24.0384 29.4822698
    endloop
  endfacet
  facet normal -0.0897753 0.727128 0.680607
    outer loop
      vertex 183.81 -24.0384 20.4361698
      vertex 183.6 -24.0384 20.4084698
      vertex 183.4 -24.3 20.6615698
    endloop
  endfacet
  facet normal -0.245111 0.768494 -0.591048
    outer loop
      vertex 183.85 -24.3 29.1409698
      vertex 184.043 -24.0384 29.4010698
      vertex 184.077 -24.0384 29.3869698
    endloop
  endfacet
  facet normal -0.244912 0.768466 -0.591167
    outer loop
      vertex 184.043 -24.0384 29.4010698
      vertex 183.85 -24.3 29.1409698
      vertex 183.633 -24.3 29.2308698
    endloop
  endfacet
  facet normal -0.591768 0.76817 -0.244388
    outer loop
      vertex 184.439 -24.0384 29.0042698
      vertex 184.179 -24.3 28.8115698
      vertex 184.425 -24.0384 29.0381698
    endloop
  endfacet
  facet normal -0.591321 0.768276 -0.245135
    outer loop
      vertex 184.179 -24.3 28.8115698
      vertex 184.439 -24.0384 29.0042698
      vertex 184.269 -24.3 28.5944698
    endloop
  endfacet
  facet normal 0.0897753 0.727128 0.680607
    outer loop
      vertex 176.4 -24.0384 20.4084698
      vertex 176.19 -24.0384 20.4361698
      vertex 176.6 -24.3 20.6615698
    endloop
  endfacet
  facet normal -0.680348 0.72727 -0.0905836
    outer loop
      vertex 184.553 -24.0384 28.5616698
      vertex 184.3 -24.3 28.3615698
      vertex 184.525 -24.0384 28.7719698
    endloop
  endfacet
  facet normal 0.375977 0.786695 0.489645
    outer loop
      vertex 175.923 -24.0384 20.5361698
      vertex 175.755 -24.0384 20.6651698
      vertex 176.15 -24.3 20.7821698
    endloop
  endfacet
  facet normal 0 0.695334 0.718686
    outer loop
      vertex 183.6 -24.0384 20.4084698
      vertex 176.6 -24.3 20.6615698
      vertex 183.4 -24.3 20.6615698
    endloop
  endfacet
  facet normal 0 0.695334 0.718686
    outer loop
      vertex 176.6 -24.3 20.6615698
      vertex 183.6 -24.0384 20.4084698
      vertex 176.4 -24.0384 20.4084698
    endloop
  endfacet
  facet normal -0.375977 0.786695 0.489645
    outer loop
      vertex 184.245 -24.0384 20.6651698
      vertex 184.077 -24.0384 20.5361698
      vertex 183.85 -24.3 20.7821698
    endloop
  endfacet
  facet normal 0.376171 0.786826 -0.489285
    outer loop
      vertex 175.964 -24.3 28.9979698
      vertex 175.755 -24.0384 29.2579698
      vertex 176.15 -24.3 29.1409698
    endloop
  endfacet
  facet normal 0.377263 0.78684 -0.488421
    outer loop
      vertex 175.755 -24.0384 29.2579698
      vertex 175.964 -24.3 28.9979698
      vertex 175.726 -24.0384 29.2355698
    endloop
  endfacet
  facet normal -0.0866278 0.726238 0.681963
    outer loop
      vertex 183.81 -24.0384 20.4361698
      vertex 183.633 -24.3 20.6922698
      vertex 183.847 -24.0384 20.4408698
    endloop
  endfacet
  facet normal -0.0896874 0.727061 0.680689
    outer loop
      vertex 183.633 -24.3 20.6922698
      vertex 183.81 -24.0384 20.4361698
      vertex 183.4 -24.3 20.6615698
    endloop
  endfacet
  facet normal 0.68037 0.727252 0.0905602
    outer loop
      vertex 175.731 -24.3 21.3286698
      vertex 175.475 -24.0384 21.1511698
      vertex 175.7 -24.3 21.5615698
    endloop
  endfacet
  facet normal 0.686607 0.723103 0.0754513
    outer loop
      vertex 175.475 -24.0384 21.1511698
      vertex 175.731 -24.3 21.3286698
      vertex 175.479 -24.0384 21.1147698
    endloop
  endfacet
  facet normal -0.244912 0.768466 0.591167
    outer loop
      vertex 184.043 -24.0384 20.5220698
      vertex 183.847 -24.0384 20.4408698
      vertex 183.633 -24.3 20.6922698
    endloop
  endfacet
  facet normal 0.589287 0.769349 0.246664
    outer loop
      vertex 175.561 -24.0384 20.9188698
      vertex 175.479 -24.0384 21.1147698
      vertex 175.731 -24.3 21.3286698
    endloop
  endfacet
  facet normal 0.492654 0.786493 -0.372453
    outer loop
      vertex 175.964 -24.3 28.9979698
      vertex 175.704 -24.0384 29.2064698
      vertex 175.726 -24.0384 29.2355698
    endloop
  endfacet
  facet normal 0.489959 0.786546 -0.37588
    outer loop
      vertex 175.704 -24.0384 29.2064698
      vertex 175.964 -24.3 28.9979698
      vertex 175.821 -24.3 28.8115698
    endloop
  endfacet
  facet normal -0.490214 0.786453 0.375743
    outer loop
      vertex 184.425 -24.0384 20.8849698
      vertex 184.296 -24.0384 20.7166698
      vertex 184.179 -24.3 21.1115698
    endloop
  endfacet
  facet normal -0.245111 0.768494 0.591048
    outer loop
      vertex 184.043 -24.0384 20.5220698
      vertex 183.85 -24.3 20.7821698
      vertex 184.077 -24.0384 20.5361698
    endloop
  endfacet
  facet normal -0.244912 0.768466 0.591167
    outer loop
      vertex 183.85 -24.3 20.7821698
      vertex 184.043 -24.0384 20.5220698
      vertex 183.633 -24.3 20.6922698
    endloop
  endfacet
  facet normal 0 0.695334 -0.718686
    outer loop
      vertex 176.6 -24.3 29.2615698
      vertex 183.6 -24.0384 29.5146698
      vertex 183.4 -24.3 29.2615698
    endloop
  endfacet
  facet normal 0 0.695334 -0.718686
    outer loop
      vertex 183.6 -24.0384 29.5146698
      vertex 176.6 -24.3 29.2615698
      vertex 176.4 -24.0384 29.5146698
    endloop
  endfacet
  facet normal -0.492654 0.786493 -0.372453
    outer loop
      vertex 184.296 -24.0384 29.2064698
      vertex 184.036 -24.3 28.9979698
      vertex 184.274 -24.0384 29.2355698
    endloop
  endfacet
  facet normal -0.489959 0.786546 -0.37588
    outer loop
      vertex 184.036 -24.3 28.9979698
      vertex 184.296 -24.0384 29.2064698
      vertex 184.179 -24.3 28.8115698
    endloop
  endfacet
  facet normal 0.375977 0.786695 -0.489645
    outer loop
      vertex 176.15 -24.3 29.1409698
      vertex 175.755 -24.0384 29.2579698
      vertex 175.923 -24.0384 29.3869698
    endloop
  endfacet
  facet normal 0.0896874 0.727061 0.680689
    outer loop
      vertex 176.19 -24.0384 20.4361698
      vertex 176.367 -24.3 20.6922698
      vertex 176.6 -24.3 20.6615698
    endloop
  endfacet
  facet normal 0.0866278 0.726238 0.681963
    outer loop
      vertex 176.367 -24.3 20.6922698
      vertex 176.19 -24.0384 20.4361698
      vertex 176.153 -24.0384 20.4408698
    endloop
  endfacet
  facet normal 0.244912 0.768466 -0.591167
    outer loop
      vertex 176.15 -24.3 29.1409698
      vertex 175.957 -24.0384 29.4010698
      vertex 176.367 -24.3 29.2308698
    endloop
  endfacet
  facet normal 0.245111 0.768494 -0.591048
    outer loop
      vertex 175.957 -24.0384 29.4010698
      vertex 176.15 -24.3 29.1409698
      vertex 175.923 -24.0384 29.3869698
    endloop
  endfacet
  facet normal -0.375977 0.786695 -0.489645
    outer loop
      vertex 184.245 -24.0384 29.2579698
      vertex 183.85 -24.3 29.1409698
      vertex 184.077 -24.0384 29.3869698
    endloop
  endfacet
  facet normal -0.686607 0.723103 -0.0754513
    outer loop
      vertex 184.525 -24.0384 28.7719698
      vertex 184.269 -24.3 28.5944698
      vertex 184.521 -24.0384 28.8083698
    endloop
  endfacet
  facet normal -0.68037 0.727252 -0.0905602
    outer loop
      vertex 184.269 -24.3 28.5944698
      vertex 184.525 -24.0384 28.7719698
      vertex 184.3 -24.3 28.3615698
    endloop
  endfacet
  facet normal -0.377263 0.78684 0.488421
    outer loop
      vertex 184.245 -24.0384 20.6651698
      vertex 184.036 -24.3 20.9251698
      vertex 184.274 -24.0384 20.6875698
    endloop
  endfacet
  facet normal -0.376171 0.786826 0.489285
    outer loop
      vertex 184.036 -24.3 20.9251698
      vertex 184.245 -24.0384 20.6651698
      vertex 183.85 -24.3 20.7821698
    endloop
  endfacet
  facet normal -0.489959 0.786546 0.37588
    outer loop
      vertex 184.296 -24.0384 20.7166698
      vertex 184.036 -24.3 20.9251698
      vertex 184.179 -24.3 21.1115698
    endloop
  endfacet
  facet normal -0.492654 0.786493 0.372453
    outer loop
      vertex 184.036 -24.3 20.9251698
      vertex 184.296 -24.0384 20.7166698
      vertex 184.274 -24.0384 20.6875698
    endloop
  endfacet
  facet normal 0.376171 0.786826 0.489285
    outer loop
      vertex 175.755 -24.0384 20.6651698
      vertex 175.964 -24.3 20.9251698
      vertex 176.15 -24.3 20.7821698
    endloop
  endfacet
  facet normal 0.377263 0.78684 0.488421
    outer loop
      vertex 175.964 -24.3 20.9251698
      vertex 175.755 -24.0384 20.6651698
      vertex 175.726 -24.0384 20.6875698
    endloop
  endfacet
  facet normal 0.244912 0.768466 0.591167
    outer loop
      vertex 175.957 -24.0384 20.5220698
      vertex 176.15 -24.3 20.7821698
      vertex 176.367 -24.3 20.6922698
    endloop
  endfacet
  facet normal 0.245111 0.768494 0.591048
    outer loop
      vertex 176.15 -24.3 20.7821698
      vertex 175.957 -24.0384 20.5220698
      vertex 175.923 -24.0384 20.5361698
    endloop
  endfacet
endsolid OpenSCAD_Model
