solid OpenSCAD_Model
  facet normal -0.130664 0.991427 0
    outer loop
      vertex 3.63293 -24.2693 19.6615707
      vertex 3.39999 -24.3 0.2615707
      vertex 3.39999 -24.3 19.6615707
    endloop
  endfacet
  facet normal -0.130664 0.991427 0
    outer loop
      vertex 3.63293 -24.2693 19.6615707
      vertex 3.63293 -24.2693 0.2615707
      vertex 3.39999 -24.3 0.2615707
    endloop
  endfacet
  facet normal 0 -1 0
    outer loop
      vertex -3.39999 -15.7 0.2615707
      vertex 3.39999 -15.7 19.6615707
      vertex -3.39999 -15.7 19.6615707
    endloop
  endfacet
  facet normal 0 -1 -0
    outer loop
      vertex 3.39999 -15.7 19.6615707
      vertex -3.39999 -15.7 0.2615707
      vertex 3.39999 -15.7 0.2615707
    endloop
  endfacet
  facet normal 0.130664 0.991427 -0
    outer loop
      vertex -3.39999 -24.3 0.2615707
      vertex -3.63293 -24.2693 19.6615707
      vertex -3.39999 -24.3 19.6615707
    endloop
  endfacet
  facet normal 0.130664 0.991427 -0
    outer loop
      vertex -3.63293 -24.2693 0.2615707
      vertex -3.63293 -24.2693 19.6615707
      vertex -3.39999 -24.3 0.2615707
    endloop
  endfacet
  facet normal 0.923888 -0.382662 0
    outer loop
      vertex -4.26933 -16.3671 19.6615707
      vertex -4.17941 -16.15 0.2615707
      vertex -4.17941 -16.15 19.6615707
    endloop
  endfacet
  facet normal 0.923888 -0.382662 0
    outer loop
      vertex -4.17941 -16.15 0.2615707
      vertex -4.26933 -16.3671 19.6615707
      vertex -4.26933 -16.3671 0.2615707
    endloop
  endfacet
  facet normal 1 -0 0
    outer loop
      vertex -4.29999 -23.4 19.6615707
      vertex -4.29999 -16.6 0.2615707
      vertex -4.29999 -16.6 19.6615707
    endloop
  endfacet
  facet normal 1 0 0
    outer loop
      vertex -4.29999 -16.6 0.2615707
      vertex -4.29999 -23.4 19.6615707
      vertex -4.29999 -23.4 0.2615707
    endloop
  endfacet
  facet normal -0.130664 -0.991427 0
    outer loop
      vertex 3.39999 -15.7 0.2615707
      vertex 3.63293 -15.7307 19.6615707
      vertex 3.39999 -15.7 19.6615707
    endloop
  endfacet
  facet normal -0.130664 -0.991427 0
    outer loop
      vertex 3.63293 -15.7307 0.2615707
      vertex 3.63293 -15.7307 19.6615707
      vertex 3.39999 -15.7 0.2615707
    endloop
  endfacet
  facet normal -1 0 0
    outer loop
      vertex 4.29999 -23.4 0.2615707
      vertex 4.29999 -16.6 19.6615707
      vertex 4.29999 -16.6 0.2615707
    endloop
  endfacet
  facet normal -1 -0 0
    outer loop
      vertex 4.29999 -16.6 19.6615707
      vertex 4.29999 -23.4 0.2615707
      vertex 4.29999 -23.4 19.6615707
    endloop
  endfacet
  facet normal 0.991446 -0.130518 0
    outer loop
      vertex -4.29999 -16.6 19.6615707
      vertex -4.26933 -16.3671 0.2615707
      vertex -4.26933 -16.3671 19.6615707
    endloop
  endfacet
  facet normal 0.991446 -0.130518 0
    outer loop
      vertex -4.26933 -16.3671 0.2615707
      vertex -4.29999 -16.6 19.6615707
      vertex -4.29999 -16.6 0.2615707
    endloop
  endfacet
  facet normal 0 1 -0
    outer loop
      vertex 3.39999 -24.3 0.2615707
      vertex -3.39999 -24.3 19.6615707
      vertex 3.39999 -24.3 19.6615707
    endloop
  endfacet
  facet normal 0 1 0
    outer loop
      vertex -3.39999 -24.3 19.6615707
      vertex 3.39999 -24.3 0.2615707
      vertex -3.39999 -24.3 0.2615707
    endloop
  endfacet
  facet normal 0.38265 -0.923893 0
    outer loop
      vertex -3.84999 -15.8206 19.6615707
      vertex -3.84999 -15.8206 0.2615707
      vertex -3.63293 -15.7307 19.6615707
    endloop
  endfacet
  facet normal 0.38265 -0.923893 0
    outer loop
      vertex -3.63293 -15.7307 19.6615707
      vertex -3.84999 -15.8206 0.2615707
      vertex -3.63293 -15.7307 0.2615707
    endloop
  endfacet
  facet normal 0.130664 -0.991427 0
    outer loop
      vertex -3.63293 -15.7307 19.6615707
      vertex -3.39999 -15.7 0.2615707
      vertex -3.39999 -15.7 19.6615707
    endloop
  endfacet
  facet normal 0.130664 -0.991427 0
    outer loop
      vertex -3.63293 -15.7307 19.6615707
      vertex -3.63293 -15.7307 0.2615707
      vertex -3.39999 -15.7 0.2615707
    endloop
  endfacet
  facet normal 0.608682 0.793414 0
    outer loop
      vertex -3.84999 -24.1794 19.6615707
      vertex -4.03639 -24.0364 0.2615707
      vertex -4.03639 -24.0364 19.6615707
    endloop
  endfacet
  facet normal 0.608682 0.793414 0
    outer loop
      vertex -4.03639 -24.0364 0.2615707
      vertex -3.84999 -24.1794 19.6615707
      vertex -3.84999 -24.1794 0.2615707
    endloop
  endfacet
  facet normal -0.923888 -0.382662 0
    outer loop
      vertex 4.26933 -16.3671 0.2615707
      vertex 4.17941 -16.15 19.6615707
      vertex 4.17941 -16.15 0.2615707
    endloop
  endfacet
  facet normal -0.923888 -0.382662 0
    outer loop
      vertex 4.17941 -16.15 19.6615707
      vertex 4.26933 -16.3671 0.2615707
      vertex 4.26933 -16.3671 19.6615707
    endloop
  endfacet
  facet normal 0.793373 -0.608735 0
    outer loop
      vertex -4.17941 -16.15 19.6615707
      vertex -4.03639 -15.9636 0.2615707
      vertex -4.03639 -15.9636 19.6615707
    endloop
  endfacet
  facet normal 0.793373 -0.608735 0
    outer loop
      vertex -4.03639 -15.9636 0.2615707
      vertex -4.17941 -16.15 19.6615707
      vertex -4.17941 -16.15 0.2615707
    endloop
  endfacet
  facet normal 0.608682 -0.793414 0
    outer loop
      vertex -4.03639 -15.9636 0.2615707
      vertex -3.84999 -15.8206 19.6615707
      vertex -4.03639 -15.9636 19.6615707
    endloop
  endfacet
  facet normal 0.608682 -0.793414 0
    outer loop
      vertex -3.84999 -15.8206 19.6615707
      vertex -4.03639 -15.9636 0.2615707
      vertex -3.84999 -15.8206 0.2615707
    endloop
  endfacet
  facet normal -0.991446 -0.130518 0
    outer loop
      vertex 4.29999 -16.6 0.2615707
      vertex 4.26933 -16.3671 19.6615707
      vertex 4.26933 -16.3671 0.2615707
    endloop
  endfacet
  facet normal -0.991446 -0.130518 0
    outer loop
      vertex 4.26933 -16.3671 19.6615707
      vertex 4.29999 -16.6 0.2615707
      vertex 4.29999 -16.6 19.6615707
    endloop
  endfacet
  facet normal 0.38265 0.923893 -0
    outer loop
      vertex -3.63293 -24.2693 0.2615707
      vertex -3.84999 -24.1794 19.6615707
      vertex -3.63293 -24.2693 19.6615707
    endloop
  endfacet
  facet normal 0.38265 0.923893 -0
    outer loop
      vertex -3.84999 -24.1794 0.2615707
      vertex -3.84999 -24.1794 19.6615707
      vertex -3.63293 -24.2693 0.2615707
    endloop
  endfacet
  facet normal -0.793373 0.608735 0
    outer loop
      vertex 4.03639 -24.0364 0.2615707
      vertex 4.17941 -23.85 19.6615707
      vertex 4.17941 -23.85 0.2615707
    endloop
  endfacet
  facet normal -0.793373 0.608735 0
    outer loop
      vertex 4.17941 -23.85 19.6615707
      vertex 4.03639 -24.0364 0.2615707
      vertex 4.03639 -24.0364 19.6615707
    endloop
  endfacet
  facet normal -0.38265 -0.923893 0
    outer loop
      vertex 3.63293 -15.7307 0.2615707
      vertex 3.84999 -15.8206 19.6615707
      vertex 3.63293 -15.7307 19.6615707
    endloop
  endfacet
  facet normal -0.38265 -0.923893 0
    outer loop
      vertex 3.84999 -15.8206 0.2615707
      vertex 3.84999 -15.8206 19.6615707
      vertex 3.63293 -15.7307 0.2615707
    endloop
  endfacet
  facet normal -0.608682 -0.793414 0
    outer loop
      vertex 3.84999 -15.8206 19.6615707
      vertex 4.03639 -15.9636 0.2615707
      vertex 4.03639 -15.9636 19.6615707
    endloop
  endfacet
  facet normal -0.608682 -0.793414 0
    outer loop
      vertex 4.03639 -15.9636 0.2615707
      vertex 3.84999 -15.8206 19.6615707
      vertex 3.84999 -15.8206 0.2615707
    endloop
  endfacet
  facet normal -0.38265 0.923893 0
    outer loop
      vertex 3.84999 -24.1794 19.6615707
      vertex 3.84999 -24.1794 0.2615707
      vertex 3.63293 -24.2693 19.6615707
    endloop
  endfacet
  facet normal -0.38265 0.923893 0
    outer loop
      vertex 3.63293 -24.2693 19.6615707
      vertex 3.84999 -24.1794 0.2615707
      vertex 3.63293 -24.2693 0.2615707
    endloop
  endfacet
  facet normal 0.991446 0.130518 0
    outer loop
      vertex -4.26933 -23.6329 19.6615707
      vertex -4.29999 -23.4 0.2615707
      vertex -4.29999 -23.4 19.6615707
    endloop
  endfacet
  facet normal 0.991446 0.130518 0
    outer loop
      vertex -4.29999 -23.4 0.2615707
      vertex -4.26933 -23.6329 19.6615707
      vertex -4.26933 -23.6329 0.2615707
    endloop
  endfacet
  facet normal -0.991446 0.130518 0
    outer loop
      vertex 4.26933 -23.6329 0.2615707
      vertex 4.29999 -23.4 19.6615707
      vertex 4.29999 -23.4 0.2615707
    endloop
  endfacet
  facet normal -0.991446 0.130518 0
    outer loop
      vertex 4.29999 -23.4 19.6615707
      vertex 4.26933 -23.6329 0.2615707
      vertex 4.26933 -23.6329 19.6615707
    endloop
  endfacet
  facet normal -0.793373 -0.608735 0
    outer loop
      vertex 4.17941 -16.15 0.2615707
      vertex 4.03639 -15.9636 19.6615707
      vertex 4.03639 -15.9636 0.2615707
    endloop
  endfacet
  facet normal -0.793373 -0.608735 0
    outer loop
      vertex 4.03639 -15.9636 19.6615707
      vertex 4.17941 -16.15 0.2615707
      vertex 4.17941 -16.15 19.6615707
    endloop
  endfacet
  facet normal -0.923888 0.382662 0
    outer loop
      vertex 4.17941 -23.85 0.2615707
      vertex 4.26933 -23.6329 19.6615707
      vertex 4.26933 -23.6329 0.2615707
    endloop
  endfacet
  facet normal -0.923888 0.382662 0
    outer loop
      vertex 4.26933 -23.6329 19.6615707
      vertex 4.17941 -23.85 0.2615707
      vertex 4.17941 -23.85 19.6615707
    endloop
  endfacet
  facet normal 0.923888 0.382662 0
    outer loop
      vertex -4.17941 -23.85 19.6615707
      vertex -4.26933 -23.6329 0.2615707
      vertex -4.26933 -23.6329 19.6615707
    endloop
  endfacet
  facet normal 0.923888 0.382662 0
    outer loop
      vertex -4.26933 -23.6329 0.2615707
      vertex -4.17941 -23.85 19.6615707
      vertex -4.17941 -23.85 0.2615707
    endloop
  endfacet
  facet normal -0.608682 0.793414 0
    outer loop
      vertex 4.03639 -24.0364 0.2615707
      vertex 3.84999 -24.1794 19.6615707
      vertex 4.03639 -24.0364 19.6615707
    endloop
  endfacet
  facet normal -0.608682 0.793414 0
    outer loop
      vertex 3.84999 -24.1794 19.6615707
      vertex 4.03639 -24.0364 0.2615707
      vertex 3.84999 -24.1794 0.2615707
    endloop
  endfacet
  facet normal 0.793373 0.608735 0
    outer loop
      vertex -4.03639 -24.0364 19.6615707
      vertex -4.17941 -23.85 0.2615707
      vertex -4.17941 -23.85 19.6615707
    endloop
  endfacet
  facet normal 0.793373 0.608735 0
    outer loop
      vertex -4.17941 -23.85 0.2615707
      vertex -4.03639 -24.0364 19.6615707
      vertex -4.03639 -24.0364 0.2615707
    endloop
  endfacet
  facet normal 0.0896763 -0.68043 -0.727306
    outer loop
      vertex -3.63293 -15.7307 0.2615707
      vertex -3.81041 -15.4745 0
      vertex -3.39999 -15.7 0.2615707
    endloop
  endfacet
  facet normal 0.0897477 -0.6804 -0.727325
    outer loop
      vertex -3.81041 -15.4745 0
      vertex -3.63293 -15.7307 0.2615707
      vertex -3.8468 -15.4793 0
    endloop
  endfacet
  facet normal -0.0896618 0.680588 -0.727159
    outer loop
      vertex 3.81041 -24.5254 0
      vertex 3.60015 -24.5531 0
      vertex 3.39999 -24.3 0.2615707
    endloop
  endfacet
  facet normal 0.375496 0.490333 -0.786496
    outer loop
      vertex -4.10575 -24.4031 0
      vertex -3.84999 -24.1794 0.2615707
      vertex -4.07663 -24.4254 0
    endloop
  endfacet
  facet normal 0.375879 0.489956 -0.786548
    outer loop
      vertex -3.84999 -24.1794 0.2615707
      vertex -4.10575 -24.4031 0
      vertex -4.03639 -24.0364 0.2615707
    endloop
  endfacet
  facet normal -0.0879904 0.68127 -0.726725
    outer loop
      vertex 3.81041 -24.5254 0
      vertex 3.63293 -24.2693 0.2615707
      vertex 3.8468 -24.5207 0
    endloop
  endfacet
  facet normal -0.0896933 0.680559 -0.727183
    outer loop
      vertex 3.63293 -24.2693 0.2615707
      vertex 3.81041 -24.5254 0
      vertex 3.39999 -24.3 0.2615707
    endloop
  endfacet
  facet normal -0.244997 0.591132 -0.768466
    outer loop
      vertex 3.8468 -24.5207 0
      vertex 3.63293 -24.2693 0.2615707
      vertex 4.04272 -24.4395 0
    endloop
  endfacet
  facet normal 0.244997 0.591132 -0.768466
    outer loop
      vertex -3.63293 -24.2693 0.2615707
      vertex -3.8468 -24.5207 0
      vertex -4.04272 -24.4395 0
    endloop
  endfacet
  facet normal 0.0896933 0.680559 -0.727183
    outer loop
      vertex -3.81041 -24.5254 0
      vertex -3.63293 -24.2693 0.2615707
      vertex -3.39999 -24.3 0.2615707
    endloop
  endfacet
  facet normal 0.0879904 0.68127 -0.726725
    outer loop
      vertex -3.63293 -24.2693 0.2615707
      vertex -3.81041 -24.5254 0
      vertex -3.8468 -24.5207 0
    endloop
  endfacet
  facet normal -0.68061 -0.0895505 -0.727153
    outer loop
      vertex 4.52545 -16.1896 0
      vertex 4.55312 -16.3999 0
      vertex 4.29999 -16.6 0.2615707
    endloop
  endfacet
  facet normal 0.718606 0 -0.695417
    outer loop
      vertex -4.29999 -23.4 0.2615707
      vertex -4.55312 -16.3999 0
      vertex -4.29999 -16.6 0.2615707
    endloop
  endfacet
  facet normal 0.718606 0 -0.695417
    outer loop
      vertex -4.55312 -16.3999 0
      vertex -4.29999 -23.4 0.2615707
      vertex -4.55312 -23.6001 0
    endloop
  endfacet
  facet normal 0.0893568 -0.68073 -0.727064
    outer loop
      vertex -3.60015 -15.4469 0
      vertex -3.39999 -15.7 0.2615707
      vertex -3.81041 -15.4745 0
    endloop
  endfacet
  facet normal -0.0893568 -0.68073 -0.727064
    outer loop
      vertex 3.60015 -15.4469 0
      vertex 3.81041 -15.4745 0
      vertex 3.39999 -15.7 0.2615707
    endloop
  endfacet
  facet normal -0.375916 -0.489943 -0.786539
    outer loop
      vertex 4.10575 -15.5969 0
      vertex 4.27401 -15.726 0
      vertex 4.03639 -15.9636 0.2615707
    endloop
  endfacet
  facet normal -0.49 0.37587 -0.786525
    outer loop
      vertex 4.42545 -24.0766 0
      vertex 4.29635 -24.2449 0
      vertex 4.17941 -23.85 0.2615707
    endloop
  endfacet
  facet normal -0.680583 0.0895603 -0.727176
    outer loop
      vertex 4.26933 -23.6329 0.2615707
      vertex 4.52545 -23.8104 0
      vertex 4.52066 -23.8468 0
    endloop
  endfacet
  facet normal -0.68057 0.0895932 -0.727185
    outer loop
      vertex 4.52545 -23.8104 0
      vertex 4.26933 -23.6329 0.2615707
      vertex 4.29999 -23.4 0.2615707
    endloop
  endfacet
  facet normal 0.244889 0.591275 -0.76839
    outer loop
      vertex -4.04272 -24.4395 0
      vertex -3.84999 -24.1794 0.2615707
      vertex -3.63293 -24.2693 0.2615707
    endloop
  endfacet
  facet normal 0.245663 0.590812 -0.768499
    outer loop
      vertex -3.84999 -24.1794 0.2615707
      vertex -4.04272 -24.4395 0
      vertex -4.07663 -24.4254 0
    endloop
  endfacet
  facet normal 0.68061 0.0895505 -0.727153
    outer loop
      vertex -4.29999 -23.4 0.2615707
      vertex -4.52545 -23.8104 0
      vertex -4.55312 -23.6001 0
    endloop
  endfacet
  facet normal 0 -0.718647 -0.695375
    outer loop
      vertex -3.60015 -15.4469 0
      vertex 3.39999 -15.7 0.2615707
      vertex -3.39999 -15.7 0.2615707
    endloop
  endfacet
  facet normal 0 -0.718647 -0.695375
    outer loop
      vertex 3.39999 -15.7 0.2615707
      vertex -3.60015 -15.4469 0
      vertex 3.60015 -15.4469 0
    endloop
  endfacet
  facet normal -0.718606 0 -0.695417
    outer loop
      vertex 4.55312 -16.3999 0
      vertex 4.29999 -23.4 0.2615707
      vertex 4.29999 -16.6 0.2615707
    endloop
  endfacet
  facet normal -0.718606 0 -0.695417
    outer loop
      vertex 4.29999 -23.4 0.2615707
      vertex 4.55312 -16.3999 0
      vertex 4.55312 -23.6001 0
    endloop
  endfacet
  facet normal 0.68061 -0.0895505 -0.727153
    outer loop
      vertex -4.52545 -16.1896 0
      vertex -4.29999 -16.6 0.2615707
      vertex -4.55312 -16.3999 0
    endloop
  endfacet
  facet normal 0.59124 -0.244947 -0.768398
    outer loop
      vertex -4.4395 -15.9573 0
      vertex -4.26933 -16.3671 0.2615707
      vertex -4.52066 -16.1532 0
    endloop
  endfacet
  facet normal 0.0896618 0.680588 -0.727159
    outer loop
      vertex -3.39999 -24.3 0.2615707
      vertex -3.60015 -24.5531 0
      vertex -3.81041 -24.5254 0
    endloop
  endfacet
  facet normal 0 0.718647 -0.695375
    outer loop
      vertex 3.60015 -24.5531 0
      vertex -3.39999 -24.3 0.2615707
      vertex 3.39999 -24.3 0.2615707
    endloop
  endfacet
  facet normal 0 0.718647 -0.695375
    outer loop
      vertex -3.39999 -24.3 0.2615707
      vertex 3.60015 -24.5531 0
      vertex -3.60015 -24.5531 0
    endloop
  endfacet
  facet normal 0.375916 0.489943 -0.786539
    outer loop
      vertex -4.03639 -24.0364 0.2615707
      vertex -4.10575 -24.4031 0
      vertex -4.27401 -24.274 0
    endloop
  endfacet
  facet normal 0.244997 -0.591132 -0.768466
    outer loop
      vertex -3.8468 -15.4793 0
      vertex -3.63293 -15.7307 0.2615707
      vertex -4.04272 -15.5605 0
    endloop
  endfacet
  facet normal -0.0897477 -0.6804 -0.727325
    outer loop
      vertex 3.63293 -15.7307 0.2615707
      vertex 3.81041 -15.4745 0
      vertex 3.8468 -15.4793 0
    endloop
  endfacet
  facet normal -0.0896763 -0.68043 -0.727306
    outer loop
      vertex 3.81041 -15.4745 0
      vertex 3.63293 -15.7307 0.2615707
      vertex 3.39999 -15.7 0.2615707
    endloop
  endfacet
  facet normal -0.68061 0.0895505 -0.727153
    outer loop
      vertex 4.55312 -23.6001 0
      vertex 4.52545 -23.8104 0
      vertex 4.29999 -23.4 0.2615707
    endloop
  endfacet
  facet normal 0.489826 0.376038 -0.786553
    outer loop
      vertex -4.29635 -24.2449 0
      vertex -4.03639 -24.0364 0.2615707
      vertex -4.27401 -24.274 0
    endloop
  endfacet
  facet normal 0.489928 0.375909 -0.786551
    outer loop
      vertex -4.03639 -24.0364 0.2615707
      vertex -4.29635 -24.2449 0
      vertex -4.17941 -23.85 0.2615707
    endloop
  endfacet
  facet normal 0.244889 -0.591275 -0.76839
    outer loop
      vertex -3.84999 -15.8206 0.2615707
      vertex -4.04272 -15.5605 0
      vertex -3.63293 -15.7307 0.2615707
    endloop
  endfacet
  facet normal 0.245663 -0.590812 -0.768499
    outer loop
      vertex -4.04272 -15.5605 0
      vertex -3.84999 -15.8206 0.2615707
      vertex -4.07663 -15.5746 0
    endloop
  endfacet
  facet normal 0.68057 -0.0895932 -0.727185
    outer loop
      vertex -4.52545 -16.1896 0
      vertex -4.26933 -16.3671 0.2615707
      vertex -4.29999 -16.6 0.2615707
    endloop
  endfacet
  facet normal 0.680583 -0.0895603 -0.727176
    outer loop
      vertex -4.26933 -16.3671 0.2615707
      vertex -4.52545 -16.1896 0
      vertex -4.52066 -16.1532 0
    endloop
  endfacet
  facet normal 0.489928 -0.375909 -0.786551
    outer loop
      vertex -4.29635 -15.7551 0
      vertex -4.03639 -15.9636 0.2615707
      vertex -4.17941 -16.15 0.2615707
    endloop
  endfacet
  facet normal 0.489826 -0.376038 -0.786553
    outer loop
      vertex -4.03639 -15.9636 0.2615707
      vertex -4.29635 -15.7551 0
      vertex -4.27401 -15.726 0
    endloop
  endfacet
  facet normal -0.244997 -0.591132 -0.768466
    outer loop
      vertex 3.63293 -15.7307 0.2615707
      vertex 3.8468 -15.4793 0
      vertex 4.04272 -15.5605 0
    endloop
  endfacet
  facet normal 0.680583 0.0895603 -0.727176
    outer loop
      vertex -4.52545 -23.8104 0
      vertex -4.26933 -23.6329 0.2615707
      vertex -4.52066 -23.8468 0
    endloop
  endfacet
  facet normal 0.68057 0.0895932 -0.727185
    outer loop
      vertex -4.26933 -23.6329 0.2615707
      vertex -4.52545 -23.8104 0
      vertex -4.29999 -23.4 0.2615707
    endloop
  endfacet
  facet normal -0.591218 0.245033 -0.768388
    outer loop
      vertex 4.17941 -23.85 0.2615707
      vertex 4.4395 -24.0427 0
      vertex 4.42545 -24.0766 0
    endloop
  endfacet
  facet normal -0.591294 0.244906 -0.76837
    outer loop
      vertex 4.4395 -24.0427 0
      vertex 4.17941 -23.85 0.2615707
      vertex 4.26933 -23.6329 0.2615707
    endloop
  endfacet
  facet normal 0.591218 0.245033 -0.768388
    outer loop
      vertex -4.4395 -24.0427 0
      vertex -4.17941 -23.85 0.2615707
      vertex -4.42545 -24.0766 0
    endloop
  endfacet
  facet normal 0.591294 0.244906 -0.76837
    outer loop
      vertex -4.17941 -23.85 0.2615707
      vertex -4.4395 -24.0427 0
      vertex -4.26933 -23.6329 0.2615707
    endloop
  endfacet
  facet normal -0.49 -0.37587 -0.786525
    outer loop
      vertex 4.29635 -15.7551 0
      vertex 4.42545 -15.9234 0
      vertex 4.17941 -16.15 0.2615707
    endloop
  endfacet
  facet normal -0.489928 -0.375909 -0.786551
    outer loop
      vertex 4.03639 -15.9636 0.2615707
      vertex 4.29635 -15.7551 0
      vertex 4.17941 -16.15 0.2615707
    endloop
  endfacet
  facet normal -0.489826 -0.376038 -0.786553
    outer loop
      vertex 4.29635 -15.7551 0
      vertex 4.03639 -15.9636 0.2615707
      vertex 4.27401 -15.726 0
    endloop
  endfacet
  facet normal -0.245663 -0.590812 -0.768499
    outer loop
      vertex 3.84999 -15.8206 0.2615707
      vertex 4.04272 -15.5605 0
      vertex 4.07663 -15.5746 0
    endloop
  endfacet
  facet normal -0.244889 -0.591275 -0.76839
    outer loop
      vertex 3.63293 -15.7307 0.2615707
      vertex 4.04272 -15.5605 0
      vertex 3.84999 -15.8206 0.2615707
    endloop
  endfacet
  facet normal 0.591294 -0.244906 -0.76837
    outer loop
      vertex -4.4395 -15.9573 0
      vertex -4.17941 -16.15 0.2615707
      vertex -4.26933 -16.3671 0.2615707
    endloop
  endfacet
  facet normal 0.591218 -0.245033 -0.768388
    outer loop
      vertex -4.17941 -16.15 0.2615707
      vertex -4.4395 -15.9573 0
      vertex -4.42545 -15.9234 0
    endloop
  endfacet
  facet normal 0.49 -0.37587 -0.786525
    outer loop
      vertex -4.29635 -15.7551 0
      vertex -4.17941 -16.15 0.2615707
      vertex -4.42545 -15.9234 0
    endloop
  endfacet
  facet normal -0.375496 0.490333 -0.786496
    outer loop
      vertex 3.84999 -24.1794 0.2615707
      vertex 4.10575 -24.4031 0
      vertex 4.07663 -24.4254 0
    endloop
  endfacet
  facet normal -0.375879 0.489956 -0.786548
    outer loop
      vertex 4.10575 -24.4031 0
      vertex 3.84999 -24.1794 0.2615707
      vertex 4.03639 -24.0364 0.2615707
    endloop
  endfacet
  facet normal 0.375916 -0.489943 -0.786539
    outer loop
      vertex -4.10575 -15.5969 0
      vertex -4.03639 -15.9636 0.2615707
      vertex -4.27401 -15.726 0
    endloop
  endfacet
  facet normal 0.375879 -0.489956 -0.786548
    outer loop
      vertex -4.10575 -15.5969 0
      vertex -3.84999 -15.8206 0.2615707
      vertex -4.03639 -15.9636 0.2615707
    endloop
  endfacet
  facet normal 0.375496 -0.490333 -0.786496
    outer loop
      vertex -3.84999 -15.8206 0.2615707
      vertex -4.10575 -15.5969 0
      vertex -4.07663 -15.5746 0
    endloop
  endfacet
  facet normal -0.375879 -0.489956 -0.786548
    outer loop
      vertex 3.84999 -15.8206 0.2615707
      vertex 4.10575 -15.5969 0
      vertex 4.03639 -15.9636 0.2615707
    endloop
  endfacet
  facet normal -0.375496 -0.490333 -0.786496
    outer loop
      vertex 4.10575 -15.5969 0
      vertex 3.84999 -15.8206 0.2615707
      vertex 4.07663 -15.5746 0
    endloop
  endfacet
  facet normal -0.68057 -0.0895932 -0.727185
    outer loop
      vertex 4.26933 -16.3671 0.2615707
      vertex 4.52545 -16.1896 0
      vertex 4.29999 -16.6 0.2615707
    endloop
  endfacet
  facet normal -0.680583 -0.0895603 -0.727176
    outer loop
      vertex 4.52545 -16.1896 0
      vertex 4.26933 -16.3671 0.2615707
      vertex 4.52066 -16.1532 0
    endloop
  endfacet
  facet normal -0.59124 0.244947 -0.768398
    outer loop
      vertex 4.52066 -23.8468 0
      vertex 4.4395 -24.0427 0
      vertex 4.26933 -23.6329 0.2615707
    endloop
  endfacet
  facet normal -0.489826 0.376038 -0.786553
    outer loop
      vertex 4.03639 -24.0364 0.2615707
      vertex 4.29635 -24.2449 0
      vertex 4.27401 -24.274 0
    endloop
  endfacet
  facet normal -0.489928 0.375909 -0.786551
    outer loop
      vertex 4.29635 -24.2449 0
      vertex 4.03639 -24.0364 0.2615707
      vertex 4.17941 -23.85 0.2615707
    endloop
  endfacet
  facet normal -0.375916 0.489943 -0.786539
    outer loop
      vertex 4.27401 -24.274 0
      vertex 4.10575 -24.4031 0
      vertex 4.03639 -24.0364 0.2615707
    endloop
  endfacet
  facet normal 0.49 0.37587 -0.786525
    outer loop
      vertex -4.17941 -23.85 0.2615707
      vertex -4.29635 -24.2449 0
      vertex -4.42545 -24.0766 0
    endloop
  endfacet
  facet normal -0.245663 0.590812 -0.768499
    outer loop
      vertex 4.04272 -24.4395 0
      vertex 3.84999 -24.1794 0.2615707
      vertex 4.07663 -24.4254 0
    endloop
  endfacet
  facet normal -0.244889 0.591275 -0.76839
    outer loop
      vertex 4.04272 -24.4395 0
      vertex 3.63293 -24.2693 0.2615707
      vertex 3.84999 -24.1794 0.2615707
    endloop
  endfacet
  facet normal 0.59124 0.244947 -0.768398
    outer loop
      vertex -4.26933 -23.6329 0.2615707
      vertex -4.4395 -24.0427 0
      vertex -4.52066 -23.8468 0
    endloop
  endfacet
  facet normal -0.59124 -0.244947 -0.768398
    outer loop
      vertex 4.4395 -15.9573 0
      vertex 4.52066 -16.1532 0
      vertex 4.26933 -16.3671 0.2615707
    endloop
  endfacet
  facet normal -0.591294 -0.244906 -0.76837
    outer loop
      vertex 4.17941 -16.15 0.2615707
      vertex 4.4395 -15.9573 0
      vertex 4.26933 -16.3671 0.2615707
    endloop
  endfacet
  facet normal -0.591218 -0.245033 -0.768388
    outer loop
      vertex 4.4395 -15.9573 0
      vertex 4.17941 -16.15 0.2615707
      vertex 4.42545 -15.9234 0
    endloop
  endfacet
  facet normal 0 0.718686 0.695334
    outer loop
      vertex 3.39999 -24.3 19.6615707
      vertex -3.60014 -24.5531 19.9231707
      vertex 3.60014 -24.5531 19.9231707
    endloop
  endfacet
  facet normal 0 0.718686 0.695334
    outer loop
      vertex -3.60014 -24.5531 19.9231707
      vertex 3.39999 -24.3 19.6615707
      vertex -3.39999 -24.3 19.6615707
    endloop
  endfacet
  facet normal 0.68061 0.0895985 0.727147
    outer loop
      vertex -4.52545 -23.8104 19.9231707
      vertex -4.26933 -23.6329 19.6615707
      vertex -4.29999 -23.4 19.6615707
    endloop
  endfacet
  facet normal 0.680624 0.0895656 0.727138
    outer loop
      vertex -4.26933 -23.6329 19.6615707
      vertex -4.52545 -23.8104 19.9231707
      vertex -4.52066 -23.8468 19.9231707
    endloop
  endfacet
  facet normal -0.245014 0.591171 0.76843
    outer loop
      vertex 3.8468 -24.5207 19.9231707
      vertex 4.04272 -24.4395 19.9231707
      vertex 3.63293 -24.2693 19.6615707
    endloop
  endfacet
  facet normal -0.24568 0.590851 0.768464
    outer loop
      vertex 3.84999 -24.1794 19.6615707
      vertex 4.04272 -24.4395 19.9231707
      vertex 4.07663 -24.4254 19.9231707
    endloop
  endfacet
  facet normal -0.244905 0.591314 0.768354
    outer loop
      vertex 4.04272 -24.4395 19.9231707
      vertex 3.84999 -24.1794 19.6615707
      vertex 3.63293 -24.2693 19.6615707
    endloop
  endfacet
  facet normal 0.489962 0.375935 0.786518
    outer loop
      vertex -4.29635 -24.2449 19.9231707
      vertex -4.03639 -24.0364 19.6615707
      vertex -4.17941 -23.85 19.6615707
    endloop
  endfacet
  facet normal 0.48986 0.376064 0.786519
    outer loop
      vertex -4.03639 -24.0364 19.6615707
      vertex -4.29635 -24.2449 19.9231707
      vertex -4.27401 -24.274 19.9231707
    endloop
  endfacet
  facet normal 0.591264 0.244987 0.768368
    outer loop
      vertex -4.43949 -24.0427 19.9231707
      vertex -4.26933 -23.6329 19.6615707
      vertex -4.52066 -23.8468 19.9231707
    endloop
  endfacet
  facet normal -0.0896633 0.680632 0.727118
    outer loop
      vertex 3.60014 -24.5531 19.9231707
      vertex 3.81041 -24.5254 19.9231707
      vertex 3.39999 -24.3 19.6615707
    endloop
  endfacet
  facet normal -0.0879956 0.681311 0.726686
    outer loop
      vertex 3.63293 -24.2693 19.6615707
      vertex 3.81041 -24.5254 19.9231707
      vertex 3.8468 -24.5207 19.9231707
    endloop
  endfacet
  facet normal -0.0896986 0.680599 0.727145
    outer loop
      vertex 3.81041 -24.5254 19.9231707
      vertex 3.63293 -24.2693 19.6615707
      vertex 3.39999 -24.3 19.6615707
    endloop
  endfacet
  facet normal 0.375793 -0.490134 0.786478
    outer loop
      vertex -3.84999 -15.8206 19.6615707
      vertex -4.07663 -15.5746 19.9231707
      vertex -4.24488 -15.7036 19.9231707
    endloop
  endfacet
  facet normal -0.375793 -0.490134 0.786478
    outer loop
      vertex 4.24488 -15.7036 19.9231707
      vertex 4.07663 -15.5746 19.9231707
      vertex 3.84999 -15.8206 19.6615707
    endloop
  endfacet
  facet normal 0.68065 0.0895558 0.727114
    outer loop
      vertex -4.52545 -23.8104 19.9231707
      vertex -4.29999 -23.4 19.6615707
      vertex -4.55312 -23.6001 19.9231707
    endloop
  endfacet
  facet normal 0.0896986 -0.680599 0.727145
    outer loop
      vertex -3.81041 -15.4746 19.9231707
      vertex -3.63293 -15.7307 19.6615707
      vertex -3.39999 -15.7 19.6615707
    endloop
  endfacet
  facet normal 0.0879956 -0.681311 0.726686
    outer loop
      vertex -3.63293 -15.7307 19.6615707
      vertex -3.81041 -15.4746 19.9231707
      vertex -3.8468 -15.4793 19.9231707
    endloop
  endfacet
  facet normal 0.680624 -0.0895656 0.727138
    outer loop
      vertex -4.52545 -16.1896 19.9231707
      vertex -4.26933 -16.3671 19.6615707
      vertex -4.52066 -16.1532 19.9231707
    endloop
  endfacet
  facet normal 0.68061 -0.0895985 0.727147
    outer loop
      vertex -4.26933 -16.3671 19.6615707
      vertex -4.52545 -16.1896 19.9231707
      vertex -4.29999 -16.6 19.6615707
    endloop
  endfacet
  facet normal -0.591264 -0.244987 0.768368
    outer loop
      vertex 4.52066 -16.1532 19.9231707
      vertex 4.43949 -15.9573 19.9231707
      vertex 4.26933 -16.3671 19.6615707
    endloop
  endfacet
  facet normal -0.0896633 -0.680632 0.727118
    outer loop
      vertex 3.81041 -15.4746 19.9231707
      vertex 3.60014 -15.4469 19.9231707
      vertex 3.39999 -15.7 19.6615707
    endloop
  endfacet
  facet normal 0.244905 -0.591314 0.768354
    outer loop
      vertex -4.04272 -15.5605 19.9231707
      vertex -3.84999 -15.8206 19.6615707
      vertex -3.63293 -15.7307 19.6615707
    endloop
  endfacet
  facet normal 0.24568 -0.590851 0.768464
    outer loop
      vertex -3.84999 -15.8206 19.6615707
      vertex -4.04272 -15.5605 19.9231707
      vertex -4.07663 -15.5746 19.9231707
    endloop
  endfacet
  facet normal 0.245014 -0.591171 0.76843
    outer loop
      vertex -3.63293 -15.7307 19.6615707
      vertex -3.8468 -15.4793 19.9231707
      vertex -4.04272 -15.5605 19.9231707
    endloop
  endfacet
  facet normal -0.376433 -0.489532 0.786547
    outer loop
      vertex 4.24488 -15.7036 19.9231707
      vertex 4.03639 -15.9636 19.6615707
      vertex 4.27401 -15.726 19.9231707
    endloop
  endfacet
  facet normal -0.375885 -0.489964 0.78654
    outer loop
      vertex 4.03639 -15.9636 19.6615707
      vertex 4.24488 -15.7036 19.9231707
      vertex 3.84999 -15.8206 19.6615707
    endloop
  endfacet
  facet normal 0.375793 0.490134 0.786478
    outer loop
      vertex -4.07663 -24.4254 19.9231707
      vertex -3.84999 -24.1794 19.6615707
      vertex -4.24488 -24.2964 19.9231707
    endloop
  endfacet
  facet normal 0.245014 0.591171 0.76843
    outer loop
      vertex -3.8468 -24.5207 19.9231707
      vertex -3.63293 -24.2693 19.6615707
      vertex -4.04272 -24.4395 19.9231707
    endloop
  endfacet
  facet normal -0.24568 -0.590851 0.768464
    outer loop
      vertex 4.04272 -15.5605 19.9231707
      vertex 3.84999 -15.8206 19.6615707
      vertex 4.07663 -15.5746 19.9231707
    endloop
  endfacet
  facet normal -0.244905 -0.591314 0.768354
    outer loop
      vertex 3.84999 -15.8206 19.6615707
      vertex 4.04272 -15.5605 19.9231707
      vertex 3.63293 -15.7307 19.6615707
    endloop
  endfacet
  facet normal 0 -0.718686 0.695334
    outer loop
      vertex -3.39999 -15.7 19.6615707
      vertex 3.60014 -15.4469 19.9231707
      vertex -3.60014 -15.4469 19.9231707
    endloop
  endfacet
  facet normal 0 -0.718686 0.695334
    outer loop
      vertex 3.60014 -15.4469 19.9231707
      vertex -3.39999 -15.7 19.6615707
      vertex 3.39999 -15.7 19.6615707
    endloop
  endfacet
  facet normal 0.0896633 -0.680632 0.727118
    outer loop
      vertex -3.39999 -15.7 19.6615707
      vertex -3.60014 -15.4469 19.9231707
      vertex -3.81041 -15.4746 19.9231707
    endloop
  endfacet
  facet normal 0.68065 -0.0895558 0.727114
    outer loop
      vertex -4.29999 -16.6 19.6615707
      vertex -4.52545 -16.1896 19.9231707
      vertex -4.55312 -16.3999 19.9231707
    endloop
  endfacet
  facet normal 0.591264 -0.244987 0.768368
    outer loop
      vertex -4.26933 -16.3671 19.6615707
      vertex -4.43949 -15.9573 19.9231707
      vertex -4.52066 -16.1532 19.9231707
    endloop
  endfacet
  facet normal -0.68065 0.0895558 0.727114
    outer loop
      vertex 4.52545 -23.8104 19.9231707
      vertex 4.55312 -23.6001 19.9231707
      vertex 4.29999 -23.4 19.6615707
    endloop
  endfacet
  facet normal 0.591343 0.244927 0.768325
    outer loop
      vertex -4.43949 -24.0427 19.9231707
      vertex -4.17941 -23.85 19.6615707
      vertex -4.26933 -23.6329 19.6615707
    endloop
  endfacet
  facet normal 0.591351 0.244914 0.768324
    outer loop
      vertex -4.17941 -23.85 19.6615707
      vertex -4.43949 -24.0427 19.9231707
      vertex -4.42545 -24.0766 19.9231707
    endloop
  endfacet
  facet normal 0.244905 0.591314 0.768354
    outer loop
      vertex -3.84999 -24.1794 19.6615707
      vertex -4.04272 -24.4395 19.9231707
      vertex -3.63293 -24.2693 19.6615707
    endloop
  endfacet
  facet normal 0.24568 0.590851 0.768464
    outer loop
      vertex -4.04272 -24.4395 19.9231707
      vertex -3.84999 -24.1794 19.6615707
      vertex -4.07663 -24.4254 19.9231707
    endloop
  endfacet
  facet normal -0.68065 -0.0895558 0.727114
    outer loop
      vertex 4.55312 -16.3999 19.9231707
      vertex 4.52545 -16.1896 19.9231707
      vertex 4.29999 -16.6 19.6615707
    endloop
  endfacet
  facet normal 0.0896633 0.680632 0.727118
    outer loop
      vertex -3.60014 -24.5531 19.9231707
      vertex -3.39999 -24.3 19.6615707
      vertex -3.81041 -24.5254 19.9231707
    endloop
  endfacet
  facet normal -0.490034 -0.375897 0.786491
    outer loop
      vertex 4.42545 -15.9234 19.9231707
      vertex 4.29635 -15.7551 19.9231707
      vertex 4.17941 -16.15 19.6615707
    endloop
  endfacet
  facet normal -0.718645 0 0.695377
    outer loop
      vertex 4.29999 -23.4 19.6615707
      vertex 4.55312 -16.3999 19.9231707
      vertex 4.29999 -16.6 19.6615707
    endloop
  endfacet
  facet normal -0.718645 0 0.695377
    outer loop
      vertex 4.55312 -16.3999 19.9231707
      vertex 4.29999 -23.4 19.6615707
      vertex 4.55312 -23.6001 19.9231707
    endloop
  endfacet
  facet normal -0.490034 0.375897 0.786491
    outer loop
      vertex 4.29635 -24.2449 19.9231707
      vertex 4.42545 -24.0766 19.9231707
      vertex 4.17941 -23.85 19.6615707
    endloop
  endfacet
  facet normal 0.48986 -0.376064 0.786519
    outer loop
      vertex -4.29635 -15.7551 19.9231707
      vertex -4.03639 -15.9636 19.6615707
      vertex -4.27401 -15.726 19.9231707
    endloop
  endfacet
  facet normal 0.489962 -0.375935 0.786518
    outer loop
      vertex -4.03639 -15.9636 19.6615707
      vertex -4.29635 -15.7551 19.9231707
      vertex -4.17941 -16.15 19.6615707
    endloop
  endfacet
  facet normal -0.68061 0.0895985 0.727147
    outer loop
      vertex 4.26933 -23.6329 19.6615707
      vertex 4.52545 -23.8104 19.9231707
      vertex 4.29999 -23.4 19.6615707
    endloop
  endfacet
  facet normal -0.680624 0.0895656 0.727138
    outer loop
      vertex 4.52545 -23.8104 19.9231707
      vertex 4.26933 -23.6329 19.6615707
      vertex 4.52066 -23.8468 19.9231707
    endloop
  endfacet
  facet normal -0.0879956 -0.681311 0.726686
    outer loop
      vertex 3.81041 -15.4746 19.9231707
      vertex 3.63293 -15.7307 19.6615707
      vertex 3.8468 -15.4793 19.9231707
    endloop
  endfacet
  facet normal -0.0896986 -0.680599 0.727145
    outer loop
      vertex 3.63293 -15.7307 19.6615707
      vertex 3.81041 -15.4746 19.9231707
      vertex 3.39999 -15.7 19.6615707
    endloop
  endfacet
  facet normal -0.591264 0.244987 0.768368
    outer loop
      vertex 4.43949 -24.0427 19.9231707
      vertex 4.52066 -23.8468 19.9231707
      vertex 4.26933 -23.6329 19.6615707
    endloop
  endfacet
  facet normal -0.245014 -0.591171 0.76843
    outer loop
      vertex 4.04272 -15.5605 19.9231707
      vertex 3.8468 -15.4793 19.9231707
      vertex 3.63293 -15.7307 19.6615707
    endloop
  endfacet
  facet normal 0.375885 -0.489964 0.78654
    outer loop
      vertex -4.24488 -15.7036 19.9231707
      vertex -4.03639 -15.9636 19.6615707
      vertex -3.84999 -15.8206 19.6615707
    endloop
  endfacet
  facet normal 0.376433 -0.489532 0.786547
    outer loop
      vertex -4.03639 -15.9636 19.6615707
      vertex -4.24488 -15.7036 19.9231707
      vertex -4.27401 -15.726 19.9231707
    endloop
  endfacet
  facet normal -0.375793 0.490134 0.786478
    outer loop
      vertex 4.07663 -24.4254 19.9231707
      vertex 4.24488 -24.2964 19.9231707
      vertex 3.84999 -24.1794 19.6615707
    endloop
  endfacet
  facet normal -0.591343 0.244927 0.768325
    outer loop
      vertex 4.17941 -23.85 19.6615707
      vertex 4.43949 -24.0427 19.9231707
      vertex 4.26933 -23.6329 19.6615707
    endloop
  endfacet
  facet normal -0.591351 0.244914 0.768324
    outer loop
      vertex 4.43949 -24.0427 19.9231707
      vertex 4.17941 -23.85 19.6615707
      vertex 4.42545 -24.0766 19.9231707
    endloop
  endfacet
  facet normal 0.718645 0 0.695377
    outer loop
      vertex -4.55312 -16.3999 19.9231707
      vertex -4.29999 -23.4 19.6615707
      vertex -4.29999 -16.6 19.6615707
    endloop
  endfacet
  facet normal 0.718645 0 0.695377
    outer loop
      vertex -4.29999 -23.4 19.6615707
      vertex -4.55312 -16.3999 19.9231707
      vertex -4.55312 -23.6001 19.9231707
    endloop
  endfacet
  facet normal 0.375885 0.489964 0.78654
    outer loop
      vertex -4.03639 -24.0364 19.6615707
      vertex -4.24488 -24.2964 19.9231707
      vertex -3.84999 -24.1794 19.6615707
    endloop
  endfacet
  facet normal 0.376433 0.489532 0.786547
    outer loop
      vertex -4.24488 -24.2964 19.9231707
      vertex -4.03639 -24.0364 19.6615707
      vertex -4.27401 -24.274 19.9231707
    endloop
  endfacet
  facet normal 0.490034 -0.375897 0.786491
    outer loop
      vertex -4.17941 -16.15 19.6615707
      vertex -4.29635 -15.7551 19.9231707
      vertex -4.42545 -15.9234 19.9231707
    endloop
  endfacet
  facet normal -0.680624 -0.0895656 0.727138
    outer loop
      vertex 4.26933 -16.3671 19.6615707
      vertex 4.52545 -16.1896 19.9231707
      vertex 4.52066 -16.1532 19.9231707
    endloop
  endfacet
  facet normal -0.68061 -0.0895985 0.727147
    outer loop
      vertex 4.52545 -16.1896 19.9231707
      vertex 4.26933 -16.3671 19.6615707
      vertex 4.29999 -16.6 19.6615707
    endloop
  endfacet
  facet normal 0.591351 -0.244914 0.768324
    outer loop
      vertex -4.43949 -15.9573 19.9231707
      vertex -4.17941 -16.15 19.6615707
      vertex -4.42545 -15.9234 19.9231707
    endloop
  endfacet
  facet normal 0.591343 -0.244927 0.768325
    outer loop
      vertex -4.17941 -16.15 19.6615707
      vertex -4.43949 -15.9573 19.9231707
      vertex -4.26933 -16.3671 19.6615707
    endloop
  endfacet
  facet normal 0.490034 0.375897 0.786491
    outer loop
      vertex -4.29635 -24.2449 19.9231707
      vertex -4.17941 -23.85 19.6615707
      vertex -4.42545 -24.0766 19.9231707
    endloop
  endfacet
  facet normal 0.0896986 0.680599 0.727145
    outer loop
      vertex -3.63293 -24.2693 19.6615707
      vertex -3.81041 -24.5254 19.9231707
      vertex -3.39999 -24.3 19.6615707
    endloop
  endfacet
  facet normal 0.0879956 0.681311 0.726686
    outer loop
      vertex -3.81041 -24.5254 19.9231707
      vertex -3.63293 -24.2693 19.6615707
      vertex -3.8468 -24.5207 19.9231707
    endloop
  endfacet
  facet normal -0.489962 0.375935 0.786518
    outer loop
      vertex 4.03639 -24.0364 19.6615707
      vertex 4.29635 -24.2449 19.9231707
      vertex 4.17941 -23.85 19.6615707
    endloop
  endfacet
  facet normal -0.48986 0.376064 0.786519
    outer loop
      vertex 4.29635 -24.2449 19.9231707
      vertex 4.03639 -24.0364 19.6615707
      vertex 4.27401 -24.274 19.9231707
    endloop
  endfacet
  facet normal -0.376433 0.489532 0.786547
    outer loop
      vertex 4.03639 -24.0364 19.6615707
      vertex 4.24488 -24.2964 19.9231707
      vertex 4.27401 -24.274 19.9231707
    endloop
  endfacet
  facet normal -0.375885 0.489964 0.78654
    outer loop
      vertex 4.24488 -24.2964 19.9231707
      vertex 4.03639 -24.0364 19.6615707
      vertex 3.84999 -24.1794 19.6615707
    endloop
  endfacet
  facet normal -0.48986 -0.376064 0.786519
    outer loop
      vertex 4.03639 -15.9636 19.6615707
      vertex 4.29635 -15.7551 19.9231707
      vertex 4.27401 -15.726 19.9231707
    endloop
  endfacet
  facet normal -0.489962 -0.375935 0.786518
    outer loop
      vertex 4.29635 -15.7551 19.9231707
      vertex 4.03639 -15.9636 19.6615707
      vertex 4.17941 -16.15 19.6615707
    endloop
  endfacet
  facet normal -0.591351 -0.244914 0.768324
    outer loop
      vertex 4.17941 -16.15 19.6615707
      vertex 4.43949 -15.9573 19.9231707
      vertex 4.42545 -15.9234 19.9231707
    endloop
  endfacet
  facet normal -0.591343 -0.244927 0.768325
    outer loop
      vertex 4.43949 -15.9573 19.9231707
      vertex 4.17941 -16.15 19.6615707
      vertex 4.26933 -16.3671 19.6615707
    endloop
  endfacet
  facet normal -0.130664 0.991427 0
    outer loop
      vertex 3.63293 -44.2693 19.6615707
      vertex 3.39999 -44.3 0.2615707
      vertex 3.39999 -44.3 19.6615707
    endloop
  endfacet
  facet normal -0.130664 0.991427 0
    outer loop
      vertex 3.63293 -44.2693 19.6615707
      vertex 3.63293 -44.2693 0.2615707
      vertex 3.39999 -44.3 0.2615707
    endloop
  endfacet
  facet normal 0 -1 0
    outer loop
      vertex -3.39999 -35.7 0.2615707
      vertex 3.39999 -35.7 19.6615707
      vertex -3.39999 -35.7 19.6615707
    endloop
  endfacet
  facet normal 0 -1 -0
    outer loop
      vertex 3.39999 -35.7 19.6615707
      vertex -3.39999 -35.7 0.2615707
      vertex 3.39999 -35.7 0.2615707
    endloop
  endfacet
  facet normal 0.130664 0.991427 -0
    outer loop
      vertex -3.39999 -44.3 0.2615707
      vertex -3.63293 -44.2693 19.6615707
      vertex -3.39999 -44.3 19.6615707
    endloop
  endfacet
  facet normal 0.130664 0.991427 -0
    outer loop
      vertex -3.63293 -44.2693 0.2615707
      vertex -3.63293 -44.2693 19.6615707
      vertex -3.39999 -44.3 0.2615707
    endloop
  endfacet
  facet normal 1 -0 0
    outer loop
      vertex -4.29999 -43.4 19.6615707
      vertex -4.29999 -36.6 0.2615707
      vertex -4.29999 -36.6 19.6615707
    endloop
  endfacet
  facet normal 1 0 0
    outer loop
      vertex -4.29999 -36.6 0.2615707
      vertex -4.29999 -43.4 19.6615707
      vertex -4.29999 -43.4 0.2615707
    endloop
  endfacet
  facet normal -0.130664 -0.991427 0
    outer loop
      vertex 3.39999 -35.7 0.2615707
      vertex 3.63293 -35.7307 19.6615707
      vertex 3.39999 -35.7 19.6615707
    endloop
  endfacet
  facet normal -0.130664 -0.991427 0
    outer loop
      vertex 3.63293 -35.7307 0.2615707
      vertex 3.63293 -35.7307 19.6615707
      vertex 3.39999 -35.7 0.2615707
    endloop
  endfacet
  facet normal -1 0 0
    outer loop
      vertex 4.29999 -43.4 0.2615707
      vertex 4.29999 -36.6 19.6615707
      vertex 4.29999 -36.6 0.2615707
    endloop
  endfacet
  facet normal -1 -0 0
    outer loop
      vertex 4.29999 -36.6 19.6615707
      vertex 4.29999 -43.4 0.2615707
      vertex 4.29999 -43.4 19.6615707
    endloop
  endfacet
  facet normal 0.991446 -0.130518 0
    outer loop
      vertex -4.29999 -36.6 19.6615707
      vertex -4.26933 -36.3671 0.2615707
      vertex -4.26933 -36.3671 19.6615707
    endloop
  endfacet
  facet normal 0.991446 -0.130518 0
    outer loop
      vertex -4.26933 -36.3671 0.2615707
      vertex -4.29999 -36.6 19.6615707
      vertex -4.29999 -36.6 0.2615707
    endloop
  endfacet
  facet normal 0 1 -0
    outer loop
      vertex 3.39999 -44.3 0.2615707
      vertex -3.39999 -44.3 19.6615707
      vertex 3.39999 -44.3 19.6615707
    endloop
  endfacet
  facet normal 0 1 0
    outer loop
      vertex -3.39999 -44.3 19.6615707
      vertex 3.39999 -44.3 0.2615707
      vertex -3.39999 -44.3 0.2615707
    endloop
  endfacet
  facet normal 0.38265 -0.923893 0
    outer loop
      vertex -3.84999 -35.8206 19.6615707
      vertex -3.84999 -35.8206 0.2615707
      vertex -3.63293 -35.7307 19.6615707
    endloop
  endfacet
  facet normal 0.38265 -0.923893 0
    outer loop
      vertex -3.63293 -35.7307 19.6615707
      vertex -3.84999 -35.8206 0.2615707
      vertex -3.63293 -35.7307 0.2615707
    endloop
  endfacet
  facet normal 0.130664 -0.991427 0
    outer loop
      vertex -3.63293 -35.7307 19.6615707
      vertex -3.39999 -35.7 0.2615707
      vertex -3.39999 -35.7 19.6615707
    endloop
  endfacet
  facet normal 0.130664 -0.991427 0
    outer loop
      vertex -3.63293 -35.7307 19.6615707
      vertex -3.63293 -35.7307 0.2615707
      vertex -3.39999 -35.7 0.2615707
    endloop
  endfacet
  facet normal 0.608682 0.793414 0
    outer loop
      vertex -3.84999 -44.1794 19.6615707
      vertex -4.03639 -44.0364 0.2615707
      vertex -4.03639 -44.0364 19.6615707
    endloop
  endfacet
  facet normal 0.608682 0.793414 0
    outer loop
      vertex -4.03639 -44.0364 0.2615707
      vertex -3.84999 -44.1794 19.6615707
      vertex -3.84999 -44.1794 0.2615707
    endloop
  endfacet
  facet normal -0.923888 -0.382662 0
    outer loop
      vertex 4.26933 -36.3671 0.2615707
      vertex 4.17941 -36.15 19.6615707
      vertex 4.17941 -36.15 0.2615707
    endloop
  endfacet
  facet normal -0.923888 -0.382662 0
    outer loop
      vertex 4.17941 -36.15 19.6615707
      vertex 4.26933 -36.3671 0.2615707
      vertex 4.26933 -36.3671 19.6615707
    endloop
  endfacet
  facet normal 0.793373 -0.608735 0
    outer loop
      vertex -4.17941 -36.15 19.6615707
      vertex -4.03639 -35.9636 0.2615707
      vertex -4.03639 -35.9636 19.6615707
    endloop
  endfacet
  facet normal 0.793373 -0.608735 0
    outer loop
      vertex -4.03639 -35.9636 0.2615707
      vertex -4.17941 -36.15 19.6615707
      vertex -4.17941 -36.15 0.2615707
    endloop
  endfacet
  facet normal 0.608682 -0.793414 0
    outer loop
      vertex -4.03639 -35.9636 0.2615707
      vertex -3.84999 -35.8206 19.6615707
      vertex -4.03639 -35.9636 19.6615707
    endloop
  endfacet
  facet normal 0.608682 -0.793414 0
    outer loop
      vertex -3.84999 -35.8206 19.6615707
      vertex -4.03639 -35.9636 0.2615707
      vertex -3.84999 -35.8206 0.2615707
    endloop
  endfacet
  facet normal -0.991446 -0.130518 0
    outer loop
      vertex 4.29999 -36.6 0.2615707
      vertex 4.26933 -36.3671 19.6615707
      vertex 4.26933 -36.3671 0.2615707
    endloop
  endfacet
  facet normal -0.991446 -0.130518 0
    outer loop
      vertex 4.26933 -36.3671 19.6615707
      vertex 4.29999 -36.6 0.2615707
      vertex 4.29999 -36.6 19.6615707
    endloop
  endfacet
  facet normal 0.38265 0.923893 -0
    outer loop
      vertex -3.63293 -44.2693 0.2615707
      vertex -3.84999 -44.1794 19.6615707
      vertex -3.63293 -44.2693 19.6615707
    endloop
  endfacet
  facet normal 0.38265 0.923893 -0
    outer loop
      vertex -3.84999 -44.1794 0.2615707
      vertex -3.84999 -44.1794 19.6615707
      vertex -3.63293 -44.2693 0.2615707
    endloop
  endfacet
  facet normal -0.793373 0.608735 0
    outer loop
      vertex 4.03639 -44.0364 0.2615707
      vertex 4.17941 -43.85 19.6615707
      vertex 4.17941 -43.85 0.2615707
    endloop
  endfacet
  facet normal -0.793373 0.608735 0
    outer loop
      vertex 4.17941 -43.85 19.6615707
      vertex 4.03639 -44.0364 0.2615707
      vertex 4.03639 -44.0364 19.6615707
    endloop
  endfacet
  facet normal -0.38265 -0.923893 0
    outer loop
      vertex 3.63293 -35.7307 0.2615707
      vertex 3.84999 -35.8206 19.6615707
      vertex 3.63293 -35.7307 19.6615707
    endloop
  endfacet
  facet normal -0.38265 -0.923893 0
    outer loop
      vertex 3.84999 -35.8206 0.2615707
      vertex 3.84999 -35.8206 19.6615707
      vertex 3.63293 -35.7307 0.2615707
    endloop
  endfacet
  facet normal -0.608682 -0.793414 0
    outer loop
      vertex 3.84999 -35.8206 19.6615707
      vertex 4.03639 -35.9636 0.2615707
      vertex 4.03639 -35.9636 19.6615707
    endloop
  endfacet
  facet normal -0.608682 -0.793414 0
    outer loop
      vertex 4.03639 -35.9636 0.2615707
      vertex 3.84999 -35.8206 19.6615707
      vertex 3.84999 -35.8206 0.2615707
    endloop
  endfacet
  facet normal -0.38265 0.923893 0
    outer loop
      vertex 3.84999 -44.1794 19.6615707
      vertex 3.84999 -44.1794 0.2615707
      vertex 3.63293 -44.2693 19.6615707
    endloop
  endfacet
  facet normal -0.38265 0.923893 0
    outer loop
      vertex 3.63293 -44.2693 19.6615707
      vertex 3.84999 -44.1794 0.2615707
      vertex 3.63293 -44.2693 0.2615707
    endloop
  endfacet
  facet normal 0.991446 0.130518 0
    outer loop
      vertex -4.26933 -43.6329 19.6615707
      vertex -4.29999 -43.4 0.2615707
      vertex -4.29999 -43.4 19.6615707
    endloop
  endfacet
  facet normal 0.991446 0.130518 0
    outer loop
      vertex -4.29999 -43.4 0.2615707
      vertex -4.26933 -43.6329 19.6615707
      vertex -4.26933 -43.6329 0.2615707
    endloop
  endfacet
  facet normal -0.991446 0.130518 0
    outer loop
      vertex 4.26933 -43.6329 0.2615707
      vertex 4.29999 -43.4 19.6615707
      vertex 4.29999 -43.4 0.2615707
    endloop
  endfacet
  facet normal -0.991446 0.130518 0
    outer loop
      vertex 4.29999 -43.4 19.6615707
      vertex 4.26933 -43.6329 0.2615707
      vertex 4.26933 -43.6329 19.6615707
    endloop
  endfacet
  facet normal -0.793373 -0.608735 0
    outer loop
      vertex 4.17941 -36.15 0.2615707
      vertex 4.03639 -35.9636 19.6615707
      vertex 4.03639 -35.9636 0.2615707
    endloop
  endfacet
  facet normal -0.793373 -0.608735 0
    outer loop
      vertex 4.03639 -35.9636 19.6615707
      vertex 4.17941 -36.15 0.2615707
      vertex 4.17941 -36.15 19.6615707
    endloop
  endfacet
  facet normal -0.923888 0.382662 0
    outer loop
      vertex 4.17941 -43.85 0.2615707
      vertex 4.26933 -43.6329 19.6615707
      vertex 4.26933 -43.6329 0.2615707
    endloop
  endfacet
  facet normal -0.923888 0.382662 0
    outer loop
      vertex 4.26933 -43.6329 19.6615707
      vertex 4.17941 -43.85 0.2615707
      vertex 4.17941 -43.85 19.6615707
    endloop
  endfacet
  facet normal 0.923888 0.382662 0
    outer loop
      vertex -4.17941 -43.85 19.6615707
      vertex -4.26933 -43.6329 0.2615707
      vertex -4.26933 -43.6329 19.6615707
    endloop
  endfacet
  facet normal 0.923888 0.382662 0
    outer loop
      vertex -4.26933 -43.6329 0.2615707
      vertex -4.17941 -43.85 19.6615707
      vertex -4.17941 -43.85 0.2615707
    endloop
  endfacet
  facet normal 0.923888 -0.382662 0
    outer loop
      vertex -4.26933 -36.3671 19.6615707
      vertex -4.17941 -36.15 0.2615707
      vertex -4.17941 -36.15 19.6615707
    endloop
  endfacet
  facet normal 0.923888 -0.382662 0
    outer loop
      vertex -4.17941 -36.15 0.2615707
      vertex -4.26933 -36.3671 19.6615707
      vertex -4.26933 -36.3671 0.2615707
    endloop
  endfacet
  facet normal -0.608682 0.793414 0
    outer loop
      vertex 4.03639 -44.0364 0.2615707
      vertex 3.84999 -44.1794 19.6615707
      vertex 4.03639 -44.0364 19.6615707
    endloop
  endfacet
  facet normal -0.608682 0.793414 0
    outer loop
      vertex 3.84999 -44.1794 19.6615707
      vertex 4.03639 -44.0364 0.2615707
      vertex 3.84999 -44.1794 0.2615707
    endloop
  endfacet
  facet normal 0.793373 0.608735 0
    outer loop
      vertex -4.03639 -44.0364 19.6615707
      vertex -4.17941 -43.85 0.2615707
      vertex -4.17941 -43.85 19.6615707
    endloop
  endfacet
  facet normal 0.793373 0.608735 0
    outer loop
      vertex -4.17941 -43.85 0.2615707
      vertex -4.03639 -44.0364 19.6615707
      vertex -4.03639 -44.0364 0.2615707
    endloop
  endfacet
  facet normal 0.0896763 -0.68043 -0.727306
    outer loop
      vertex -3.63293 -35.7307 0.2615707
      vertex -3.81041 -35.4745 0
      vertex -3.39999 -35.7 0.2615707
    endloop
  endfacet
  facet normal 0.0897477 -0.6804 -0.727325
    outer loop
      vertex -3.81041 -35.4745 0
      vertex -3.63293 -35.7307 0.2615707
      vertex -3.8468 -35.4793 0
    endloop
  endfacet
  facet normal -0.0893568 0.68073 -0.727064
    outer loop
      vertex 3.81041 -44.5255 0
      vertex 3.60015 -44.5531 0
      vertex 3.39999 -44.3 0.2615707
    endloop
  endfacet
  facet normal 0.375496 0.490333 -0.786496
    outer loop
      vertex -4.10575 -44.4031 0
      vertex -3.84999 -44.1794 0.2615707
      vertex -4.07663 -44.4254 0
    endloop
  endfacet
  facet normal 0.375879 0.489956 -0.786548
    outer loop
      vertex -3.84999 -44.1794 0.2615707
      vertex -4.10575 -44.4031 0
      vertex -4.03639 -44.0364 0.2615707
    endloop
  endfacet
  facet normal -0.0897477 0.6804 -0.727325
    outer loop
      vertex 3.81041 -44.5255 0
      vertex 3.63293 -44.2693 0.2615707
      vertex 3.8468 -44.5207 0
    endloop
  endfacet
  facet normal -0.0896763 0.68043 -0.727306
    outer loop
      vertex 3.63293 -44.2693 0.2615707
      vertex 3.81041 -44.5255 0
      vertex 3.39999 -44.3 0.2615707
    endloop
  endfacet
  facet normal -0.244997 0.591132 -0.768466
    outer loop
      vertex 3.8468 -44.5207 0
      vertex 3.63293 -44.2693 0.2615707
      vertex 4.04272 -44.4395 0
    endloop
  endfacet
  facet normal 0.244997 0.591132 -0.768466
    outer loop
      vertex -3.63293 -44.2693 0.2615707
      vertex -3.8468 -44.5207 0
      vertex -4.04272 -44.4395 0
    endloop
  endfacet
  facet normal 0.0896763 0.68043 -0.727306
    outer loop
      vertex -3.81041 -44.5255 0
      vertex -3.63293 -44.2693 0.2615707
      vertex -3.39999 -44.3 0.2615707
    endloop
  endfacet
  facet normal 0.0897477 0.6804 -0.727325
    outer loop
      vertex -3.63293 -44.2693 0.2615707
      vertex -3.81041 -44.5255 0
      vertex -3.8468 -44.5207 0
    endloop
  endfacet
  facet normal -0.68061 -0.0895505 -0.727153
    outer loop
      vertex 4.52545 -36.1896 0
      vertex 4.55312 -36.3999 0
      vertex 4.29999 -36.6 0.2615707
    endloop
  endfacet
  facet normal 0.718606 0 -0.695417
    outer loop
      vertex -4.29999 -43.4 0.2615707
      vertex -4.55312 -36.3999 0
      vertex -4.29999 -36.6 0.2615707
    endloop
  endfacet
  facet normal 0.718606 0 -0.695417
    outer loop
      vertex -4.55312 -36.3999 0
      vertex -4.29999 -43.4 0.2615707
      vertex -4.55312 -43.6001 0
    endloop
  endfacet
  facet normal 0.0893568 -0.68073 -0.727064
    outer loop
      vertex -3.60015 -35.4469 0
      vertex -3.39999 -35.7 0.2615707
      vertex -3.81041 -35.4745 0
    endloop
  endfacet
  facet normal -0.0893568 -0.68073 -0.727064
    outer loop
      vertex 3.60015 -35.4469 0
      vertex 3.81041 -35.4745 0
      vertex 3.39999 -35.7 0.2615707
    endloop
  endfacet
  facet normal -0.375916 -0.489943 -0.786539
    outer loop
      vertex 4.10575 -35.5969 0
      vertex 4.27401 -35.726 0
      vertex 4.03639 -35.9636 0.2615707
    endloop
  endfacet
  facet normal -0.49 0.37587 -0.786525
    outer loop
      vertex 4.42545 -44.0766 0
      vertex 4.29635 -44.2449 0
      vertex 4.17941 -43.85 0.2615707
    endloop
  endfacet
  facet normal -0.680583 0.0895603 -0.727176
    outer loop
      vertex 4.26933 -43.6329 0.2615707
      vertex 4.52545 -43.8104 0
      vertex 4.52066 -43.8468 0
    endloop
  endfacet
  facet normal -0.68057 0.0895932 -0.727185
    outer loop
      vertex 4.52545 -43.8104 0
      vertex 4.26933 -43.6329 0.2615707
      vertex 4.29999 -43.4 0.2615707
    endloop
  endfacet
  facet normal 0.244889 0.591275 -0.76839
    outer loop
      vertex -4.04272 -44.4395 0
      vertex -3.84999 -44.1794 0.2615707
      vertex -3.63293 -44.2693 0.2615707
    endloop
  endfacet
  facet normal 0.245663 0.590812 -0.768499
    outer loop
      vertex -3.84999 -44.1794 0.2615707
      vertex -4.04272 -44.4395 0
      vertex -4.07663 -44.4254 0
    endloop
  endfacet
  facet normal 0.68061 0.0895505 -0.727153
    outer loop
      vertex -4.29999 -43.4 0.2615707
      vertex -4.52545 -43.8104 0
      vertex -4.55312 -43.6001 0
    endloop
  endfacet
  facet normal 0 -0.718647 -0.695375
    outer loop
      vertex -3.60015 -35.4469 0
      vertex 3.39999 -35.7 0.2615707
      vertex -3.39999 -35.7 0.2615707
    endloop
  endfacet
  facet normal 0 -0.718647 -0.695375
    outer loop
      vertex 3.39999 -35.7 0.2615707
      vertex -3.60015 -35.4469 0
      vertex 3.60015 -35.4469 0
    endloop
  endfacet
  facet normal -0.718606 0 -0.695417
    outer loop
      vertex 4.55312 -36.3999 0
      vertex 4.29999 -43.4 0.2615707
      vertex 4.29999 -36.6 0.2615707
    endloop
  endfacet
  facet normal -0.718606 0 -0.695417
    outer loop
      vertex 4.29999 -43.4 0.2615707
      vertex 4.55312 -36.3999 0
      vertex 4.55312 -43.6001 0
    endloop
  endfacet
  facet normal 0.68061 -0.0895505 -0.727153
    outer loop
      vertex -4.52545 -36.1896 0
      vertex -4.29999 -36.6 0.2615707
      vertex -4.55312 -36.3999 0
    endloop
  endfacet
  facet normal 0.59124 -0.244947 -0.768398
    outer loop
      vertex -4.4395 -35.9573 0
      vertex -4.26933 -36.3671 0.2615707
      vertex -4.52066 -36.1532 0
    endloop
  endfacet
  facet normal 0.0893568 0.68073 -0.727064
    outer loop
      vertex -3.39999 -44.3 0.2615707
      vertex -3.60015 -44.5531 0
      vertex -3.81041 -44.5255 0
    endloop
  endfacet
  facet normal 0 0.718647 -0.695375
    outer loop
      vertex 3.60015 -44.5531 0
      vertex -3.39999 -44.3 0.2615707
      vertex 3.39999 -44.3 0.2615707
    endloop
  endfacet
  facet normal 0 0.718647 -0.695375
    outer loop
      vertex -3.39999 -44.3 0.2615707
      vertex 3.60015 -44.5531 0
      vertex -3.60015 -44.5531 0
    endloop
  endfacet
  facet normal 0.375916 0.489943 -0.786539
    outer loop
      vertex -4.03639 -44.0364 0.2615707
      vertex -4.10575 -44.4031 0
      vertex -4.27401 -44.274 0
    endloop
  endfacet
  facet normal 0.244997 -0.591132 -0.768466
    outer loop
      vertex -3.8468 -35.4793 0
      vertex -3.63293 -35.7307 0.2615707
      vertex -4.04272 -35.5605 0
    endloop
  endfacet
  facet normal -0.0897477 -0.6804 -0.727325
    outer loop
      vertex 3.63293 -35.7307 0.2615707
      vertex 3.81041 -35.4745 0
      vertex 3.8468 -35.4793 0
    endloop
  endfacet
  facet normal -0.0896763 -0.68043 -0.727306
    outer loop
      vertex 3.81041 -35.4745 0
      vertex 3.63293 -35.7307 0.2615707
      vertex 3.39999 -35.7 0.2615707
    endloop
  endfacet
  facet normal -0.68061 0.0895505 -0.727153
    outer loop
      vertex 4.55312 -43.6001 0
      vertex 4.52545 -43.8104 0
      vertex 4.29999 -43.4 0.2615707
    endloop
  endfacet
  facet normal 0.489826 0.376038 -0.786553
    outer loop
      vertex -4.29635 -44.2449 0
      vertex -4.03639 -44.0364 0.2615707
      vertex -4.27401 -44.274 0
    endloop
  endfacet
  facet normal 0.489928 0.375909 -0.786551
    outer loop
      vertex -4.03639 -44.0364 0.2615707
      vertex -4.29635 -44.2449 0
      vertex -4.17941 -43.85 0.2615707
    endloop
  endfacet
  facet normal 0.244889 -0.591275 -0.76839
    outer loop
      vertex -3.84999 -35.8206 0.2615707
      vertex -4.04272 -35.5605 0
      vertex -3.63293 -35.7307 0.2615707
    endloop
  endfacet
  facet normal 0.245663 -0.590812 -0.768499
    outer loop
      vertex -4.04272 -35.5605 0
      vertex -3.84999 -35.8206 0.2615707
      vertex -4.07663 -35.5746 0
    endloop
  endfacet
  facet normal 0.68057 -0.0895932 -0.727185
    outer loop
      vertex -4.52545 -36.1896 0
      vertex -4.26933 -36.3671 0.2615707
      vertex -4.29999 -36.6 0.2615707
    endloop
  endfacet
  facet normal 0.680583 -0.0895603 -0.727176
    outer loop
      vertex -4.26933 -36.3671 0.2615707
      vertex -4.52545 -36.1896 0
      vertex -4.52066 -36.1532 0
    endloop
  endfacet
  facet normal 0.489928 -0.375909 -0.786551
    outer loop
      vertex -4.29635 -35.7551 0
      vertex -4.03639 -35.9636 0.2615707
      vertex -4.17941 -36.15 0.2615707
    endloop
  endfacet
  facet normal 0.489826 -0.376038 -0.786553
    outer loop
      vertex -4.03639 -35.9636 0.2615707
      vertex -4.29635 -35.7551 0
      vertex -4.27401 -35.726 0
    endloop
  endfacet
  facet normal -0.244997 -0.591132 -0.768466
    outer loop
      vertex 3.63293 -35.7307 0.2615707
      vertex 3.8468 -35.4793 0
      vertex 4.04272 -35.5605 0
    endloop
  endfacet
  facet normal 0.680583 0.0895603 -0.727176
    outer loop
      vertex -4.52545 -43.8104 0
      vertex -4.26933 -43.6329 0.2615707
      vertex -4.52066 -43.8468 0
    endloop
  endfacet
  facet normal 0.68057 0.0895932 -0.727185
    outer loop
      vertex -4.26933 -43.6329 0.2615707
      vertex -4.52545 -43.8104 0
      vertex -4.29999 -43.4 0.2615707
    endloop
  endfacet
  facet normal -0.591218 0.245033 -0.768388
    outer loop
      vertex 4.17941 -43.85 0.2615707
      vertex 4.4395 -44.0427 0
      vertex 4.42545 -44.0766 0
    endloop
  endfacet
  facet normal -0.591294 0.244906 -0.76837
    outer loop
      vertex 4.4395 -44.0427 0
      vertex 4.17941 -43.85 0.2615707
      vertex 4.26933 -43.6329 0.2615707
    endloop
  endfacet
  facet normal 0.591218 0.245033 -0.768388
    outer loop
      vertex -4.4395 -44.0427 0
      vertex -4.17941 -43.85 0.2615707
      vertex -4.42545 -44.0766 0
    endloop
  endfacet
  facet normal 0.591294 0.244906 -0.76837
    outer loop
      vertex -4.17941 -43.85 0.2615707
      vertex -4.4395 -44.0427 0
      vertex -4.26933 -43.6329 0.2615707
    endloop
  endfacet
  facet normal -0.49 -0.37587 -0.786525
    outer loop
      vertex 4.29635 -35.7551 0
      vertex 4.42545 -35.9234 0
      vertex 4.17941 -36.15 0.2615707
    endloop
  endfacet
  facet normal -0.489928 -0.375909 -0.786551
    outer loop
      vertex 4.03639 -35.9636 0.2615707
      vertex 4.29635 -35.7551 0
      vertex 4.17941 -36.15 0.2615707
    endloop
  endfacet
  facet normal -0.489826 -0.376038 -0.786553
    outer loop
      vertex 4.29635 -35.7551 0
      vertex 4.03639 -35.9636 0.2615707
      vertex 4.27401 -35.726 0
    endloop
  endfacet
  facet normal -0.245663 -0.590812 -0.768499
    outer loop
      vertex 3.84999 -35.8206 0.2615707
      vertex 4.04272 -35.5605 0
      vertex 4.07663 -35.5746 0
    endloop
  endfacet
  facet normal -0.244889 -0.591275 -0.76839
    outer loop
      vertex 3.63293 -35.7307 0.2615707
      vertex 4.04272 -35.5605 0
      vertex 3.84999 -35.8206 0.2615707
    endloop
  endfacet
  facet normal 0.591294 -0.244906 -0.76837
    outer loop
      vertex -4.4395 -35.9573 0
      vertex -4.17941 -36.15 0.2615707
      vertex -4.26933 -36.3671 0.2615707
    endloop
  endfacet
  facet normal 0.591218 -0.245033 -0.768388
    outer loop
      vertex -4.17941 -36.15 0.2615707
      vertex -4.4395 -35.9573 0
      vertex -4.42545 -35.9234 0
    endloop
  endfacet
  facet normal 0.49 -0.37587 -0.786525
    outer loop
      vertex -4.29635 -35.7551 0
      vertex -4.17941 -36.15 0.2615707
      vertex -4.42545 -35.9234 0
    endloop
  endfacet
  facet normal -0.375496 0.490333 -0.786496
    outer loop
      vertex 3.84999 -44.1794 0.2615707
      vertex 4.10575 -44.4031 0
      vertex 4.07663 -44.4254 0
    endloop
  endfacet
  facet normal -0.375879 0.489956 -0.786548
    outer loop
      vertex 4.10575 -44.4031 0
      vertex 3.84999 -44.1794 0.2615707
      vertex 4.03639 -44.0364 0.2615707
    endloop
  endfacet
  facet normal 0.375916 -0.489943 -0.786539
    outer loop
      vertex -4.10575 -35.5969 0
      vertex -4.03639 -35.9636 0.2615707
      vertex -4.27401 -35.726 0
    endloop
  endfacet
  facet normal 0.375879 -0.489956 -0.786548
    outer loop
      vertex -4.10575 -35.5969 0
      vertex -3.84999 -35.8206 0.2615707
      vertex -4.03639 -35.9636 0.2615707
    endloop
  endfacet
  facet normal 0.375496 -0.490333 -0.786496
    outer loop
      vertex -3.84999 -35.8206 0.2615707
      vertex -4.10575 -35.5969 0
      vertex -4.07663 -35.5746 0
    endloop
  endfacet
  facet normal -0.375879 -0.489956 -0.786548
    outer loop
      vertex 3.84999 -35.8206 0.2615707
      vertex 4.10575 -35.5969 0
      vertex 4.03639 -35.9636 0.2615707
    endloop
  endfacet
  facet normal -0.375496 -0.490333 -0.786496
    outer loop
      vertex 4.10575 -35.5969 0
      vertex 3.84999 -35.8206 0.2615707
      vertex 4.07663 -35.5746 0
    endloop
  endfacet
  facet normal -0.68057 -0.0895932 -0.727185
    outer loop
      vertex 4.26933 -36.3671 0.2615707
      vertex 4.52545 -36.1896 0
      vertex 4.29999 -36.6 0.2615707
    endloop
  endfacet
  facet normal -0.680583 -0.0895603 -0.727176
    outer loop
      vertex 4.52545 -36.1896 0
      vertex 4.26933 -36.3671 0.2615707
      vertex 4.52066 -36.1532 0
    endloop
  endfacet
  facet normal -0.59124 0.244947 -0.768398
    outer loop
      vertex 4.52066 -43.8468 0
      vertex 4.4395 -44.0427 0
      vertex 4.26933 -43.6329 0.2615707
    endloop
  endfacet
  facet normal -0.489826 0.376038 -0.786553
    outer loop
      vertex 4.03639 -44.0364 0.2615707
      vertex 4.29635 -44.2449 0
      vertex 4.27401 -44.274 0
    endloop
  endfacet
  facet normal -0.489928 0.375909 -0.786551
    outer loop
      vertex 4.29635 -44.2449 0
      vertex 4.03639 -44.0364 0.2615707
      vertex 4.17941 -43.85 0.2615707
    endloop
  endfacet
  facet normal -0.375916 0.489943 -0.786539
    outer loop
      vertex 4.27401 -44.274 0
      vertex 4.10575 -44.4031 0
      vertex 4.03639 -44.0364 0.2615707
    endloop
  endfacet
  facet normal 0.49 0.37587 -0.786525
    outer loop
      vertex -4.17941 -43.85 0.2615707
      vertex -4.29635 -44.2449 0
      vertex -4.42545 -44.0766 0
    endloop
  endfacet
  facet normal -0.245663 0.590812 -0.768499
    outer loop
      vertex 4.04272 -44.4395 0
      vertex 3.84999 -44.1794 0.2615707
      vertex 4.07663 -44.4254 0
    endloop
  endfacet
  facet normal -0.244889 0.591275 -0.76839
    outer loop
      vertex 4.04272 -44.4395 0
      vertex 3.63293 -44.2693 0.2615707
      vertex 3.84999 -44.1794 0.2615707
    endloop
  endfacet
  facet normal 0.59124 0.244947 -0.768398
    outer loop
      vertex -4.26933 -43.6329 0.2615707
      vertex -4.4395 -44.0427 0
      vertex -4.52066 -43.8468 0
    endloop
  endfacet
  facet normal -0.59124 -0.244947 -0.768398
    outer loop
      vertex 4.4395 -35.9573 0
      vertex 4.52066 -36.1532 0
      vertex 4.26933 -36.3671 0.2615707
    endloop
  endfacet
  facet normal -0.591294 -0.244906 -0.76837
    outer loop
      vertex 4.17941 -36.15 0.2615707
      vertex 4.4395 -35.9573 0
      vertex 4.26933 -36.3671 0.2615707
    endloop
  endfacet
  facet normal -0.591218 -0.245033 -0.768388
    outer loop
      vertex 4.4395 -35.9573 0
      vertex 4.17941 -36.15 0.2615707
      vertex 4.42545 -35.9234 0
    endloop
  endfacet
  facet normal 0 0.718686 0.695334
    outer loop
      vertex 3.39999 -44.3 19.6615707
      vertex -3.60014 -44.5531 19.9231707
      vertex 3.60014 -44.5531 19.9231707
    endloop
  endfacet
  facet normal 0 0.718686 0.695334
    outer loop
      vertex -3.60014 -44.5531 19.9231707
      vertex 3.39999 -44.3 19.6615707
      vertex -3.39999 -44.3 19.6615707
    endloop
  endfacet
  facet normal 0.68061 0.0895985 0.727147
    outer loop
      vertex -4.52545 -43.8104 19.9231707
      vertex -4.26933 -43.6329 19.6615707
      vertex -4.29999 -43.4 19.6615707
    endloop
  endfacet
  facet normal 0.680624 0.0895656 0.727138
    outer loop
      vertex -4.26933 -43.6329 19.6615707
      vertex -4.52545 -43.8104 19.9231707
      vertex -4.52066 -43.8468 19.9231707
    endloop
  endfacet
  facet normal -0.245014 0.591171 0.76843
    outer loop
      vertex 3.8468 -44.5207 19.9231707
      vertex 4.04272 -44.4395 19.9231707
      vertex 3.63293 -44.2693 19.6615707
    endloop
  endfacet
  facet normal -0.24568 0.590851 0.768464
    outer loop
      vertex 3.84999 -44.1794 19.6615707
      vertex 4.04272 -44.4395 19.9231707
      vertex 4.07663 -44.4254 19.9231707
    endloop
  endfacet
  facet normal -0.244905 0.591314 0.768354
    outer loop
      vertex 4.04272 -44.4395 19.9231707
      vertex 3.84999 -44.1794 19.6615707
      vertex 3.63293 -44.2693 19.6615707
    endloop
  endfacet
  facet normal 0.489962 0.375935 0.786518
    outer loop
      vertex -4.29635 -44.2449 19.9231707
      vertex -4.03639 -44.0364 19.6615707
      vertex -4.17941 -43.85 19.6615707
    endloop
  endfacet
  facet normal 0.48986 0.376064 0.786519
    outer loop
      vertex -4.03639 -44.0364 19.6615707
      vertex -4.29635 -44.2449 19.9231707
      vertex -4.27401 -44.274 19.9231707
    endloop
  endfacet
  facet normal 0.591264 0.244987 0.768368
    outer loop
      vertex -4.43949 -44.0427 19.9231707
      vertex -4.26933 -43.6329 19.6615707
      vertex -4.52066 -43.8468 19.9231707
    endloop
  endfacet
  facet normal -0.0896633 0.680632 0.727118
    outer loop
      vertex 3.60014 -44.5531 19.9231707
      vertex 3.81041 -44.5254 19.9231707
      vertex 3.39999 -44.3 19.6615707
    endloop
  endfacet
  facet normal -0.0879956 0.681311 0.726686
    outer loop
      vertex 3.63293 -44.2693 19.6615707
      vertex 3.81041 -44.5254 19.9231707
      vertex 3.8468 -44.5207 19.9231707
    endloop
  endfacet
  facet normal -0.0896986 0.680599 0.727145
    outer loop
      vertex 3.81041 -44.5254 19.9231707
      vertex 3.63293 -44.2693 19.6615707
      vertex 3.39999 -44.3 19.6615707
    endloop
  endfacet
  facet normal 0.375969 -0.489983 0.786488
    outer loop
      vertex -3.84999 -35.8206 19.6615707
      vertex -4.07663 -35.5746 19.9231707
      vertex -4.24488 -35.7037 19.9231707
    endloop
  endfacet
  facet normal -0.375969 -0.489983 0.786488
    outer loop
      vertex 4.24488 -35.7037 19.9231707
      vertex 4.07663 -35.5746 19.9231707
      vertex 3.84999 -35.8206 19.6615707
    endloop
  endfacet
  facet normal 0.68065 0.0895558 0.727114
    outer loop
      vertex -4.52545 -43.8104 19.9231707
      vertex -4.29999 -43.4 19.6615707
      vertex -4.55312 -43.6001 19.9231707
    endloop
  endfacet
  facet normal 0.0896986 -0.680599 0.727145
    outer loop
      vertex -3.81041 -35.4746 19.9231707
      vertex -3.63293 -35.7307 19.6615707
      vertex -3.39999 -35.7 19.6615707
    endloop
  endfacet
  facet normal 0.0879956 -0.681311 0.726686
    outer loop
      vertex -3.63293 -35.7307 19.6615707
      vertex -3.81041 -35.4746 19.9231707
      vertex -3.8468 -35.4793 19.9231707
    endloop
  endfacet
  facet normal 0.680624 -0.0895656 0.727138
    outer loop
      vertex -4.52545 -36.1896 19.9231707
      vertex -4.26933 -36.3671 19.6615707
      vertex -4.52066 -36.1532 19.9231707
    endloop
  endfacet
  facet normal 0.68061 -0.0895985 0.727147
    outer loop
      vertex -4.26933 -36.3671 19.6615707
      vertex -4.52545 -36.1896 19.9231707
      vertex -4.29999 -36.6 19.6615707
    endloop
  endfacet
  facet normal -0.591264 -0.244987 0.768368
    outer loop
      vertex 4.52066 -36.1532 19.9231707
      vertex 4.43949 -35.9573 19.9231707
      vertex 4.26933 -36.3671 19.6615707
    endloop
  endfacet
  facet normal -0.0896633 -0.680632 0.727118
    outer loop
      vertex 3.81041 -35.4746 19.9231707
      vertex 3.60014 -35.4469 19.9231707
      vertex 3.39999 -35.7 19.6615707
    endloop
  endfacet
  facet normal 0.244905 -0.591314 0.768354
    outer loop
      vertex -4.04272 -35.5605 19.9231707
      vertex -3.84999 -35.8206 19.6615707
      vertex -3.63293 -35.7307 19.6615707
    endloop
  endfacet
  facet normal 0.24568 -0.590851 0.768464
    outer loop
      vertex -3.84999 -35.8206 19.6615707
      vertex -4.04272 -35.5605 19.9231707
      vertex -4.07663 -35.5746 19.9231707
    endloop
  endfacet
  facet normal 0.245014 -0.591171 0.76843
    outer loop
      vertex -3.63293 -35.7307 19.6615707
      vertex -3.8468 -35.4793 19.9231707
      vertex -4.04272 -35.5605 19.9231707
    endloop
  endfacet
  facet normal -0.375441 -0.49043 0.786462
    outer loop
      vertex 4.24488 -35.7037 19.9231707
      vertex 4.03639 -35.9636 19.6615707
      vertex 4.27401 -35.726 19.9231707
    endloop
  endfacet
  facet normal -0.37594 -0.490037 0.786469
    outer loop
      vertex 4.03639 -35.9636 19.6615707
      vertex 4.24488 -35.7037 19.9231707
      vertex 3.84999 -35.8206 19.6615707
    endloop
  endfacet
  facet normal 0.375969 0.489983 0.786488
    outer loop
      vertex -4.07663 -44.4254 19.9231707
      vertex -3.84999 -44.1794 19.6615707
      vertex -4.24488 -44.2963 19.9231707
    endloop
  endfacet
  facet normal 0.245014 0.591171 0.76843
    outer loop
      vertex -3.8468 -44.5207 19.9231707
      vertex -3.63293 -44.2693 19.6615707
      vertex -4.04272 -44.4395 19.9231707
    endloop
  endfacet
  facet normal -0.24568 -0.590851 0.768464
    outer loop
      vertex 4.04272 -35.5605 19.9231707
      vertex 3.84999 -35.8206 19.6615707
      vertex 4.07663 -35.5746 19.9231707
    endloop
  endfacet
  facet normal -0.244905 -0.591314 0.768354
    outer loop
      vertex 3.84999 -35.8206 19.6615707
      vertex 4.04272 -35.5605 19.9231707
      vertex 3.63293 -35.7307 19.6615707
    endloop
  endfacet
  facet normal 0 -0.718686 0.695334
    outer loop
      vertex -3.39999 -35.7 19.6615707
      vertex 3.60014 -35.4469 19.9231707
      vertex -3.60014 -35.4469 19.9231707
    endloop
  endfacet
  facet normal 0 -0.718686 0.695334
    outer loop
      vertex 3.60014 -35.4469 19.9231707
      vertex -3.39999 -35.7 19.6615707
      vertex 3.39999 -35.7 19.6615707
    endloop
  endfacet
  facet normal 0.0896633 -0.680632 0.727118
    outer loop
      vertex -3.39999 -35.7 19.6615707
      vertex -3.60014 -35.4469 19.9231707
      vertex -3.81041 -35.4746 19.9231707
    endloop
  endfacet
  facet normal 0.68065 -0.0895558 0.727114
    outer loop
      vertex -4.29999 -36.6 19.6615707
      vertex -4.52545 -36.1896 19.9231707
      vertex -4.55312 -36.3999 19.9231707
    endloop
  endfacet
  facet normal 0.591264 -0.244987 0.768368
    outer loop
      vertex -4.26933 -36.3671 19.6615707
      vertex -4.43949 -35.9573 19.9231707
      vertex -4.52066 -36.1532 19.9231707
    endloop
  endfacet
  facet normal -0.68065 0.0895558 0.727114
    outer loop
      vertex 4.52545 -43.8104 19.9231707
      vertex 4.55312 -43.6001 19.9231707
      vertex 4.29999 -43.4 19.6615707
    endloop
  endfacet
  facet normal 0.591343 0.244927 0.768325
    outer loop
      vertex -4.43949 -44.0427 19.9231707
      vertex -4.17941 -43.85 19.6615707
      vertex -4.26933 -43.6329 19.6615707
    endloop
  endfacet
  facet normal 0.591351 0.244914 0.768324
    outer loop
      vertex -4.17941 -43.85 19.6615707
      vertex -4.43949 -44.0427 19.9231707
      vertex -4.42545 -44.0766 19.9231707
    endloop
  endfacet
  facet normal 0.244905 0.591314 0.768354
    outer loop
      vertex -3.84999 -44.1794 19.6615707
      vertex -4.04272 -44.4395 19.9231707
      vertex -3.63293 -44.2693 19.6615707
    endloop
  endfacet
  facet normal 0.24568 0.590851 0.768464
    outer loop
      vertex -4.04272 -44.4395 19.9231707
      vertex -3.84999 -44.1794 19.6615707
      vertex -4.07663 -44.4254 19.9231707
    endloop
  endfacet
  facet normal -0.68065 -0.0895558 0.727114
    outer loop
      vertex 4.55312 -36.3999 19.9231707
      vertex 4.52545 -36.1896 19.9231707
      vertex 4.29999 -36.6 19.6615707
    endloop
  endfacet
  facet normal 0.0896633 0.680632 0.727118
    outer loop
      vertex -3.60014 -44.5531 19.9231707
      vertex -3.39999 -44.3 19.6615707
      vertex -3.81041 -44.5254 19.9231707
    endloop
  endfacet
  facet normal -0.490034 -0.375897 0.786491
    outer loop
      vertex 4.42545 -35.9234 19.9231707
      vertex 4.29635 -35.7551 19.9231707
      vertex 4.17941 -36.15 19.6615707
    endloop
  endfacet
  facet normal -0.718645 0 0.695377
    outer loop
      vertex 4.29999 -43.4 19.6615707
      vertex 4.55312 -36.3999 19.9231707
      vertex 4.29999 -36.6 19.6615707
    endloop
  endfacet
  facet normal -0.718645 0 0.695377
    outer loop
      vertex 4.55312 -36.3999 19.9231707
      vertex 4.29999 -43.4 19.6615707
      vertex 4.55312 -43.6001 19.9231707
    endloop
  endfacet
  facet normal -0.490034 0.375897 0.786491
    outer loop
      vertex 4.29635 -44.2449 19.9231707
      vertex 4.42545 -44.0766 19.9231707
      vertex 4.17941 -43.85 19.6615707
    endloop
  endfacet
  facet normal 0.48986 -0.376064 0.786519
    outer loop
      vertex -4.29635 -35.7551 19.9231707
      vertex -4.03639 -35.9636 19.6615707
      vertex -4.27401 -35.726 19.9231707
    endloop
  endfacet
  facet normal 0.489962 -0.375935 0.786518
    outer loop
      vertex -4.03639 -35.9636 19.6615707
      vertex -4.29635 -35.7551 19.9231707
      vertex -4.17941 -36.15 19.6615707
    endloop
  endfacet
  facet normal -0.68061 0.0895985 0.727147
    outer loop
      vertex 4.26933 -43.6329 19.6615707
      vertex 4.52545 -43.8104 19.9231707
      vertex 4.29999 -43.4 19.6615707
    endloop
  endfacet
  facet normal -0.680624 0.0895656 0.727138
    outer loop
      vertex 4.52545 -43.8104 19.9231707
      vertex 4.26933 -43.6329 19.6615707
      vertex 4.52066 -43.8468 19.9231707
    endloop
  endfacet
  facet normal -0.0879956 -0.681311 0.726686
    outer loop
      vertex 3.81041 -35.4746 19.9231707
      vertex 3.63293 -35.7307 19.6615707
      vertex 3.8468 -35.4793 19.9231707
    endloop
  endfacet
  facet normal -0.0896986 -0.680599 0.727145
    outer loop
      vertex 3.63293 -35.7307 19.6615707
      vertex 3.81041 -35.4746 19.9231707
      vertex 3.39999 -35.7 19.6615707
    endloop
  endfacet
  facet normal -0.591264 0.244987 0.768368
    outer loop
      vertex 4.43949 -44.0427 19.9231707
      vertex 4.52066 -43.8468 19.9231707
      vertex 4.26933 -43.6329 19.6615707
    endloop
  endfacet
  facet normal -0.245014 -0.591171 0.76843
    outer loop
      vertex 4.04272 -35.5605 19.9231707
      vertex 3.8468 -35.4793 19.9231707
      vertex 3.63293 -35.7307 19.6615707
    endloop
  endfacet
  facet normal 0.37594 -0.490037 0.786469
    outer loop
      vertex -4.24488 -35.7037 19.9231707
      vertex -4.03639 -35.9636 19.6615707
      vertex -3.84999 -35.8206 19.6615707
    endloop
  endfacet
  facet normal 0.375441 -0.49043 0.786462
    outer loop
      vertex -4.03639 -35.9636 19.6615707
      vertex -4.24488 -35.7037 19.9231707
      vertex -4.27401 -35.726 19.9231707
    endloop
  endfacet
  facet normal -0.375969 0.489983 0.786488
    outer loop
      vertex 4.07663 -44.4254 19.9231707
      vertex 4.24488 -44.2963 19.9231707
      vertex 3.84999 -44.1794 19.6615707
    endloop
  endfacet
  facet normal -0.591343 0.244927 0.768325
    outer loop
      vertex 4.17941 -43.85 19.6615707
      vertex 4.43949 -44.0427 19.9231707
      vertex 4.26933 -43.6329 19.6615707
    endloop
  endfacet
  facet normal -0.591351 0.244914 0.768324
    outer loop
      vertex 4.43949 -44.0427 19.9231707
      vertex 4.17941 -43.85 19.6615707
      vertex 4.42545 -44.0766 19.9231707
    endloop
  endfacet
  facet normal 0.718645 0 0.695377
    outer loop
      vertex -4.55312 -36.3999 19.9231707
      vertex -4.29999 -43.4 19.6615707
      vertex -4.29999 -36.6 19.6615707
    endloop
  endfacet
  facet normal 0.718645 0 0.695377
    outer loop
      vertex -4.29999 -43.4 19.6615707
      vertex -4.55312 -36.3999 19.9231707
      vertex -4.55312 -43.6001 19.9231707
    endloop
  endfacet
  facet normal 0.37594 0.490037 0.786469
    outer loop
      vertex -4.03639 -44.0364 19.6615707
      vertex -4.24488 -44.2963 19.9231707
      vertex -3.84999 -44.1794 19.6615707
    endloop
  endfacet
  facet normal 0.375441 0.49043 0.786462
    outer loop
      vertex -4.24488 -44.2963 19.9231707
      vertex -4.03639 -44.0364 19.6615707
      vertex -4.27401 -44.274 19.9231707
    endloop
  endfacet
  facet normal 0.490034 -0.375897 0.786491
    outer loop
      vertex -4.17941 -36.15 19.6615707
      vertex -4.29635 -35.7551 19.9231707
      vertex -4.42545 -35.9234 19.9231707
    endloop
  endfacet
  facet normal -0.680624 -0.0895656 0.727138
    outer loop
      vertex 4.26933 -36.3671 19.6615707
      vertex 4.52545 -36.1896 19.9231707
      vertex 4.52066 -36.1532 19.9231707
    endloop
  endfacet
  facet normal -0.68061 -0.0895985 0.727147
    outer loop
      vertex 4.52545 -36.1896 19.9231707
      vertex 4.26933 -36.3671 19.6615707
      vertex 4.29999 -36.6 19.6615707
    endloop
  endfacet
  facet normal 0.591351 -0.244914 0.768324
    outer loop
      vertex -4.43949 -35.9573 19.9231707
      vertex -4.17941 -36.15 19.6615707
      vertex -4.42545 -35.9234 19.9231707
    endloop
  endfacet
  facet normal 0.591343 -0.244927 0.768325
    outer loop
      vertex -4.17941 -36.15 19.6615707
      vertex -4.43949 -35.9573 19.9231707
      vertex -4.26933 -36.3671 19.6615707
    endloop
  endfacet
  facet normal 0.490034 0.375897 0.786491
    outer loop
      vertex -4.29635 -44.2449 19.9231707
      vertex -4.17941 -43.85 19.6615707
      vertex -4.42545 -44.0766 19.9231707
    endloop
  endfacet
  facet normal 0.0896986 0.680599 0.727145
    outer loop
      vertex -3.63293 -44.2693 19.6615707
      vertex -3.81041 -44.5254 19.9231707
      vertex -3.39999 -44.3 19.6615707
    endloop
  endfacet
  facet normal 0.0879956 0.681311 0.726686
    outer loop
      vertex -3.81041 -44.5254 19.9231707
      vertex -3.63293 -44.2693 19.6615707
      vertex -3.8468 -44.5207 19.9231707
    endloop
  endfacet
  facet normal -0.489962 0.375935 0.786518
    outer loop
      vertex 4.03639 -44.0364 19.6615707
      vertex 4.29635 -44.2449 19.9231707
      vertex 4.17941 -43.85 19.6615707
    endloop
  endfacet
  facet normal -0.48986 0.376064 0.786519
    outer loop
      vertex 4.29635 -44.2449 19.9231707
      vertex 4.03639 -44.0364 19.6615707
      vertex 4.27401 -44.274 19.9231707
    endloop
  endfacet
  facet normal -0.375441 0.49043 0.786462
    outer loop
      vertex 4.03639 -44.0364 19.6615707
      vertex 4.24488 -44.2963 19.9231707
      vertex 4.27401 -44.274 19.9231707
    endloop
  endfacet
  facet normal -0.37594 0.490037 0.786469
    outer loop
      vertex 4.24488 -44.2963 19.9231707
      vertex 4.03639 -44.0364 19.6615707
      vertex 3.84999 -44.1794 19.6615707
    endloop
  endfacet
  facet normal -0.48986 -0.376064 0.786519
    outer loop
      vertex 4.03639 -35.9636 19.6615707
      vertex 4.29635 -35.7551 19.9231707
      vertex 4.27401 -35.726 19.9231707
    endloop
  endfacet
  facet normal -0.489962 -0.375935 0.786518
    outer loop
      vertex 4.29635 -35.7551 19.9231707
      vertex 4.03639 -35.9636 19.6615707
      vertex 4.17941 -36.15 19.6615707
    endloop
  endfacet
  facet normal -0.591351 -0.244914 0.768324
    outer loop
      vertex 4.17941 -36.15 19.6615707
      vertex 4.43949 -35.9573 19.9231707
      vertex 4.42545 -35.9234 19.9231707
    endloop
  endfacet
  facet normal -0.591343 -0.244927 0.768325
    outer loop
      vertex 4.43949 -35.9573 19.9231707
      vertex 4.17941 -36.15 19.6615707
      vertex 4.26933 -36.3671 19.6615707
    endloop
  endfacet
  facet normal -0.131918 0.991261 0
    outer loop
      vertex 3.63293 -186.269 19.6615707
      vertex 3.39999 -186.3 0.2615707
      vertex 3.39999 -186.3 19.6615707
    endloop
  endfacet
  facet normal -0.131918 0.991261 0
    outer loop
      vertex 3.63293 -186.269 19.6615707
      vertex 3.63293 -186.269 0.2615707
      vertex 3.39999 -186.3 0.2615707
    endloop
  endfacet
  facet normal 0 -1 0
    outer loop
      vertex -3.39999 -177.7 0.2615707
      vertex 3.39999 -177.7 19.6615707
      vertex -3.39999 -177.7 19.6615707
    endloop
  endfacet
  facet normal 0 -1 -0
    outer loop
      vertex 3.39999 -177.7 19.6615707
      vertex -3.39999 -177.7 0.2615707
      vertex 3.39999 -177.7 0.2615707
    endloop
  endfacet
  facet normal 0.131918 0.991261 -0
    outer loop
      vertex -3.39999 -186.3 0.2615707
      vertex -3.63293 -186.269 19.6615707
      vertex -3.39999 -186.3 19.6615707
    endloop
  endfacet
  facet normal 0.131918 0.991261 -0
    outer loop
      vertex -3.63293 -186.269 0.2615707
      vertex -3.63293 -186.269 19.6615707
      vertex -3.39999 -186.3 0.2615707
    endloop
  endfacet
  facet normal 1 -0 0
    outer loop
      vertex -4.29999 -185.4 19.6615707
      vertex -4.29999 -178.6 0.2615707
      vertex -4.29999 -178.6 19.6615707
    endloop
  endfacet
  facet normal 1 0 0
    outer loop
      vertex -4.29999 -178.6 0.2615707
      vertex -4.29999 -185.4 19.6615707
      vertex -4.29999 -185.4 0.2615707
    endloop
  endfacet
  facet normal -0.131918 -0.991261 0
    outer loop
      vertex 3.39999 -177.7 0.2615707
      vertex 3.63293 -177.731 19.6615707
      vertex 3.39999 -177.7 19.6615707
    endloop
  endfacet
  facet normal -0.131918 -0.991261 0
    outer loop
      vertex 3.63293 -177.731 0.2615707
      vertex 3.63293 -177.731 19.6615707
      vertex 3.39999 -177.7 0.2615707
    endloop
  endfacet
  facet normal 0.991453 -0.130463 0
    outer loop
      vertex -4.29999 -178.6 19.6615707
      vertex -4.26933 -178.367 0.2615707
      vertex -4.26933 -178.367 19.6615707
    endloop
  endfacet
  facet normal 0.991453 -0.130463 0
    outer loop
      vertex -4.26933 -178.367 0.2615707
      vertex -4.29999 -178.6 19.6615707
      vertex -4.29999 -178.6 0.2615707
    endloop
  endfacet
  facet normal -1 0 0
    outer loop
      vertex 4.29999 -185.4 0.2615707
      vertex 4.29999 -178.6 19.6615707
      vertex 4.29999 -178.6 0.2615707
    endloop
  endfacet
  facet normal -1 -0 0
    outer loop
      vertex 4.29999 -178.6 19.6615707
      vertex 4.29999 -185.4 0.2615707
      vertex 4.29999 -185.4 19.6615707
    endloop
  endfacet
  facet normal 0 1 -0
    outer loop
      vertex 3.39999 -186.3 0.2615707
      vertex -3.39999 -186.3 19.6615707
      vertex 3.39999 -186.3 19.6615707
    endloop
  endfacet
  facet normal 0 1 0
    outer loop
      vertex -3.39999 -186.3 19.6615707
      vertex 3.39999 -186.3 0.2615707
      vertex -3.39999 -186.3 0.2615707
    endloop
  endfacet
  facet normal 0.131918 -0.991261 0
    outer loop
      vertex -3.63293 -177.731 19.6615707
      vertex -3.39999 -177.7 0.2615707
      vertex -3.39999 -177.7 19.6615707
    endloop
  endfacet
  facet normal 0.131918 -0.991261 0
    outer loop
      vertex -3.63293 -177.731 19.6615707
      vertex -3.63293 -177.731 0.2615707
      vertex -3.39999 -177.7 0.2615707
    endloop
  endfacet
  facet normal 0.608682 0.793414 0
    outer loop
      vertex -3.84999 -186.179 19.6615707
      vertex -4.03639 -186.036 0.2615707
      vertex -4.03639 -186.036 19.6615707
    endloop
  endfacet
  facet normal 0.608682 0.793414 0
    outer loop
      vertex -4.03639 -186.036 0.2615707
      vertex -3.84999 -186.179 19.6615707
      vertex -3.84999 -186.179 0.2615707
    endloop
  endfacet
  facet normal -0.923826 -0.382813 0
    outer loop
      vertex 4.26933 -178.367 0.2615707
      vertex 4.17941 -178.15 19.6615707
      vertex 4.17941 -178.15 0.2615707
    endloop
  endfacet
  facet normal -0.923826 -0.382813 0
    outer loop
      vertex 4.17941 -178.15 19.6615707
      vertex 4.26933 -178.367 0.2615707
      vertex 4.26933 -178.367 19.6615707
    endloop
  endfacet
  facet normal 0.792741 -0.609558 0
    outer loop
      vertex -4.17941 -178.15 19.6615707
      vertex -4.03639 -177.964 0.2615707
      vertex -4.03639 -177.964 19.6615707
    endloop
  endfacet
  facet normal 0.792741 -0.609558 0
    outer loop
      vertex -4.03639 -177.964 0.2615707
      vertex -4.17941 -178.15 19.6615707
      vertex -4.17941 -178.15 0.2615707
    endloop
  endfacet
  facet normal 0.608682 -0.793414 0
    outer loop
      vertex -4.03639 -177.964 0.2615707
      vertex -3.84999 -177.821 19.6615707
      vertex -4.03639 -177.964 19.6615707
    endloop
  endfacet
  facet normal 0.608682 -0.793414 0
    outer loop
      vertex -3.84999 -177.821 19.6615707
      vertex -4.03639 -177.964 0.2615707
      vertex -3.84999 -177.821 0.2615707
    endloop
  endfacet
  facet normal -0.991453 -0.130463 0
    outer loop
      vertex 4.29999 -178.6 0.2615707
      vertex 4.26933 -178.367 19.6615707
      vertex 4.26933 -178.367 0.2615707
    endloop
  endfacet
  facet normal -0.991453 -0.130463 0
    outer loop
      vertex 4.26933 -178.367 19.6615707
      vertex 4.29999 -178.6 0.2615707
      vertex 4.29999 -178.6 19.6615707
    endloop
  endfacet
  facet normal 0.383013 0.923743 -0
    outer loop
      vertex -3.63293 -186.269 0.2615707
      vertex -3.84999 -186.179 19.6615707
      vertex -3.63293 -186.269 19.6615707
    endloop
  endfacet
  facet normal 0.383013 0.923743 -0
    outer loop
      vertex -3.84999 -186.179 0.2615707
      vertex -3.84999 -186.179 19.6615707
      vertex -3.63293 -186.269 0.2615707
    endloop
  endfacet
  facet normal -0.792741 0.609558 0
    outer loop
      vertex 4.03639 -186.036 0.2615707
      vertex 4.17941 -185.85 19.6615707
      vertex 4.17941 -185.85 0.2615707
    endloop
  endfacet
  facet normal -0.792741 0.609558 0
    outer loop
      vertex 4.17941 -185.85 19.6615707
      vertex 4.03639 -186.036 0.2615707
      vertex 4.03639 -186.036 19.6615707
    endloop
  endfacet
  facet normal -0.383013 -0.923743 0
    outer loop
      vertex 3.63293 -177.731 0.2615707
      vertex 3.84999 -177.821 19.6615707
      vertex 3.63293 -177.731 19.6615707
    endloop
  endfacet
  facet normal -0.383013 -0.923743 0
    outer loop
      vertex 3.84999 -177.821 0.2615707
      vertex 3.84999 -177.821 19.6615707
      vertex 3.63293 -177.731 0.2615707
    endloop
  endfacet
  facet normal -0.608682 -0.793414 0
    outer loop
      vertex 3.84999 -177.821 19.6615707
      vertex 4.03639 -177.964 0.2615707
      vertex 4.03639 -177.964 19.6615707
    endloop
  endfacet
  facet normal -0.608682 -0.793414 0
    outer loop
      vertex 4.03639 -177.964 0.2615707
      vertex 3.84999 -177.821 19.6615707
      vertex 3.84999 -177.821 0.2615707
    endloop
  endfacet
  facet normal -0.383013 0.923743 0
    outer loop
      vertex 3.84999 -186.179 19.6615707
      vertex 3.84999 -186.179 0.2615707
      vertex 3.63293 -186.269 19.6615707
    endloop
  endfacet
  facet normal -0.383013 0.923743 0
    outer loop
      vertex 3.63293 -186.269 19.6615707
      vertex 3.84999 -186.179 0.2615707
      vertex 3.63293 -186.269 0.2615707
    endloop
  endfacet
  facet normal 0.991453 0.130463 0
    outer loop
      vertex -4.26933 -185.633 19.6615707
      vertex -4.29999 -185.4 0.2615707
      vertex -4.29999 -185.4 19.6615707
    endloop
  endfacet
  facet normal 0.991453 0.130463 0
    outer loop
      vertex -4.29999 -185.4 0.2615707
      vertex -4.26933 -185.633 19.6615707
      vertex -4.26933 -185.633 0.2615707
    endloop
  endfacet
  facet normal 0.383013 -0.923743 0
    outer loop
      vertex -3.84999 -177.821 19.6615707
      vertex -3.84999 -177.821 0.2615707
      vertex -3.63293 -177.731 19.6615707
    endloop
  endfacet
  facet normal 0.383013 -0.923743 0
    outer loop
      vertex -3.63293 -177.731 19.6615707
      vertex -3.84999 -177.821 0.2615707
      vertex -3.63293 -177.731 0.2615707
    endloop
  endfacet
  facet normal -0.991453 0.130463 0
    outer loop
      vertex 4.26933 -185.633 0.2615707
      vertex 4.29999 -185.4 19.6615707
      vertex 4.29999 -185.4 0.2615707
    endloop
  endfacet
  facet normal -0.991453 0.130463 0
    outer loop
      vertex 4.29999 -185.4 19.6615707
      vertex 4.26933 -185.633 0.2615707
      vertex 4.26933 -185.633 19.6615707
    endloop
  endfacet
  facet normal -0.792741 -0.609558 0
    outer loop
      vertex 4.17941 -178.15 0.2615707
      vertex 4.03639 -177.964 19.6615707
      vertex 4.03639 -177.964 0.2615707
    endloop
  endfacet
  facet normal -0.792741 -0.609558 0
    outer loop
      vertex 4.03639 -177.964 19.6615707
      vertex 4.17941 -178.15 0.2615707
      vertex 4.17941 -178.15 19.6615707
    endloop
  endfacet
  facet normal -0.923826 0.382813 0
    outer loop
      vertex 4.17941 -185.85 0.2615707
      vertex 4.26933 -185.633 19.6615707
      vertex 4.26933 -185.633 0.2615707
    endloop
  endfacet
  facet normal -0.923826 0.382813 0
    outer loop
      vertex 4.26933 -185.633 19.6615707
      vertex 4.17941 -185.85 0.2615707
      vertex 4.17941 -185.85 19.6615707
    endloop
  endfacet
  facet normal 0.923826 0.382813 0
    outer loop
      vertex -4.17941 -185.85 19.6615707
      vertex -4.26933 -185.633 0.2615707
      vertex -4.26933 -185.633 19.6615707
    endloop
  endfacet
  facet normal 0.923826 0.382813 0
    outer loop
      vertex -4.26933 -185.633 0.2615707
      vertex -4.17941 -185.85 19.6615707
      vertex -4.17941 -185.85 0.2615707
    endloop
  endfacet
  facet normal 0.923826 -0.382813 0
    outer loop
      vertex -4.26933 -178.367 19.6615707
      vertex -4.17941 -178.15 0.2615707
      vertex -4.17941 -178.15 19.6615707
    endloop
  endfacet
  facet normal 0.923826 -0.382813 0
    outer loop
      vertex -4.17941 -178.15 0.2615707
      vertex -4.26933 -178.367 19.6615707
      vertex -4.26933 -178.367 0.2615707
    endloop
  endfacet
  facet normal -0.608682 0.793414 0
    outer loop
      vertex 4.03639 -186.036 0.2615707
      vertex 3.84999 -186.179 19.6615707
      vertex 4.03639 -186.036 19.6615707
    endloop
  endfacet
  facet normal -0.608682 0.793414 0
    outer loop
      vertex 3.84999 -186.179 19.6615707
      vertex 4.03639 -186.036 0.2615707
      vertex 3.84999 -186.179 0.2615707
    endloop
  endfacet
  facet normal 0.792741 0.609558 0
    outer loop
      vertex -4.03639 -186.036 19.6615707
      vertex -4.17941 -185.85 0.2615707
      vertex -4.17941 -185.85 19.6615707
    endloop
  endfacet
  facet normal 0.792741 0.609558 0
    outer loop
      vertex -4.17941 -185.85 0.2615707
      vertex -4.03639 -186.036 19.6615707
      vertex -4.03639 -186.036 0.2615707
    endloop
  endfacet
  facet normal 0.0905406 -0.680339 -0.727283
    outer loop
      vertex -3.63293 -177.731 0.2615707
      vertex -3.81041 -177.475 0
      vertex -3.39999 -177.7 0.2615707
    endloop
  endfacet
  facet normal 0.075467 -0.686561 -0.723145
    outer loop
      vertex -3.81041 -177.475 0
      vertex -3.63293 -177.731 0.2615707
      vertex -3.8468 -177.479 0
    endloop
  endfacet
  facet normal -0.0905931 0.68029 -0.727323
    outer loop
      vertex 3.81041 -186.525 0
      vertex 3.60015 -186.553 0
      vertex 3.39999 -186.3 0.2615707
    endloop
  endfacet
  facet normal 0.37243 0.492961 -0.786311
    outer loop
      vertex -4.10575 -186.403 0
      vertex -3.84999 -186.179 0.2615707
      vertex -4.07663 -186.425 0
    endloop
  endfacet
  facet normal 0.375712 0.48974 -0.786762
    outer loop
      vertex -3.84999 -186.179 0.2615707
      vertex -4.10575 -186.403 0
      vertex -4.03639 -186.036 0.2615707
    endloop
  endfacet
  facet normal -0.075467 0.686561 -0.723145
    outer loop
      vertex 3.81041 -186.525 0
      vertex 3.63293 -186.269 0.2615707
      vertex 3.8468 -186.521 0
    endloop
  endfacet
  facet normal -0.0905406 0.680339 -0.727283
    outer loop
      vertex 3.63293 -186.269 0.2615707
      vertex 3.81041 -186.525 0
      vertex 3.39999 -186.3 0.2615707
    endloop
  endfacet
  facet normal -0.246633 0.589273 -0.769369
    outer loop
      vertex 3.8468 -186.521 0
      vertex 3.63293 -186.269 0.2615707
      vertex 4.04272 -186.439 0
    endloop
  endfacet
  facet normal 0.246633 0.589273 -0.769369
    outer loop
      vertex -3.63293 -186.269 0.2615707
      vertex -3.8468 -186.521 0
      vertex -4.04272 -186.439 0
    endloop
  endfacet
  facet normal 0.0905406 0.680339 -0.727283
    outer loop
      vertex -3.81041 -186.525 0
      vertex -3.63293 -186.269 0.2615707
      vertex -3.39999 -186.3 0.2615707
    endloop
  endfacet
  facet normal 0.075467 0.686561 -0.723145
    outer loop
      vertex -3.63293 -186.269 0.2615707
      vertex -3.81041 -186.525 0
      vertex -3.8468 -186.521 0
    endloop
  endfacet
  facet normal -0.680571 -0.0896733 -0.727174
    outer loop
      vertex 4.52545 -178.19 0
      vertex 4.55312 -178.4 0
      vertex 4.29999 -178.6 0.2615707
    endloop
  endfacet
  facet normal 0.718606 0 -0.695417
    outer loop
      vertex -4.29999 -185.4 0.2615707
      vertex -4.55312 -178.4 0
      vertex -4.29999 -178.6 0.2615707
    endloop
  endfacet
  facet normal 0.718606 0 -0.695417
    outer loop
      vertex -4.55312 -178.4 0
      vertex -4.29999 -185.4 0.2615707
      vertex -4.55312 -185.6 0
    endloop
  endfacet
  facet normal 0.0905931 -0.68029 -0.727323
    outer loop
      vertex -3.60015 -177.447 0
      vertex -3.39999 -177.7 0.2615707
      vertex -3.81041 -177.475 0
    endloop
  endfacet
  facet normal -0.0905931 -0.68029 -0.727323
    outer loop
      vertex 3.60015 -177.447 0
      vertex 3.81041 -177.475 0
      vertex 3.39999 -177.7 0.2615707
    endloop
  endfacet
  facet normal -0.375523 -0.48981 -0.78681
    outer loop
      vertex 4.10575 -177.597 0
      vertex 4.27401 -177.726 0
      vertex 4.03639 -177.964 0.2615707
    endloop
  endfacet
  facet normal -0.489431 0.376104 -0.786767
    outer loop
      vertex 4.42545 -186.077 0
      vertex 4.29635 -186.245 0
      vertex 4.17941 -185.85 0.2615707
    endloop
  endfacet
  facet normal -0.681243 0.0881933 -0.726726
    outer loop
      vertex 4.26933 -185.633 0.2615707
      vertex 4.52545 -185.81 0
      vertex 4.52066 -185.847 0
    endloop
  endfacet
  facet normal -0.68067 0.0895679 -0.727095
    outer loop
      vertex 4.52545 -185.81 0
      vertex 4.26933 -185.633 0.2615707
      vertex 4.29999 -185.4 0.2615707
    endloop
  endfacet
  facet normal 0.24515 0.591247 -0.768328
    outer loop
      vertex -4.04272 -186.439 0
      vertex -3.84999 -186.179 0.2615707
      vertex -3.63293 -186.269 0.2615707
    endloop
  endfacet
  facet normal 0.244309 0.591751 -0.768208
    outer loop
      vertex -3.84999 -186.179 0.2615707
      vertex -4.04272 -186.439 0
      vertex -4.07663 -186.425 0
    endloop
  endfacet
  facet normal 0.680571 0.0896733 -0.727174
    outer loop
      vertex -4.29999 -185.4 0.2615707
      vertex -4.52545 -185.81 0
      vertex -4.55312 -185.6 0
    endloop
  endfacet
  facet normal 0 -0.718785 -0.695233
    outer loop
      vertex -3.60015 -177.447 0
      vertex 3.39999 -177.7 0.2615707
      vertex -3.39999 -177.7 0.2615707
    endloop
  endfacet
  facet normal 0 -0.718785 -0.695233
    outer loop
      vertex 3.39999 -177.7 0.2615707
      vertex -3.60015 -177.447 0
      vertex 3.60015 -177.447 0
    endloop
  endfacet
  facet normal -0.718606 0 -0.695417
    outer loop
      vertex 4.55312 -178.4 0
      vertex 4.29999 -185.4 0.2615707
      vertex 4.29999 -178.6 0.2615707
    endloop
  endfacet
  facet normal -0.718606 0 -0.695417
    outer loop
      vertex 4.29999 -185.4 0.2615707
      vertex 4.55312 -178.4 0
      vertex 4.55312 -185.6 0
    endloop
  endfacet
  facet normal 0.680571 -0.0896733 -0.727174
    outer loop
      vertex -4.52545 -178.19 0
      vertex -4.29999 -178.6 0.2615707
      vertex -4.55312 -178.4 0
    endloop
  endfacet
  facet normal 0.591262 -0.244831 -0.768418
    outer loop
      vertex -4.4395 -177.957 0
      vertex -4.26933 -178.367 0.2615707
      vertex -4.52066 -178.153 0
    endloop
  endfacet
  facet normal 0.0905931 0.68029 -0.727323
    outer loop
      vertex -3.39999 -186.3 0.2615707
      vertex -3.60015 -186.553 0
      vertex -3.81041 -186.525 0
    endloop
  endfacet
  facet normal 0 0.718785 -0.695233
    outer loop
      vertex 3.60015 -186.553 0
      vertex -3.39999 -186.3 0.2615707
      vertex 3.39999 -186.3 0.2615707
    endloop
  endfacet
  facet normal 0 0.718785 -0.695233
    outer loop
      vertex -3.39999 -186.3 0.2615707
      vertex 3.60015 -186.553 0
      vertex -3.60015 -186.553 0
    endloop
  endfacet
  facet normal 0.375523 0.48981 -0.78681
    outer loop
      vertex -4.03639 -186.036 0.2615707
      vertex -4.10575 -186.403 0
      vertex -4.27401 -186.274 0
    endloop
  endfacet
  facet normal 0.246633 -0.589273 -0.769369
    outer loop
      vertex -3.8468 -177.479 0
      vertex -3.63293 -177.731 0.2615707
      vertex -4.04272 -177.561 0
    endloop
  endfacet
  facet normal -0.075467 -0.686561 -0.723145
    outer loop
      vertex 3.63293 -177.731 0.2615707
      vertex 3.81041 -177.475 0
      vertex 3.8468 -177.479 0
    endloop
  endfacet
  facet normal -0.0905406 -0.680339 -0.727283
    outer loop
      vertex 3.81041 -177.475 0
      vertex 3.63293 -177.731 0.2615707
      vertex 3.39999 -177.7 0.2615707
    endloop
  endfacet
  facet normal -0.680571 0.0896733 -0.727174
    outer loop
      vertex 4.55312 -185.6 0
      vertex 4.52545 -185.81 0
      vertex 4.29999 -185.4 0.2615707
    endloop
  endfacet
  facet normal 0.488913 0.376631 -0.786838
    outer loop
      vertex -4.29635 -186.245 0
      vertex -4.03639 -186.036 0.2615707
      vertex -4.27401 -186.274 0
    endloop
  endfacet
  facet normal 0.489254 0.3762 -0.786832
    outer loop
      vertex -4.03639 -186.036 0.2615707
      vertex -4.29635 -186.245 0
      vertex -4.17941 -185.85 0.2615707
    endloop
  endfacet
  facet normal 0.24515 -0.591247 -0.768328
    outer loop
      vertex -3.84999 -177.821 0.2615707
      vertex -4.04272 -177.561 0
      vertex -3.63293 -177.731 0.2615707
    endloop
  endfacet
  facet normal 0.244309 -0.591751 -0.768208
    outer loop
      vertex -4.04272 -177.561 0
      vertex -3.84999 -177.821 0.2615707
      vertex -4.07663 -177.575 0
    endloop
  endfacet
  facet normal 0.68067 -0.0895679 -0.727095
    outer loop
      vertex -4.52545 -178.19 0
      vertex -4.26933 -178.367 0.2615707
      vertex -4.29999 -178.6 0.2615707
    endloop
  endfacet
  facet normal 0.681243 -0.0881933 -0.726726
    outer loop
      vertex -4.26933 -178.367 0.2615707
      vertex -4.52545 -178.19 0
      vertex -4.52066 -178.153 0
    endloop
  endfacet
  facet normal 0.489254 -0.3762 -0.786832
    outer loop
      vertex -4.29635 -177.755 0
      vertex -4.03639 -177.964 0.2615707
      vertex -4.17941 -178.15 0.2615707
    endloop
  endfacet
  facet normal 0.488913 -0.376631 -0.786838
    outer loop
      vertex -4.03639 -177.964 0.2615707
      vertex -4.29635 -177.755 0
      vertex -4.27401 -177.726 0
    endloop
  endfacet
  facet normal -0.246633 -0.589273 -0.769369
    outer loop
      vertex 3.63293 -177.731 0.2615707
      vertex 3.8468 -177.479 0
      vertex 4.04272 -177.561 0
    endloop
  endfacet
  facet normal 0.681243 0.0881933 -0.726726
    outer loop
      vertex -4.52545 -185.81 0
      vertex -4.26933 -185.633 0.2615707
      vertex -4.52066 -185.847 0
    endloop
  endfacet
  facet normal 0.68067 0.0895679 -0.727095
    outer loop
      vertex -4.26933 -185.633 0.2615707
      vertex -4.52545 -185.81 0
      vertex -4.29999 -185.4 0.2615707
    endloop
  endfacet
  facet normal -0.591436 0.244402 -0.768421
    outer loop
      vertex 4.17941 -185.85 0.2615707
      vertex 4.4395 -186.043 0
      vertex 4.42545 -186.077 0
    endloop
  endfacet
  facet normal -0.591112 0.244944 -0.768498
    outer loop
      vertex 4.4395 -186.043 0
      vertex 4.17941 -185.85 0.2615707
      vertex 4.26933 -185.633 0.2615707
    endloop
  endfacet
  facet normal 0.591436 0.244402 -0.768421
    outer loop
      vertex -4.4395 -186.043 0
      vertex -4.17941 -185.85 0.2615707
      vertex -4.42545 -186.077 0
    endloop
  endfacet
  facet normal 0.591112 0.244944 -0.768498
    outer loop
      vertex -4.17941 -185.85 0.2615707
      vertex -4.4395 -186.043 0
      vertex -4.26933 -185.633 0.2615707
    endloop
  endfacet
  facet normal -0.489431 -0.376104 -0.786767
    outer loop
      vertex 4.29635 -177.755 0
      vertex 4.42545 -177.923 0
      vertex 4.17941 -178.15 0.2615707
    endloop
  endfacet
  facet normal -0.489254 -0.3762 -0.786832
    outer loop
      vertex 4.03639 -177.964 0.2615707
      vertex 4.29635 -177.755 0
      vertex 4.17941 -178.15 0.2615707
    endloop
  endfacet
  facet normal -0.488913 -0.376631 -0.786838
    outer loop
      vertex 4.29635 -177.755 0
      vertex 4.03639 -177.964 0.2615707
      vertex 4.27401 -177.726 0
    endloop
  endfacet
  facet normal -0.244309 -0.591751 -0.768208
    outer loop
      vertex 3.84999 -177.821 0.2615707
      vertex 4.04272 -177.561 0
      vertex 4.07663 -177.575 0
    endloop
  endfacet
  facet normal -0.24515 -0.591247 -0.768328
    outer loop
      vertex 3.63293 -177.731 0.2615707
      vertex 4.04272 -177.561 0
      vertex 3.84999 -177.821 0.2615707
    endloop
  endfacet
  facet normal 0.591112 -0.244944 -0.768498
    outer loop
      vertex -4.4395 -177.957 0
      vertex -4.17941 -178.15 0.2615707
      vertex -4.26933 -178.367 0.2615707
    endloop
  endfacet
  facet normal 0.591436 -0.244402 -0.768421
    outer loop
      vertex -4.17941 -178.15 0.2615707
      vertex -4.4395 -177.957 0
      vertex -4.42545 -177.923 0
    endloop
  endfacet
  facet normal 0.489431 -0.376104 -0.786767
    outer loop
      vertex -4.29635 -177.755 0
      vertex -4.17941 -178.15 0.2615707
      vertex -4.42545 -177.923 0
    endloop
  endfacet
  facet normal -0.37243 0.492961 -0.786311
    outer loop
      vertex 3.84999 -186.179 0.2615707
      vertex 4.10575 -186.403 0
      vertex 4.07663 -186.425 0
    endloop
  endfacet
  facet normal -0.375712 0.48974 -0.786762
    outer loop
      vertex 4.10575 -186.403 0
      vertex 3.84999 -186.179 0.2615707
      vertex 4.03639 -186.036 0.2615707
    endloop
  endfacet
  facet normal 0.375523 -0.48981 -0.78681
    outer loop
      vertex -4.10575 -177.597 0
      vertex -4.03639 -177.964 0.2615707
      vertex -4.27401 -177.726 0
    endloop
  endfacet
  facet normal 0.375712 -0.48974 -0.786762
    outer loop
      vertex -4.10575 -177.597 0
      vertex -3.84999 -177.821 0.2615707
      vertex -4.03639 -177.964 0.2615707
    endloop
  endfacet
  facet normal 0.37243 -0.492961 -0.786311
    outer loop
      vertex -3.84999 -177.821 0.2615707
      vertex -4.10575 -177.597 0
      vertex -4.07663 -177.575 0
    endloop
  endfacet
  facet normal -0.375712 -0.48974 -0.786762
    outer loop
      vertex 3.84999 -177.821 0.2615707
      vertex 4.10575 -177.597 0
      vertex 4.03639 -177.964 0.2615707
    endloop
  endfacet
  facet normal -0.37243 -0.492961 -0.786311
    outer loop
      vertex 4.10575 -177.597 0
      vertex 3.84999 -177.821 0.2615707
      vertex 4.07663 -177.575 0
    endloop
  endfacet
  facet normal -0.68067 -0.0895679 -0.727095
    outer loop
      vertex 4.26933 -178.367 0.2615707
      vertex 4.52545 -178.19 0
      vertex 4.29999 -178.6 0.2615707
    endloop
  endfacet
  facet normal -0.681243 -0.0881933 -0.726726
    outer loop
      vertex 4.52545 -178.19 0
      vertex 4.26933 -178.367 0.2615707
      vertex 4.52066 -178.153 0
    endloop
  endfacet
  facet normal -0.591262 0.244831 -0.768418
    outer loop
      vertex 4.52066 -185.847 0
      vertex 4.4395 -186.043 0
      vertex 4.26933 -185.633 0.2615707
    endloop
  endfacet
  facet normal -0.488913 0.376631 -0.786838
    outer loop
      vertex 4.03639 -186.036 0.2615707
      vertex 4.29635 -186.245 0
      vertex 4.27401 -186.274 0
    endloop
  endfacet
  facet normal -0.489254 0.3762 -0.786832
    outer loop
      vertex 4.29635 -186.245 0
      vertex 4.03639 -186.036 0.2615707
      vertex 4.17941 -185.85 0.2615707
    endloop
  endfacet
  facet normal -0.375523 0.48981 -0.78681
    outer loop
      vertex 4.27401 -186.274 0
      vertex 4.10575 -186.403 0
      vertex 4.03639 -186.036 0.2615707
    endloop
  endfacet
  facet normal 0.489431 0.376104 -0.786767
    outer loop
      vertex -4.17941 -185.85 0.2615707
      vertex -4.29635 -186.245 0
      vertex -4.42545 -186.077 0
    endloop
  endfacet
  facet normal -0.244309 0.591751 -0.768208
    outer loop
      vertex 4.04272 -186.439 0
      vertex 3.84999 -186.179 0.2615707
      vertex 4.07663 -186.425 0
    endloop
  endfacet
  facet normal -0.24515 0.591247 -0.768328
    outer loop
      vertex 4.04272 -186.439 0
      vertex 3.63293 -186.269 0.2615707
      vertex 3.84999 -186.179 0.2615707
    endloop
  endfacet
  facet normal 0.591262 0.244831 -0.768418
    outer loop
      vertex -4.26933 -185.633 0.2615707
      vertex -4.4395 -186.043 0
      vertex -4.52066 -185.847 0
    endloop
  endfacet
  facet normal -0.591262 -0.244831 -0.768418
    outer loop
      vertex 4.4395 -177.957 0
      vertex 4.52066 -178.153 0
      vertex 4.26933 -178.367 0.2615707
    endloop
  endfacet
  facet normal -0.591112 -0.244944 -0.768498
    outer loop
      vertex 4.17941 -178.15 0.2615707
      vertex 4.4395 -177.957 0
      vertex 4.26933 -178.367 0.2615707
    endloop
  endfacet
  facet normal -0.591436 -0.244402 -0.768421
    outer loop
      vertex 4.4395 -177.957 0
      vertex 4.17941 -178.15 0.2615707
      vertex 4.42545 -177.923 0
    endloop
  endfacet
  facet normal 0 0.718824 0.695193
    outer loop
      vertex 3.39999 -186.3 19.6615707
      vertex -3.60014 -186.553 19.9231707
      vertex 3.60014 -186.553 19.9231707
    endloop
  endfacet
  facet normal 0 0.718824 0.695193
    outer loop
      vertex -3.60014 -186.553 19.9231707
      vertex 3.39999 -186.3 19.6615707
      vertex -3.39999 -186.3 19.6615707
    endloop
  endfacet
  facet normal 0.68071 0.0895732 0.727056
    outer loop
      vertex -4.52545 -185.81 19.9231707
      vertex -4.26933 -185.633 19.6615707
      vertex -4.29999 -185.4 19.6615707
    endloop
  endfacet
  facet normal 0.681283 0.0881985 0.726687
    outer loop
      vertex -4.26933 -185.633 19.6615707
      vertex -4.52545 -185.81 19.9231707
      vertex -4.52066 -185.847 19.9231707
    endloop
  endfacet
  facet normal -0.24665 0.589313 0.769334
    outer loop
      vertex 3.8468 -186.521 19.9231707
      vertex 4.04272 -186.439 19.9231707
      vertex 3.63293 -186.269 19.6615707
    endloop
  endfacet
  facet normal -0.244325 0.59179 0.768173
    outer loop
      vertex 3.84999 -186.179 19.6615707
      vertex 4.04272 -186.439 19.9231707
      vertex 4.07663 -186.425 19.9231707
    endloop
  endfacet
  facet normal -0.245166 0.591287 0.768293
    outer loop
      vertex 4.04272 -186.439 19.9231707
      vertex 3.84999 -186.179 19.6615707
      vertex 3.63293 -186.269 19.6615707
    endloop
  endfacet
  facet normal 0.489288 0.376226 0.786798
    outer loop
      vertex -4.29635 -186.245 19.9231707
      vertex -4.03639 -186.036 19.6615707
      vertex -4.17941 -185.85 19.6615707
    endloop
  endfacet
  facet normal 0.488946 0.376657 0.786804
    outer loop
      vertex -4.03639 -186.036 19.6615707
      vertex -4.29635 -186.245 19.9231707
      vertex -4.27401 -186.274 19.9231707
    endloop
  endfacet
  facet normal 0.591286 0.244871 0.768388
    outer loop
      vertex -4.43949 -186.043 19.9231707
      vertex -4.26933 -185.633 19.6615707
      vertex -4.52066 -185.847 19.9231707
    endloop
  endfacet
  facet normal -0.0905947 0.680334 0.727282
    outer loop
      vertex 3.60014 -186.553 19.9231707
      vertex 3.81041 -186.525 19.9231707
      vertex 3.39999 -186.3 19.6615707
    endloop
  endfacet
  facet normal -0.0754714 0.686601 0.723106
    outer loop
      vertex 3.63293 -186.269 19.6615707
      vertex 3.81041 -186.525 19.9231707
      vertex 3.8468 -186.521 19.9231707
    endloop
  endfacet
  facet normal -0.0905459 0.68038 0.727245
    outer loop
      vertex 3.81041 -186.525 19.9231707
      vertex 3.63293 -186.269 19.6615707
      vertex 3.39999 -186.3 19.6615707
    endloop
  endfacet
  facet normal 0.375793 -0.490134 0.786478
    outer loop
      vertex -3.84999 -177.821 19.6615707
      vertex -4.07663 -177.575 19.9231707
      vertex -4.24488 -177.704 19.9231707
    endloop
  endfacet
  facet normal -0.375793 -0.490134 0.786478
    outer loop
      vertex 4.24488 -177.704 19.9231707
      vertex 4.07663 -177.575 19.9231707
      vertex 3.84999 -177.821 19.6615707
    endloop
  endfacet
  facet normal 0.680611 0.0896786 0.727136
    outer loop
      vertex -4.52545 -185.81 19.9231707
      vertex -4.29999 -185.4 19.6615707
      vertex -4.55312 -185.6 19.9231707
    endloop
  endfacet
  facet normal 0.0905459 -0.68038 0.727245
    outer loop
      vertex -3.81041 -177.475 19.9231707
      vertex -3.63293 -177.731 19.6615707
      vertex -3.39999 -177.7 19.6615707
    endloop
  endfacet
  facet normal 0.0754714 -0.686601 0.723106
    outer loop
      vertex -3.63293 -177.731 19.6615707
      vertex -3.81041 -177.475 19.9231707
      vertex -3.8468 -177.479 19.9231707
    endloop
  endfacet
  facet normal 0.681283 -0.0881985 0.726687
    outer loop
      vertex -4.52545 -178.19 19.9231707
      vertex -4.26933 -178.367 19.6615707
      vertex -4.52066 -178.153 19.9231707
    endloop
  endfacet
  facet normal 0.68071 -0.0895732 0.727056
    outer loop
      vertex -4.26933 -178.367 19.6615707
      vertex -4.52545 -178.19 19.9231707
      vertex -4.29999 -178.6 19.6615707
    endloop
  endfacet
  facet normal -0.591286 -0.244871 0.768388
    outer loop
      vertex 4.52066 -178.153 19.9231707
      vertex 4.43949 -177.957 19.9231707
      vertex 4.26933 -178.367 19.6615707
    endloop
  endfacet
  facet normal -0.0905947 -0.680334 0.727282
    outer loop
      vertex 3.81041 -177.475 19.9231707
      vertex 3.60014 -177.447 19.9231707
      vertex 3.39999 -177.7 19.6615707
    endloop
  endfacet
  facet normal 0.245166 -0.591287 0.768293
    outer loop
      vertex -4.04272 -177.561 19.9231707
      vertex -3.84999 -177.821 19.6615707
      vertex -3.63293 -177.731 19.6615707
    endloop
  endfacet
  facet normal 0.244325 -0.59179 0.768173
    outer loop
      vertex -3.84999 -177.821 19.6615707
      vertex -4.04272 -177.561 19.9231707
      vertex -4.07663 -177.575 19.9231707
    endloop
  endfacet
  facet normal 0.24665 -0.589313 0.769334
    outer loop
      vertex -3.63293 -177.731 19.6615707
      vertex -3.8468 -177.479 19.9231707
      vertex -4.04272 -177.561 19.9231707
    endloop
  endfacet
  facet normal -0.372216 -0.492848 0.786483
    outer loop
      vertex 4.24488 -177.704 19.9231707
      vertex 4.03639 -177.964 19.6615707
      vertex 4.27401 -177.726 19.9231707
    endloop
  endfacet
  facet normal -0.375885 -0.489964 0.78654
    outer loop
      vertex 4.03639 -177.964 19.6615707
      vertex 4.24488 -177.704 19.9231707
      vertex 3.84999 -177.821 19.6615707
    endloop
  endfacet
  facet normal 0.375793 0.490134 0.786478
    outer loop
      vertex -4.07663 -186.425 19.9231707
      vertex -3.84999 -186.179 19.6615707
      vertex -4.24488 -186.296 19.9231707
    endloop
  endfacet
  facet normal 0.24665 0.589313 0.769334
    outer loop
      vertex -3.8468 -186.521 19.9231707
      vertex -3.63293 -186.269 19.6615707
      vertex -4.04272 -186.439 19.9231707
    endloop
  endfacet
  facet normal -0.244325 -0.59179 0.768173
    outer loop
      vertex 4.04272 -177.561 19.9231707
      vertex 3.84999 -177.821 19.6615707
      vertex 4.07663 -177.575 19.9231707
    endloop
  endfacet
  facet normal -0.245166 -0.591287 0.768293
    outer loop
      vertex 3.84999 -177.821 19.6615707
      vertex 4.04272 -177.561 19.9231707
      vertex 3.63293 -177.731 19.6615707
    endloop
  endfacet
  facet normal 0 -0.718824 0.695193
    outer loop
      vertex -3.39999 -177.7 19.6615707
      vertex 3.60014 -177.447 19.9231707
      vertex -3.60014 -177.447 19.9231707
    endloop
  endfacet
  facet normal 0 -0.718824 0.695193
    outer loop
      vertex 3.60014 -177.447 19.9231707
      vertex -3.39999 -177.7 19.6615707
      vertex 3.39999 -177.7 19.6615707
    endloop
  endfacet
  facet normal 0.0905947 -0.680334 0.727282
    outer loop
      vertex -3.39999 -177.7 19.6615707
      vertex -3.60014 -177.447 19.9231707
      vertex -3.81041 -177.475 19.9231707
    endloop
  endfacet
  facet normal 0.680611 -0.0896786 0.727136
    outer loop
      vertex -4.29999 -178.6 19.6615707
      vertex -4.52545 -178.19 19.9231707
      vertex -4.55312 -178.4 19.9231707
    endloop
  endfacet
  facet normal 0.591286 -0.244871 0.768388
    outer loop
      vertex -4.26933 -178.367 19.6615707
      vertex -4.43949 -177.957 19.9231707
      vertex -4.52066 -178.153 19.9231707
    endloop
  endfacet
  facet normal -0.680611 0.0896786 0.727136
    outer loop
      vertex 4.52545 -185.81 19.9231707
      vertex 4.55312 -185.6 19.9231707
      vertex 4.29999 -185.4 19.6615707
    endloop
  endfacet
  facet normal 0.591162 0.244964 0.768453
    outer loop
      vertex -4.43949 -186.043 19.9231707
      vertex -4.17941 -185.85 19.6615707
      vertex -4.26933 -185.633 19.6615707
    endloop
  endfacet
  facet normal 0.591569 0.244283 0.768356
    outer loop
      vertex -4.17941 -185.85 19.6615707
      vertex -4.43949 -186.043 19.9231707
      vertex -4.42545 -186.077 19.9231707
    endloop
  endfacet
  facet normal 0.245166 0.591287 0.768293
    outer loop
      vertex -3.84999 -186.179 19.6615707
      vertex -4.04272 -186.439 19.9231707
      vertex -3.63293 -186.269 19.6615707
    endloop
  endfacet
  facet normal 0.244325 0.59179 0.768173
    outer loop
      vertex -4.04272 -186.439 19.9231707
      vertex -3.84999 -186.179 19.6615707
      vertex -4.07663 -186.425 19.9231707
    endloop
  endfacet
  facet normal -0.680611 -0.0896786 0.727136
    outer loop
      vertex 4.55312 -178.4 19.9231707
      vertex 4.52545 -178.19 19.9231707
      vertex 4.29999 -178.6 19.6615707
    endloop
  endfacet
  facet normal 0.0905947 0.680334 0.727282
    outer loop
      vertex -3.60014 -186.553 19.9231707
      vertex -3.39999 -186.3 19.6615707
      vertex -3.81041 -186.525 19.9231707
    endloop
  endfacet
  facet normal -0.489465 -0.37613 0.786734
    outer loop
      vertex 4.42545 -177.923 19.9231707
      vertex 4.29635 -177.755 19.9231707
      vertex 4.17941 -178.15 19.6615707
    endloop
  endfacet
  facet normal -0.718645 0 0.695377
    outer loop
      vertex 4.29999 -185.4 19.6615707
      vertex 4.55312 -178.4 19.9231707
      vertex 4.29999 -178.6 19.6615707
    endloop
  endfacet
  facet normal -0.718645 0 0.695377
    outer loop
      vertex 4.55312 -178.4 19.9231707
      vertex 4.29999 -185.4 19.6615707
      vertex 4.55312 -185.6 19.9231707
    endloop
  endfacet
  facet normal -0.489465 0.37613 0.786734
    outer loop
      vertex 4.29635 -186.245 19.9231707
      vertex 4.42545 -186.077 19.9231707
      vertex 4.17941 -185.85 19.6615707
    endloop
  endfacet
  facet normal 0.488946 -0.376657 0.786804
    outer loop
      vertex -4.29635 -177.755 19.9231707
      vertex -4.03639 -177.964 19.6615707
      vertex -4.27401 -177.726 19.9231707
    endloop
  endfacet
  facet normal 0.489288 -0.376226 0.786798
    outer loop
      vertex -4.03639 -177.964 19.6615707
      vertex -4.29635 -177.755 19.9231707
      vertex -4.17941 -178.15 19.6615707
    endloop
  endfacet
  facet normal -0.68071 0.0895732 0.727056
    outer loop
      vertex 4.26933 -185.633 19.6615707
      vertex 4.52545 -185.81 19.9231707
      vertex 4.29999 -185.4 19.6615707
    endloop
  endfacet
  facet normal -0.681283 0.0881985 0.726687
    outer loop
      vertex 4.52545 -185.81 19.9231707
      vertex 4.26933 -185.633 19.6615707
      vertex 4.52066 -185.847 19.9231707
    endloop
  endfacet
  facet normal -0.0754714 -0.686601 0.723106
    outer loop
      vertex 3.81041 -177.475 19.9231707
      vertex 3.63293 -177.731 19.6615707
      vertex 3.8468 -177.479 19.9231707
    endloop
  endfacet
  facet normal -0.0905459 -0.68038 0.727245
    outer loop
      vertex 3.63293 -177.731 19.6615707
      vertex 3.81041 -177.475 19.9231707
      vertex 3.39999 -177.7 19.6615707
    endloop
  endfacet
  facet normal -0.591286 0.244871 0.768388
    outer loop
      vertex 4.43949 -186.043 19.9231707
      vertex 4.52066 -185.847 19.9231707
      vertex 4.26933 -185.633 19.6615707
    endloop
  endfacet
  facet normal -0.24665 -0.589313 0.769334
    outer loop
      vertex 4.04272 -177.561 19.9231707
      vertex 3.8468 -177.479 19.9231707
      vertex 3.63293 -177.731 19.6615707
    endloop
  endfacet
  facet normal 0.375885 -0.489964 0.78654
    outer loop
      vertex -4.24488 -177.704 19.9231707
      vertex -4.03639 -177.964 19.6615707
      vertex -3.84999 -177.821 19.6615707
    endloop
  endfacet
  facet normal 0.372216 -0.492848 0.786483
    outer loop
      vertex -4.03639 -177.964 19.6615707
      vertex -4.24488 -177.704 19.9231707
      vertex -4.27401 -177.726 19.9231707
    endloop
  endfacet
  facet normal -0.375793 0.490134 0.786478
    outer loop
      vertex 4.07663 -186.425 19.9231707
      vertex 4.24488 -186.296 19.9231707
      vertex 3.84999 -186.179 19.6615707
    endloop
  endfacet
  facet normal -0.591162 0.244964 0.768453
    outer loop
      vertex 4.17941 -185.85 19.6615707
      vertex 4.43949 -186.043 19.9231707
      vertex 4.26933 -185.633 19.6615707
    endloop
  endfacet
  facet normal -0.591569 0.244283 0.768356
    outer loop
      vertex 4.43949 -186.043 19.9231707
      vertex 4.17941 -185.85 19.6615707
      vertex 4.42545 -186.077 19.9231707
    endloop
  endfacet
  facet normal 0.718645 0 0.695377
    outer loop
      vertex -4.55312 -178.4 19.9231707
      vertex -4.29999 -185.4 19.6615707
      vertex -4.29999 -178.6 19.6615707
    endloop
  endfacet
  facet normal 0.718645 0 0.695377
    outer loop
      vertex -4.29999 -185.4 19.6615707
      vertex -4.55312 -178.4 19.9231707
      vertex -4.55312 -185.6 19.9231707
    endloop
  endfacet
  facet normal 0.375885 0.489964 0.78654
    outer loop
      vertex -4.03639 -186.036 19.6615707
      vertex -4.24488 -186.296 19.9231707
      vertex -3.84999 -186.179 19.6615707
    endloop
  endfacet
  facet normal 0.372216 0.492848 0.786483
    outer loop
      vertex -4.24488 -186.296 19.9231707
      vertex -4.03639 -186.036 19.6615707
      vertex -4.27401 -186.274 19.9231707
    endloop
  endfacet
  facet normal 0.489465 -0.37613 0.786734
    outer loop
      vertex -4.17941 -178.15 19.6615707
      vertex -4.29635 -177.755 19.9231707
      vertex -4.42545 -177.923 19.9231707
    endloop
  endfacet
  facet normal -0.681283 -0.0881985 0.726687
    outer loop
      vertex 4.26933 -178.367 19.6615707
      vertex 4.52545 -178.19 19.9231707
      vertex 4.52066 -178.153 19.9231707
    endloop
  endfacet
  facet normal -0.68071 -0.0895732 0.727056
    outer loop
      vertex 4.52545 -178.19 19.9231707
      vertex 4.26933 -178.367 19.6615707
      vertex 4.29999 -178.6 19.6615707
    endloop
  endfacet
  facet normal 0.591569 -0.244283 0.768356
    outer loop
      vertex -4.43949 -177.957 19.9231707
      vertex -4.17941 -178.15 19.6615707
      vertex -4.42545 -177.923 19.9231707
    endloop
  endfacet
  facet normal 0.591162 -0.244964 0.768453
    outer loop
      vertex -4.17941 -178.15 19.6615707
      vertex -4.43949 -177.957 19.9231707
      vertex -4.26933 -178.367 19.6615707
    endloop
  endfacet
  facet normal 0.489465 0.37613 0.786734
    outer loop
      vertex -4.29635 -186.245 19.9231707
      vertex -4.17941 -185.85 19.6615707
      vertex -4.42545 -186.077 19.9231707
    endloop
  endfacet
  facet normal 0.0905459 0.68038 0.727245
    outer loop
      vertex -3.63293 -186.269 19.6615707
      vertex -3.81041 -186.525 19.9231707
      vertex -3.39999 -186.3 19.6615707
    endloop
  endfacet
  facet normal 0.0754714 0.686601 0.723106
    outer loop
      vertex -3.81041 -186.525 19.9231707
      vertex -3.63293 -186.269 19.6615707
      vertex -3.8468 -186.521 19.9231707
    endloop
  endfacet
  facet normal -0.489288 0.376226 0.786798
    outer loop
      vertex 4.03639 -186.036 19.6615707
      vertex 4.29635 -186.245 19.9231707
      vertex 4.17941 -185.85 19.6615707
    endloop
  endfacet
  facet normal -0.488946 0.376657 0.786804
    outer loop
      vertex 4.29635 -186.245 19.9231707
      vertex 4.03639 -186.036 19.6615707
      vertex 4.27401 -186.274 19.9231707
    endloop
  endfacet
  facet normal -0.372216 0.492848 0.786483
    outer loop
      vertex 4.03639 -186.036 19.6615707
      vertex 4.24488 -186.296 19.9231707
      vertex 4.27401 -186.274 19.9231707
    endloop
  endfacet
  facet normal -0.375885 0.489964 0.78654
    outer loop
      vertex 4.24488 -186.296 19.9231707
      vertex 4.03639 -186.036 19.6615707
      vertex 3.84999 -186.179 19.6615707
    endloop
  endfacet
  facet normal -0.488946 -0.376657 0.786804
    outer loop
      vertex 4.03639 -177.964 19.6615707
      vertex 4.29635 -177.755 19.9231707
      vertex 4.27401 -177.726 19.9231707
    endloop
  endfacet
  facet normal -0.489288 -0.376226 0.786798
    outer loop
      vertex 4.29635 -177.755 19.9231707
      vertex 4.03639 -177.964 19.6615707
      vertex 4.17941 -178.15 19.6615707
    endloop
  endfacet
  facet normal -0.591569 -0.244283 0.768356
    outer loop
      vertex 4.17941 -178.15 19.6615707
      vertex 4.43949 -177.957 19.9231707
      vertex 4.42545 -177.923 19.9231707
    endloop
  endfacet
  facet normal -0.591162 -0.244964 0.768453
    outer loop
      vertex 4.43949 -177.957 19.9231707
      vertex 4.17941 -178.15 19.6615707
      vertex 4.26933 -178.367 19.6615707
    endloop
  endfacet
  facet normal -0.131918 0.991261 0
    outer loop
      vertex 3.63293 -200.269 19.6615707
      vertex 3.39999 -200.3 0.2615707
      vertex 3.39999 -200.3 19.6615707
    endloop
  endfacet
  facet normal -0.131918 0.991261 0
    outer loop
      vertex 3.63293 -200.269 19.6615707
      vertex 3.63293 -200.269 0.2615707
      vertex 3.39999 -200.3 0.2615707
    endloop
  endfacet
  facet normal 0 -1 0
    outer loop
      vertex -3.39999 -191.7 0.2615707
      vertex 3.39999 -191.7 19.6615707
      vertex -3.39999 -191.7 19.6615707
    endloop
  endfacet
  facet normal 0 -1 -0
    outer loop
      vertex 3.39999 -191.7 19.6615707
      vertex -3.39999 -191.7 0.2615707
      vertex 3.39999 -191.7 0.2615707
    endloop
  endfacet
  facet normal 0.131918 0.991261 -0
    outer loop
      vertex -3.39999 -200.3 0.2615707
      vertex -3.63293 -200.269 19.6615707
      vertex -3.39999 -200.3 19.6615707
    endloop
  endfacet
  facet normal 0.131918 0.991261 -0
    outer loop
      vertex -3.63293 -200.269 0.2615707
      vertex -3.63293 -200.269 19.6615707
      vertex -3.39999 -200.3 0.2615707
    endloop
  endfacet
  facet normal 1 -0 0
    outer loop
      vertex -4.29999 -199.4 19.6615707
      vertex -4.29999 -192.6 0.2615707
      vertex -4.29999 -192.6 19.6615707
    endloop
  endfacet
  facet normal 1 0 0
    outer loop
      vertex -4.29999 -192.6 0.2615707
      vertex -4.29999 -199.4 19.6615707
      vertex -4.29999 -199.4 0.2615707
    endloop
  endfacet
  facet normal -0.131918 -0.991261 0
    outer loop
      vertex 3.39999 -191.7 0.2615707
      vertex 3.63293 -191.731 19.6615707
      vertex 3.39999 -191.7 19.6615707
    endloop
  endfacet
  facet normal -0.131918 -0.991261 0
    outer loop
      vertex 3.63293 -191.731 0.2615707
      vertex 3.63293 -191.731 19.6615707
      vertex 3.39999 -191.7 0.2615707
    endloop
  endfacet
  facet normal 0.991453 -0.130463 0
    outer loop
      vertex -4.29999 -192.6 19.6615707
      vertex -4.26933 -192.367 0.2615707
      vertex -4.26933 -192.367 19.6615707
    endloop
  endfacet
  facet normal 0.991453 -0.130463 0
    outer loop
      vertex -4.26933 -192.367 0.2615707
      vertex -4.29999 -192.6 19.6615707
      vertex -4.29999 -192.6 0.2615707
    endloop
  endfacet
  facet normal -1 0 0
    outer loop
      vertex 4.29999 -199.4 0.2615707
      vertex 4.29999 -192.6 19.6615707
      vertex 4.29999 -192.6 0.2615707
    endloop
  endfacet
  facet normal -1 -0 0
    outer loop
      vertex 4.29999 -192.6 19.6615707
      vertex 4.29999 -199.4 0.2615707
      vertex 4.29999 -199.4 19.6615707
    endloop
  endfacet
  facet normal 0 1 -0
    outer loop
      vertex 3.39999 -200.3 0.2615707
      vertex -3.39999 -200.3 19.6615707
      vertex 3.39999 -200.3 19.6615707
    endloop
  endfacet
  facet normal 0 1 0
    outer loop
      vertex -3.39999 -200.3 19.6615707
      vertex 3.39999 -200.3 0.2615707
      vertex -3.39999 -200.3 0.2615707
    endloop
  endfacet
  facet normal 0.131918 -0.991261 0
    outer loop
      vertex -3.63293 -191.731 19.6615707
      vertex -3.39999 -191.7 0.2615707
      vertex -3.39999 -191.7 19.6615707
    endloop
  endfacet
  facet normal 0.131918 -0.991261 0
    outer loop
      vertex -3.63293 -191.731 19.6615707
      vertex -3.63293 -191.731 0.2615707
      vertex -3.39999 -191.7 0.2615707
    endloop
  endfacet
  facet normal 0.608682 0.793414 0
    outer loop
      vertex -3.84999 -200.179 19.6615707
      vertex -4.03639 -200.036 0.2615707
      vertex -4.03639 -200.036 19.6615707
    endloop
  endfacet
  facet normal 0.608682 0.793414 0
    outer loop
      vertex -4.03639 -200.036 0.2615707
      vertex -3.84999 -200.179 19.6615707
      vertex -3.84999 -200.179 0.2615707
    endloop
  endfacet
  facet normal -0.923826 -0.382813 0
    outer loop
      vertex 4.26933 -192.367 0.2615707
      vertex 4.17941 -192.15 19.6615707
      vertex 4.17941 -192.15 0.2615707
    endloop
  endfacet
  facet normal -0.923826 -0.382813 0
    outer loop
      vertex 4.17941 -192.15 19.6615707
      vertex 4.26933 -192.367 0.2615707
      vertex 4.26933 -192.367 19.6615707
    endloop
  endfacet
  facet normal 0.792741 -0.609558 0
    outer loop
      vertex -4.17941 -192.15 19.6615707
      vertex -4.03639 -191.964 0.2615707
      vertex -4.03639 -191.964 19.6615707
    endloop
  endfacet
  facet normal 0.792741 -0.609558 0
    outer loop
      vertex -4.03639 -191.964 0.2615707
      vertex -4.17941 -192.15 19.6615707
      vertex -4.17941 -192.15 0.2615707
    endloop
  endfacet
  facet normal 0.608682 -0.793414 0
    outer loop
      vertex -4.03639 -191.964 0.2615707
      vertex -3.84999 -191.821 19.6615707
      vertex -4.03639 -191.964 19.6615707
    endloop
  endfacet
  facet normal 0.608682 -0.793414 0
    outer loop
      vertex -3.84999 -191.821 19.6615707
      vertex -4.03639 -191.964 0.2615707
      vertex -3.84999 -191.821 0.2615707
    endloop
  endfacet
  facet normal -0.991453 -0.130463 0
    outer loop
      vertex 4.29999 -192.6 0.2615707
      vertex 4.26933 -192.367 19.6615707
      vertex 4.26933 -192.367 0.2615707
    endloop
  endfacet
  facet normal -0.991453 -0.130463 0
    outer loop
      vertex 4.26933 -192.367 19.6615707
      vertex 4.29999 -192.6 0.2615707
      vertex 4.29999 -192.6 19.6615707
    endloop
  endfacet
  facet normal 0.383013 0.923743 -0
    outer loop
      vertex -3.63293 -200.269 0.2615707
      vertex -3.84999 -200.179 19.6615707
      vertex -3.63293 -200.269 19.6615707
    endloop
  endfacet
  facet normal 0.383013 0.923743 -0
    outer loop
      vertex -3.84999 -200.179 0.2615707
      vertex -3.84999 -200.179 19.6615707
      vertex -3.63293 -200.269 0.2615707
    endloop
  endfacet
  facet normal -0.792741 0.609558 0
    outer loop
      vertex 4.03639 -200.036 0.2615707
      vertex 4.17941 -199.85 19.6615707
      vertex 4.17941 -199.85 0.2615707
    endloop
  endfacet
  facet normal -0.792741 0.609558 0
    outer loop
      vertex 4.17941 -199.85 19.6615707
      vertex 4.03639 -200.036 0.2615707
      vertex 4.03639 -200.036 19.6615707
    endloop
  endfacet
  facet normal -0.383013 -0.923743 0
    outer loop
      vertex 3.63293 -191.731 0.2615707
      vertex 3.84999 -191.821 19.6615707
      vertex 3.63293 -191.731 19.6615707
    endloop
  endfacet
  facet normal -0.383013 -0.923743 0
    outer loop
      vertex 3.84999 -191.821 0.2615707
      vertex 3.84999 -191.821 19.6615707
      vertex 3.63293 -191.731 0.2615707
    endloop
  endfacet
  facet normal -0.608682 -0.793414 0
    outer loop
      vertex 3.84999 -191.821 19.6615707
      vertex 4.03639 -191.964 0.2615707
      vertex 4.03639 -191.964 19.6615707
    endloop
  endfacet
  facet normal -0.608682 -0.793414 0
    outer loop
      vertex 4.03639 -191.964 0.2615707
      vertex 3.84999 -191.821 19.6615707
      vertex 3.84999 -191.821 0.2615707
    endloop
  endfacet
  facet normal -0.383013 0.923743 0
    outer loop
      vertex 3.84999 -200.179 19.6615707
      vertex 3.84999 -200.179 0.2615707
      vertex 3.63293 -200.269 19.6615707
    endloop
  endfacet
  facet normal -0.383013 0.923743 0
    outer loop
      vertex 3.63293 -200.269 19.6615707
      vertex 3.84999 -200.179 0.2615707
      vertex 3.63293 -200.269 0.2615707
    endloop
  endfacet
  facet normal 0.991453 0.130463 0
    outer loop
      vertex -4.26933 -199.633 19.6615707
      vertex -4.29999 -199.4 0.2615707
      vertex -4.29999 -199.4 19.6615707
    endloop
  endfacet
  facet normal 0.991453 0.130463 0
    outer loop
      vertex -4.29999 -199.4 0.2615707
      vertex -4.26933 -199.633 19.6615707
      vertex -4.26933 -199.633 0.2615707
    endloop
  endfacet
  facet normal 0.383013 -0.923743 0
    outer loop
      vertex -3.84999 -191.821 19.6615707
      vertex -3.84999 -191.821 0.2615707
      vertex -3.63293 -191.731 19.6615707
    endloop
  endfacet
  facet normal 0.383013 -0.923743 0
    outer loop
      vertex -3.63293 -191.731 19.6615707
      vertex -3.84999 -191.821 0.2615707
      vertex -3.63293 -191.731 0.2615707
    endloop
  endfacet
  facet normal -0.991453 0.130463 0
    outer loop
      vertex 4.26933 -199.633 0.2615707
      vertex 4.29999 -199.4 19.6615707
      vertex 4.29999 -199.4 0.2615707
    endloop
  endfacet
  facet normal -0.991453 0.130463 0
    outer loop
      vertex 4.29999 -199.4 19.6615707
      vertex 4.26933 -199.633 0.2615707
      vertex 4.26933 -199.633 19.6615707
    endloop
  endfacet
  facet normal -0.792741 -0.609558 0
    outer loop
      vertex 4.17941 -192.15 0.2615707
      vertex 4.03639 -191.964 19.6615707
      vertex 4.03639 -191.964 0.2615707
    endloop
  endfacet
  facet normal -0.792741 -0.609558 0
    outer loop
      vertex 4.03639 -191.964 19.6615707
      vertex 4.17941 -192.15 0.2615707
      vertex 4.17941 -192.15 19.6615707
    endloop
  endfacet
  facet normal -0.923826 0.382813 0
    outer loop
      vertex 4.17941 -199.85 0.2615707
      vertex 4.26933 -199.633 19.6615707
      vertex 4.26933 -199.633 0.2615707
    endloop
  endfacet
  facet normal -0.923826 0.382813 0
    outer loop
      vertex 4.26933 -199.633 19.6615707
      vertex 4.17941 -199.85 0.2615707
      vertex 4.17941 -199.85 19.6615707
    endloop
  endfacet
  facet normal 0.923826 -0.382813 0
    outer loop
      vertex -4.26933 -192.367 19.6615707
      vertex -4.17941 -192.15 0.2615707
      vertex -4.17941 -192.15 19.6615707
    endloop
  endfacet
  facet normal 0.923826 -0.382813 0
    outer loop
      vertex -4.17941 -192.15 0.2615707
      vertex -4.26933 -192.367 19.6615707
      vertex -4.26933 -192.367 0.2615707
    endloop
  endfacet
  facet normal 0.923826 0.382813 0
    outer loop
      vertex -4.17941 -199.85 19.6615707
      vertex -4.26933 -199.633 0.2615707
      vertex -4.26933 -199.633 19.6615707
    endloop
  endfacet
  facet normal 0.923826 0.382813 0
    outer loop
      vertex -4.26933 -199.633 0.2615707
      vertex -4.17941 -199.85 19.6615707
      vertex -4.17941 -199.85 0.2615707
    endloop
  endfacet
  facet normal -0.608682 0.793414 0
    outer loop
      vertex 4.03639 -200.036 0.2615707
      vertex 3.84999 -200.179 19.6615707
      vertex 4.03639 -200.036 19.6615707
    endloop
  endfacet
  facet normal -0.608682 0.793414 0
    outer loop
      vertex 3.84999 -200.179 19.6615707
      vertex 4.03639 -200.036 0.2615707
      vertex 3.84999 -200.179 0.2615707
    endloop
  endfacet
  facet normal 0.792741 0.609558 0
    outer loop
      vertex -4.03639 -200.036 19.6615707
      vertex -4.17941 -199.85 0.2615707
      vertex -4.17941 -199.85 19.6615707
    endloop
  endfacet
  facet normal 0.792741 0.609558 0
    outer loop
      vertex -4.17941 -199.85 0.2615707
      vertex -4.03639 -200.036 19.6615707
      vertex -4.03639 -200.036 0.2615707
    endloop
  endfacet
  facet normal 0.0905406 -0.680339 -0.727283
    outer loop
      vertex -3.63293 -191.731 0.2615707
      vertex -3.81041 -191.475 0
      vertex -3.39999 -191.7 0.2615707
    endloop
  endfacet
  facet normal 0.075467 -0.686561 -0.723145
    outer loop
      vertex -3.81041 -191.475 0
      vertex -3.63293 -191.731 0.2615707
      vertex -3.8468 -191.479 0
    endloop
  endfacet
  facet normal -0.0905931 0.68029 -0.727323
    outer loop
      vertex 3.81041 -200.525 0
      vertex 3.60015 -200.553 0
      vertex 3.39999 -200.3 0.2615707
    endloop
  endfacet
  facet normal 0.37243 0.492961 -0.786311
    outer loop
      vertex -4.10575 -200.403 0
      vertex -3.84999 -200.179 0.2615707
      vertex -4.07663 -200.425 0
    endloop
  endfacet
  facet normal 0.375712 0.48974 -0.786762
    outer loop
      vertex -3.84999 -200.179 0.2615707
      vertex -4.10575 -200.403 0
      vertex -4.03639 -200.036 0.2615707
    endloop
  endfacet
  facet normal -0.075467 0.686561 -0.723145
    outer loop
      vertex 3.81041 -200.525 0
      vertex 3.63293 -200.269 0.2615707
      vertex 3.8468 -200.521 0
    endloop
  endfacet
  facet normal -0.0905406 0.680339 -0.727283
    outer loop
      vertex 3.63293 -200.269 0.2615707
      vertex 3.81041 -200.525 0
      vertex 3.39999 -200.3 0.2615707
    endloop
  endfacet
  facet normal -0.246633 0.589273 -0.769369
    outer loop
      vertex 3.8468 -200.521 0
      vertex 3.63293 -200.269 0.2615707
      vertex 4.04272 -200.439 0
    endloop
  endfacet
  facet normal 0.246633 0.589273 -0.769369
    outer loop
      vertex -3.63293 -200.269 0.2615707
      vertex -3.8468 -200.521 0
      vertex -4.04272 -200.439 0
    endloop
  endfacet
  facet normal 0.0905406 0.680339 -0.727283
    outer loop
      vertex -3.81041 -200.525 0
      vertex -3.63293 -200.269 0.2615707
      vertex -3.39999 -200.3 0.2615707
    endloop
  endfacet
  facet normal 0.075467 0.686561 -0.723145
    outer loop
      vertex -3.63293 -200.269 0.2615707
      vertex -3.81041 -200.525 0
      vertex -3.8468 -200.521 0
    endloop
  endfacet
  facet normal -0.680571 -0.0896733 -0.727174
    outer loop
      vertex 4.52545 -192.19 0
      vertex 4.55312 -192.4 0
      vertex 4.29999 -192.6 0.2615707
    endloop
  endfacet
  facet normal 0.718606 0 -0.695417
    outer loop
      vertex -4.29999 -199.4 0.2615707
      vertex -4.55312 -192.4 0
      vertex -4.29999 -192.6 0.2615707
    endloop
  endfacet
  facet normal 0.718606 0 -0.695417
    outer loop
      vertex -4.55312 -192.4 0
      vertex -4.29999 -199.4 0.2615707
      vertex -4.55312 -199.6 0
    endloop
  endfacet
  facet normal 0.0905931 -0.68029 -0.727323
    outer loop
      vertex -3.60015 -191.447 0
      vertex -3.39999 -191.7 0.2615707
      vertex -3.81041 -191.475 0
    endloop
  endfacet
  facet normal -0.0905931 -0.68029 -0.727323
    outer loop
      vertex 3.60015 -191.447 0
      vertex 3.81041 -191.475 0
      vertex 3.39999 -191.7 0.2615707
    endloop
  endfacet
  facet normal -0.375523 -0.48981 -0.78681
    outer loop
      vertex 4.10575 -191.597 0
      vertex 4.27401 -191.726 0
      vertex 4.03639 -191.964 0.2615707
    endloop
  endfacet
  facet normal -0.489431 0.376104 -0.786767
    outer loop
      vertex 4.42545 -200.077 0
      vertex 4.29635 -200.245 0
      vertex 4.17941 -199.85 0.2615707
    endloop
  endfacet
  facet normal -0.681243 0.0881933 -0.726726
    outer loop
      vertex 4.26933 -199.633 0.2615707
      vertex 4.52545 -199.81 0
      vertex 4.52066 -199.847 0
    endloop
  endfacet
  facet normal -0.68067 0.0895679 -0.727095
    outer loop
      vertex 4.52545 -199.81 0
      vertex 4.26933 -199.633 0.2615707
      vertex 4.29999 -199.4 0.2615707
    endloop
  endfacet
  facet normal 0.24515 0.591247 -0.768328
    outer loop
      vertex -4.04272 -200.439 0
      vertex -3.84999 -200.179 0.2615707
      vertex -3.63293 -200.269 0.2615707
    endloop
  endfacet
  facet normal 0.244309 0.591751 -0.768208
    outer loop
      vertex -3.84999 -200.179 0.2615707
      vertex -4.04272 -200.439 0
      vertex -4.07663 -200.425 0
    endloop
  endfacet
  facet normal 0.680571 0.0896733 -0.727174
    outer loop
      vertex -4.29999 -199.4 0.2615707
      vertex -4.52545 -199.81 0
      vertex -4.55312 -199.6 0
    endloop
  endfacet
  facet normal 0 -0.718785 -0.695233
    outer loop
      vertex -3.60015 -191.447 0
      vertex 3.39999 -191.7 0.2615707
      vertex -3.39999 -191.7 0.2615707
    endloop
  endfacet
  facet normal 0 -0.718785 -0.695233
    outer loop
      vertex 3.39999 -191.7 0.2615707
      vertex -3.60015 -191.447 0
      vertex 3.60015 -191.447 0
    endloop
  endfacet
  facet normal -0.718606 0 -0.695417
    outer loop
      vertex 4.55312 -192.4 0
      vertex 4.29999 -199.4 0.2615707
      vertex 4.29999 -192.6 0.2615707
    endloop
  endfacet
  facet normal -0.718606 0 -0.695417
    outer loop
      vertex 4.29999 -199.4 0.2615707
      vertex 4.55312 -192.4 0
      vertex 4.55312 -199.6 0
    endloop
  endfacet
  facet normal 0.680571 -0.0896733 -0.727174
    outer loop
      vertex -4.52545 -192.19 0
      vertex -4.29999 -192.6 0.2615707
      vertex -4.55312 -192.4 0
    endloop
  endfacet
  facet normal 0.591262 -0.244831 -0.768418
    outer loop
      vertex -4.4395 -191.957 0
      vertex -4.26933 -192.367 0.2615707
      vertex -4.52066 -192.153 0
    endloop
  endfacet
  facet normal 0.0905931 0.68029 -0.727323
    outer loop
      vertex -3.39999 -200.3 0.2615707
      vertex -3.60015 -200.553 0
      vertex -3.81041 -200.525 0
    endloop
  endfacet
  facet normal 0 0.718785 -0.695233
    outer loop
      vertex 3.60015 -200.553 0
      vertex -3.39999 -200.3 0.2615707
      vertex 3.39999 -200.3 0.2615707
    endloop
  endfacet
  facet normal 0 0.718785 -0.695233
    outer loop
      vertex -3.39999 -200.3 0.2615707
      vertex 3.60015 -200.553 0
      vertex -3.60015 -200.553 0
    endloop
  endfacet
  facet normal 0.375523 0.48981 -0.78681
    outer loop
      vertex -4.03639 -200.036 0.2615707
      vertex -4.10575 -200.403 0
      vertex -4.27401 -200.274 0
    endloop
  endfacet
  facet normal 0.246633 -0.589273 -0.769369
    outer loop
      vertex -3.8468 -191.479 0
      vertex -3.63293 -191.731 0.2615707
      vertex -4.04272 -191.561 0
    endloop
  endfacet
  facet normal -0.075467 -0.686561 -0.723145
    outer loop
      vertex 3.63293 -191.731 0.2615707
      vertex 3.81041 -191.475 0
      vertex 3.8468 -191.479 0
    endloop
  endfacet
  facet normal -0.0905406 -0.680339 -0.727283
    outer loop
      vertex 3.81041 -191.475 0
      vertex 3.63293 -191.731 0.2615707
      vertex 3.39999 -191.7 0.2615707
    endloop
  endfacet
  facet normal -0.680571 0.0896733 -0.727174
    outer loop
      vertex 4.55312 -199.6 0
      vertex 4.52545 -199.81 0
      vertex 4.29999 -199.4 0.2615707
    endloop
  endfacet
  facet normal 0.488913 0.376631 -0.786838
    outer loop
      vertex -4.29635 -200.245 0
      vertex -4.03639 -200.036 0.2615707
      vertex -4.27401 -200.274 0
    endloop
  endfacet
  facet normal 0.489254 0.3762 -0.786832
    outer loop
      vertex -4.03639 -200.036 0.2615707
      vertex -4.29635 -200.245 0
      vertex -4.17941 -199.85 0.2615707
    endloop
  endfacet
  facet normal 0.24515 -0.591247 -0.768328
    outer loop
      vertex -3.84999 -191.821 0.2615707
      vertex -4.04272 -191.561 0
      vertex -3.63293 -191.731 0.2615707
    endloop
  endfacet
  facet normal 0.244309 -0.591751 -0.768208
    outer loop
      vertex -4.04272 -191.561 0
      vertex -3.84999 -191.821 0.2615707
      vertex -4.07663 -191.575 0
    endloop
  endfacet
  facet normal 0.68067 -0.0895679 -0.727095
    outer loop
      vertex -4.52545 -192.19 0
      vertex -4.26933 -192.367 0.2615707
      vertex -4.29999 -192.6 0.2615707
    endloop
  endfacet
  facet normal 0.681243 -0.0881933 -0.726726
    outer loop
      vertex -4.26933 -192.367 0.2615707
      vertex -4.52545 -192.19 0
      vertex -4.52066 -192.153 0
    endloop
  endfacet
  facet normal 0.489254 -0.3762 -0.786832
    outer loop
      vertex -4.29635 -191.755 0
      vertex -4.03639 -191.964 0.2615707
      vertex -4.17941 -192.15 0.2615707
    endloop
  endfacet
  facet normal 0.488913 -0.376631 -0.786838
    outer loop
      vertex -4.03639 -191.964 0.2615707
      vertex -4.29635 -191.755 0
      vertex -4.27401 -191.726 0
    endloop
  endfacet
  facet normal -0.246633 -0.589273 -0.769369
    outer loop
      vertex 3.63293 -191.731 0.2615707
      vertex 3.8468 -191.479 0
      vertex 4.04272 -191.561 0
    endloop
  endfacet
  facet normal 0.681243 0.0881933 -0.726726
    outer loop
      vertex -4.52545 -199.81 0
      vertex -4.26933 -199.633 0.2615707
      vertex -4.52066 -199.847 0
    endloop
  endfacet
  facet normal 0.68067 0.0895679 -0.727095
    outer loop
      vertex -4.26933 -199.633 0.2615707
      vertex -4.52545 -199.81 0
      vertex -4.29999 -199.4 0.2615707
    endloop
  endfacet
  facet normal -0.591436 0.244402 -0.768421
    outer loop
      vertex 4.17941 -199.85 0.2615707
      vertex 4.4395 -200.043 0
      vertex 4.42545 -200.077 0
    endloop
  endfacet
  facet normal -0.591112 0.244944 -0.768498
    outer loop
      vertex 4.4395 -200.043 0
      vertex 4.17941 -199.85 0.2615707
      vertex 4.26933 -199.633 0.2615707
    endloop
  endfacet
  facet normal 0.591436 0.244402 -0.768421
    outer loop
      vertex -4.4395 -200.043 0
      vertex -4.17941 -199.85 0.2615707
      vertex -4.42545 -200.077 0
    endloop
  endfacet
  facet normal 0.591112 0.244944 -0.768498
    outer loop
      vertex -4.17941 -199.85 0.2615707
      vertex -4.4395 -200.043 0
      vertex -4.26933 -199.633 0.2615707
    endloop
  endfacet
  facet normal -0.489431 -0.376104 -0.786767
    outer loop
      vertex 4.29635 -191.755 0
      vertex 4.42545 -191.923 0
      vertex 4.17941 -192.15 0.2615707
    endloop
  endfacet
  facet normal -0.489254 -0.3762 -0.786832
    outer loop
      vertex 4.03639 -191.964 0.2615707
      vertex 4.29635 -191.755 0
      vertex 4.17941 -192.15 0.2615707
    endloop
  endfacet
  facet normal -0.488913 -0.376631 -0.786838
    outer loop
      vertex 4.29635 -191.755 0
      vertex 4.03639 -191.964 0.2615707
      vertex 4.27401 -191.726 0
    endloop
  endfacet
  facet normal -0.244309 -0.591751 -0.768208
    outer loop
      vertex 3.84999 -191.821 0.2615707
      vertex 4.04272 -191.561 0
      vertex 4.07663 -191.575 0
    endloop
  endfacet
  facet normal -0.24515 -0.591247 -0.768328
    outer loop
      vertex 3.63293 -191.731 0.2615707
      vertex 4.04272 -191.561 0
      vertex 3.84999 -191.821 0.2615707
    endloop
  endfacet
  facet normal 0.591112 -0.244944 -0.768498
    outer loop
      vertex -4.4395 -191.957 0
      vertex -4.17941 -192.15 0.2615707
      vertex -4.26933 -192.367 0.2615707
    endloop
  endfacet
  facet normal 0.591436 -0.244402 -0.768421
    outer loop
      vertex -4.17941 -192.15 0.2615707
      vertex -4.4395 -191.957 0
      vertex -4.42545 -191.923 0
    endloop
  endfacet
  facet normal 0.489431 -0.376104 -0.786767
    outer loop
      vertex -4.29635 -191.755 0
      vertex -4.17941 -192.15 0.2615707
      vertex -4.42545 -191.923 0
    endloop
  endfacet
  facet normal -0.37243 0.492961 -0.786311
    outer loop
      vertex 3.84999 -200.179 0.2615707
      vertex 4.10575 -200.403 0
      vertex 4.07663 -200.425 0
    endloop
  endfacet
  facet normal -0.375712 0.48974 -0.786762
    outer loop
      vertex 4.10575 -200.403 0
      vertex 3.84999 -200.179 0.2615707
      vertex 4.03639 -200.036 0.2615707
    endloop
  endfacet
  facet normal 0.375523 -0.48981 -0.78681
    outer loop
      vertex -4.10575 -191.597 0
      vertex -4.03639 -191.964 0.2615707
      vertex -4.27401 -191.726 0
    endloop
  endfacet
  facet normal 0.375712 -0.48974 -0.786762
    outer loop
      vertex -4.10575 -191.597 0
      vertex -3.84999 -191.821 0.2615707
      vertex -4.03639 -191.964 0.2615707
    endloop
  endfacet
  facet normal 0.37243 -0.492961 -0.786311
    outer loop
      vertex -3.84999 -191.821 0.2615707
      vertex -4.10575 -191.597 0
      vertex -4.07663 -191.575 0
    endloop
  endfacet
  facet normal -0.375712 -0.48974 -0.786762
    outer loop
      vertex 3.84999 -191.821 0.2615707
      vertex 4.10575 -191.597 0
      vertex 4.03639 -191.964 0.2615707
    endloop
  endfacet
  facet normal -0.37243 -0.492961 -0.786311
    outer loop
      vertex 4.10575 -191.597 0
      vertex 3.84999 -191.821 0.2615707
      vertex 4.07663 -191.575 0
    endloop
  endfacet
  facet normal -0.68067 -0.0895679 -0.727095
    outer loop
      vertex 4.26933 -192.367 0.2615707
      vertex 4.52545 -192.19 0
      vertex 4.29999 -192.6 0.2615707
    endloop
  endfacet
  facet normal -0.681243 -0.0881933 -0.726726
    outer loop
      vertex 4.52545 -192.19 0
      vertex 4.26933 -192.367 0.2615707
      vertex 4.52066 -192.153 0
    endloop
  endfacet
  facet normal -0.591262 0.244831 -0.768418
    outer loop
      vertex 4.52066 -199.847 0
      vertex 4.4395 -200.043 0
      vertex 4.26933 -199.633 0.2615707
    endloop
  endfacet
  facet normal -0.488913 0.376631 -0.786838
    outer loop
      vertex 4.03639 -200.036 0.2615707
      vertex 4.29635 -200.245 0
      vertex 4.27401 -200.274 0
    endloop
  endfacet
  facet normal -0.489254 0.3762 -0.786832
    outer loop
      vertex 4.29635 -200.245 0
      vertex 4.03639 -200.036 0.2615707
      vertex 4.17941 -199.85 0.2615707
    endloop
  endfacet
  facet normal -0.375523 0.48981 -0.78681
    outer loop
      vertex 4.27401 -200.274 0
      vertex 4.10575 -200.403 0
      vertex 4.03639 -200.036 0.2615707
    endloop
  endfacet
  facet normal 0.489431 0.376104 -0.786767
    outer loop
      vertex -4.17941 -199.85 0.2615707
      vertex -4.29635 -200.245 0
      vertex -4.42545 -200.077 0
    endloop
  endfacet
  facet normal -0.244309 0.591751 -0.768208
    outer loop
      vertex 4.04272 -200.439 0
      vertex 3.84999 -200.179 0.2615707
      vertex 4.07663 -200.425 0
    endloop
  endfacet
  facet normal -0.24515 0.591247 -0.768328
    outer loop
      vertex 4.04272 -200.439 0
      vertex 3.63293 -200.269 0.2615707
      vertex 3.84999 -200.179 0.2615707
    endloop
  endfacet
  facet normal 0.591262 0.244831 -0.768418
    outer loop
      vertex -4.26933 -199.633 0.2615707
      vertex -4.4395 -200.043 0
      vertex -4.52066 -199.847 0
    endloop
  endfacet
  facet normal -0.591262 -0.244831 -0.768418
    outer loop
      vertex 4.4395 -191.957 0
      vertex 4.52066 -192.153 0
      vertex 4.26933 -192.367 0.2615707
    endloop
  endfacet
  facet normal -0.591112 -0.244944 -0.768498
    outer loop
      vertex 4.17941 -192.15 0.2615707
      vertex 4.4395 -191.957 0
      vertex 4.26933 -192.367 0.2615707
    endloop
  endfacet
  facet normal -0.591436 -0.244402 -0.768421
    outer loop
      vertex 4.4395 -191.957 0
      vertex 4.17941 -192.15 0.2615707
      vertex 4.42545 -191.923 0
    endloop
  endfacet
  facet normal 0 0.718824 0.695193
    outer loop
      vertex 3.39999 -200.3 19.6615707
      vertex -3.60014 -200.553 19.9231707
      vertex 3.60014 -200.553 19.9231707
    endloop
  endfacet
  facet normal 0 0.718824 0.695193
    outer loop
      vertex -3.60014 -200.553 19.9231707
      vertex 3.39999 -200.3 19.6615707
      vertex -3.39999 -200.3 19.6615707
    endloop
  endfacet
  facet normal 0.68071 0.0895732 0.727056
    outer loop
      vertex -4.52545 -199.81 19.9231707
      vertex -4.26933 -199.633 19.6615707
      vertex -4.29999 -199.4 19.6615707
    endloop
  endfacet
  facet normal 0.681283 0.0881985 0.726687
    outer loop
      vertex -4.26933 -199.633 19.6615707
      vertex -4.52545 -199.81 19.9231707
      vertex -4.52066 -199.847 19.9231707
    endloop
  endfacet
  facet normal -0.24665 0.589313 0.769334
    outer loop
      vertex 3.8468 -200.521 19.9231707
      vertex 4.04272 -200.439 19.9231707
      vertex 3.63293 -200.269 19.6615707
    endloop
  endfacet
  facet normal -0.244325 0.59179 0.768173
    outer loop
      vertex 3.84999 -200.179 19.6615707
      vertex 4.04272 -200.439 19.9231707
      vertex 4.07663 -200.425 19.9231707
    endloop
  endfacet
  facet normal -0.245166 0.591287 0.768293
    outer loop
      vertex 4.04272 -200.439 19.9231707
      vertex 3.84999 -200.179 19.6615707
      vertex 3.63293 -200.269 19.6615707
    endloop
  endfacet
  facet normal 0.489288 0.376226 0.786798
    outer loop
      vertex -4.29635 -200.245 19.9231707
      vertex -4.03639 -200.036 19.6615707
      vertex -4.17941 -199.85 19.6615707
    endloop
  endfacet
  facet normal 0.488946 0.376657 0.786804
    outer loop
      vertex -4.03639 -200.036 19.6615707
      vertex -4.29635 -200.245 19.9231707
      vertex -4.27401 -200.274 19.9231707
    endloop
  endfacet
  facet normal 0.591286 0.244871 0.768388
    outer loop
      vertex -4.43949 -200.043 19.9231707
      vertex -4.26933 -199.633 19.6615707
      vertex -4.52066 -199.847 19.9231707
    endloop
  endfacet
  facet normal -0.0905947 0.680334 0.727282
    outer loop
      vertex 3.60014 -200.553 19.9231707
      vertex 3.81041 -200.525 19.9231707
      vertex 3.39999 -200.3 19.6615707
    endloop
  endfacet
  facet normal -0.0754714 0.686601 0.723106
    outer loop
      vertex 3.63293 -200.269 19.6615707
      vertex 3.81041 -200.525 19.9231707
      vertex 3.8468 -200.521 19.9231707
    endloop
  endfacet
  facet normal -0.0905459 0.68038 0.727245
    outer loop
      vertex 3.81041 -200.525 19.9231707
      vertex 3.63293 -200.269 19.6615707
      vertex 3.39999 -200.3 19.6615707
    endloop
  endfacet
  facet normal 0.375793 -0.490134 0.786478
    outer loop
      vertex -3.84999 -191.821 19.6615707
      vertex -4.07663 -191.575 19.9231707
      vertex -4.24488 -191.704 19.9231707
    endloop
  endfacet
  facet normal -0.375793 -0.490134 0.786478
    outer loop
      vertex 4.24488 -191.704 19.9231707
      vertex 4.07663 -191.575 19.9231707
      vertex 3.84999 -191.821 19.6615707
    endloop
  endfacet
  facet normal 0.680611 0.0896786 0.727136
    outer loop
      vertex -4.52545 -199.81 19.9231707
      vertex -4.29999 -199.4 19.6615707
      vertex -4.55312 -199.6 19.9231707
    endloop
  endfacet
  facet normal 0.0905459 -0.68038 0.727245
    outer loop
      vertex -3.81041 -191.475 19.9231707
      vertex -3.63293 -191.731 19.6615707
      vertex -3.39999 -191.7 19.6615707
    endloop
  endfacet
  facet normal 0.0754714 -0.686601 0.723106
    outer loop
      vertex -3.63293 -191.731 19.6615707
      vertex -3.81041 -191.475 19.9231707
      vertex -3.8468 -191.479 19.9231707
    endloop
  endfacet
  facet normal 0.681283 -0.0881985 0.726687
    outer loop
      vertex -4.52545 -192.19 19.9231707
      vertex -4.26933 -192.367 19.6615707
      vertex -4.52066 -192.153 19.9231707
    endloop
  endfacet
  facet normal 0.68071 -0.0895732 0.727056
    outer loop
      vertex -4.26933 -192.367 19.6615707
      vertex -4.52545 -192.19 19.9231707
      vertex -4.29999 -192.6 19.6615707
    endloop
  endfacet
  facet normal -0.591286 -0.244871 0.768388
    outer loop
      vertex 4.52066 -192.153 19.9231707
      vertex 4.43949 -191.957 19.9231707
      vertex 4.26933 -192.367 19.6615707
    endloop
  endfacet
  facet normal -0.0905947 -0.680334 0.727282
    outer loop
      vertex 3.81041 -191.475 19.9231707
      vertex 3.60014 -191.447 19.9231707
      vertex 3.39999 -191.7 19.6615707
    endloop
  endfacet
  facet normal 0.245166 -0.591287 0.768293
    outer loop
      vertex -4.04272 -191.561 19.9231707
      vertex -3.84999 -191.821 19.6615707
      vertex -3.63293 -191.731 19.6615707
    endloop
  endfacet
  facet normal 0.244325 -0.59179 0.768173
    outer loop
      vertex -3.84999 -191.821 19.6615707
      vertex -4.04272 -191.561 19.9231707
      vertex -4.07663 -191.575 19.9231707
    endloop
  endfacet
  facet normal 0.24665 -0.589313 0.769334
    outer loop
      vertex -3.63293 -191.731 19.6615707
      vertex -3.8468 -191.479 19.9231707
      vertex -4.04272 -191.561 19.9231707
    endloop
  endfacet
  facet normal -0.372216 -0.492848 0.786483
    outer loop
      vertex 4.24488 -191.704 19.9231707
      vertex 4.03639 -191.964 19.6615707
      vertex 4.27401 -191.726 19.9231707
    endloop
  endfacet
  facet normal -0.375885 -0.489964 0.78654
    outer loop
      vertex 4.03639 -191.964 19.6615707
      vertex 4.24488 -191.704 19.9231707
      vertex 3.84999 -191.821 19.6615707
    endloop
  endfacet
  facet normal 0.375793 0.490134 0.786478
    outer loop
      vertex -4.07663 -200.425 19.9231707
      vertex -3.84999 -200.179 19.6615707
      vertex -4.24488 -200.296 19.9231707
    endloop
  endfacet
  facet normal 0.24665 0.589313 0.769334
    outer loop
      vertex -3.8468 -200.521 19.9231707
      vertex -3.63293 -200.269 19.6615707
      vertex -4.04272 -200.439 19.9231707
    endloop
  endfacet
  facet normal -0.244325 -0.59179 0.768173
    outer loop
      vertex 4.04272 -191.561 19.9231707
      vertex 3.84999 -191.821 19.6615707
      vertex 4.07663 -191.575 19.9231707
    endloop
  endfacet
  facet normal -0.245166 -0.591287 0.768293
    outer loop
      vertex 3.84999 -191.821 19.6615707
      vertex 4.04272 -191.561 19.9231707
      vertex 3.63293 -191.731 19.6615707
    endloop
  endfacet
  facet normal 0 -0.718824 0.695193
    outer loop
      vertex -3.39999 -191.7 19.6615707
      vertex 3.60014 -191.447 19.9231707
      vertex -3.60014 -191.447 19.9231707
    endloop
  endfacet
  facet normal 0 -0.718824 0.695193
    outer loop
      vertex 3.60014 -191.447 19.9231707
      vertex -3.39999 -191.7 19.6615707
      vertex 3.39999 -191.7 19.6615707
    endloop
  endfacet
  facet normal 0.0905947 -0.680334 0.727282
    outer loop
      vertex -3.39999 -191.7 19.6615707
      vertex -3.60014 -191.447 19.9231707
      vertex -3.81041 -191.475 19.9231707
    endloop
  endfacet
  facet normal 0.680611 -0.0896786 0.727136
    outer loop
      vertex -4.29999 -192.6 19.6615707
      vertex -4.52545 -192.19 19.9231707
      vertex -4.55312 -192.4 19.9231707
    endloop
  endfacet
  facet normal 0.591286 -0.244871 0.768388
    outer loop
      vertex -4.26933 -192.367 19.6615707
      vertex -4.43949 -191.957 19.9231707
      vertex -4.52066 -192.153 19.9231707
    endloop
  endfacet
  facet normal -0.680611 0.0896786 0.727136
    outer loop
      vertex 4.52545 -199.81 19.9231707
      vertex 4.55312 -199.6 19.9231707
      vertex 4.29999 -199.4 19.6615707
    endloop
  endfacet
  facet normal 0.591162 0.244964 0.768453
    outer loop
      vertex -4.43949 -200.043 19.9231707
      vertex -4.17941 -199.85 19.6615707
      vertex -4.26933 -199.633 19.6615707
    endloop
  endfacet
  facet normal 0.591569 0.244283 0.768356
    outer loop
      vertex -4.17941 -199.85 19.6615707
      vertex -4.43949 -200.043 19.9231707
      vertex -4.42545 -200.077 19.9231707
    endloop
  endfacet
  facet normal 0.245166 0.591287 0.768293
    outer loop
      vertex -3.84999 -200.179 19.6615707
      vertex -4.04272 -200.439 19.9231707
      vertex -3.63293 -200.269 19.6615707
    endloop
  endfacet
  facet normal 0.244325 0.59179 0.768173
    outer loop
      vertex -4.04272 -200.439 19.9231707
      vertex -3.84999 -200.179 19.6615707
      vertex -4.07663 -200.425 19.9231707
    endloop
  endfacet
  facet normal -0.680611 -0.0896786 0.727136
    outer loop
      vertex 4.55312 -192.4 19.9231707
      vertex 4.52545 -192.19 19.9231707
      vertex 4.29999 -192.6 19.6615707
    endloop
  endfacet
  facet normal 0.0905947 0.680334 0.727282
    outer loop
      vertex -3.60014 -200.553 19.9231707
      vertex -3.39999 -200.3 19.6615707
      vertex -3.81041 -200.525 19.9231707
    endloop
  endfacet
  facet normal -0.489465 -0.37613 0.786734
    outer loop
      vertex 4.42545 -191.923 19.9231707
      vertex 4.29635 -191.755 19.9231707
      vertex 4.17941 -192.15 19.6615707
    endloop
  endfacet
  facet normal -0.718645 0 0.695377
    outer loop
      vertex 4.29999 -199.4 19.6615707
      vertex 4.55312 -192.4 19.9231707
      vertex 4.29999 -192.6 19.6615707
    endloop
  endfacet
  facet normal -0.718645 0 0.695377
    outer loop
      vertex 4.55312 -192.4 19.9231707
      vertex 4.29999 -199.4 19.6615707
      vertex 4.55312 -199.6 19.9231707
    endloop
  endfacet
  facet normal -0.489465 0.37613 0.786734
    outer loop
      vertex 4.29635 -200.245 19.9231707
      vertex 4.42545 -200.077 19.9231707
      vertex 4.17941 -199.85 19.6615707
    endloop
  endfacet
  facet normal 0.488946 -0.376657 0.786804
    outer loop
      vertex -4.29635 -191.755 19.9231707
      vertex -4.03639 -191.964 19.6615707
      vertex -4.27401 -191.726 19.9231707
    endloop
  endfacet
  facet normal 0.489288 -0.376226 0.786798
    outer loop
      vertex -4.03639 -191.964 19.6615707
      vertex -4.29635 -191.755 19.9231707
      vertex -4.17941 -192.15 19.6615707
    endloop
  endfacet
  facet normal -0.68071 0.0895732 0.727056
    outer loop
      vertex 4.26933 -199.633 19.6615707
      vertex 4.52545 -199.81 19.9231707
      vertex 4.29999 -199.4 19.6615707
    endloop
  endfacet
  facet normal -0.681283 0.0881985 0.726687
    outer loop
      vertex 4.52545 -199.81 19.9231707
      vertex 4.26933 -199.633 19.6615707
      vertex 4.52066 -199.847 19.9231707
    endloop
  endfacet
  facet normal -0.0754714 -0.686601 0.723106
    outer loop
      vertex 3.81041 -191.475 19.9231707
      vertex 3.63293 -191.731 19.6615707
      vertex 3.8468 -191.479 19.9231707
    endloop
  endfacet
  facet normal -0.0905459 -0.68038 0.727245
    outer loop
      vertex 3.63293 -191.731 19.6615707
      vertex 3.81041 -191.475 19.9231707
      vertex 3.39999 -191.7 19.6615707
    endloop
  endfacet
  facet normal -0.591286 0.244871 0.768388
    outer loop
      vertex 4.43949 -200.043 19.9231707
      vertex 4.52066 -199.847 19.9231707
      vertex 4.26933 -199.633 19.6615707
    endloop
  endfacet
  facet normal -0.24665 -0.589313 0.769334
    outer loop
      vertex 4.04272 -191.561 19.9231707
      vertex 3.8468 -191.479 19.9231707
      vertex 3.63293 -191.731 19.6615707
    endloop
  endfacet
  facet normal 0.375885 -0.489964 0.78654
    outer loop
      vertex -4.24488 -191.704 19.9231707
      vertex -4.03639 -191.964 19.6615707
      vertex -3.84999 -191.821 19.6615707
    endloop
  endfacet
  facet normal 0.372216 -0.492848 0.786483
    outer loop
      vertex -4.03639 -191.964 19.6615707
      vertex -4.24488 -191.704 19.9231707
      vertex -4.27401 -191.726 19.9231707
    endloop
  endfacet
  facet normal -0.375793 0.490134 0.786478
    outer loop
      vertex 4.07663 -200.425 19.9231707
      vertex 4.24488 -200.296 19.9231707
      vertex 3.84999 -200.179 19.6615707
    endloop
  endfacet
  facet normal -0.591162 0.244964 0.768453
    outer loop
      vertex 4.17941 -199.85 19.6615707
      vertex 4.43949 -200.043 19.9231707
      vertex 4.26933 -199.633 19.6615707
    endloop
  endfacet
  facet normal -0.591569 0.244283 0.768356
    outer loop
      vertex 4.43949 -200.043 19.9231707
      vertex 4.17941 -199.85 19.6615707
      vertex 4.42545 -200.077 19.9231707
    endloop
  endfacet
  facet normal 0.718645 0 0.695377
    outer loop
      vertex -4.55312 -192.4 19.9231707
      vertex -4.29999 -199.4 19.6615707
      vertex -4.29999 -192.6 19.6615707
    endloop
  endfacet
  facet normal 0.718645 0 0.695377
    outer loop
      vertex -4.29999 -199.4 19.6615707
      vertex -4.55312 -192.4 19.9231707
      vertex -4.55312 -199.6 19.9231707
    endloop
  endfacet
  facet normal 0.375885 0.489964 0.78654
    outer loop
      vertex -4.03639 -200.036 19.6615707
      vertex -4.24488 -200.296 19.9231707
      vertex -3.84999 -200.179 19.6615707
    endloop
  endfacet
  facet normal 0.372216 0.492848 0.786483
    outer loop
      vertex -4.24488 -200.296 19.9231707
      vertex -4.03639 -200.036 19.6615707
      vertex -4.27401 -200.274 19.9231707
    endloop
  endfacet
  facet normal 0.489465 -0.37613 0.786734
    outer loop
      vertex -4.17941 -192.15 19.6615707
      vertex -4.29635 -191.755 19.9231707
      vertex -4.42545 -191.923 19.9231707
    endloop
  endfacet
  facet normal -0.681283 -0.0881985 0.726687
    outer loop
      vertex 4.26933 -192.367 19.6615707
      vertex 4.52545 -192.19 19.9231707
      vertex 4.52066 -192.153 19.9231707
    endloop
  endfacet
  facet normal -0.68071 -0.0895732 0.727056
    outer loop
      vertex 4.52545 -192.19 19.9231707
      vertex 4.26933 -192.367 19.6615707
      vertex 4.29999 -192.6 19.6615707
    endloop
  endfacet
  facet normal 0.591569 -0.244283 0.768356
    outer loop
      vertex -4.43949 -191.957 19.9231707
      vertex -4.17941 -192.15 19.6615707
      vertex -4.42545 -191.923 19.9231707
    endloop
  endfacet
  facet normal 0.591162 -0.244964 0.768453
    outer loop
      vertex -4.17941 -192.15 19.6615707
      vertex -4.43949 -191.957 19.9231707
      vertex -4.26933 -192.367 19.6615707
    endloop
  endfacet
  facet normal 0.489465 0.37613 0.786734
    outer loop
      vertex -4.29635 -200.245 19.9231707
      vertex -4.17941 -199.85 19.6615707
      vertex -4.42545 -200.077 19.9231707
    endloop
  endfacet
  facet normal 0.0905459 0.68038 0.727245
    outer loop
      vertex -3.63293 -200.269 19.6615707
      vertex -3.81041 -200.525 19.9231707
      vertex -3.39999 -200.3 19.6615707
    endloop
  endfacet
  facet normal 0.0754714 0.686601 0.723106
    outer loop
      vertex -3.81041 -200.525 19.9231707
      vertex -3.63293 -200.269 19.6615707
      vertex -3.8468 -200.521 19.9231707
    endloop
  endfacet
  facet normal -0.489288 0.376226 0.786798
    outer loop
      vertex 4.03639 -200.036 19.6615707
      vertex 4.29635 -200.245 19.9231707
      vertex 4.17941 -199.85 19.6615707
    endloop
  endfacet
  facet normal -0.488946 0.376657 0.786804
    outer loop
      vertex 4.29635 -200.245 19.9231707
      vertex 4.03639 -200.036 19.6615707
      vertex 4.27401 -200.274 19.9231707
    endloop
  endfacet
  facet normal -0.372216 0.492848 0.786483
    outer loop
      vertex 4.03639 -200.036 19.6615707
      vertex 4.24488 -200.296 19.9231707
      vertex 4.27401 -200.274 19.9231707
    endloop
  endfacet
  facet normal -0.375885 0.489964 0.78654
    outer loop
      vertex 4.24488 -200.296 19.9231707
      vertex 4.03639 -200.036 19.6615707
      vertex 3.84999 -200.179 19.6615707
    endloop
  endfacet
  facet normal -0.488946 -0.376657 0.786804
    outer loop
      vertex 4.03639 -191.964 19.6615707
      vertex 4.29635 -191.755 19.9231707
      vertex 4.27401 -191.726 19.9231707
    endloop
  endfacet
  facet normal -0.489288 -0.376226 0.786798
    outer loop
      vertex 4.29635 -191.755 19.9231707
      vertex 4.03639 -191.964 19.6615707
      vertex 4.17941 -192.15 19.6615707
    endloop
  endfacet
  facet normal -0.591569 -0.244283 0.768356
    outer loop
      vertex 4.17941 -192.15 19.6615707
      vertex 4.43949 -191.957 19.9231707
      vertex 4.42545 -191.923 19.9231707
    endloop
  endfacet
  facet normal -0.591162 -0.244964 0.768453
    outer loop
      vertex 4.43949 -191.957 19.9231707
      vertex 4.17941 -192.15 19.6615707
      vertex 4.26933 -192.367 19.6615707
    endloop
  endfacet
  facet normal -0.131918 0.991261 0
    outer loop
      vertex 3.63293 -274.269 19.6615707
      vertex 3.39999 -274.3 0.2615707
      vertex 3.39999 -274.3 19.6615707
    endloop
  endfacet
  facet normal -0.131918 0.991261 0
    outer loop
      vertex 3.63293 -274.269 19.6615707
      vertex 3.63293 -274.269 0.2615707
      vertex 3.39999 -274.3 0.2615707
    endloop
  endfacet
  facet normal 0 -1 0
    outer loop
      vertex -3.39999 -265.7 0.2615707
      vertex 3.39999 -265.7 19.6615707
      vertex -3.39999 -265.7 19.6615707
    endloop
  endfacet
  facet normal 0 -1 -0
    outer loop
      vertex 3.39999 -265.7 19.6615707
      vertex -3.39999 -265.7 0.2615707
      vertex 3.39999 -265.7 0.2615707
    endloop
  endfacet
  facet normal 0.131918 0.991261 -0
    outer loop
      vertex -3.39999 -274.3 0.2615707
      vertex -3.63293 -274.269 19.6615707
      vertex -3.39999 -274.3 19.6615707
    endloop
  endfacet
  facet normal 0.131918 0.991261 -0
    outer loop
      vertex -3.63293 -274.269 0.2615707
      vertex -3.63293 -274.269 19.6615707
      vertex -3.39999 -274.3 0.2615707
    endloop
  endfacet
  facet normal 1 -0 0
    outer loop
      vertex -4.29999 -273.4 19.6615707
      vertex -4.29999 -266.6 0.2615707
      vertex -4.29999 -266.6 19.6615707
    endloop
  endfacet
  facet normal 1 0 0
    outer loop
      vertex -4.29999 -266.6 0.2615707
      vertex -4.29999 -273.4 19.6615707
      vertex -4.29999 -273.4 0.2615707
    endloop
  endfacet
  facet normal -0.131918 -0.991261 0
    outer loop
      vertex 3.39999 -265.7 0.2615707
      vertex 3.63293 -265.731 19.6615707
      vertex 3.39999 -265.7 19.6615707
    endloop
  endfacet
  facet normal -0.131918 -0.991261 0
    outer loop
      vertex 3.63293 -265.731 0.2615707
      vertex 3.63293 -265.731 19.6615707
      vertex 3.39999 -265.7 0.2615707
    endloop
  endfacet
  facet normal -1 0 0
    outer loop
      vertex 4.29999 -273.4 0.2615707
      vertex 4.29999 -266.6 19.6615707
      vertex 4.29999 -266.6 0.2615707
    endloop
  endfacet
  facet normal -1 -0 0
    outer loop
      vertex 4.29999 -266.6 19.6615707
      vertex 4.29999 -273.4 0.2615707
      vertex 4.29999 -273.4 19.6615707
    endloop
  endfacet
  facet normal 0.991453 -0.130463 0
    outer loop
      vertex -4.29999 -266.6 19.6615707
      vertex -4.26933 -266.367 0.2615707
      vertex -4.26933 -266.367 19.6615707
    endloop
  endfacet
  facet normal 0.991453 -0.130463 0
    outer loop
      vertex -4.26933 -266.367 0.2615707
      vertex -4.29999 -266.6 19.6615707
      vertex -4.29999 -266.6 0.2615707
    endloop
  endfacet
  facet normal 0 1 -0
    outer loop
      vertex 3.39999 -274.3 0.2615707
      vertex -3.39999 -274.3 19.6615707
      vertex 3.39999 -274.3 19.6615707
    endloop
  endfacet
  facet normal 0 1 0
    outer loop
      vertex -3.39999 -274.3 19.6615707
      vertex 3.39999 -274.3 0.2615707
      vertex -3.39999 -274.3 0.2615707
    endloop
  endfacet
  facet normal 0.131918 -0.991261 0
    outer loop
      vertex -3.63293 -265.731 19.6615707
      vertex -3.39999 -265.7 0.2615707
      vertex -3.39999 -265.7 19.6615707
    endloop
  endfacet
  facet normal 0.131918 -0.991261 0
    outer loop
      vertex -3.63293 -265.731 19.6615707
      vertex -3.63293 -265.731 0.2615707
      vertex -3.39999 -265.7 0.2615707
    endloop
  endfacet
  facet normal 0.608682 0.793414 0
    outer loop
      vertex -3.84999 -274.179 19.6615707
      vertex -4.03639 -274.036 0.2615707
      vertex -4.03639 -274.036 19.6615707
    endloop
  endfacet
  facet normal 0.608682 0.793414 0
    outer loop
      vertex -4.03639 -274.036 0.2615707
      vertex -3.84999 -274.179 19.6615707
      vertex -3.84999 -274.179 0.2615707
    endloop
  endfacet
  facet normal -0.923826 -0.382813 0
    outer loop
      vertex 4.26933 -266.367 0.2615707
      vertex 4.17941 -266.15 19.6615707
      vertex 4.17941 -266.15 0.2615707
    endloop
  endfacet
  facet normal -0.923826 -0.382813 0
    outer loop
      vertex 4.17941 -266.15 19.6615707
      vertex 4.26933 -266.367 0.2615707
      vertex 4.26933 -266.367 19.6615707
    endloop
  endfacet
  facet normal 0.792741 -0.609558 0
    outer loop
      vertex -4.17941 -266.15 19.6615707
      vertex -4.03639 -265.964 0.2615707
      vertex -4.03639 -265.964 19.6615707
    endloop
  endfacet
  facet normal 0.792741 -0.609558 0
    outer loop
      vertex -4.03639 -265.964 0.2615707
      vertex -4.17941 -266.15 19.6615707
      vertex -4.17941 -266.15 0.2615707
    endloop
  endfacet
  facet normal 0.608682 -0.793414 0
    outer loop
      vertex -4.03639 -265.964 0.2615707
      vertex -3.84999 -265.821 19.6615707
      vertex -4.03639 -265.964 19.6615707
    endloop
  endfacet
  facet normal 0.608682 -0.793414 0
    outer loop
      vertex -3.84999 -265.821 19.6615707
      vertex -4.03639 -265.964 0.2615707
      vertex -3.84999 -265.821 0.2615707
    endloop
  endfacet
  facet normal -0.991453 -0.130463 0
    outer loop
      vertex 4.29999 -266.6 0.2615707
      vertex 4.26933 -266.367 19.6615707
      vertex 4.26933 -266.367 0.2615707
    endloop
  endfacet
  facet normal -0.991453 -0.130463 0
    outer loop
      vertex 4.26933 -266.367 19.6615707
      vertex 4.29999 -266.6 0.2615707
      vertex 4.29999 -266.6 19.6615707
    endloop
  endfacet
  facet normal 0.383013 0.923743 -0
    outer loop
      vertex -3.63293 -274.269 0.2615707
      vertex -3.84999 -274.179 19.6615707
      vertex -3.63293 -274.269 19.6615707
    endloop
  endfacet
  facet normal 0.383013 0.923743 -0
    outer loop
      vertex -3.84999 -274.179 0.2615707
      vertex -3.84999 -274.179 19.6615707
      vertex -3.63293 -274.269 0.2615707
    endloop
  endfacet
  facet normal -0.792741 0.609558 0
    outer loop
      vertex 4.03639 -274.036 0.2615707
      vertex 4.17941 -273.85 19.6615707
      vertex 4.17941 -273.85 0.2615707
    endloop
  endfacet
  facet normal -0.792741 0.609558 0
    outer loop
      vertex 4.17941 -273.85 19.6615707
      vertex 4.03639 -274.036 0.2615707
      vertex 4.03639 -274.036 19.6615707
    endloop
  endfacet
  facet normal -0.383013 -0.923743 0
    outer loop
      vertex 3.63293 -265.731 0.2615707
      vertex 3.84999 -265.821 19.6615707
      vertex 3.63293 -265.731 19.6615707
    endloop
  endfacet
  facet normal -0.383013 -0.923743 0
    outer loop
      vertex 3.84999 -265.821 0.2615707
      vertex 3.84999 -265.821 19.6615707
      vertex 3.63293 -265.731 0.2615707
    endloop
  endfacet
  facet normal -0.608682 -0.793414 0
    outer loop
      vertex 3.84999 -265.821 19.6615707
      vertex 4.03639 -265.964 0.2615707
      vertex 4.03639 -265.964 19.6615707
    endloop
  endfacet
  facet normal -0.608682 -0.793414 0
    outer loop
      vertex 4.03639 -265.964 0.2615707
      vertex 3.84999 -265.821 19.6615707
      vertex 3.84999 -265.821 0.2615707
    endloop
  endfacet
  facet normal -0.383013 0.923743 0
    outer loop
      vertex 3.84999 -274.179 19.6615707
      vertex 3.84999 -274.179 0.2615707
      vertex 3.63293 -274.269 19.6615707
    endloop
  endfacet
  facet normal -0.383013 0.923743 0
    outer loop
      vertex 3.63293 -274.269 19.6615707
      vertex 3.84999 -274.179 0.2615707
      vertex 3.63293 -274.269 0.2615707
    endloop
  endfacet
  facet normal 0.991453 0.130463 0
    outer loop
      vertex -4.26933 -273.633 19.6615707
      vertex -4.29999 -273.4 0.2615707
      vertex -4.29999 -273.4 19.6615707
    endloop
  endfacet
  facet normal 0.991453 0.130463 0
    outer loop
      vertex -4.29999 -273.4 0.2615707
      vertex -4.26933 -273.633 19.6615707
      vertex -4.26933 -273.633 0.2615707
    endloop
  endfacet
  facet normal 0.383013 -0.923743 0
    outer loop
      vertex -3.84999 -265.821 19.6615707
      vertex -3.84999 -265.821 0.2615707
      vertex -3.63293 -265.731 19.6615707
    endloop
  endfacet
  facet normal 0.383013 -0.923743 0
    outer loop
      vertex -3.63293 -265.731 19.6615707
      vertex -3.84999 -265.821 0.2615707
      vertex -3.63293 -265.731 0.2615707
    endloop
  endfacet
  facet normal -0.991453 0.130463 0
    outer loop
      vertex 4.26933 -273.633 0.2615707
      vertex 4.29999 -273.4 19.6615707
      vertex 4.29999 -273.4 0.2615707
    endloop
  endfacet
  facet normal -0.991453 0.130463 0
    outer loop
      vertex 4.29999 -273.4 19.6615707
      vertex 4.26933 -273.633 0.2615707
      vertex 4.26933 -273.633 19.6615707
    endloop
  endfacet
  facet normal -0.792741 -0.609558 0
    outer loop
      vertex 4.17941 -266.15 0.2615707
      vertex 4.03639 -265.964 19.6615707
      vertex 4.03639 -265.964 0.2615707
    endloop
  endfacet
  facet normal -0.792741 -0.609558 0
    outer loop
      vertex 4.03639 -265.964 19.6615707
      vertex 4.17941 -266.15 0.2615707
      vertex 4.17941 -266.15 19.6615707
    endloop
  endfacet
  facet normal -0.923826 0.382813 0
    outer loop
      vertex 4.17941 -273.85 0.2615707
      vertex 4.26933 -273.633 19.6615707
      vertex 4.26933 -273.633 0.2615707
    endloop
  endfacet
  facet normal -0.923826 0.382813 0
    outer loop
      vertex 4.26933 -273.633 19.6615707
      vertex 4.17941 -273.85 0.2615707
      vertex 4.17941 -273.85 19.6615707
    endloop
  endfacet
  facet normal 0.923826 -0.382813 0
    outer loop
      vertex -4.26933 -266.367 19.6615707
      vertex -4.17941 -266.15 0.2615707
      vertex -4.17941 -266.15 19.6615707
    endloop
  endfacet
  facet normal 0.923826 -0.382813 0
    outer loop
      vertex -4.17941 -266.15 0.2615707
      vertex -4.26933 -266.367 19.6615707
      vertex -4.26933 -266.367 0.2615707
    endloop
  endfacet
  facet normal 0.923826 0.382813 0
    outer loop
      vertex -4.17941 -273.85 19.6615707
      vertex -4.26933 -273.633 0.2615707
      vertex -4.26933 -273.633 19.6615707
    endloop
  endfacet
  facet normal 0.923826 0.382813 0
    outer loop
      vertex -4.26933 -273.633 0.2615707
      vertex -4.17941 -273.85 19.6615707
      vertex -4.17941 -273.85 0.2615707
    endloop
  endfacet
  facet normal -0.608682 0.793414 0
    outer loop
      vertex 4.03639 -274.036 0.2615707
      vertex 3.84999 -274.179 19.6615707
      vertex 4.03639 -274.036 19.6615707
    endloop
  endfacet
  facet normal -0.608682 0.793414 0
    outer loop
      vertex 3.84999 -274.179 19.6615707
      vertex 4.03639 -274.036 0.2615707
      vertex 3.84999 -274.179 0.2615707
    endloop
  endfacet
  facet normal 0.792741 0.609558 0
    outer loop
      vertex -4.03639 -274.036 19.6615707
      vertex -4.17941 -273.85 0.2615707
      vertex -4.17941 -273.85 19.6615707
    endloop
  endfacet
  facet normal 0.792741 0.609558 0
    outer loop
      vertex -4.17941 -273.85 0.2615707
      vertex -4.03639 -274.036 19.6615707
      vertex -4.03639 -274.036 0.2615707
    endloop
  endfacet
  facet normal 0.0905406 -0.680339 -0.727283
    outer loop
      vertex -3.63293 -265.731 0.2615707
      vertex -3.81041 -265.475 0
      vertex -3.39999 -265.7 0.2615707
    endloop
  endfacet
  facet normal 0.075467 -0.686561 -0.723145
    outer loop
      vertex -3.81041 -265.475 0
      vertex -3.63293 -265.731 0.2615707
      vertex -3.8468 -265.479 0
    endloop
  endfacet
  facet normal -0.0905931 0.68029 -0.727323
    outer loop
      vertex 3.81041 -274.525 0
      vertex 3.60015 -274.553 0
      vertex 3.39999 -274.3 0.2615707
    endloop
  endfacet
  facet normal 0.37243 0.492961 -0.786311
    outer loop
      vertex -4.10575 -274.403 0
      vertex -3.84999 -274.179 0.2615707
      vertex -4.07663 -274.425 0
    endloop
  endfacet
  facet normal 0.375712 0.48974 -0.786762
    outer loop
      vertex -3.84999 -274.179 0.2615707
      vertex -4.10575 -274.403 0
      vertex -4.03639 -274.036 0.2615707
    endloop
  endfacet
  facet normal -0.075467 0.686561 -0.723145
    outer loop
      vertex 3.81041 -274.525 0
      vertex 3.63293 -274.269 0.2615707
      vertex 3.8468 -274.521 0
    endloop
  endfacet
  facet normal -0.0905406 0.680339 -0.727283
    outer loop
      vertex 3.63293 -274.269 0.2615707
      vertex 3.81041 -274.525 0
      vertex 3.39999 -274.3 0.2615707
    endloop
  endfacet
  facet normal -0.246633 0.589273 -0.769369
    outer loop
      vertex 3.8468 -274.521 0
      vertex 3.63293 -274.269 0.2615707
      vertex 4.04272 -274.439 0
    endloop
  endfacet
  facet normal 0.246633 0.589273 -0.769369
    outer loop
      vertex -3.63293 -274.269 0.2615707
      vertex -3.8468 -274.521 0
      vertex -4.04272 -274.439 0
    endloop
  endfacet
  facet normal 0.0905406 0.680339 -0.727283
    outer loop
      vertex -3.81041 -274.525 0
      vertex -3.63293 -274.269 0.2615707
      vertex -3.39999 -274.3 0.2615707
    endloop
  endfacet
  facet normal 0.075467 0.686561 -0.723145
    outer loop
      vertex -3.63293 -274.269 0.2615707
      vertex -3.81041 -274.525 0
      vertex -3.8468 -274.521 0
    endloop
  endfacet
  facet normal -0.680571 -0.0896733 -0.727174
    outer loop
      vertex 4.52545 -266.19 0
      vertex 4.55312 -266.4 0
      vertex 4.29999 -266.6 0.2615707
    endloop
  endfacet
  facet normal 0.718606 0 -0.695417
    outer loop
      vertex -4.29999 -273.4 0.2615707
      vertex -4.55312 -266.4 0
      vertex -4.29999 -266.6 0.2615707
    endloop
  endfacet
  facet normal 0.718606 0 -0.695417
    outer loop
      vertex -4.55312 -266.4 0
      vertex -4.29999 -273.4 0.2615707
      vertex -4.55312 -273.6 0
    endloop
  endfacet
  facet normal 0.0905931 -0.68029 -0.727323
    outer loop
      vertex -3.60015 -265.447 0
      vertex -3.39999 -265.7 0.2615707
      vertex -3.81041 -265.475 0
    endloop
  endfacet
  facet normal -0.0905931 -0.68029 -0.727323
    outer loop
      vertex 3.60015 -265.447 0
      vertex 3.81041 -265.475 0
      vertex 3.39999 -265.7 0.2615707
    endloop
  endfacet
  facet normal -0.375523 -0.48981 -0.78681
    outer loop
      vertex 4.10575 -265.597 0
      vertex 4.27401 -265.726 0
      vertex 4.03639 -265.964 0.2615707
    endloop
  endfacet
  facet normal -0.489431 0.376104 -0.786767
    outer loop
      vertex 4.42545 -274.077 0
      vertex 4.29635 -274.245 0
      vertex 4.17941 -273.85 0.2615707
    endloop
  endfacet
  facet normal -0.681243 0.0881933 -0.726726
    outer loop
      vertex 4.26933 -273.633 0.2615707
      vertex 4.52545 -273.81 0
      vertex 4.52066 -273.847 0
    endloop
  endfacet
  facet normal -0.68067 0.0895679 -0.727095
    outer loop
      vertex 4.52545 -273.81 0
      vertex 4.26933 -273.633 0.2615707
      vertex 4.29999 -273.4 0.2615707
    endloop
  endfacet
  facet normal 0.24515 0.591247 -0.768328
    outer loop
      vertex -4.04272 -274.439 0
      vertex -3.84999 -274.179 0.2615707
      vertex -3.63293 -274.269 0.2615707
    endloop
  endfacet
  facet normal 0.244309 0.591751 -0.768208
    outer loop
      vertex -3.84999 -274.179 0.2615707
      vertex -4.04272 -274.439 0
      vertex -4.07663 -274.425 0
    endloop
  endfacet
  facet normal 0.680571 0.0896733 -0.727174
    outer loop
      vertex -4.29999 -273.4 0.2615707
      vertex -4.52545 -273.81 0
      vertex -4.55312 -273.6 0
    endloop
  endfacet
  facet normal 0 -0.718785 -0.695233
    outer loop
      vertex -3.60015 -265.447 0
      vertex 3.39999 -265.7 0.2615707
      vertex -3.39999 -265.7 0.2615707
    endloop
  endfacet
  facet normal 0 -0.718785 -0.695233
    outer loop
      vertex 3.39999 -265.7 0.2615707
      vertex -3.60015 -265.447 0
      vertex 3.60015 -265.447 0
    endloop
  endfacet
  facet normal -0.718606 0 -0.695417
    outer loop
      vertex 4.55312 -266.4 0
      vertex 4.29999 -273.4 0.2615707
      vertex 4.29999 -266.6 0.2615707
    endloop
  endfacet
  facet normal -0.718606 0 -0.695417
    outer loop
      vertex 4.29999 -273.4 0.2615707
      vertex 4.55312 -266.4 0
      vertex 4.55312 -273.6 0
    endloop
  endfacet
  facet normal 0.680571 -0.0896733 -0.727174
    outer loop
      vertex -4.52545 -266.19 0
      vertex -4.29999 -266.6 0.2615707
      vertex -4.55312 -266.4 0
    endloop
  endfacet
  facet normal 0.591262 -0.244831 -0.768418
    outer loop
      vertex -4.4395 -265.957 0
      vertex -4.26933 -266.367 0.2615707
      vertex -4.52066 -266.153 0
    endloop
  endfacet
  facet normal 0.0905931 0.68029 -0.727323
    outer loop
      vertex -3.39999 -274.3 0.2615707
      vertex -3.60015 -274.553 0
      vertex -3.81041 -274.525 0
    endloop
  endfacet
  facet normal 0 0.718785 -0.695233
    outer loop
      vertex 3.60015 -274.553 0
      vertex -3.39999 -274.3 0.2615707
      vertex 3.39999 -274.3 0.2615707
    endloop
  endfacet
  facet normal 0 0.718785 -0.695233
    outer loop
      vertex -3.39999 -274.3 0.2615707
      vertex 3.60015 -274.553 0
      vertex -3.60015 -274.553 0
    endloop
  endfacet
  facet normal 0.375523 0.48981 -0.78681
    outer loop
      vertex -4.03639 -274.036 0.2615707
      vertex -4.10575 -274.403 0
      vertex -4.27401 -274.274 0
    endloop
  endfacet
  facet normal 0.246633 -0.589273 -0.769369
    outer loop
      vertex -3.8468 -265.479 0
      vertex -3.63293 -265.731 0.2615707
      vertex -4.04272 -265.561 0
    endloop
  endfacet
  facet normal -0.075467 -0.686561 -0.723145
    outer loop
      vertex 3.63293 -265.731 0.2615707
      vertex 3.81041 -265.475 0
      vertex 3.8468 -265.479 0
    endloop
  endfacet
  facet normal -0.0905406 -0.680339 -0.727283
    outer loop
      vertex 3.81041 -265.475 0
      vertex 3.63293 -265.731 0.2615707
      vertex 3.39999 -265.7 0.2615707
    endloop
  endfacet
  facet normal -0.680571 0.0896733 -0.727174
    outer loop
      vertex 4.55312 -273.6 0
      vertex 4.52545 -273.81 0
      vertex 4.29999 -273.4 0.2615707
    endloop
  endfacet
  facet normal 0.488913 0.376631 -0.786838
    outer loop
      vertex -4.29635 -274.245 0
      vertex -4.03639 -274.036 0.2615707
      vertex -4.27401 -274.274 0
    endloop
  endfacet
  facet normal 0.489254 0.3762 -0.786832
    outer loop
      vertex -4.03639 -274.036 0.2615707
      vertex -4.29635 -274.245 0
      vertex -4.17941 -273.85 0.2615707
    endloop
  endfacet
  facet normal 0.24515 -0.591247 -0.768328
    outer loop
      vertex -3.84999 -265.821 0.2615707
      vertex -4.04272 -265.561 0
      vertex -3.63293 -265.731 0.2615707
    endloop
  endfacet
  facet normal 0.244309 -0.591751 -0.768208
    outer loop
      vertex -4.04272 -265.561 0
      vertex -3.84999 -265.821 0.2615707
      vertex -4.07663 -265.575 0
    endloop
  endfacet
  facet normal 0.68067 -0.0895679 -0.727095
    outer loop
      vertex -4.52545 -266.19 0
      vertex -4.26933 -266.367 0.2615707
      vertex -4.29999 -266.6 0.2615707
    endloop
  endfacet
  facet normal 0.681243 -0.0881933 -0.726726
    outer loop
      vertex -4.26933 -266.367 0.2615707
      vertex -4.52545 -266.19 0
      vertex -4.52066 -266.153 0
    endloop
  endfacet
  facet normal 0.489254 -0.3762 -0.786832
    outer loop
      vertex -4.29635 -265.755 0
      vertex -4.03639 -265.964 0.2615707
      vertex -4.17941 -266.15 0.2615707
    endloop
  endfacet
  facet normal 0.488913 -0.376631 -0.786838
    outer loop
      vertex -4.03639 -265.964 0.2615707
      vertex -4.29635 -265.755 0
      vertex -4.27401 -265.726 0
    endloop
  endfacet
  facet normal -0.246633 -0.589273 -0.769369
    outer loop
      vertex 3.63293 -265.731 0.2615707
      vertex 3.8468 -265.479 0
      vertex 4.04272 -265.561 0
    endloop
  endfacet
  facet normal 0.681243 0.0881933 -0.726726
    outer loop
      vertex -4.52545 -273.81 0
      vertex -4.26933 -273.633 0.2615707
      vertex -4.52066 -273.847 0
    endloop
  endfacet
  facet normal 0.68067 0.0895679 -0.727095
    outer loop
      vertex -4.26933 -273.633 0.2615707
      vertex -4.52545 -273.81 0
      vertex -4.29999 -273.4 0.2615707
    endloop
  endfacet
  facet normal -0.591436 0.244402 -0.768421
    outer loop
      vertex 4.17941 -273.85 0.2615707
      vertex 4.4395 -274.043 0
      vertex 4.42545 -274.077 0
    endloop
  endfacet
  facet normal -0.591112 0.244944 -0.768498
    outer loop
      vertex 4.4395 -274.043 0
      vertex 4.17941 -273.85 0.2615707
      vertex 4.26933 -273.633 0.2615707
    endloop
  endfacet
  facet normal 0.591436 0.244402 -0.768421
    outer loop
      vertex -4.4395 -274.043 0
      vertex -4.17941 -273.85 0.2615707
      vertex -4.42545 -274.077 0
    endloop
  endfacet
  facet normal 0.591112 0.244944 -0.768498
    outer loop
      vertex -4.17941 -273.85 0.2615707
      vertex -4.4395 -274.043 0
      vertex -4.26933 -273.633 0.2615707
    endloop
  endfacet
  facet normal -0.489431 -0.376104 -0.786767
    outer loop
      vertex 4.29635 -265.755 0
      vertex 4.42545 -265.923 0
      vertex 4.17941 -266.15 0.2615707
    endloop
  endfacet
  facet normal -0.489254 -0.3762 -0.786832
    outer loop
      vertex 4.03639 -265.964 0.2615707
      vertex 4.29635 -265.755 0
      vertex 4.17941 -266.15 0.2615707
    endloop
  endfacet
  facet normal -0.488913 -0.376631 -0.786838
    outer loop
      vertex 4.29635 -265.755 0
      vertex 4.03639 -265.964 0.2615707
      vertex 4.27401 -265.726 0
    endloop
  endfacet
  facet normal -0.244309 -0.591751 -0.768208
    outer loop
      vertex 3.84999 -265.821 0.2615707
      vertex 4.04272 -265.561 0
      vertex 4.07663 -265.575 0
    endloop
  endfacet
  facet normal -0.24515 -0.591247 -0.768328
    outer loop
      vertex 3.63293 -265.731 0.2615707
      vertex 4.04272 -265.561 0
      vertex 3.84999 -265.821 0.2615707
    endloop
  endfacet
  facet normal 0.591112 -0.244944 -0.768498
    outer loop
      vertex -4.4395 -265.957 0
      vertex -4.17941 -266.15 0.2615707
      vertex -4.26933 -266.367 0.2615707
    endloop
  endfacet
  facet normal 0.591436 -0.244402 -0.768421
    outer loop
      vertex -4.17941 -266.15 0.2615707
      vertex -4.4395 -265.957 0
      vertex -4.42545 -265.923 0
    endloop
  endfacet
  facet normal 0.489431 -0.376104 -0.786767
    outer loop
      vertex -4.29635 -265.755 0
      vertex -4.17941 -266.15 0.2615707
      vertex -4.42545 -265.923 0
    endloop
  endfacet
  facet normal -0.37243 0.492961 -0.786311
    outer loop
      vertex 3.84999 -274.179 0.2615707
      vertex 4.10575 -274.403 0
      vertex 4.07663 -274.425 0
    endloop
  endfacet
  facet normal -0.375712 0.48974 -0.786762
    outer loop
      vertex 4.10575 -274.403 0
      vertex 3.84999 -274.179 0.2615707
      vertex 4.03639 -274.036 0.2615707
    endloop
  endfacet
  facet normal 0.375523 -0.48981 -0.78681
    outer loop
      vertex -4.10575 -265.597 0
      vertex -4.03639 -265.964 0.2615707
      vertex -4.27401 -265.726 0
    endloop
  endfacet
  facet normal 0.375712 -0.48974 -0.786762
    outer loop
      vertex -4.10575 -265.597 0
      vertex -3.84999 -265.821 0.2615707
      vertex -4.03639 -265.964 0.2615707
    endloop
  endfacet
  facet normal 0.37243 -0.492961 -0.786311
    outer loop
      vertex -3.84999 -265.821 0.2615707
      vertex -4.10575 -265.597 0
      vertex -4.07663 -265.575 0
    endloop
  endfacet
  facet normal -0.375712 -0.48974 -0.786762
    outer loop
      vertex 3.84999 -265.821 0.2615707
      vertex 4.10575 -265.597 0
      vertex 4.03639 -265.964 0.2615707
    endloop
  endfacet
  facet normal -0.37243 -0.492961 -0.786311
    outer loop
      vertex 4.10575 -265.597 0
      vertex 3.84999 -265.821 0.2615707
      vertex 4.07663 -265.575 0
    endloop
  endfacet
  facet normal -0.68067 -0.0895679 -0.727095
    outer loop
      vertex 4.26933 -266.367 0.2615707
      vertex 4.52545 -266.19 0
      vertex 4.29999 -266.6 0.2615707
    endloop
  endfacet
  facet normal -0.681243 -0.0881933 -0.726726
    outer loop
      vertex 4.52545 -266.19 0
      vertex 4.26933 -266.367 0.2615707
      vertex 4.52066 -266.153 0
    endloop
  endfacet
  facet normal -0.591262 0.244831 -0.768418
    outer loop
      vertex 4.52066 -273.847 0
      vertex 4.4395 -274.043 0
      vertex 4.26933 -273.633 0.2615707
    endloop
  endfacet
  facet normal -0.488913 0.376631 -0.786838
    outer loop
      vertex 4.03639 -274.036 0.2615707
      vertex 4.29635 -274.245 0
      vertex 4.27401 -274.274 0
    endloop
  endfacet
  facet normal -0.489254 0.3762 -0.786832
    outer loop
      vertex 4.29635 -274.245 0
      vertex 4.03639 -274.036 0.2615707
      vertex 4.17941 -273.85 0.2615707
    endloop
  endfacet
  facet normal -0.375523 0.48981 -0.78681
    outer loop
      vertex 4.27401 -274.274 0
      vertex 4.10575 -274.403 0
      vertex 4.03639 -274.036 0.2615707
    endloop
  endfacet
  facet normal 0.489431 0.376104 -0.786767
    outer loop
      vertex -4.17941 -273.85 0.2615707
      vertex -4.29635 -274.245 0
      vertex -4.42545 -274.077 0
    endloop
  endfacet
  facet normal -0.244309 0.591751 -0.768208
    outer loop
      vertex 4.04272 -274.439 0
      vertex 3.84999 -274.179 0.2615707
      vertex 4.07663 -274.425 0
    endloop
  endfacet
  facet normal -0.24515 0.591247 -0.768328
    outer loop
      vertex 4.04272 -274.439 0
      vertex 3.63293 -274.269 0.2615707
      vertex 3.84999 -274.179 0.2615707
    endloop
  endfacet
  facet normal 0.591262 0.244831 -0.768418
    outer loop
      vertex -4.26933 -273.633 0.2615707
      vertex -4.4395 -274.043 0
      vertex -4.52066 -273.847 0
    endloop
  endfacet
  facet normal -0.591262 -0.244831 -0.768418
    outer loop
      vertex 4.4395 -265.957 0
      vertex 4.52066 -266.153 0
      vertex 4.26933 -266.367 0.2615707
    endloop
  endfacet
  facet normal -0.591112 -0.244944 -0.768498
    outer loop
      vertex 4.17941 -266.15 0.2615707
      vertex 4.4395 -265.957 0
      vertex 4.26933 -266.367 0.2615707
    endloop
  endfacet
  facet normal -0.591436 -0.244402 -0.768421
    outer loop
      vertex 4.4395 -265.957 0
      vertex 4.17941 -266.15 0.2615707
      vertex 4.42545 -265.923 0
    endloop
  endfacet
  facet normal 0 0.718824 0.695193
    outer loop
      vertex 3.39999 -274.3 19.6615707
      vertex -3.60014 -274.553 19.9231707
      vertex 3.60014 -274.553 19.9231707
    endloop
  endfacet
  facet normal 0 0.718824 0.695193
    outer loop
      vertex -3.60014 -274.553 19.9231707
      vertex 3.39999 -274.3 19.6615707
      vertex -3.39999 -274.3 19.6615707
    endloop
  endfacet
  facet normal 0.68071 0.0895732 0.727056
    outer loop
      vertex -4.52545 -273.81 19.9231707
      vertex -4.26933 -273.633 19.6615707
      vertex -4.29999 -273.4 19.6615707
    endloop
  endfacet
  facet normal 0.681283 0.0881985 0.726687
    outer loop
      vertex -4.26933 -273.633 19.6615707
      vertex -4.52545 -273.81 19.9231707
      vertex -4.52066 -273.847 19.9231707
    endloop
  endfacet
  facet normal -0.24665 0.589313 0.769334
    outer loop
      vertex 3.8468 -274.521 19.9231707
      vertex 4.04272 -274.439 19.9231707
      vertex 3.63293 -274.269 19.6615707
    endloop
  endfacet
  facet normal -0.244325 0.59179 0.768173
    outer loop
      vertex 3.84999 -274.179 19.6615707
      vertex 4.04272 -274.439 19.9231707
      vertex 4.07663 -274.425 19.9231707
    endloop
  endfacet
  facet normal -0.245166 0.591287 0.768293
    outer loop
      vertex 4.04272 -274.439 19.9231707
      vertex 3.84999 -274.179 19.6615707
      vertex 3.63293 -274.269 19.6615707
    endloop
  endfacet
  facet normal 0.489288 0.376226 0.786798
    outer loop
      vertex -4.29635 -274.245 19.9231707
      vertex -4.03639 -274.036 19.6615707
      vertex -4.17941 -273.85 19.6615707
    endloop
  endfacet
  facet normal 0.488946 0.376657 0.786804
    outer loop
      vertex -4.03639 -274.036 19.6615707
      vertex -4.29635 -274.245 19.9231707
      vertex -4.27401 -274.274 19.9231707
    endloop
  endfacet
  facet normal 0.591286 0.244871 0.768388
    outer loop
      vertex -4.43949 -274.043 19.9231707
      vertex -4.26933 -273.633 19.6615707
      vertex -4.52066 -273.847 19.9231707
    endloop
  endfacet
  facet normal -0.0905947 0.680334 0.727282
    outer loop
      vertex 3.60014 -274.553 19.9231707
      vertex 3.81041 -274.525 19.9231707
      vertex 3.39999 -274.3 19.6615707
    endloop
  endfacet
  facet normal -0.0754714 0.686601 0.723106
    outer loop
      vertex 3.63293 -274.269 19.6615707
      vertex 3.81041 -274.525 19.9231707
      vertex 3.8468 -274.521 19.9231707
    endloop
  endfacet
  facet normal -0.0905459 0.68038 0.727245
    outer loop
      vertex 3.81041 -274.525 19.9231707
      vertex 3.63293 -274.269 19.6615707
      vertex 3.39999 -274.3 19.6615707
    endloop
  endfacet
  facet normal 0.375793 -0.490134 0.786478
    outer loop
      vertex -3.84999 -265.821 19.6615707
      vertex -4.07663 -265.575 19.9231707
      vertex -4.24488 -265.704 19.9231707
    endloop
  endfacet
  facet normal -0.375793 -0.490134 0.786478
    outer loop
      vertex 4.24488 -265.704 19.9231707
      vertex 4.07663 -265.575 19.9231707
      vertex 3.84999 -265.821 19.6615707
    endloop
  endfacet
  facet normal 0.680611 0.0896786 0.727136
    outer loop
      vertex -4.52545 -273.81 19.9231707
      vertex -4.29999 -273.4 19.6615707
      vertex -4.55312 -273.6 19.9231707
    endloop
  endfacet
  facet normal 0.0905459 -0.68038 0.727245
    outer loop
      vertex -3.81041 -265.475 19.9231707
      vertex -3.63293 -265.731 19.6615707
      vertex -3.39999 -265.7 19.6615707
    endloop
  endfacet
  facet normal 0.0754714 -0.686601 0.723106
    outer loop
      vertex -3.63293 -265.731 19.6615707
      vertex -3.81041 -265.475 19.9231707
      vertex -3.8468 -265.479 19.9231707
    endloop
  endfacet
  facet normal 0.681283 -0.0881985 0.726687
    outer loop
      vertex -4.52545 -266.19 19.9231707
      vertex -4.26933 -266.367 19.6615707
      vertex -4.52066 -266.153 19.9231707
    endloop
  endfacet
  facet normal 0.68071 -0.0895732 0.727056
    outer loop
      vertex -4.26933 -266.367 19.6615707
      vertex -4.52545 -266.19 19.9231707
      vertex -4.29999 -266.6 19.6615707
    endloop
  endfacet
  facet normal -0.591286 -0.244871 0.768388
    outer loop
      vertex 4.52066 -266.153 19.9231707
      vertex 4.43949 -265.957 19.9231707
      vertex 4.26933 -266.367 19.6615707
    endloop
  endfacet
  facet normal -0.0905947 -0.680334 0.727282
    outer loop
      vertex 3.81041 -265.475 19.9231707
      vertex 3.60014 -265.447 19.9231707
      vertex 3.39999 -265.7 19.6615707
    endloop
  endfacet
  facet normal 0.245166 -0.591287 0.768293
    outer loop
      vertex -4.04272 -265.561 19.9231707
      vertex -3.84999 -265.821 19.6615707
      vertex -3.63293 -265.731 19.6615707
    endloop
  endfacet
  facet normal 0.244325 -0.59179 0.768173
    outer loop
      vertex -3.84999 -265.821 19.6615707
      vertex -4.04272 -265.561 19.9231707
      vertex -4.07663 -265.575 19.9231707
    endloop
  endfacet
  facet normal 0.24665 -0.589313 0.769334
    outer loop
      vertex -3.63293 -265.731 19.6615707
      vertex -3.8468 -265.479 19.9231707
      vertex -4.04272 -265.561 19.9231707
    endloop
  endfacet
  facet normal -0.372216 -0.492848 0.786483
    outer loop
      vertex 4.24488 -265.704 19.9231707
      vertex 4.03639 -265.964 19.6615707
      vertex 4.27401 -265.726 19.9231707
    endloop
  endfacet
  facet normal -0.375885 -0.489964 0.78654
    outer loop
      vertex 4.03639 -265.964 19.6615707
      vertex 4.24488 -265.704 19.9231707
      vertex 3.84999 -265.821 19.6615707
    endloop
  endfacet
  facet normal 0.375793 0.490134 0.786478
    outer loop
      vertex -4.07663 -274.425 19.9231707
      vertex -3.84999 -274.179 19.6615707
      vertex -4.24488 -274.296 19.9231707
    endloop
  endfacet
  facet normal 0.24665 0.589313 0.769334
    outer loop
      vertex -3.8468 -274.521 19.9231707
      vertex -3.63293 -274.269 19.6615707
      vertex -4.04272 -274.439 19.9231707
    endloop
  endfacet
  facet normal -0.244325 -0.59179 0.768173
    outer loop
      vertex 4.04272 -265.561 19.9231707
      vertex 3.84999 -265.821 19.6615707
      vertex 4.07663 -265.575 19.9231707
    endloop
  endfacet
  facet normal -0.245166 -0.591287 0.768293
    outer loop
      vertex 3.84999 -265.821 19.6615707
      vertex 4.04272 -265.561 19.9231707
      vertex 3.63293 -265.731 19.6615707
    endloop
  endfacet
  facet normal 0 -0.718824 0.695193
    outer loop
      vertex -3.39999 -265.7 19.6615707
      vertex 3.60014 -265.447 19.9231707
      vertex -3.60014 -265.447 19.9231707
    endloop
  endfacet
  facet normal 0 -0.718824 0.695193
    outer loop
      vertex 3.60014 -265.447 19.9231707
      vertex -3.39999 -265.7 19.6615707
      vertex 3.39999 -265.7 19.6615707
    endloop
  endfacet
  facet normal 0.0905947 -0.680334 0.727282
    outer loop
      vertex -3.39999 -265.7 19.6615707
      vertex -3.60014 -265.447 19.9231707
      vertex -3.81041 -265.475 19.9231707
    endloop
  endfacet
  facet normal 0.680611 -0.0896786 0.727136
    outer loop
      vertex -4.29999 -266.6 19.6615707
      vertex -4.52545 -266.19 19.9231707
      vertex -4.55312 -266.4 19.9231707
    endloop
  endfacet
  facet normal 0.591286 -0.244871 0.768388
    outer loop
      vertex -4.26933 -266.367 19.6615707
      vertex -4.43949 -265.957 19.9231707
      vertex -4.52066 -266.153 19.9231707
    endloop
  endfacet
  facet normal -0.680611 0.0896786 0.727136
    outer loop
      vertex 4.52545 -273.81 19.9231707
      vertex 4.55312 -273.6 19.9231707
      vertex 4.29999 -273.4 19.6615707
    endloop
  endfacet
  facet normal 0.591162 0.244964 0.768453
    outer loop
      vertex -4.43949 -274.043 19.9231707
      vertex -4.17941 -273.85 19.6615707
      vertex -4.26933 -273.633 19.6615707
    endloop
  endfacet
  facet normal 0.591569 0.244283 0.768356
    outer loop
      vertex -4.17941 -273.85 19.6615707
      vertex -4.43949 -274.043 19.9231707
      vertex -4.42545 -274.077 19.9231707
    endloop
  endfacet
  facet normal 0.245166 0.591287 0.768293
    outer loop
      vertex -3.84999 -274.179 19.6615707
      vertex -4.04272 -274.439 19.9231707
      vertex -3.63293 -274.269 19.6615707
    endloop
  endfacet
  facet normal 0.244325 0.59179 0.768173
    outer loop
      vertex -4.04272 -274.439 19.9231707
      vertex -3.84999 -274.179 19.6615707
      vertex -4.07663 -274.425 19.9231707
    endloop
  endfacet
  facet normal -0.680611 -0.0896786 0.727136
    outer loop
      vertex 4.55312 -266.4 19.9231707
      vertex 4.52545 -266.19 19.9231707
      vertex 4.29999 -266.6 19.6615707
    endloop
  endfacet
  facet normal 0.0905947 0.680334 0.727282
    outer loop
      vertex -3.60014 -274.553 19.9231707
      vertex -3.39999 -274.3 19.6615707
      vertex -3.81041 -274.525 19.9231707
    endloop
  endfacet
  facet normal -0.489465 -0.37613 0.786734
    outer loop
      vertex 4.42545 -265.923 19.9231707
      vertex 4.29635 -265.755 19.9231707
      vertex 4.17941 -266.15 19.6615707
    endloop
  endfacet
  facet normal -0.718645 0 0.695377
    outer loop
      vertex 4.29999 -273.4 19.6615707
      vertex 4.55312 -266.4 19.9231707
      vertex 4.29999 -266.6 19.6615707
    endloop
  endfacet
  facet normal -0.718645 0 0.695377
    outer loop
      vertex 4.55312 -266.4 19.9231707
      vertex 4.29999 -273.4 19.6615707
      vertex 4.55312 -273.6 19.9231707
    endloop
  endfacet
  facet normal -0.489465 0.37613 0.786734
    outer loop
      vertex 4.29635 -274.245 19.9231707
      vertex 4.42545 -274.077 19.9231707
      vertex 4.17941 -273.85 19.6615707
    endloop
  endfacet
  facet normal 0.488946 -0.376657 0.786804
    outer loop
      vertex -4.29635 -265.755 19.9231707
      vertex -4.03639 -265.964 19.6615707
      vertex -4.27401 -265.726 19.9231707
    endloop
  endfacet
  facet normal 0.489288 -0.376226 0.786798
    outer loop
      vertex -4.03639 -265.964 19.6615707
      vertex -4.29635 -265.755 19.9231707
      vertex -4.17941 -266.15 19.6615707
    endloop
  endfacet
  facet normal -0.68071 0.0895732 0.727056
    outer loop
      vertex 4.26933 -273.633 19.6615707
      vertex 4.52545 -273.81 19.9231707
      vertex 4.29999 -273.4 19.6615707
    endloop
  endfacet
  facet normal -0.681283 0.0881985 0.726687
    outer loop
      vertex 4.52545 -273.81 19.9231707
      vertex 4.26933 -273.633 19.6615707
      vertex 4.52066 -273.847 19.9231707
    endloop
  endfacet
  facet normal -0.0754714 -0.686601 0.723106
    outer loop
      vertex 3.81041 -265.475 19.9231707
      vertex 3.63293 -265.731 19.6615707
      vertex 3.8468 -265.479 19.9231707
    endloop
  endfacet
  facet normal -0.0905459 -0.68038 0.727245
    outer loop
      vertex 3.63293 -265.731 19.6615707
      vertex 3.81041 -265.475 19.9231707
      vertex 3.39999 -265.7 19.6615707
    endloop
  endfacet
  facet normal -0.591286 0.244871 0.768388
    outer loop
      vertex 4.43949 -274.043 19.9231707
      vertex 4.52066 -273.847 19.9231707
      vertex 4.26933 -273.633 19.6615707
    endloop
  endfacet
  facet normal -0.24665 -0.589313 0.769334
    outer loop
      vertex 4.04272 -265.561 19.9231707
      vertex 3.8468 -265.479 19.9231707
      vertex 3.63293 -265.731 19.6615707
    endloop
  endfacet
  facet normal 0.375885 -0.489964 0.78654
    outer loop
      vertex -4.24488 -265.704 19.9231707
      vertex -4.03639 -265.964 19.6615707
      vertex -3.84999 -265.821 19.6615707
    endloop
  endfacet
  facet normal 0.372216 -0.492848 0.786483
    outer loop
      vertex -4.03639 -265.964 19.6615707
      vertex -4.24488 -265.704 19.9231707
      vertex -4.27401 -265.726 19.9231707
    endloop
  endfacet
  facet normal -0.375793 0.490134 0.786478
    outer loop
      vertex 4.07663 -274.425 19.9231707
      vertex 4.24488 -274.296 19.9231707
      vertex 3.84999 -274.179 19.6615707
    endloop
  endfacet
  facet normal -0.591162 0.244964 0.768453
    outer loop
      vertex 4.17941 -273.85 19.6615707
      vertex 4.43949 -274.043 19.9231707
      vertex 4.26933 -273.633 19.6615707
    endloop
  endfacet
  facet normal -0.591569 0.244283 0.768356
    outer loop
      vertex 4.43949 -274.043 19.9231707
      vertex 4.17941 -273.85 19.6615707
      vertex 4.42545 -274.077 19.9231707
    endloop
  endfacet
  facet normal 0.718645 0 0.695377
    outer loop
      vertex -4.55312 -266.4 19.9231707
      vertex -4.29999 -273.4 19.6615707
      vertex -4.29999 -266.6 19.6615707
    endloop
  endfacet
  facet normal 0.718645 0 0.695377
    outer loop
      vertex -4.29999 -273.4 19.6615707
      vertex -4.55312 -266.4 19.9231707
      vertex -4.55312 -273.6 19.9231707
    endloop
  endfacet
  facet normal 0.375885 0.489964 0.78654
    outer loop
      vertex -4.03639 -274.036 19.6615707
      vertex -4.24488 -274.296 19.9231707
      vertex -3.84999 -274.179 19.6615707
    endloop
  endfacet
  facet normal 0.372216 0.492848 0.786483
    outer loop
      vertex -4.24488 -274.296 19.9231707
      vertex -4.03639 -274.036 19.6615707
      vertex -4.27401 -274.274 19.9231707
    endloop
  endfacet
  facet normal 0.489465 -0.37613 0.786734
    outer loop
      vertex -4.17941 -266.15 19.6615707
      vertex -4.29635 -265.755 19.9231707
      vertex -4.42545 -265.923 19.9231707
    endloop
  endfacet
  facet normal -0.681283 -0.0881985 0.726687
    outer loop
      vertex 4.26933 -266.367 19.6615707
      vertex 4.52545 -266.19 19.9231707
      vertex 4.52066 -266.153 19.9231707
    endloop
  endfacet
  facet normal -0.68071 -0.0895732 0.727056
    outer loop
      vertex 4.52545 -266.19 19.9231707
      vertex 4.26933 -266.367 19.6615707
      vertex 4.29999 -266.6 19.6615707
    endloop
  endfacet
  facet normal 0.591569 -0.244283 0.768356
    outer loop
      vertex -4.43949 -265.957 19.9231707
      vertex -4.17941 -266.15 19.6615707
      vertex -4.42545 -265.923 19.9231707
    endloop
  endfacet
  facet normal 0.591162 -0.244964 0.768453
    outer loop
      vertex -4.17941 -266.15 19.6615707
      vertex -4.43949 -265.957 19.9231707
      vertex -4.26933 -266.367 19.6615707
    endloop
  endfacet
  facet normal 0.489465 0.37613 0.786734
    outer loop
      vertex -4.29635 -274.245 19.9231707
      vertex -4.17941 -273.85 19.6615707
      vertex -4.42545 -274.077 19.9231707
    endloop
  endfacet
  facet normal 0.0905459 0.68038 0.727245
    outer loop
      vertex -3.63293 -274.269 19.6615707
      vertex -3.81041 -274.525 19.9231707
      vertex -3.39999 -274.3 19.6615707
    endloop
  endfacet
  facet normal 0.0754714 0.686601 0.723106
    outer loop
      vertex -3.81041 -274.525 19.9231707
      vertex -3.63293 -274.269 19.6615707
      vertex -3.8468 -274.521 19.9231707
    endloop
  endfacet
  facet normal -0.489288 0.376226 0.786798
    outer loop
      vertex 4.03639 -274.036 19.6615707
      vertex 4.29635 -274.245 19.9231707
      vertex 4.17941 -273.85 19.6615707
    endloop
  endfacet
  facet normal -0.488946 0.376657 0.786804
    outer loop
      vertex 4.29635 -274.245 19.9231707
      vertex 4.03639 -274.036 19.6615707
      vertex 4.27401 -274.274 19.9231707
    endloop
  endfacet
  facet normal -0.372216 0.492848 0.786483
    outer loop
      vertex 4.03639 -274.036 19.6615707
      vertex 4.24488 -274.296 19.9231707
      vertex 4.27401 -274.274 19.9231707
    endloop
  endfacet
  facet normal -0.375885 0.489964 0.78654
    outer loop
      vertex 4.24488 -274.296 19.9231707
      vertex 4.03639 -274.036 19.6615707
      vertex 3.84999 -274.179 19.6615707
    endloop
  endfacet
  facet normal -0.488946 -0.376657 0.786804
    outer loop
      vertex 4.03639 -265.964 19.6615707
      vertex 4.29635 -265.755 19.9231707
      vertex 4.27401 -265.726 19.9231707
    endloop
  endfacet
  facet normal -0.489288 -0.376226 0.786798
    outer loop
      vertex 4.29635 -265.755 19.9231707
      vertex 4.03639 -265.964 19.6615707
      vertex 4.17941 -266.15 19.6615707
    endloop
  endfacet
  facet normal -0.591569 -0.244283 0.768356
    outer loop
      vertex 4.17941 -266.15 19.6615707
      vertex 4.43949 -265.957 19.9231707
      vertex 4.42545 -265.923 19.9231707
    endloop
  endfacet
  facet normal -0.591162 -0.244964 0.768453
    outer loop
      vertex 4.43949 -265.957 19.9231707
      vertex 4.17941 -266.15 19.6615707
      vertex 4.26933 -266.367 19.6615707
    endloop
  endfacet
  facet normal -0.131918 0.991261 0
    outer loop
      vertex 3.63293 -294.269 19.6615707
      vertex 3.39999 -294.3 0.2615707
      vertex 3.39999 -294.3 19.6615707
    endloop
  endfacet
  facet normal -0.131918 0.991261 0
    outer loop
      vertex 3.63293 -294.269 19.6615707
      vertex 3.63293 -294.269 0.2615707
      vertex 3.39999 -294.3 0.2615707
    endloop
  endfacet
  facet normal 0 -1 0
    outer loop
      vertex -3.39999 -285.7 0.2615707
      vertex 3.39999 -285.7 19.6615707
      vertex -3.39999 -285.7 19.6615707
    endloop
  endfacet
  facet normal 0 -1 -0
    outer loop
      vertex 3.39999 -285.7 19.6615707
      vertex -3.39999 -285.7 0.2615707
      vertex 3.39999 -285.7 0.2615707
    endloop
  endfacet
  facet normal 0.131918 0.991261 -0
    outer loop
      vertex -3.39999 -294.3 0.2615707
      vertex -3.63293 -294.269 19.6615707
      vertex -3.39999 -294.3 19.6615707
    endloop
  endfacet
  facet normal 0.131918 0.991261 -0
    outer loop
      vertex -3.63293 -294.269 0.2615707
      vertex -3.63293 -294.269 19.6615707
      vertex -3.39999 -294.3 0.2615707
    endloop
  endfacet
  facet normal 0.923826 -0.382813 0
    outer loop
      vertex -4.26933 -286.367 19.6615707
      vertex -4.17941 -286.15 0.2615707
      vertex -4.17941 -286.15 19.6615707
    endloop
  endfacet
  facet normal 0.923826 -0.382813 0
    outer loop
      vertex -4.17941 -286.15 0.2615707
      vertex -4.26933 -286.367 19.6615707
      vertex -4.26933 -286.367 0.2615707
    endloop
  endfacet
  facet normal 1 -0 0
    outer loop
      vertex -4.29999 -293.4 19.6615707
      vertex -4.29999 -286.6 0.2615707
      vertex -4.29999 -286.6 19.6615707
    endloop
  endfacet
  facet normal 1 0 0
    outer loop
      vertex -4.29999 -286.6 0.2615707
      vertex -4.29999 -293.4 19.6615707
      vertex -4.29999 -293.4 0.2615707
    endloop
  endfacet
  facet normal -0.131918 -0.991261 0
    outer loop
      vertex 3.39999 -285.7 0.2615707
      vertex 3.63293 -285.731 19.6615707
      vertex 3.39999 -285.7 19.6615707
    endloop
  endfacet
  facet normal -0.131918 -0.991261 0
    outer loop
      vertex 3.63293 -285.731 0.2615707
      vertex 3.63293 -285.731 19.6615707
      vertex 3.39999 -285.7 0.2615707
    endloop
  endfacet
  facet normal -1 0 0
    outer loop
      vertex 4.29999 -293.4 0.2615707
      vertex 4.29999 -286.6 19.6615707
      vertex 4.29999 -286.6 0.2615707
    endloop
  endfacet
  facet normal -1 -0 0
    outer loop
      vertex 4.29999 -286.6 19.6615707
      vertex 4.29999 -293.4 0.2615707
      vertex 4.29999 -293.4 19.6615707
    endloop
  endfacet
  facet normal 0.991453 -0.130463 0
    outer loop
      vertex -4.29999 -286.6 19.6615707
      vertex -4.26933 -286.367 0.2615707
      vertex -4.26933 -286.367 19.6615707
    endloop
  endfacet
  facet normal 0.991453 -0.130463 0
    outer loop
      vertex -4.26933 -286.367 0.2615707
      vertex -4.29999 -286.6 19.6615707
      vertex -4.29999 -286.6 0.2615707
    endloop
  endfacet
  facet normal 0 1 -0
    outer loop
      vertex 3.39999 -294.3 0.2615707
      vertex -3.39999 -294.3 19.6615707
      vertex 3.39999 -294.3 19.6615707
    endloop
  endfacet
  facet normal 0 1 0
    outer loop
      vertex -3.39999 -294.3 19.6615707
      vertex 3.39999 -294.3 0.2615707
      vertex -3.39999 -294.3 0.2615707
    endloop
  endfacet
  facet normal 0.383013 -0.923743 0
    outer loop
      vertex -3.84999 -285.821 19.6615707
      vertex -3.84999 -285.821 0.2615707
      vertex -3.63293 -285.731 19.6615707
    endloop
  endfacet
  facet normal 0.383013 -0.923743 0
    outer loop
      vertex -3.63293 -285.731 19.6615707
      vertex -3.84999 -285.821 0.2615707
      vertex -3.63293 -285.731 0.2615707
    endloop
  endfacet
  facet normal 0.131918 -0.991261 0
    outer loop
      vertex -3.63293 -285.731 19.6615707
      vertex -3.39999 -285.7 0.2615707
      vertex -3.39999 -285.7 19.6615707
    endloop
  endfacet
  facet normal 0.131918 -0.991261 0
    outer loop
      vertex -3.63293 -285.731 19.6615707
      vertex -3.63293 -285.731 0.2615707
      vertex -3.39999 -285.7 0.2615707
    endloop
  endfacet
  facet normal 0.608682 0.793414 0
    outer loop
      vertex -3.84999 -294.179 19.6615707
      vertex -4.03639 -294.036 0.2615707
      vertex -4.03639 -294.036 19.6615707
    endloop
  endfacet
  facet normal 0.608682 0.793414 0
    outer loop
      vertex -4.03639 -294.036 0.2615707
      vertex -3.84999 -294.179 19.6615707
      vertex -3.84999 -294.179 0.2615707
    endloop
  endfacet
  facet normal -0.923826 -0.382813 0
    outer loop
      vertex 4.26933 -286.367 0.2615707
      vertex 4.17941 -286.15 19.6615707
      vertex 4.17941 -286.15 0.2615707
    endloop
  endfacet
  facet normal -0.923826 -0.382813 0
    outer loop
      vertex 4.17941 -286.15 19.6615707
      vertex 4.26933 -286.367 0.2615707
      vertex 4.26933 -286.367 19.6615707
    endloop
  endfacet
  facet normal 0.792741 -0.609558 0
    outer loop
      vertex -4.17941 -286.15 19.6615707
      vertex -4.03639 -285.964 0.2615707
      vertex -4.03639 -285.964 19.6615707
    endloop
  endfacet
  facet normal 0.792741 -0.609558 0
    outer loop
      vertex -4.03639 -285.964 0.2615707
      vertex -4.17941 -286.15 19.6615707
      vertex -4.17941 -286.15 0.2615707
    endloop
  endfacet
  facet normal 0.608682 -0.793414 0
    outer loop
      vertex -4.03639 -285.964 0.2615707
      vertex -3.84999 -285.821 19.6615707
      vertex -4.03639 -285.964 19.6615707
    endloop
  endfacet
  facet normal 0.608682 -0.793414 0
    outer loop
      vertex -3.84999 -285.821 19.6615707
      vertex -4.03639 -285.964 0.2615707
      vertex -3.84999 -285.821 0.2615707
    endloop
  endfacet
  facet normal -0.991453 -0.130463 0
    outer loop
      vertex 4.29999 -286.6 0.2615707
      vertex 4.26933 -286.367 19.6615707
      vertex 4.26933 -286.367 0.2615707
    endloop
  endfacet
  facet normal -0.991453 -0.130463 0
    outer loop
      vertex 4.26933 -286.367 19.6615707
      vertex 4.29999 -286.6 0.2615707
      vertex 4.29999 -286.6 19.6615707
    endloop
  endfacet
  facet normal 0.383013 0.923743 -0
    outer loop
      vertex -3.63293 -294.269 0.2615707
      vertex -3.84999 -294.179 19.6615707
      vertex -3.63293 -294.269 19.6615707
    endloop
  endfacet
  facet normal 0.383013 0.923743 -0
    outer loop
      vertex -3.84999 -294.179 0.2615707
      vertex -3.84999 -294.179 19.6615707
      vertex -3.63293 -294.269 0.2615707
    endloop
  endfacet
  facet normal -0.792741 0.609558 0
    outer loop
      vertex 4.03639 -294.036 0.2615707
      vertex 4.17941 -293.85 19.6615707
      vertex 4.17941 -293.85 0.2615707
    endloop
  endfacet
  facet normal -0.792741 0.609558 0
    outer loop
      vertex 4.17941 -293.85 19.6615707
      vertex 4.03639 -294.036 0.2615707
      vertex 4.03639 -294.036 19.6615707
    endloop
  endfacet
  facet normal -0.383013 -0.923743 0
    outer loop
      vertex 3.63293 -285.731 0.2615707
      vertex 3.84999 -285.821 19.6615707
      vertex 3.63293 -285.731 19.6615707
    endloop
  endfacet
  facet normal -0.383013 -0.923743 0
    outer loop
      vertex 3.84999 -285.821 0.2615707
      vertex 3.84999 -285.821 19.6615707
      vertex 3.63293 -285.731 0.2615707
    endloop
  endfacet
  facet normal -0.608682 -0.793414 0
    outer loop
      vertex 3.84999 -285.821 19.6615707
      vertex 4.03639 -285.964 0.2615707
      vertex 4.03639 -285.964 19.6615707
    endloop
  endfacet
  facet normal -0.608682 -0.793414 0
    outer loop
      vertex 4.03639 -285.964 0.2615707
      vertex 3.84999 -285.821 19.6615707
      vertex 3.84999 -285.821 0.2615707
    endloop
  endfacet
  facet normal -0.383013 0.923743 0
    outer loop
      vertex 3.84999 -294.179 19.6615707
      vertex 3.84999 -294.179 0.2615707
      vertex 3.63293 -294.269 19.6615707
    endloop
  endfacet
  facet normal -0.383013 0.923743 0
    outer loop
      vertex 3.63293 -294.269 19.6615707
      vertex 3.84999 -294.179 0.2615707
      vertex 3.63293 -294.269 0.2615707
    endloop
  endfacet
  facet normal 0.991453 0.130463 0
    outer loop
      vertex -4.26933 -293.633 19.6615707
      vertex -4.29999 -293.4 0.2615707
      vertex -4.29999 -293.4 19.6615707
    endloop
  endfacet
  facet normal 0.991453 0.130463 0
    outer loop
      vertex -4.29999 -293.4 0.2615707
      vertex -4.26933 -293.633 19.6615707
      vertex -4.26933 -293.633 0.2615707
    endloop
  endfacet
  facet normal -0.991453 0.130463 0
    outer loop
      vertex 4.26933 -293.633 0.2615707
      vertex 4.29999 -293.4 19.6615707
      vertex 4.29999 -293.4 0.2615707
    endloop
  endfacet
  facet normal -0.991453 0.130463 0
    outer loop
      vertex 4.29999 -293.4 19.6615707
      vertex 4.26933 -293.633 0.2615707
      vertex 4.26933 -293.633 19.6615707
    endloop
  endfacet
  facet normal -0.792741 -0.609558 0
    outer loop
      vertex 4.17941 -286.15 0.2615707
      vertex 4.03639 -285.964 19.6615707
      vertex 4.03639 -285.964 0.2615707
    endloop
  endfacet
  facet normal -0.792741 -0.609558 0
    outer loop
      vertex 4.03639 -285.964 19.6615707
      vertex 4.17941 -286.15 0.2615707
      vertex 4.17941 -286.15 19.6615707
    endloop
  endfacet
  facet normal -0.923826 0.382813 0
    outer loop
      vertex 4.17941 -293.85 0.2615707
      vertex 4.26933 -293.633 19.6615707
      vertex 4.26933 -293.633 0.2615707
    endloop
  endfacet
  facet normal -0.923826 0.382813 0
    outer loop
      vertex 4.26933 -293.633 19.6615707
      vertex 4.17941 -293.85 0.2615707
      vertex 4.17941 -293.85 19.6615707
    endloop
  endfacet
  facet normal 0.923826 0.382813 0
    outer loop
      vertex -4.17941 -293.85 19.6615707
      vertex -4.26933 -293.633 0.2615707
      vertex -4.26933 -293.633 19.6615707
    endloop
  endfacet
  facet normal 0.923826 0.382813 0
    outer loop
      vertex -4.26933 -293.633 0.2615707
      vertex -4.17941 -293.85 19.6615707
      vertex -4.17941 -293.85 0.2615707
    endloop
  endfacet
  facet normal -0.608682 0.793414 0
    outer loop
      vertex 4.03639 -294.036 0.2615707
      vertex 3.84999 -294.179 19.6615707
      vertex 4.03639 -294.036 19.6615707
    endloop
  endfacet
  facet normal -0.608682 0.793414 0
    outer loop
      vertex 3.84999 -294.179 19.6615707
      vertex 4.03639 -294.036 0.2615707
      vertex 3.84999 -294.179 0.2615707
    endloop
  endfacet
  facet normal 0.792741 0.609558 0
    outer loop
      vertex -4.03639 -294.036 19.6615707
      vertex -4.17941 -293.85 0.2615707
      vertex -4.17941 -293.85 19.6615707
    endloop
  endfacet
  facet normal 0.792741 0.609558 0
    outer loop
      vertex -4.17941 -293.85 0.2615707
      vertex -4.03639 -294.036 19.6615707
      vertex -4.03639 -294.036 0.2615707
    endloop
  endfacet
  facet normal 0.0905406 -0.680339 -0.727283
    outer loop
      vertex -3.63293 -285.731 0.2615707
      vertex -3.81041 -285.475 0
      vertex -3.39999 -285.7 0.2615707
    endloop
  endfacet
  facet normal 0.075467 -0.686561 -0.723145
    outer loop
      vertex -3.81041 -285.475 0
      vertex -3.63293 -285.731 0.2615707
      vertex -3.8468 -285.479 0
    endloop
  endfacet
  facet normal -0.0905931 0.68029 -0.727323
    outer loop
      vertex 3.81041 -294.525 0
      vertex 3.60015 -294.553 0
      vertex 3.39999 -294.3 0.2615707
    endloop
  endfacet
  facet normal 0.37243 0.492961 -0.786311
    outer loop
      vertex -4.10575 -294.403 0
      vertex -3.84999 -294.179 0.2615707
      vertex -4.07663 -294.425 0
    endloop
  endfacet
  facet normal 0.375712 0.48974 -0.786762
    outer loop
      vertex -3.84999 -294.179 0.2615707
      vertex -4.10575 -294.403 0
      vertex -4.03639 -294.036 0.2615707
    endloop
  endfacet
  facet normal -0.075467 0.686561 -0.723145
    outer loop
      vertex 3.81041 -294.525 0
      vertex 3.63293 -294.269 0.2615707
      vertex 3.8468 -294.521 0
    endloop
  endfacet
  facet normal -0.0905406 0.680339 -0.727283
    outer loop
      vertex 3.63293 -294.269 0.2615707
      vertex 3.81041 -294.525 0
      vertex 3.39999 -294.3 0.2615707
    endloop
  endfacet
  facet normal -0.246633 0.589273 -0.769369
    outer loop
      vertex 3.8468 -294.521 0
      vertex 3.63293 -294.269 0.2615707
      vertex 4.04272 -294.439 0
    endloop
  endfacet
  facet normal 0.246633 0.589273 -0.769369
    outer loop
      vertex -3.63293 -294.269 0.2615707
      vertex -3.8468 -294.521 0
      vertex -4.04272 -294.439 0
    endloop
  endfacet
  facet normal 0.0905406 0.680339 -0.727283
    outer loop
      vertex -3.81041 -294.525 0
      vertex -3.63293 -294.269 0.2615707
      vertex -3.39999 -294.3 0.2615707
    endloop
  endfacet
  facet normal 0.075467 0.686561 -0.723145
    outer loop
      vertex -3.63293 -294.269 0.2615707
      vertex -3.81041 -294.525 0
      vertex -3.8468 -294.521 0
    endloop
  endfacet
  facet normal -0.680571 -0.0896733 -0.727174
    outer loop
      vertex 4.52545 -286.19 0
      vertex 4.55312 -286.4 0
      vertex 4.29999 -286.6 0.2615707
    endloop
  endfacet
  facet normal 0.718606 0 -0.695417
    outer loop
      vertex -4.29999 -293.4 0.2615707
      vertex -4.55312 -286.4 0
      vertex -4.29999 -286.6 0.2615707
    endloop
  endfacet
  facet normal 0.718606 0 -0.695417
    outer loop
      vertex -4.55312 -286.4 0
      vertex -4.29999 -293.4 0.2615707
      vertex -4.55312 -293.6 0
    endloop
  endfacet
  facet normal 0.0905931 -0.68029 -0.727323
    outer loop
      vertex -3.60015 -285.447 0
      vertex -3.39999 -285.7 0.2615707
      vertex -3.81041 -285.475 0
    endloop
  endfacet
  facet normal -0.0905931 -0.68029 -0.727323
    outer loop
      vertex 3.60015 -285.447 0
      vertex 3.81041 -285.475 0
      vertex 3.39999 -285.7 0.2615707
    endloop
  endfacet
  facet normal -0.375523 -0.48981 -0.78681
    outer loop
      vertex 4.10575 -285.597 0
      vertex 4.27401 -285.726 0
      vertex 4.03639 -285.964 0.2615707
    endloop
  endfacet
  facet normal -0.489431 0.376104 -0.786767
    outer loop
      vertex 4.42545 -294.077 0
      vertex 4.29635 -294.245 0
      vertex 4.17941 -293.85 0.2615707
    endloop
  endfacet
  facet normal -0.681243 0.0881933 -0.726726
    outer loop
      vertex 4.26933 -293.633 0.2615707
      vertex 4.52545 -293.81 0
      vertex 4.52066 -293.847 0
    endloop
  endfacet
  facet normal -0.68067 0.0895679 -0.727095
    outer loop
      vertex 4.52545 -293.81 0
      vertex 4.26933 -293.633 0.2615707
      vertex 4.29999 -293.4 0.2615707
    endloop
  endfacet
  facet normal 0.24515 0.591247 -0.768328
    outer loop
      vertex -4.04272 -294.439 0
      vertex -3.84999 -294.179 0.2615707
      vertex -3.63293 -294.269 0.2615707
    endloop
  endfacet
  facet normal 0.244309 0.591751 -0.768208
    outer loop
      vertex -3.84999 -294.179 0.2615707
      vertex -4.04272 -294.439 0
      vertex -4.07663 -294.425 0
    endloop
  endfacet
  facet normal 0.680571 0.0896733 -0.727174
    outer loop
      vertex -4.29999 -293.4 0.2615707
      vertex -4.52545 -293.81 0
      vertex -4.55312 -293.6 0
    endloop
  endfacet
  facet normal 0 -0.718785 -0.695233
    outer loop
      vertex -3.60015 -285.447 0
      vertex 3.39999 -285.7 0.2615707
      vertex -3.39999 -285.7 0.2615707
    endloop
  endfacet
  facet normal 0 -0.718785 -0.695233
    outer loop
      vertex 3.39999 -285.7 0.2615707
      vertex -3.60015 -285.447 0
      vertex 3.60015 -285.447 0
    endloop
  endfacet
  facet normal -0.718606 0 -0.695417
    outer loop
      vertex 4.55312 -286.4 0
      vertex 4.29999 -293.4 0.2615707
      vertex 4.29999 -286.6 0.2615707
    endloop
  endfacet
  facet normal -0.718606 0 -0.695417
    outer loop
      vertex 4.29999 -293.4 0.2615707
      vertex 4.55312 -286.4 0
      vertex 4.55312 -293.6 0
    endloop
  endfacet
  facet normal 0.680571 -0.0896733 -0.727174
    outer loop
      vertex -4.52545 -286.19 0
      vertex -4.29999 -286.6 0.2615707
      vertex -4.55312 -286.4 0
    endloop
  endfacet
  facet normal 0.591262 -0.244831 -0.768418
    outer loop
      vertex -4.4395 -285.957 0
      vertex -4.26933 -286.367 0.2615707
      vertex -4.52066 -286.153 0
    endloop
  endfacet
  facet normal 0.0905931 0.68029 -0.727323
    outer loop
      vertex -3.39999 -294.3 0.2615707
      vertex -3.60015 -294.553 0
      vertex -3.81041 -294.525 0
    endloop
  endfacet
  facet normal 0 0.718785 -0.695233
    outer loop
      vertex 3.60015 -294.553 0
      vertex -3.39999 -294.3 0.2615707
      vertex 3.39999 -294.3 0.2615707
    endloop
  endfacet
  facet normal 0 0.718785 -0.695233
    outer loop
      vertex -3.39999 -294.3 0.2615707
      vertex 3.60015 -294.553 0
      vertex -3.60015 -294.553 0
    endloop
  endfacet
  facet normal 0.375523 0.48981 -0.78681
    outer loop
      vertex -4.03639 -294.036 0.2615707
      vertex -4.10575 -294.403 0
      vertex -4.27401 -294.274 0
    endloop
  endfacet
  facet normal 0.246633 -0.589273 -0.769369
    outer loop
      vertex -3.8468 -285.479 0
      vertex -3.63293 -285.731 0.2615707
      vertex -4.04272 -285.561 0
    endloop
  endfacet
  facet normal -0.075467 -0.686561 -0.723145
    outer loop
      vertex 3.63293 -285.731 0.2615707
      vertex 3.81041 -285.475 0
      vertex 3.8468 -285.479 0
    endloop
  endfacet
  facet normal -0.0905406 -0.680339 -0.727283
    outer loop
      vertex 3.81041 -285.475 0
      vertex 3.63293 -285.731 0.2615707
      vertex 3.39999 -285.7 0.2615707
    endloop
  endfacet
  facet normal -0.680571 0.0896733 -0.727174
    outer loop
      vertex 4.55312 -293.6 0
      vertex 4.52545 -293.81 0
      vertex 4.29999 -293.4 0.2615707
    endloop
  endfacet
  facet normal 0.488913 0.376631 -0.786838
    outer loop
      vertex -4.29635 -294.245 0
      vertex -4.03639 -294.036 0.2615707
      vertex -4.27401 -294.274 0
    endloop
  endfacet
  facet normal 0.489254 0.3762 -0.786832
    outer loop
      vertex -4.03639 -294.036 0.2615707
      vertex -4.29635 -294.245 0
      vertex -4.17941 -293.85 0.2615707
    endloop
  endfacet
  facet normal 0.24515 -0.591247 -0.768328
    outer loop
      vertex -3.84999 -285.821 0.2615707
      vertex -4.04272 -285.561 0
      vertex -3.63293 -285.731 0.2615707
    endloop
  endfacet
  facet normal 0.244309 -0.591751 -0.768208
    outer loop
      vertex -4.04272 -285.561 0
      vertex -3.84999 -285.821 0.2615707
      vertex -4.07663 -285.575 0
    endloop
  endfacet
  facet normal 0.68067 -0.0895679 -0.727095
    outer loop
      vertex -4.52545 -286.19 0
      vertex -4.26933 -286.367 0.2615707
      vertex -4.29999 -286.6 0.2615707
    endloop
  endfacet
  facet normal 0.681243 -0.0881933 -0.726726
    outer loop
      vertex -4.26933 -286.367 0.2615707
      vertex -4.52545 -286.19 0
      vertex -4.52066 -286.153 0
    endloop
  endfacet
  facet normal 0.489254 -0.3762 -0.786832
    outer loop
      vertex -4.29635 -285.755 0
      vertex -4.03639 -285.964 0.2615707
      vertex -4.17941 -286.15 0.2615707
    endloop
  endfacet
  facet normal 0.488913 -0.376631 -0.786838
    outer loop
      vertex -4.03639 -285.964 0.2615707
      vertex -4.29635 -285.755 0
      vertex -4.27401 -285.726 0
    endloop
  endfacet
  facet normal -0.246633 -0.589273 -0.769369
    outer loop
      vertex 3.63293 -285.731 0.2615707
      vertex 3.8468 -285.479 0
      vertex 4.04272 -285.561 0
    endloop
  endfacet
  facet normal 0.681243 0.0881933 -0.726726
    outer loop
      vertex -4.52545 -293.81 0
      vertex -4.26933 -293.633 0.2615707
      vertex -4.52066 -293.847 0
    endloop
  endfacet
  facet normal 0.68067 0.0895679 -0.727095
    outer loop
      vertex -4.26933 -293.633 0.2615707
      vertex -4.52545 -293.81 0
      vertex -4.29999 -293.4 0.2615707
    endloop
  endfacet
  facet normal -0.591436 0.244402 -0.768421
    outer loop
      vertex 4.17941 -293.85 0.2615707
      vertex 4.4395 -294.043 0
      vertex 4.42545 -294.077 0
    endloop
  endfacet
  facet normal -0.591112 0.244944 -0.768498
    outer loop
      vertex 4.4395 -294.043 0
      vertex 4.17941 -293.85 0.2615707
      vertex 4.26933 -293.633 0.2615707
    endloop
  endfacet
  facet normal 0.591436 0.244402 -0.768421
    outer loop
      vertex -4.4395 -294.043 0
      vertex -4.17941 -293.85 0.2615707
      vertex -4.42545 -294.077 0
    endloop
  endfacet
  facet normal 0.591112 0.244944 -0.768498
    outer loop
      vertex -4.17941 -293.85 0.2615707
      vertex -4.4395 -294.043 0
      vertex -4.26933 -293.633 0.2615707
    endloop
  endfacet
  facet normal -0.489431 -0.376104 -0.786767
    outer loop
      vertex 4.29635 -285.755 0
      vertex 4.42545 -285.923 0
      vertex 4.17941 -286.15 0.2615707
    endloop
  endfacet
  facet normal -0.489254 -0.3762 -0.786832
    outer loop
      vertex 4.03639 -285.964 0.2615707
      vertex 4.29635 -285.755 0
      vertex 4.17941 -286.15 0.2615707
    endloop
  endfacet
  facet normal -0.488913 -0.376631 -0.786838
    outer loop
      vertex 4.29635 -285.755 0
      vertex 4.03639 -285.964 0.2615707
      vertex 4.27401 -285.726 0
    endloop
  endfacet
  facet normal -0.244309 -0.591751 -0.768208
    outer loop
      vertex 3.84999 -285.821 0.2615707
      vertex 4.04272 -285.561 0
      vertex 4.07663 -285.575 0
    endloop
  endfacet
  facet normal -0.24515 -0.591247 -0.768328
    outer loop
      vertex 3.63293 -285.731 0.2615707
      vertex 4.04272 -285.561 0
      vertex 3.84999 -285.821 0.2615707
    endloop
  endfacet
  facet normal 0.591112 -0.244944 -0.768498
    outer loop
      vertex -4.4395 -285.957 0
      vertex -4.17941 -286.15 0.2615707
      vertex -4.26933 -286.367 0.2615707
    endloop
  endfacet
  facet normal 0.591436 -0.244402 -0.768421
    outer loop
      vertex -4.17941 -286.15 0.2615707
      vertex -4.4395 -285.957 0
      vertex -4.42545 -285.923 0
    endloop
  endfacet
  facet normal 0.489431 -0.376104 -0.786767
    outer loop
      vertex -4.29635 -285.755 0
      vertex -4.17941 -286.15 0.2615707
      vertex -4.42545 -285.923 0
    endloop
  endfacet
  facet normal -0.37243 0.492961 -0.786311
    outer loop
      vertex 3.84999 -294.179 0.2615707
      vertex 4.10575 -294.403 0
      vertex 4.07663 -294.425 0
    endloop
  endfacet
  facet normal -0.375712 0.48974 -0.786762
    outer loop
      vertex 4.10575 -294.403 0
      vertex 3.84999 -294.179 0.2615707
      vertex 4.03639 -294.036 0.2615707
    endloop
  endfacet
  facet normal 0.375523 -0.48981 -0.78681
    outer loop
      vertex -4.10575 -285.597 0
      vertex -4.03639 -285.964 0.2615707
      vertex -4.27401 -285.726 0
    endloop
  endfacet
  facet normal 0.375712 -0.48974 -0.786762
    outer loop
      vertex -4.10575 -285.597 0
      vertex -3.84999 -285.821 0.2615707
      vertex -4.03639 -285.964 0.2615707
    endloop
  endfacet
  facet normal 0.37243 -0.492961 -0.786311
    outer loop
      vertex -3.84999 -285.821 0.2615707
      vertex -4.10575 -285.597 0
      vertex -4.07663 -285.575 0
    endloop
  endfacet
  facet normal -0.375712 -0.48974 -0.786762
    outer loop
      vertex 3.84999 -285.821 0.2615707
      vertex 4.10575 -285.597 0
      vertex 4.03639 -285.964 0.2615707
    endloop
  endfacet
  facet normal -0.37243 -0.492961 -0.786311
    outer loop
      vertex 4.10575 -285.597 0
      vertex 3.84999 -285.821 0.2615707
      vertex 4.07663 -285.575 0
    endloop
  endfacet
  facet normal -0.68067 -0.0895679 -0.727095
    outer loop
      vertex 4.26933 -286.367 0.2615707
      vertex 4.52545 -286.19 0
      vertex 4.29999 -286.6 0.2615707
    endloop
  endfacet
  facet normal -0.681243 -0.0881933 -0.726726
    outer loop
      vertex 4.52545 -286.19 0
      vertex 4.26933 -286.367 0.2615707
      vertex 4.52066 -286.153 0
    endloop
  endfacet
  facet normal -0.591262 0.244831 -0.768418
    outer loop
      vertex 4.52066 -293.847 0
      vertex 4.4395 -294.043 0
      vertex 4.26933 -293.633 0.2615707
    endloop
  endfacet
  facet normal -0.488913 0.376631 -0.786838
    outer loop
      vertex 4.03639 -294.036 0.2615707
      vertex 4.29635 -294.245 0
      vertex 4.27401 -294.274 0
    endloop
  endfacet
  facet normal -0.489254 0.3762 -0.786832
    outer loop
      vertex 4.29635 -294.245 0
      vertex 4.03639 -294.036 0.2615707
      vertex 4.17941 -293.85 0.2615707
    endloop
  endfacet
  facet normal -0.375523 0.48981 -0.78681
    outer loop
      vertex 4.27401 -294.274 0
      vertex 4.10575 -294.403 0
      vertex 4.03639 -294.036 0.2615707
    endloop
  endfacet
  facet normal 0.489431 0.376104 -0.786767
    outer loop
      vertex -4.17941 -293.85 0.2615707
      vertex -4.29635 -294.245 0
      vertex -4.42545 -294.077 0
    endloop
  endfacet
  facet normal -0.244309 0.591751 -0.768208
    outer loop
      vertex 4.04272 -294.439 0
      vertex 3.84999 -294.179 0.2615707
      vertex 4.07663 -294.425 0
    endloop
  endfacet
  facet normal -0.24515 0.591247 -0.768328
    outer loop
      vertex 4.04272 -294.439 0
      vertex 3.63293 -294.269 0.2615707
      vertex 3.84999 -294.179 0.2615707
    endloop
  endfacet
  facet normal 0.591262 0.244831 -0.768418
    outer loop
      vertex -4.26933 -293.633 0.2615707
      vertex -4.4395 -294.043 0
      vertex -4.52066 -293.847 0
    endloop
  endfacet
  facet normal -0.591262 -0.244831 -0.768418
    outer loop
      vertex 4.4395 -285.957 0
      vertex 4.52066 -286.153 0
      vertex 4.26933 -286.367 0.2615707
    endloop
  endfacet
  facet normal -0.591112 -0.244944 -0.768498
    outer loop
      vertex 4.17941 -286.15 0.2615707
      vertex 4.4395 -285.957 0
      vertex 4.26933 -286.367 0.2615707
    endloop
  endfacet
  facet normal -0.591436 -0.244402 -0.768421
    outer loop
      vertex 4.4395 -285.957 0
      vertex 4.17941 -286.15 0.2615707
      vertex 4.42545 -285.923 0
    endloop
  endfacet
  facet normal 0 0.718824 0.695193
    outer loop
      vertex 3.39999 -294.3 19.6615707
      vertex -3.60014 -294.553 19.9231707
      vertex 3.60014 -294.553 19.9231707
    endloop
  endfacet
  facet normal 0 0.718824 0.695193
    outer loop
      vertex -3.60014 -294.553 19.9231707
      vertex 3.39999 -294.3 19.6615707
      vertex -3.39999 -294.3 19.6615707
    endloop
  endfacet
  facet normal 0.68071 0.0895732 0.727056
    outer loop
      vertex -4.52545 -293.81 19.9231707
      vertex -4.26933 -293.633 19.6615707
      vertex -4.29999 -293.4 19.6615707
    endloop
  endfacet
  facet normal 0.681283 0.0881985 0.726687
    outer loop
      vertex -4.26933 -293.633 19.6615707
      vertex -4.52545 -293.81 19.9231707
      vertex -4.52066 -293.847 19.9231707
    endloop
  endfacet
  facet normal -0.24665 0.589313 0.769334
    outer loop
      vertex 3.8468 -294.521 19.9231707
      vertex 4.04272 -294.439 19.9231707
      vertex 3.63293 -294.269 19.6615707
    endloop
  endfacet
  facet normal -0.244325 0.59179 0.768173
    outer loop
      vertex 3.84999 -294.179 19.6615707
      vertex 4.04272 -294.439 19.9231707
      vertex 4.07663 -294.425 19.9231707
    endloop
  endfacet
  facet normal -0.245166 0.591287 0.768293
    outer loop
      vertex 4.04272 -294.439 19.9231707
      vertex 3.84999 -294.179 19.6615707
      vertex 3.63293 -294.269 19.6615707
    endloop
  endfacet
  facet normal 0.489288 0.376226 0.786798
    outer loop
      vertex -4.29635 -294.245 19.9231707
      vertex -4.03639 -294.036 19.6615707
      vertex -4.17941 -293.85 19.6615707
    endloop
  endfacet
  facet normal 0.488946 0.376657 0.786804
    outer loop
      vertex -4.03639 -294.036 19.6615707
      vertex -4.29635 -294.245 19.9231707
      vertex -4.27401 -294.274 19.9231707
    endloop
  endfacet
  facet normal 0.591286 0.244871 0.768388
    outer loop
      vertex -4.43949 -294.043 19.9231707
      vertex -4.26933 -293.633 19.6615707
      vertex -4.52066 -293.847 19.9231707
    endloop
  endfacet
  facet normal -0.0905947 0.680334 0.727282
    outer loop
      vertex 3.60014 -294.553 19.9231707
      vertex 3.81041 -294.525 19.9231707
      vertex 3.39999 -294.3 19.6615707
    endloop
  endfacet
  facet normal -0.0754714 0.686601 0.723106
    outer loop
      vertex 3.63293 -294.269 19.6615707
      vertex 3.81041 -294.525 19.9231707
      vertex 3.8468 -294.521 19.9231707
    endloop
  endfacet
  facet normal -0.0905459 0.68038 0.727245
    outer loop
      vertex 3.81041 -294.525 19.9231707
      vertex 3.63293 -294.269 19.6615707
      vertex 3.39999 -294.3 19.6615707
    endloop
  endfacet
  facet normal 0.375793 -0.490134 0.786478
    outer loop
      vertex -3.84999 -285.821 19.6615707
      vertex -4.07663 -285.575 19.9231707
      vertex -4.24488 -285.704 19.9231707
    endloop
  endfacet
  facet normal -0.375793 -0.490134 0.786478
    outer loop
      vertex 4.24488 -285.704 19.9231707
      vertex 4.07663 -285.575 19.9231707
      vertex 3.84999 -285.821 19.6615707
    endloop
  endfacet
  facet normal 0.680611 0.0896786 0.727136
    outer loop
      vertex -4.52545 -293.81 19.9231707
      vertex -4.29999 -293.4 19.6615707
      vertex -4.55312 -293.6 19.9231707
    endloop
  endfacet
  facet normal 0.0905459 -0.68038 0.727245
    outer loop
      vertex -3.81041 -285.475 19.9231707
      vertex -3.63293 -285.731 19.6615707
      vertex -3.39999 -285.7 19.6615707
    endloop
  endfacet
  facet normal 0.0754714 -0.686601 0.723106
    outer loop
      vertex -3.63293 -285.731 19.6615707
      vertex -3.81041 -285.475 19.9231707
      vertex -3.8468 -285.479 19.9231707
    endloop
  endfacet
  facet normal 0.681283 -0.0881985 0.726687
    outer loop
      vertex -4.52545 -286.19 19.9231707
      vertex -4.26933 -286.367 19.6615707
      vertex -4.52066 -286.153 19.9231707
    endloop
  endfacet
  facet normal 0.68071 -0.0895732 0.727056
    outer loop
      vertex -4.26933 -286.367 19.6615707
      vertex -4.52545 -286.19 19.9231707
      vertex -4.29999 -286.6 19.6615707
    endloop
  endfacet
  facet normal -0.591286 -0.244871 0.768388
    outer loop
      vertex 4.52066 -286.153 19.9231707
      vertex 4.43949 -285.957 19.9231707
      vertex 4.26933 -286.367 19.6615707
    endloop
  endfacet
  facet normal -0.0905947 -0.680334 0.727282
    outer loop
      vertex 3.81041 -285.475 19.9231707
      vertex 3.60014 -285.447 19.9231707
      vertex 3.39999 -285.7 19.6615707
    endloop
  endfacet
  facet normal 0.245166 -0.591287 0.768293
    outer loop
      vertex -4.04272 -285.561 19.9231707
      vertex -3.84999 -285.821 19.6615707
      vertex -3.63293 -285.731 19.6615707
    endloop
  endfacet
  facet normal 0.244325 -0.59179 0.768173
    outer loop
      vertex -3.84999 -285.821 19.6615707
      vertex -4.04272 -285.561 19.9231707
      vertex -4.07663 -285.575 19.9231707
    endloop
  endfacet
  facet normal 0.24665 -0.589313 0.769334
    outer loop
      vertex -3.63293 -285.731 19.6615707
      vertex -3.8468 -285.479 19.9231707
      vertex -4.04272 -285.561 19.9231707
    endloop
  endfacet
  facet normal -0.372216 -0.492848 0.786483
    outer loop
      vertex 4.24488 -285.704 19.9231707
      vertex 4.03639 -285.964 19.6615707
      vertex 4.27401 -285.726 19.9231707
    endloop
  endfacet
  facet normal -0.375885 -0.489964 0.78654
    outer loop
      vertex 4.03639 -285.964 19.6615707
      vertex 4.24488 -285.704 19.9231707
      vertex 3.84999 -285.821 19.6615707
    endloop
  endfacet
  facet normal 0.375793 0.490134 0.786478
    outer loop
      vertex -4.07663 -294.425 19.9231707
      vertex -3.84999 -294.179 19.6615707
      vertex -4.24488 -294.296 19.9231707
    endloop
  endfacet
  facet normal 0.24665 0.589313 0.769334
    outer loop
      vertex -3.8468 -294.521 19.9231707
      vertex -3.63293 -294.269 19.6615707
      vertex -4.04272 -294.439 19.9231707
    endloop
  endfacet
  facet normal -0.244325 -0.59179 0.768173
    outer loop
      vertex 4.04272 -285.561 19.9231707
      vertex 3.84999 -285.821 19.6615707
      vertex 4.07663 -285.575 19.9231707
    endloop
  endfacet
  facet normal -0.245166 -0.591287 0.768293
    outer loop
      vertex 3.84999 -285.821 19.6615707
      vertex 4.04272 -285.561 19.9231707
      vertex 3.63293 -285.731 19.6615707
    endloop
  endfacet
  facet normal 0 -0.718824 0.695193
    outer loop
      vertex -3.39999 -285.7 19.6615707
      vertex 3.60014 -285.447 19.9231707
      vertex -3.60014 -285.447 19.9231707
    endloop
  endfacet
  facet normal 0 -0.718824 0.695193
    outer loop
      vertex 3.60014 -285.447 19.9231707
      vertex -3.39999 -285.7 19.6615707
      vertex 3.39999 -285.7 19.6615707
    endloop
  endfacet
  facet normal 0.0905947 -0.680334 0.727282
    outer loop
      vertex -3.39999 -285.7 19.6615707
      vertex -3.60014 -285.447 19.9231707
      vertex -3.81041 -285.475 19.9231707
    endloop
  endfacet
  facet normal 0.680611 -0.0896786 0.727136
    outer loop
      vertex -4.29999 -286.6 19.6615707
      vertex -4.52545 -286.19 19.9231707
      vertex -4.55312 -286.4 19.9231707
    endloop
  endfacet
  facet normal 0.591286 -0.244871 0.768388
    outer loop
      vertex -4.26933 -286.367 19.6615707
      vertex -4.43949 -285.957 19.9231707
      vertex -4.52066 -286.153 19.9231707
    endloop
  endfacet
  facet normal -0.680611 0.0896786 0.727136
    outer loop
      vertex 4.52545 -293.81 19.9231707
      vertex 4.55312 -293.6 19.9231707
      vertex 4.29999 -293.4 19.6615707
    endloop
  endfacet
  facet normal 0.591162 0.244964 0.768453
    outer loop
      vertex -4.43949 -294.043 19.9231707
      vertex -4.17941 -293.85 19.6615707
      vertex -4.26933 -293.633 19.6615707
    endloop
  endfacet
  facet normal 0.591569 0.244283 0.768356
    outer loop
      vertex -4.17941 -293.85 19.6615707
      vertex -4.43949 -294.043 19.9231707
      vertex -4.42545 -294.077 19.9231707
    endloop
  endfacet
  facet normal 0.245166 0.591287 0.768293
    outer loop
      vertex -3.84999 -294.179 19.6615707
      vertex -4.04272 -294.439 19.9231707
      vertex -3.63293 -294.269 19.6615707
    endloop
  endfacet
  facet normal 0.244325 0.59179 0.768173
    outer loop
      vertex -4.04272 -294.439 19.9231707
      vertex -3.84999 -294.179 19.6615707
      vertex -4.07663 -294.425 19.9231707
    endloop
  endfacet
  facet normal -0.680611 -0.0896786 0.727136
    outer loop
      vertex 4.55312 -286.4 19.9231707
      vertex 4.52545 -286.19 19.9231707
      vertex 4.29999 -286.6 19.6615707
    endloop
  endfacet
  facet normal 0.0905947 0.680334 0.727282
    outer loop
      vertex -3.60014 -294.553 19.9231707
      vertex -3.39999 -294.3 19.6615707
      vertex -3.81041 -294.525 19.9231707
    endloop
  endfacet
  facet normal -0.489465 -0.37613 0.786734
    outer loop
      vertex 4.42545 -285.923 19.9231707
      vertex 4.29635 -285.755 19.9231707
      vertex 4.17941 -286.15 19.6615707
    endloop
  endfacet
  facet normal -0.718645 0 0.695377
    outer loop
      vertex 4.29999 -293.4 19.6615707
      vertex 4.55312 -286.4 19.9231707
      vertex 4.29999 -286.6 19.6615707
    endloop
  endfacet
  facet normal -0.718645 0 0.695377
    outer loop
      vertex 4.55312 -286.4 19.9231707
      vertex 4.29999 -293.4 19.6615707
      vertex 4.55312 -293.6 19.9231707
    endloop
  endfacet
  facet normal -0.489465 0.37613 0.786734
    outer loop
      vertex 4.29635 -294.245 19.9231707
      vertex 4.42545 -294.077 19.9231707
      vertex 4.17941 -293.85 19.6615707
    endloop
  endfacet
  facet normal 0.488946 -0.376657 0.786804
    outer loop
      vertex -4.29635 -285.755 19.9231707
      vertex -4.03639 -285.964 19.6615707
      vertex -4.27401 -285.726 19.9231707
    endloop
  endfacet
  facet normal 0.489288 -0.376226 0.786798
    outer loop
      vertex -4.03639 -285.964 19.6615707
      vertex -4.29635 -285.755 19.9231707
      vertex -4.17941 -286.15 19.6615707
    endloop
  endfacet
  facet normal -0.68071 0.0895732 0.727056
    outer loop
      vertex 4.26933 -293.633 19.6615707
      vertex 4.52545 -293.81 19.9231707
      vertex 4.29999 -293.4 19.6615707
    endloop
  endfacet
  facet normal -0.681283 0.0881985 0.726687
    outer loop
      vertex 4.52545 -293.81 19.9231707
      vertex 4.26933 -293.633 19.6615707
      vertex 4.52066 -293.847 19.9231707
    endloop
  endfacet
  facet normal -0.0754714 -0.686601 0.723106
    outer loop
      vertex 3.81041 -285.475 19.9231707
      vertex 3.63293 -285.731 19.6615707
      vertex 3.8468 -285.479 19.9231707
    endloop
  endfacet
  facet normal -0.0905459 -0.68038 0.727245
    outer loop
      vertex 3.63293 -285.731 19.6615707
      vertex 3.81041 -285.475 19.9231707
      vertex 3.39999 -285.7 19.6615707
    endloop
  endfacet
  facet normal -0.591286 0.244871 0.768388
    outer loop
      vertex 4.43949 -294.043 19.9231707
      vertex 4.52066 -293.847 19.9231707
      vertex 4.26933 -293.633 19.6615707
    endloop
  endfacet
  facet normal -0.24665 -0.589313 0.769334
    outer loop
      vertex 4.04272 -285.561 19.9231707
      vertex 3.8468 -285.479 19.9231707
      vertex 3.63293 -285.731 19.6615707
    endloop
  endfacet
  facet normal 0.375885 -0.489964 0.78654
    outer loop
      vertex -4.24488 -285.704 19.9231707
      vertex -4.03639 -285.964 19.6615707
      vertex -3.84999 -285.821 19.6615707
    endloop
  endfacet
  facet normal 0.372216 -0.492848 0.786483
    outer loop
      vertex -4.03639 -285.964 19.6615707
      vertex -4.24488 -285.704 19.9231707
      vertex -4.27401 -285.726 19.9231707
    endloop
  endfacet
  facet normal -0.375793 0.490134 0.786478
    outer loop
      vertex 4.07663 -294.425 19.9231707
      vertex 4.24488 -294.296 19.9231707
      vertex 3.84999 -294.179 19.6615707
    endloop
  endfacet
  facet normal -0.591162 0.244964 0.768453
    outer loop
      vertex 4.17941 -293.85 19.6615707
      vertex 4.43949 -294.043 19.9231707
      vertex 4.26933 -293.633 19.6615707
    endloop
  endfacet
  facet normal -0.591569 0.244283 0.768356
    outer loop
      vertex 4.43949 -294.043 19.9231707
      vertex 4.17941 -293.85 19.6615707
      vertex 4.42545 -294.077 19.9231707
    endloop
  endfacet
  facet normal 0.718645 0 0.695377
    outer loop
      vertex -4.55312 -286.4 19.9231707
      vertex -4.29999 -293.4 19.6615707
      vertex -4.29999 -286.6 19.6615707
    endloop
  endfacet
  facet normal 0.718645 0 0.695377
    outer loop
      vertex -4.29999 -293.4 19.6615707
      vertex -4.55312 -286.4 19.9231707
      vertex -4.55312 -293.6 19.9231707
    endloop
  endfacet
  facet normal 0.375885 0.489964 0.78654
    outer loop
      vertex -4.03639 -294.036 19.6615707
      vertex -4.24488 -294.296 19.9231707
      vertex -3.84999 -294.179 19.6615707
    endloop
  endfacet
  facet normal 0.372216 0.492848 0.786483
    outer loop
      vertex -4.24488 -294.296 19.9231707
      vertex -4.03639 -294.036 19.6615707
      vertex -4.27401 -294.274 19.9231707
    endloop
  endfacet
  facet normal 0.489465 -0.37613 0.786734
    outer loop
      vertex -4.17941 -286.15 19.6615707
      vertex -4.29635 -285.755 19.9231707
      vertex -4.42545 -285.923 19.9231707
    endloop
  endfacet
  facet normal -0.681283 -0.0881985 0.726687
    outer loop
      vertex 4.26933 -286.367 19.6615707
      vertex 4.52545 -286.19 19.9231707
      vertex 4.52066 -286.153 19.9231707
    endloop
  endfacet
  facet normal -0.68071 -0.0895732 0.727056
    outer loop
      vertex 4.52545 -286.19 19.9231707
      vertex 4.26933 -286.367 19.6615707
      vertex 4.29999 -286.6 19.6615707
    endloop
  endfacet
  facet normal 0.591569 -0.244283 0.768356
    outer loop
      vertex -4.43949 -285.957 19.9231707
      vertex -4.17941 -286.15 19.6615707
      vertex -4.42545 -285.923 19.9231707
    endloop
  endfacet
  facet normal 0.591162 -0.244964 0.768453
    outer loop
      vertex -4.17941 -286.15 19.6615707
      vertex -4.43949 -285.957 19.9231707
      vertex -4.26933 -286.367 19.6615707
    endloop
  endfacet
  facet normal 0.489465 0.37613 0.786734
    outer loop
      vertex -4.29635 -294.245 19.9231707
      vertex -4.17941 -293.85 19.6615707
      vertex -4.42545 -294.077 19.9231707
    endloop
  endfacet
  facet normal 0.0905459 0.68038 0.727245
    outer loop
      vertex -3.63293 -294.269 19.6615707
      vertex -3.81041 -294.525 19.9231707
      vertex -3.39999 -294.3 19.6615707
    endloop
  endfacet
  facet normal 0.0754714 0.686601 0.723106
    outer loop
      vertex -3.81041 -294.525 19.9231707
      vertex -3.63293 -294.269 19.6615707
      vertex -3.8468 -294.521 19.9231707
    endloop
  endfacet
  facet normal -0.489288 0.376226 0.786798
    outer loop
      vertex 4.03639 -294.036 19.6615707
      vertex 4.29635 -294.245 19.9231707
      vertex 4.17941 -293.85 19.6615707
    endloop
  endfacet
  facet normal -0.488946 0.376657 0.786804
    outer loop
      vertex 4.29635 -294.245 19.9231707
      vertex 4.03639 -294.036 19.6615707
      vertex 4.27401 -294.274 19.9231707
    endloop
  endfacet
  facet normal -0.372216 0.492848 0.786483
    outer loop
      vertex 4.03639 -294.036 19.6615707
      vertex 4.24488 -294.296 19.9231707
      vertex 4.27401 -294.274 19.9231707
    endloop
  endfacet
  facet normal -0.375885 0.489964 0.78654
    outer loop
      vertex 4.24488 -294.296 19.9231707
      vertex 4.03639 -294.036 19.6615707
      vertex 3.84999 -294.179 19.6615707
    endloop
  endfacet
  facet normal -0.488946 -0.376657 0.786804
    outer loop
      vertex 4.03639 -285.964 19.6615707
      vertex 4.29635 -285.755 19.9231707
      vertex 4.27401 -285.726 19.9231707
    endloop
  endfacet
  facet normal -0.489288 -0.376226 0.786798
    outer loop
      vertex 4.29635 -285.755 19.9231707
      vertex 4.03639 -285.964 19.6615707
      vertex 4.17941 -286.15 19.6615707
    endloop
  endfacet
  facet normal -0.591569 -0.244283 0.768356
    outer loop
      vertex 4.17941 -286.15 19.6615707
      vertex 4.43949 -285.957 19.9231707
      vertex 4.42545 -285.923 19.9231707
    endloop
  endfacet
  facet normal -0.591162 -0.244964 0.768453
    outer loop
      vertex 4.43949 -285.957 19.9231707
      vertex 4.17941 -286.15 19.6615707
      vertex 4.26933 -286.367 19.6615707
    endloop
  endfacet
  facet normal 0.593604 0.700213 -0.396656
    outer loop
      vertex 24.1759 -0.888859 0.7856947
      vertex 24.0266 -0.33706 1.5363507
      vertex 24.5364 -0.888859 1.3251907
    endloop
  endfacet
  facet normal 1 -0 0
    outer loop
      vertex 24.9616 -308.39 17.9615707
      vertex 24.9616 -1.60982 1.9615707
      vertex 24.9616 -1.60982 17.9615707
    endloop
  endfacet
  facet normal 1 0 0
    outer loop
      vertex 24.9616 -1.60982 1.9615707
      vertex 24.9616 -308.39 17.9615707
      vertex 24.9616 -308.39 1.9615707
    endloop
  endfacet
  facet normal 0.770334 0.376323 -0.51475
    outer loop
      vertex 24.387 -1.60982 0.5745307
      vertex 24.1759 -0.888859 0.7856947
      vertex 24.5364 -0.888859 1.3251907
    endloop
  endfacet
  facet normal -0.139214 -0.700082 0.70036
    outer loop
      vertex -23 -309.111 19.6244707
      vertex -23.6364 -309.111 19.4979707
      vertex -23.4252 -309.663 18.9881707
    endloop
  endfacet
  facet normal 0.216136 0.921215 -0.323494
    outer loop
      vertex 23.4252 -0.33706 0.9350097
      vertex 23.2759 -0.0384293 1.6856707
      vertex 23.7857 -0.33706 1.1758707
    endloop
  endfacet
  facet normal 0 0 -1
    outer loop
      vertex 4.52066 -36.1532 0
      vertex 23 -1.60982 0
      vertex 4.52545 -36.1896 0
    endloop
  endfacet
  facet normal 0 0 -1
    outer loop
      vertex 23 -1.60982 0
      vertex 4.52545 -23.8104 0
      vertex 4.55312 -23.6001 0
    endloop
  endfacet
  facet normal 0 0 -1
    outer loop
      vertex 4.52066 -23.8468 0
      vertex 23 -1.60982 0
      vertex 4.52066 -36.1532 0
    endloop
  endfacet
  facet normal 0 0 -1
    outer loop
      vertex 23 -1.60982 0
      vertex 4.52066 -23.8468 0
      vertex 4.52545 -23.8104 0
    endloop
  endfacet
  facet normal 0 0 -1
    outer loop
      vertex 4.4395 -35.9573 0
      vertex 4.52066 -23.8468 0
      vertex 4.52066 -36.1532 0
    endloop
  endfacet
  facet normal 0 0 -1
    outer loop
      vertex 4.4395 -35.9573 0
      vertex 4.4395 -24.0427 0
      vertex 4.52066 -23.8468 0
    endloop
  endfacet
  facet normal 0 0 -1
    outer loop
      vertex 4.42545 -35.9234 0
      vertex 4.4395 -24.0427 0
      vertex 4.4395 -35.9573 0
    endloop
  endfacet
  facet normal 0 0 -1
    outer loop
      vertex 4.42545 -35.9234 0
      vertex 4.42545 -24.0766 0
      vertex 4.4395 -24.0427 0
    endloop
  endfacet
  facet normal 0 0 -1
    outer loop
      vertex 4.29635 -35.7551 0
      vertex 4.42545 -24.0766 0
      vertex 4.42545 -35.9234 0
    endloop
  endfacet
  facet normal 0 0 -1
    outer loop
      vertex 4.29635 -35.7551 0
      vertex 4.29635 -24.2449 0
      vertex 4.42545 -24.0766 0
    endloop
  endfacet
  facet normal 0 0 -1
    outer loop
      vertex 4.27401 -35.726 0
      vertex 4.29635 -24.2449 0
      vertex 4.29635 -35.7551 0
    endloop
  endfacet
  facet normal 0 0 -1
    outer loop
      vertex 4.27401 -35.726 0
      vertex 4.27401 -24.274 0
      vertex 4.29635 -24.2449 0
    endloop
  endfacet
  facet normal 0 0 -1
    outer loop
      vertex 4.10575 -35.5969 0
      vertex 4.27401 -24.274 0
      vertex 4.27401 -35.726 0
    endloop
  endfacet
  facet normal 0 0 -1
    outer loop
      vertex 4.10575 -35.5969 0
      vertex 4.10575 -24.4031 0
      vertex 4.27401 -24.274 0
    endloop
  endfacet
  facet normal 0 0 -1
    outer loop
      vertex 4.07663 -35.5746 0
      vertex 4.10575 -24.4031 0
      vertex 4.10575 -35.5969 0
    endloop
  endfacet
  facet normal 0 0 -1
    outer loop
      vertex 4.07663 -35.5746 0
      vertex 4.07663 -24.4254 0
      vertex 4.10575 -24.4031 0
    endloop
  endfacet
  facet normal 0 0 -1
    outer loop
      vertex 4.04272 -35.5605 0
      vertex 4.07663 -24.4254 0
      vertex 4.07663 -35.5746 0
    endloop
  endfacet
  facet normal 0 0 -1
    outer loop
      vertex 4.04272 -35.5605 0
      vertex 4.04272 -24.4395 0
      vertex 4.07663 -24.4254 0
    endloop
  endfacet
  facet normal 0 0 -1
    outer loop
      vertex 3.8468 -35.4793 0
      vertex 4.04272 -24.4395 0
      vertex 4.04272 -35.5605 0
    endloop
  endfacet
  facet normal 0 0 -1
    outer loop
      vertex 3.8468 -35.4793 0
      vertex 3.8468 -24.5207 0
      vertex 4.04272 -24.4395 0
    endloop
  endfacet
  facet normal 0 0 -1
    outer loop
      vertex 3.81041 -35.4745 0
      vertex 3.8468 -24.5207 0
      vertex 3.8468 -35.4793 0
    endloop
  endfacet
  facet normal 0 0 -1
    outer loop
      vertex 3.81041 -35.4745 0
      vertex 3.81041 -24.5254 0
      vertex 3.8468 -24.5207 0
    endloop
  endfacet
  facet normal 0 0 -1
    outer loop
      vertex 3.60015 -35.4469 0
      vertex 3.81041 -24.5254 0
      vertex 3.81041 -35.4745 0
    endloop
  endfacet
  facet normal 0 0 -1
    outer loop
      vertex 3.60015 -35.4469 0
      vertex 3.60015 -24.5531 0
      vertex 3.81041 -24.5254 0
    endloop
  endfacet
  facet normal 0 0 -1
    outer loop
      vertex -3.60015 -35.4469 0
      vertex 3.60015 -24.5531 0
      vertex 3.60015 -35.4469 0
    endloop
  endfacet
  facet normal 0 0 -1
    outer loop
      vertex -3.60015 -35.4469 0
      vertex -3.60015 -24.5531 0
      vertex 3.60015 -24.5531 0
    endloop
  endfacet
  facet normal 0 0 -1
    outer loop
      vertex -3.81041 -35.4745 0
      vertex -3.60015 -24.5531 0
      vertex -3.60015 -35.4469 0
    endloop
  endfacet
  facet normal 0 0 -1
    outer loop
      vertex -3.81041 -35.4745 0
      vertex -3.81041 -24.5254 0
      vertex -3.60015 -24.5531 0
    endloop
  endfacet
  facet normal 0 0 -1
    outer loop
      vertex -3.8468 -35.4793 0
      vertex -3.81041 -24.5254 0
      vertex -3.81041 -35.4745 0
    endloop
  endfacet
  facet normal 0 0 -1
    outer loop
      vertex -3.8468 -35.4793 0
      vertex -3.8468 -24.5207 0
      vertex -3.81041 -24.5254 0
    endloop
  endfacet
  facet normal 0 0 -1
    outer loop
      vertex -4.04272 -35.5605 0
      vertex -3.8468 -24.5207 0
      vertex -3.8468 -35.4793 0
    endloop
  endfacet
  facet normal 0 0 -1
    outer loop
      vertex -4.04272 -35.5605 0
      vertex -4.04272 -24.4395 0
      vertex -3.8468 -24.5207 0
    endloop
  endfacet
  facet normal 0 0 -1
    outer loop
      vertex -4.07663 -35.5746 0
      vertex -4.04272 -24.4395 0
      vertex -4.04272 -35.5605 0
    endloop
  endfacet
  facet normal 0 0 -1
    outer loop
      vertex -4.07663 -35.5746 0
      vertex -4.07663 -24.4254 0
      vertex -4.04272 -24.4395 0
    endloop
  endfacet
  facet normal 0 0 -1
    outer loop
      vertex -4.10575 -35.5969 0
      vertex -4.07663 -24.4254 0
      vertex -4.07663 -35.5746 0
    endloop
  endfacet
  facet normal 0 0 -1
    outer loop
      vertex -4.10575 -35.5969 0
      vertex -4.10575 -24.4031 0
      vertex -4.07663 -24.4254 0
    endloop
  endfacet
  facet normal 0 0 -1
    outer loop
      vertex -4.27401 -35.726 0
      vertex -4.10575 -24.4031 0
      vertex -4.10575 -35.5969 0
    endloop
  endfacet
  facet normal 0 0 -1
    outer loop
      vertex -4.27401 -35.726 0
      vertex -4.27401 -24.274 0
      vertex -4.10575 -24.4031 0
    endloop
  endfacet
  facet normal 0 0 -1
    outer loop
      vertex -4.29635 -35.7551 0
      vertex -4.27401 -24.274 0
      vertex -4.27401 -35.726 0
    endloop
  endfacet
  facet normal 0 0 -1
    outer loop
      vertex -4.29635 -35.7551 0
      vertex -4.29635 -24.2449 0
      vertex -4.27401 -24.274 0
    endloop
  endfacet
  facet normal 0 0 -1
    outer loop
      vertex -4.42545 -35.9234 0
      vertex -4.29635 -24.2449 0
      vertex -4.29635 -35.7551 0
    endloop
  endfacet
  facet normal 0 0 -1
    outer loop
      vertex -4.42545 -35.9234 0
      vertex -4.42545 -24.0766 0
      vertex -4.29635 -24.2449 0
    endloop
  endfacet
  facet normal 0 0 -1
    outer loop
      vertex -4.4395 -35.9573 0
      vertex -4.42545 -24.0766 0
      vertex -4.42545 -35.9234 0
    endloop
  endfacet
  facet normal 0 0 -1
    outer loop
      vertex -4.4395 -35.9573 0
      vertex -4.4395 -24.0427 0
      vertex -4.42545 -24.0766 0
    endloop
  endfacet
  facet normal 0 0 -1
    outer loop
      vertex -4.52066 -36.1532 0
      vertex -4.4395 -24.0427 0
      vertex -4.4395 -35.9573 0
    endloop
  endfacet
  facet normal 0 0 -1
    outer loop
      vertex -4.52066 -36.1532 0
      vertex -4.52066 -23.8468 0
      vertex -4.4395 -24.0427 0
    endloop
  endfacet
  facet normal 0 0 -1
    outer loop
      vertex -23 -1.60982 0
      vertex -4.52066 -36.1532 0
      vertex -4.52545 -36.1896 0
    endloop
  endfacet
  facet normal 0 0 -1
    outer loop
      vertex -4.52066 -36.1532 0
      vertex -23 -1.60982 0
      vertex -4.52066 -23.8468 0
    endloop
  endfacet
  facet normal 0 0 -1
    outer loop
      vertex -23 -1.60982 0
      vertex -4.52545 -36.1896 0
      vertex -4.55312 -36.3999 0
    endloop
  endfacet
  facet normal 0 0 -1
    outer loop
      vertex -4.52066 -23.8468 0
      vertex -23 -1.60982 0
      vertex -4.52545 -23.8104 0
    endloop
  endfacet
  facet normal 0 0 -1
    outer loop
      vertex 4.52066 -178.153 0
      vertex 23 -1.60982 0
      vertex 4.52545 -178.19 0
    endloop
  endfacet
  facet normal 0 0 -1
    outer loop
      vertex 23 -1.60982 0
      vertex 4.52545 -43.8104 0
      vertex 4.55312 -43.6001 0
    endloop
  endfacet
  facet normal 0 0 -1
    outer loop
      vertex 4.52066 -43.8468 0
      vertex 23 -1.60982 0
      vertex 4.52066 -178.153 0
    endloop
  endfacet
  facet normal 0 0 -1
    outer loop
      vertex 23 -1.60982 0
      vertex 4.52066 -43.8468 0
      vertex 4.52545 -43.8104 0
    endloop
  endfacet
  facet normal 0 0 -1
    outer loop
      vertex 4.4395 -177.957 0
      vertex 4.52066 -43.8468 0
      vertex 4.52066 -178.153 0
    endloop
  endfacet
  facet normal 0 0 -1
    outer loop
      vertex 4.4395 -177.957 0
      vertex 4.4395 -44.0427 0
      vertex 4.52066 -43.8468 0
    endloop
  endfacet
  facet normal 0 0 -1
    outer loop
      vertex 4.42545 -177.923 0
      vertex 4.4395 -44.0427 0
      vertex 4.4395 -177.957 0
    endloop
  endfacet
  facet normal 0 0 -1
    outer loop
      vertex 4.42545 -177.923 0
      vertex 4.42545 -44.0766 0
      vertex 4.4395 -44.0427 0
    endloop
  endfacet
  facet normal 0 0 -1
    outer loop
      vertex 4.29635 -177.755 0
      vertex 4.42545 -44.0766 0
      vertex 4.42545 -177.923 0
    endloop
  endfacet
  facet normal 0 0 -1
    outer loop
      vertex 4.29635 -177.755 0
      vertex 4.29635 -44.2449 0
      vertex 4.42545 -44.0766 0
    endloop
  endfacet
  facet normal 0 0 -1
    outer loop
      vertex 4.27401 -177.726 0
      vertex 4.29635 -44.2449 0
      vertex 4.29635 -177.755 0
    endloop
  endfacet
  facet normal 0 0 -1
    outer loop
      vertex 4.27401 -177.726 0
      vertex 4.27401 -44.274 0
      vertex 4.29635 -44.2449 0
    endloop
  endfacet
  facet normal 0 0 -1
    outer loop
      vertex 4.10575 -177.597 0
      vertex 4.27401 -44.274 0
      vertex 4.27401 -177.726 0
    endloop
  endfacet
  facet normal 0 0 -1
    outer loop
      vertex 4.10575 -177.597 0
      vertex 4.10575 -44.4031 0
      vertex 4.27401 -44.274 0
    endloop
  endfacet
  facet normal 0 0 -1
    outer loop
      vertex 4.07663 -177.575 0
      vertex 4.10575 -44.4031 0
      vertex 4.10575 -177.597 0
    endloop
  endfacet
  facet normal 0 0 -1
    outer loop
      vertex 4.07663 -177.575 0
      vertex 4.07663 -44.4254 0
      vertex 4.10575 -44.4031 0
    endloop
  endfacet
  facet normal 0 0 -1
    outer loop
      vertex 4.04272 -177.561 0
      vertex 4.07663 -44.4254 0
      vertex 4.07663 -177.575 0
    endloop
  endfacet
  facet normal 0 0 -1
    outer loop
      vertex 4.04272 -177.561 0
      vertex 4.04272 -44.4395 0
      vertex 4.07663 -44.4254 0
    endloop
  endfacet
  facet normal 0 0 -1
    outer loop
      vertex 3.8468 -177.479 0
      vertex 4.04272 -44.4395 0
      vertex 4.04272 -177.561 0
    endloop
  endfacet
  facet normal 0 0 -1
    outer loop
      vertex 3.8468 -177.479 0
      vertex 3.8468 -44.5207 0
      vertex 4.04272 -44.4395 0
    endloop
  endfacet
  facet normal 0 0 -1
    outer loop
      vertex 3.81041 -177.475 0
      vertex 3.8468 -44.5207 0
      vertex 3.8468 -177.479 0
    endloop
  endfacet
  facet normal 0 0 -1
    outer loop
      vertex 3.81041 -177.475 0
      vertex 3.81041 -44.5255 0
      vertex 3.8468 -44.5207 0
    endloop
  endfacet
  facet normal 0 0 -1
    outer loop
      vertex 3.60015 -177.447 0
      vertex 3.81041 -44.5255 0
      vertex 3.81041 -177.475 0
    endloop
  endfacet
  facet normal 0 0 -1
    outer loop
      vertex 3.60015 -177.447 0
      vertex 3.60015 -44.5531 0
      vertex 3.81041 -44.5255 0
    endloop
  endfacet
  facet normal 0 0 -1
    outer loop
      vertex -3.60015 -177.447 0
      vertex 3.60015 -44.5531 0
      vertex 3.60015 -177.447 0
    endloop
  endfacet
  facet normal 0 0 -1
    outer loop
      vertex -3.60015 -177.447 0
      vertex -3.60015 -44.5531 0
      vertex 3.60015 -44.5531 0
    endloop
  endfacet
  facet normal 0 0 -1
    outer loop
      vertex -3.81041 -177.475 0
      vertex -3.60015 -44.5531 0
      vertex -3.60015 -177.447 0
    endloop
  endfacet
  facet normal 0 0 -1
    outer loop
      vertex -3.81041 -177.475 0
      vertex -3.81041 -44.5255 0
      vertex -3.60015 -44.5531 0
    endloop
  endfacet
  facet normal 0 0 -1
    outer loop
      vertex -3.8468 -177.479 0
      vertex -3.81041 -44.5255 0
      vertex -3.81041 -177.475 0
    endloop
  endfacet
  facet normal 0 0 -1
    outer loop
      vertex -3.8468 -177.479 0
      vertex -3.8468 -44.5207 0
      vertex -3.81041 -44.5255 0
    endloop
  endfacet
  facet normal 0 0 -1
    outer loop
      vertex -4.04272 -177.561 0
      vertex -3.8468 -44.5207 0
      vertex -3.8468 -177.479 0
    endloop
  endfacet
  facet normal 0 0 -1
    outer loop
      vertex -4.04272 -177.561 0
      vertex -4.04272 -44.4395 0
      vertex -3.8468 -44.5207 0
    endloop
  endfacet
  facet normal 0 0 -1
    outer loop
      vertex -4.07663 -177.575 0
      vertex -4.04272 -44.4395 0
      vertex -4.04272 -177.561 0
    endloop
  endfacet
  facet normal 0 0 -1
    outer loop
      vertex -4.07663 -177.575 0
      vertex -4.07663 -44.4254 0
      vertex -4.04272 -44.4395 0
    endloop
  endfacet
  facet normal 0 0 -1
    outer loop
      vertex -4.10575 -177.597 0
      vertex -4.07663 -44.4254 0
      vertex -4.07663 -177.575 0
    endloop
  endfacet
  facet normal 0 0 -1
    outer loop
      vertex -4.10575 -177.597 0
      vertex -4.10575 -44.4031 0
      vertex -4.07663 -44.4254 0
    endloop
  endfacet
  facet normal 0 0 -1
    outer loop
      vertex -4.27401 -177.726 0
      vertex -4.10575 -44.4031 0
      vertex -4.10575 -177.597 0
    endloop
  endfacet
  facet normal 0 0 -1
    outer loop
      vertex -4.27401 -177.726 0
      vertex -4.27401 -44.274 0
      vertex -4.10575 -44.4031 0
    endloop
  endfacet
  facet normal 0 0 -1
    outer loop
      vertex -4.29635 -177.755 0
      vertex -4.27401 -44.274 0
      vertex -4.27401 -177.726 0
    endloop
  endfacet
  facet normal 0 0 -1
    outer loop
      vertex -4.29635 -177.755 0
      vertex -4.29635 -44.2449 0
      vertex -4.27401 -44.274 0
    endloop
  endfacet
  facet normal 0 0 -1
    outer loop
      vertex -4.42545 -177.923 0
      vertex -4.29635 -44.2449 0
      vertex -4.29635 -177.755 0
    endloop
  endfacet
  facet normal 0 0 -1
    outer loop
      vertex -4.42545 -177.923 0
      vertex -4.42545 -44.0766 0
      vertex -4.29635 -44.2449 0
    endloop
  endfacet
  facet normal 0 0 -1
    outer loop
      vertex -4.4395 -177.957 0
      vertex -4.42545 -44.0766 0
      vertex -4.42545 -177.923 0
    endloop
  endfacet
  facet normal 0 0 -1
    outer loop
      vertex -4.4395 -177.957 0
      vertex -4.4395 -44.0427 0
      vertex -4.42545 -44.0766 0
    endloop
  endfacet
  facet normal 0 0 -1
    outer loop
      vertex -4.52066 -178.153 0
      vertex -4.4395 -44.0427 0
      vertex -4.4395 -177.957 0
    endloop
  endfacet
  facet normal 0 0 -1
    outer loop
      vertex -4.52066 -178.153 0
      vertex -4.52066 -43.8468 0
      vertex -4.4395 -44.0427 0
    endloop
  endfacet
  facet normal 0 0 -1
    outer loop
      vertex -23 -1.60982 0
      vertex -4.52066 -178.153 0
      vertex -4.52545 -178.19 0
    endloop
  endfacet
  facet normal 0 0 -1
    outer loop
      vertex -4.52066 -178.153 0
      vertex -23 -1.60982 0
      vertex -4.52066 -43.8468 0
    endloop
  endfacet
  facet normal 0 0 -1
    outer loop
      vertex -23 -1.60982 0
      vertex -4.52545 -178.19 0
      vertex -4.55312 -178.4 0
    endloop
  endfacet
  facet normal 0 0 -1
    outer loop
      vertex -4.52066 -43.8468 0
      vertex -23 -1.60982 0
      vertex -4.52545 -43.8104 0
    endloop
  endfacet
  facet normal 0 0 -1
    outer loop
      vertex 4.52545 -192.19 0
      vertex 4.55312 -185.6 0
      vertex 4.55312 -192.4 0
    endloop
  endfacet
  facet normal 0 0 -1
    outer loop
      vertex 4.52545 -192.19 0
      vertex 4.52545 -185.81 0
      vertex 4.55312 -185.6 0
    endloop
  endfacet
  facet normal 0 0 -1
    outer loop
      vertex 4.52066 -192.153 0
      vertex 4.52545 -185.81 0
      vertex 4.52545 -192.19 0
    endloop
  endfacet
  facet normal 0 0 -1
    outer loop
      vertex 4.52066 -192.153 0
      vertex 4.52066 -185.847 0
      vertex 4.52545 -185.81 0
    endloop
  endfacet
  facet normal 0 0 -1
    outer loop
      vertex 4.4395 -191.957 0
      vertex 4.52066 -185.847 0
      vertex 4.52066 -192.153 0
    endloop
  endfacet
  facet normal 0 0 -1
    outer loop
      vertex 4.4395 -191.957 0
      vertex 4.4395 -186.043 0
      vertex 4.52066 -185.847 0
    endloop
  endfacet
  facet normal 0 0 -1
    outer loop
      vertex 4.42545 -191.923 0
      vertex 4.4395 -186.043 0
      vertex 4.4395 -191.957 0
    endloop
  endfacet
  facet normal 0 0 -1
    outer loop
      vertex 4.42545 -191.923 0
      vertex 4.42545 -186.077 0
      vertex 4.4395 -186.043 0
    endloop
  endfacet
  facet normal 0 0 -1
    outer loop
      vertex 4.29635 -191.755 0
      vertex 4.42545 -186.077 0
      vertex 4.42545 -191.923 0
    endloop
  endfacet
  facet normal 0 0 -1
    outer loop
      vertex 4.29635 -191.755 0
      vertex 4.29635 -186.245 0
      vertex 4.42545 -186.077 0
    endloop
  endfacet
  facet normal 0 0 -1
    outer loop
      vertex 4.27401 -191.726 0
      vertex 4.29635 -186.245 0
      vertex 4.29635 -191.755 0
    endloop
  endfacet
  facet normal 0 0 -1
    outer loop
      vertex 4.27401 -191.726 0
      vertex 4.27401 -186.274 0
      vertex 4.29635 -186.245 0
    endloop
  endfacet
  facet normal 0 0 -1
    outer loop
      vertex 4.10575 -191.597 0
      vertex 4.27401 -186.274 0
      vertex 4.27401 -191.726 0
    endloop
  endfacet
  facet normal 0 0 -1
    outer loop
      vertex 4.10575 -191.597 0
      vertex 4.10575 -186.403 0
      vertex 4.27401 -186.274 0
    endloop
  endfacet
  facet normal 0 0 -1
    outer loop
      vertex 4.07663 -191.575 0
      vertex 4.10575 -186.403 0
      vertex 4.10575 -191.597 0
    endloop
  endfacet
  facet normal 0 0 -1
    outer loop
      vertex 4.07663 -191.575 0
      vertex 4.07663 -186.425 0
      vertex 4.10575 -186.403 0
    endloop
  endfacet
  facet normal 0 0 -1
    outer loop
      vertex 4.04272 -191.561 0
      vertex 4.07663 -186.425 0
      vertex 4.07663 -191.575 0
    endloop
  endfacet
  facet normal 0 0 -1
    outer loop
      vertex 4.04272 -191.561 0
      vertex 4.04272 -186.439 0
      vertex 4.07663 -186.425 0
    endloop
  endfacet
  facet normal 0 0 -1
    outer loop
      vertex 3.8468 -191.479 0
      vertex 4.04272 -186.439 0
      vertex 4.04272 -191.561 0
    endloop
  endfacet
  facet normal 0 0 -1
    outer loop
      vertex 3.8468 -191.479 0
      vertex 3.8468 -186.521 0
      vertex 4.04272 -186.439 0
    endloop
  endfacet
  facet normal 0 0 -1
    outer loop
      vertex 3.81041 -191.475 0
      vertex 3.8468 -186.521 0
      vertex 3.8468 -191.479 0
    endloop
  endfacet
  facet normal 0 0 -1
    outer loop
      vertex 3.81041 -191.475 0
      vertex 3.81041 -186.525 0
      vertex 3.8468 -186.521 0
    endloop
  endfacet
  facet normal 0 0 -1
    outer loop
      vertex 3.60015 -191.447 0
      vertex 3.81041 -186.525 0
      vertex 3.81041 -191.475 0
    endloop
  endfacet
  facet normal 0 0 -1
    outer loop
      vertex 3.60015 -191.447 0
      vertex 3.60015 -186.553 0
      vertex 3.81041 -186.525 0
    endloop
  endfacet
  facet normal 0 0 -1
    outer loop
      vertex -3.60015 -191.447 0
      vertex 3.60015 -186.553 0
      vertex 3.60015 -191.447 0
    endloop
  endfacet
  facet normal 0 0 -1
    outer loop
      vertex -3.60015 -191.447 0
      vertex -3.60015 -186.553 0
      vertex 3.60015 -186.553 0
    endloop
  endfacet
  facet normal 0 0 -1
    outer loop
      vertex -3.81041 -191.475 0
      vertex -3.60015 -186.553 0
      vertex -3.60015 -191.447 0
    endloop
  endfacet
  facet normal 0 0 -1
    outer loop
      vertex -3.81041 -191.475 0
      vertex -3.81041 -186.525 0
      vertex -3.60015 -186.553 0
    endloop
  endfacet
  facet normal 0 0 -1
    outer loop
      vertex -3.8468 -191.479 0
      vertex -3.81041 -186.525 0
      vertex -3.81041 -191.475 0
    endloop
  endfacet
  facet normal 0 0 -1
    outer loop
      vertex -3.8468 -191.479 0
      vertex -3.8468 -186.521 0
      vertex -3.81041 -186.525 0
    endloop
  endfacet
  facet normal 0 0 -1
    outer loop
      vertex -4.04272 -191.561 0
      vertex -3.8468 -186.521 0
      vertex -3.8468 -191.479 0
    endloop
  endfacet
  facet normal 0 0 -1
    outer loop
      vertex -4.04272 -191.561 0
      vertex -4.04272 -186.439 0
      vertex -3.8468 -186.521 0
    endloop
  endfacet
  facet normal 0 0 -1
    outer loop
      vertex -4.07663 -191.575 0
      vertex -4.04272 -186.439 0
      vertex -4.04272 -191.561 0
    endloop
  endfacet
  facet normal 0 0 -1
    outer loop
      vertex -4.07663 -191.575 0
      vertex -4.07663 -186.425 0
      vertex -4.04272 -186.439 0
    endloop
  endfacet
  facet normal 0 0 -1
    outer loop
      vertex -4.10575 -191.597 0
      vertex -4.07663 -186.425 0
      vertex -4.07663 -191.575 0
    endloop
  endfacet
  facet normal 0 0 -1
    outer loop
      vertex -4.10575 -191.597 0
      vertex -4.10575 -186.403 0
      vertex -4.07663 -186.425 0
    endloop
  endfacet
  facet normal 0 0 -1
    outer loop
      vertex -4.27401 -191.726 0
      vertex -4.10575 -186.403 0
      vertex -4.10575 -191.597 0
    endloop
  endfacet
  facet normal 0 0 -1
    outer loop
      vertex -4.27401 -191.726 0
      vertex -4.27401 -186.274 0
      vertex -4.10575 -186.403 0
    endloop
  endfacet
  facet normal 0 0 -1
    outer loop
      vertex -4.29635 -191.755 0
      vertex -4.27401 -186.274 0
      vertex -4.27401 -191.726 0
    endloop
  endfacet
  facet normal 0 0 -1
    outer loop
      vertex -4.29635 -191.755 0
      vertex -4.29635 -186.245 0
      vertex -4.27401 -186.274 0
    endloop
  endfacet
  facet normal 0 0 -1
    outer loop
      vertex -4.42545 -191.923 0
      vertex -4.29635 -186.245 0
      vertex -4.29635 -191.755 0
    endloop
  endfacet
  facet normal 0 0 -1
    outer loop
      vertex -4.42545 -191.923 0
      vertex -4.42545 -186.077 0
      vertex -4.29635 -186.245 0
    endloop
  endfacet
  facet normal 0 0 -1
    outer loop
      vertex -4.4395 -191.957 0
      vertex -4.42545 -186.077 0
      vertex -4.42545 -191.923 0
    endloop
  endfacet
  facet normal 0 0 -1
    outer loop
      vertex -4.4395 -191.957 0
      vertex -4.4395 -186.043 0
      vertex -4.42545 -186.077 0
    endloop
  endfacet
  facet normal 0 0 -1
    outer loop
      vertex -4.52066 -192.153 0
      vertex -4.4395 -186.043 0
      vertex -4.4395 -191.957 0
    endloop
  endfacet
  facet normal 0 0 -1
    outer loop
      vertex -4.52066 -192.153 0
      vertex -4.52066 -185.847 0
      vertex -4.4395 -186.043 0
    endloop
  endfacet
  facet normal 0 0 -1
    outer loop
      vertex -4.52545 -192.19 0
      vertex -4.52066 -185.847 0
      vertex -4.52066 -192.153 0
    endloop
  endfacet
  facet normal 0 0 -1
    outer loop
      vertex -4.52545 -192.19 0
      vertex -4.52545 -185.81 0
      vertex -4.52066 -185.847 0
    endloop
  endfacet
  facet normal 0 0 -1
    outer loop
      vertex -4.55312 -192.4 0
      vertex -4.52545 -185.81 0
      vertex -4.52545 -192.19 0
    endloop
  endfacet
  facet normal -0 0 -1
    outer loop
      vertex -4.52545 -185.81 0
      vertex -4.55312 -192.4 0
      vertex -4.55312 -185.6 0
    endloop
  endfacet
  facet normal 0 0 -1
    outer loop
      vertex 4.52066 -266.153 0
      vertex 23 -308.39 0
      vertex 4.52545 -266.19 0
    endloop
  endfacet
  facet normal 0 0 -1
    outer loop
      vertex 23 -308.39 0
      vertex 4.52545 -199.81 0
      vertex 4.55312 -199.6 0
    endloop
  endfacet
  facet normal 0 0 -1
    outer loop
      vertex 4.52066 -199.847 0
      vertex 23 -308.39 0
      vertex 4.52066 -266.153 0
    endloop
  endfacet
  facet normal 0 0 -1
    outer loop
      vertex 23 -308.39 0
      vertex 4.52066 -199.847 0
      vertex 4.52545 -199.81 0
    endloop
  endfacet
  facet normal 0 0 -1
    outer loop
      vertex 4.4395 -265.957 0
      vertex 4.52066 -199.847 0
      vertex 4.52066 -266.153 0
    endloop
  endfacet
  facet normal 0 0 -1
    outer loop
      vertex 4.4395 -265.957 0
      vertex 4.4395 -200.043 0
      vertex 4.52066 -199.847 0
    endloop
  endfacet
  facet normal 0 0 -1
    outer loop
      vertex 4.42545 -265.923 0
      vertex 4.4395 -200.043 0
      vertex 4.4395 -265.957 0
    endloop
  endfacet
  facet normal 0 0 -1
    outer loop
      vertex 4.42545 -265.923 0
      vertex 4.42545 -200.077 0
      vertex 4.4395 -200.043 0
    endloop
  endfacet
  facet normal 0 0 -1
    outer loop
      vertex 4.29635 -265.755 0
      vertex 4.42545 -200.077 0
      vertex 4.42545 -265.923 0
    endloop
  endfacet
  facet normal 0 0 -1
    outer loop
      vertex 4.29635 -265.755 0
      vertex 4.29635 -200.245 0
      vertex 4.42545 -200.077 0
    endloop
  endfacet
  facet normal 0 0 -1
    outer loop
      vertex 4.27401 -265.726 0
      vertex 4.29635 -200.245 0
      vertex 4.29635 -265.755 0
    endloop
  endfacet
  facet normal 0 0 -1
    outer loop
      vertex 4.27401 -265.726 0
      vertex 4.27401 -200.274 0
      vertex 4.29635 -200.245 0
    endloop
  endfacet
  facet normal 0 0 -1
    outer loop
      vertex 4.10575 -265.597 0
      vertex 4.27401 -200.274 0
      vertex 4.27401 -265.726 0
    endloop
  endfacet
  facet normal 0 0 -1
    outer loop
      vertex 4.10575 -265.597 0
      vertex 4.10575 -200.403 0
      vertex 4.27401 -200.274 0
    endloop
  endfacet
  facet normal 0 0 -1
    outer loop
      vertex 4.07663 -265.575 0
      vertex 4.10575 -200.403 0
      vertex 4.10575 -265.597 0
    endloop
  endfacet
  facet normal 0 0 -1
    outer loop
      vertex 4.07663 -265.575 0
      vertex 4.07663 -200.425 0
      vertex 4.10575 -200.403 0
    endloop
  endfacet
  facet normal 0 0 -1
    outer loop
      vertex 4.04272 -265.561 0
      vertex 4.07663 -200.425 0
      vertex 4.07663 -265.575 0
    endloop
  endfacet
  facet normal 0 0 -1
    outer loop
      vertex 4.04272 -265.561 0
      vertex 4.04272 -200.439 0
      vertex 4.07663 -200.425 0
    endloop
  endfacet
  facet normal 0 0 -1
    outer loop
      vertex 3.8468 -265.479 0
      vertex 4.04272 -200.439 0
      vertex 4.04272 -265.561 0
    endloop
  endfacet
  facet normal 0 0 -1
    outer loop
      vertex 3.8468 -265.479 0
      vertex 3.8468 -200.521 0
      vertex 4.04272 -200.439 0
    endloop
  endfacet
  facet normal 0 0 -1
    outer loop
      vertex 3.81041 -265.475 0
      vertex 3.8468 -200.521 0
      vertex 3.8468 -265.479 0
    endloop
  endfacet
  facet normal 0 0 -1
    outer loop
      vertex 3.81041 -265.475 0
      vertex 3.81041 -200.525 0
      vertex 3.8468 -200.521 0
    endloop
  endfacet
  facet normal 0 0 -1
    outer loop
      vertex 3.60015 -265.447 0
      vertex 3.81041 -200.525 0
      vertex 3.81041 -265.475 0
    endloop
  endfacet
  facet normal 0 0 -1
    outer loop
      vertex 3.60015 -265.447 0
      vertex 3.60015 -200.553 0
      vertex 3.81041 -200.525 0
    endloop
  endfacet
  facet normal 0 0 -1
    outer loop
      vertex -3.60015 -265.447 0
      vertex 3.60015 -200.553 0
      vertex 3.60015 -265.447 0
    endloop
  endfacet
  facet normal 0 0 -1
    outer loop
      vertex -3.60015 -265.447 0
      vertex -3.60015 -200.553 0
      vertex 3.60015 -200.553 0
    endloop
  endfacet
  facet normal 0 0 -1
    outer loop
      vertex -3.81041 -265.475 0
      vertex -3.60015 -200.553 0
      vertex -3.60015 -265.447 0
    endloop
  endfacet
  facet normal 0 0 -1
    outer loop
      vertex -3.81041 -265.475 0
      vertex -3.81041 -200.525 0
      vertex -3.60015 -200.553 0
    endloop
  endfacet
  facet normal 0 0 -1
    outer loop
      vertex -3.8468 -265.479 0
      vertex -3.81041 -200.525 0
      vertex -3.81041 -265.475 0
    endloop
  endfacet
  facet normal 0 0 -1
    outer loop
      vertex -3.8468 -265.479 0
      vertex -3.8468 -200.521 0
      vertex -3.81041 -200.525 0
    endloop
  endfacet
  facet normal 0 0 -1
    outer loop
      vertex -4.04272 -265.561 0
      vertex -3.8468 -200.521 0
      vertex -3.8468 -265.479 0
    endloop
  endfacet
  facet normal 0 0 -1
    outer loop
      vertex -4.04272 -265.561 0
      vertex -4.04272 -200.439 0
      vertex -3.8468 -200.521 0
    endloop
  endfacet
  facet normal 0 0 -1
    outer loop
      vertex -4.07663 -265.575 0
      vertex -4.04272 -200.439 0
      vertex -4.04272 -265.561 0
    endloop
  endfacet
  facet normal 0 0 -1
    outer loop
      vertex -4.07663 -265.575 0
      vertex -4.07663 -200.425 0
      vertex -4.04272 -200.439 0
    endloop
  endfacet
  facet normal 0 0 -1
    outer loop
      vertex -4.10575 -265.597 0
      vertex -4.07663 -200.425 0
      vertex -4.07663 -265.575 0
    endloop
  endfacet
  facet normal 0 0 -1
    outer loop
      vertex -4.10575 -265.597 0
      vertex -4.10575 -200.403 0
      vertex -4.07663 -200.425 0
    endloop
  endfacet
  facet normal 0 0 -1
    outer loop
      vertex -4.27401 -265.726 0
      vertex -4.10575 -200.403 0
      vertex -4.10575 -265.597 0
    endloop
  endfacet
  facet normal 0 0 -1
    outer loop
      vertex -4.27401 -265.726 0
      vertex -4.27401 -200.274 0
      vertex -4.10575 -200.403 0
    endloop
  endfacet
  facet normal 0 0 -1
    outer loop
      vertex -4.29635 -265.755 0
      vertex -4.27401 -200.274 0
      vertex -4.27401 -265.726 0
    endloop
  endfacet
  facet normal 0 0 -1
    outer loop
      vertex -4.29635 -265.755 0
      vertex -4.29635 -200.245 0
      vertex -4.27401 -200.274 0
    endloop
  endfacet
  facet normal 0 0 -1
    outer loop
      vertex -4.42545 -265.923 0
      vertex -4.29635 -200.245 0
      vertex -4.29635 -265.755 0
    endloop
  endfacet
  facet normal 0 0 -1
    outer loop
      vertex -4.42545 -265.923 0
      vertex -4.42545 -200.077 0
      vertex -4.29635 -200.245 0
    endloop
  endfacet
  facet normal 0 0 -1
    outer loop
      vertex -4.4395 -265.957 0
      vertex -4.42545 -200.077 0
      vertex -4.42545 -265.923 0
    endloop
  endfacet
  facet normal 0 0 -1
    outer loop
      vertex -4.4395 -265.957 0
      vertex -4.4395 -200.043 0
      vertex -4.42545 -200.077 0
    endloop
  endfacet
  facet normal 0 0 -1
    outer loop
      vertex -4.52066 -266.153 0
      vertex -4.4395 -200.043 0
      vertex -4.4395 -265.957 0
    endloop
  endfacet
  facet normal 0 0 -1
    outer loop
      vertex -4.52066 -266.153 0
      vertex -4.52066 -199.847 0
      vertex -4.4395 -200.043 0
    endloop
  endfacet
  facet normal 0 0 -1
    outer loop
      vertex -23 -308.39 0
      vertex -4.52066 -266.153 0
      vertex -4.52545 -266.19 0
    endloop
  endfacet
  facet normal -0 0 -1
    outer loop
      vertex -4.52066 -266.153 0
      vertex -23 -308.39 0
      vertex -4.52066 -199.847 0
    endloop
  endfacet
  facet normal 0 0 -1
    outer loop
      vertex -23 -308.39 0
      vertex -4.52545 -266.19 0
      vertex -4.55312 -266.4 0
    endloop
  endfacet
  facet normal -0 0 -1
    outer loop
      vertex -4.52066 -199.847 0
      vertex -23 -308.39 0
      vertex -4.52545 -199.81 0
    endloop
  endfacet
  facet normal 0 0 -1
    outer loop
      vertex 4.52066 -286.153 0
      vertex 23 -308.39 0
      vertex 4.52545 -286.19 0
    endloop
  endfacet
  facet normal 0 0 -1
    outer loop
      vertex 23 -308.39 0
      vertex 4.52545 -273.81 0
      vertex 4.55312 -273.6 0
    endloop
  endfacet
  facet normal 0 0 -1
    outer loop
      vertex 4.52066 -273.847 0
      vertex 23 -308.39 0
      vertex 4.52066 -286.153 0
    endloop
  endfacet
  facet normal 0 0 -1
    outer loop
      vertex 23 -308.39 0
      vertex 4.52066 -273.847 0
      vertex 4.52545 -273.81 0
    endloop
  endfacet
  facet normal 0 0 -1
    outer loop
      vertex 4.4395 -285.957 0
      vertex 4.52066 -273.847 0
      vertex 4.52066 -286.153 0
    endloop
  endfacet
  facet normal 0 0 -1
    outer loop
      vertex 4.4395 -285.957 0
      vertex 4.4395 -274.043 0
      vertex 4.52066 -273.847 0
    endloop
  endfacet
  facet normal 0 0 -1
    outer loop
      vertex 4.42545 -285.923 0
      vertex 4.4395 -274.043 0
      vertex 4.4395 -285.957 0
    endloop
  endfacet
  facet normal 0 0 -1
    outer loop
      vertex 4.42545 -285.923 0
      vertex 4.42545 -274.077 0
      vertex 4.4395 -274.043 0
    endloop
  endfacet
  facet normal 0 0 -1
    outer loop
      vertex 4.29635 -285.755 0
      vertex 4.42545 -274.077 0
      vertex 4.42545 -285.923 0
    endloop
  endfacet
  facet normal 0 0 -1
    outer loop
      vertex 4.29635 -285.755 0
      vertex 4.29635 -274.245 0
      vertex 4.42545 -274.077 0
    endloop
  endfacet
  facet normal 0 0 -1
    outer loop
      vertex 4.27401 -285.726 0
      vertex 4.29635 -274.245 0
      vertex 4.29635 -285.755 0
    endloop
  endfacet
  facet normal 0 0 -1
    outer loop
      vertex 4.27401 -285.726 0
      vertex 4.27401 -274.274 0
      vertex 4.29635 -274.245 0
    endloop
  endfacet
  facet normal 0 0 -1
    outer loop
      vertex 4.10575 -285.597 0
      vertex 4.27401 -274.274 0
      vertex 4.27401 -285.726 0
    endloop
  endfacet
  facet normal 0 0 -1
    outer loop
      vertex 4.10575 -285.597 0
      vertex 4.10575 -274.403 0
      vertex 4.27401 -274.274 0
    endloop
  endfacet
  facet normal 0 0 -1
    outer loop
      vertex 4.07663 -285.575 0
      vertex 4.10575 -274.403 0
      vertex 4.10575 -285.597 0
    endloop
  endfacet
  facet normal 0 0 -1
    outer loop
      vertex 4.07663 -285.575 0
      vertex 4.07663 -274.425 0
      vertex 4.10575 -274.403 0
    endloop
  endfacet
  facet normal 0 0 -1
    outer loop
      vertex 4.04272 -285.561 0
      vertex 4.07663 -274.425 0
      vertex 4.07663 -285.575 0
    endloop
  endfacet
  facet normal 0 0 -1
    outer loop
      vertex 4.04272 -285.561 0
      vertex 4.04272 -274.439 0
      vertex 4.07663 -274.425 0
    endloop
  endfacet
  facet normal 0 0 -1
    outer loop
      vertex 3.8468 -285.479 0
      vertex 4.04272 -274.439 0
      vertex 4.04272 -285.561 0
    endloop
  endfacet
  facet normal 0 0 -1
    outer loop
      vertex 3.8468 -285.479 0
      vertex 3.8468 -274.521 0
      vertex 4.04272 -274.439 0
    endloop
  endfacet
  facet normal 0 0 -1
    outer loop
      vertex 3.81041 -285.475 0
      vertex 3.8468 -274.521 0
      vertex 3.8468 -285.479 0
    endloop
  endfacet
  facet normal 0 0 -1
    outer loop
      vertex 3.81041 -285.475 0
      vertex 3.81041 -274.525 0
      vertex 3.8468 -274.521 0
    endloop
  endfacet
  facet normal 0 0 -1
    outer loop
      vertex 3.60015 -285.447 0
      vertex 3.81041 -274.525 0
      vertex 3.81041 -285.475 0
    endloop
  endfacet
  facet normal 0 0 -1
    outer loop
      vertex 3.60015 -285.447 0
      vertex 3.60015 -274.553 0
      vertex 3.81041 -274.525 0
    endloop
  endfacet
  facet normal 0 0 -1
    outer loop
      vertex -3.60015 -285.447 0
      vertex 3.60015 -274.553 0
      vertex 3.60015 -285.447 0
    endloop
  endfacet
  facet normal 0 0 -1
    outer loop
      vertex -3.60015 -285.447 0
      vertex -3.60015 -274.553 0
      vertex 3.60015 -274.553 0
    endloop
  endfacet
  facet normal 0 0 -1
    outer loop
      vertex -3.81041 -285.475 0
      vertex -3.60015 -274.553 0
      vertex -3.60015 -285.447 0
    endloop
  endfacet
  facet normal 0 0 -1
    outer loop
      vertex -3.81041 -285.475 0
      vertex -3.81041 -274.525 0
      vertex -3.60015 -274.553 0
    endloop
  endfacet
  facet normal 0 0 -1
    outer loop
      vertex -3.8468 -285.479 0
      vertex -3.81041 -274.525 0
      vertex -3.81041 -285.475 0
    endloop
  endfacet
  facet normal 0 0 -1
    outer loop
      vertex -3.8468 -285.479 0
      vertex -3.8468 -274.521 0
      vertex -3.81041 -274.525 0
    endloop
  endfacet
  facet normal 0 0 -1
    outer loop
      vertex -4.04272 -285.561 0
      vertex -3.8468 -274.521 0
      vertex -3.8468 -285.479 0
    endloop
  endfacet
  facet normal 0 0 -1
    outer loop
      vertex -4.04272 -285.561 0
      vertex -4.04272 -274.439 0
      vertex -3.8468 -274.521 0
    endloop
  endfacet
  facet normal 0 0 -1
    outer loop
      vertex -4.07663 -285.575 0
      vertex -4.04272 -274.439 0
      vertex -4.04272 -285.561 0
    endloop
  endfacet
  facet normal 0 0 -1
    outer loop
      vertex -4.07663 -285.575 0
      vertex -4.07663 -274.425 0
      vertex -4.04272 -274.439 0
    endloop
  endfacet
  facet normal 0 0 -1
    outer loop
      vertex -4.10575 -285.597 0
      vertex -4.07663 -274.425 0
      vertex -4.07663 -285.575 0
    endloop
  endfacet
  facet normal 0 0 -1
    outer loop
      vertex -4.10575 -285.597 0
      vertex -4.10575 -274.403 0
      vertex -4.07663 -274.425 0
    endloop
  endfacet
  facet normal 0 0 -1
    outer loop
      vertex -4.27401 -285.726 0
      vertex -4.10575 -274.403 0
      vertex -4.10575 -285.597 0
    endloop
  endfacet
  facet normal 0 0 -1
    outer loop
      vertex -4.27401 -285.726 0
      vertex -4.27401 -274.274 0
      vertex -4.10575 -274.403 0
    endloop
  endfacet
  facet normal 0 0 -1
    outer loop
      vertex -4.29635 -285.755 0
      vertex -4.27401 -274.274 0
      vertex -4.27401 -285.726 0
    endloop
  endfacet
  facet normal 0 0 -1
    outer loop
      vertex -4.29635 -285.755 0
      vertex -4.29635 -274.245 0
      vertex -4.27401 -274.274 0
    endloop
  endfacet
  facet normal 0 0 -1
    outer loop
      vertex -4.42545 -285.923 0
      vertex -4.29635 -274.245 0
      vertex -4.29635 -285.755 0
    endloop
  endfacet
  facet normal 0 0 -1
    outer loop
      vertex -4.42545 -285.923 0
      vertex -4.42545 -274.077 0
      vertex -4.29635 -274.245 0
    endloop
  endfacet
  facet normal 0 0 -1
    outer loop
      vertex -4.4395 -285.957 0
      vertex -4.42545 -274.077 0
      vertex -4.42545 -285.923 0
    endloop
  endfacet
  facet normal 0 0 -1
    outer loop
      vertex -4.4395 -285.957 0
      vertex -4.4395 -274.043 0
      vertex -4.42545 -274.077 0
    endloop
  endfacet
  facet normal 0 0 -1
    outer loop
      vertex -4.52066 -286.153 0
      vertex -4.4395 -274.043 0
      vertex -4.4395 -285.957 0
    endloop
  endfacet
  facet normal 0 0 -1
    outer loop
      vertex -4.52066 -286.153 0
      vertex -4.52066 -273.847 0
      vertex -4.4395 -274.043 0
    endloop
  endfacet
  facet normal 0 0 -1
    outer loop
      vertex -23 -308.39 0
      vertex -4.52066 -286.153 0
      vertex -4.52545 -286.19 0
    endloop
  endfacet
  facet normal -0 0 -1
    outer loop
      vertex -4.52066 -286.153 0
      vertex -23 -308.39 0
      vertex -4.52066 -273.847 0
    endloop
  endfacet
  facet normal 0 0 -1
    outer loop
      vertex -23 -308.39 0
      vertex -4.52545 -286.19 0
      vertex -4.55312 -286.4 0
    endloop
  endfacet
  facet normal -0 0 -1
    outer loop
      vertex -4.52066 -273.847 0
      vertex -23 -308.39 0
      vertex -4.52545 -273.81 0
    endloop
  endfacet
  facet normal 0 0 -1
    outer loop
      vertex 4.55312 -286.4 0
      vertex 23 -308.39 0
      vertex 4.55312 -293.6 0
    endloop
  endfacet
  facet normal 0 0 -1
    outer loop
      vertex 23 -308.39 0
      vertex 4.52545 -293.81 0
      vertex 4.55312 -293.6 0
    endloop
  endfacet
  facet normal 0 0 -1
    outer loop
      vertex 23 -308.39 0
      vertex 4.52066 -293.847 0
      vertex 4.52545 -293.81 0
    endloop
  endfacet
  facet normal 0 0 -1
    outer loop
      vertex 23 -308.39 0
      vertex 4.4395 -294.043 0
      vertex 4.52066 -293.847 0
    endloop
  endfacet
  facet normal 0 0 -1
    outer loop
      vertex 23 -308.39 0
      vertex 4.42545 -294.077 0
      vertex 4.4395 -294.043 0
    endloop
  endfacet
  facet normal 0 0 -1
    outer loop
      vertex 23 -308.39 0
      vertex 4.29635 -294.245 0
      vertex 4.42545 -294.077 0
    endloop
  endfacet
  facet normal 0 0 -1
    outer loop
      vertex 23 -308.39 0
      vertex 4.27401 -294.274 0
      vertex 4.29635 -294.245 0
    endloop
  endfacet
  facet normal 0 0 -1
    outer loop
      vertex 23 -308.39 0
      vertex 4.10575 -294.403 0
      vertex 4.27401 -294.274 0
    endloop
  endfacet
  facet normal 0 0 -1
    outer loop
      vertex 23 -308.39 0
      vertex 4.07663 -294.425 0
      vertex 4.10575 -294.403 0
    endloop
  endfacet
  facet normal 0 0 -1
    outer loop
      vertex 23 -308.39 0
      vertex 4.04272 -294.439 0
      vertex 4.07663 -294.425 0
    endloop
  endfacet
  facet normal 0 0 -1
    outer loop
      vertex 23 -308.39 0
      vertex 3.8468 -294.521 0
      vertex 4.04272 -294.439 0
    endloop
  endfacet
  facet normal 0 0 -1
    outer loop
      vertex 23 -308.39 0
      vertex 3.81041 -294.525 0
      vertex 3.8468 -294.521 0
    endloop
  endfacet
  facet normal 0 0 -1
    outer loop
      vertex 23 -308.39 0
      vertex 3.60015 -294.553 0
      vertex 3.81041 -294.525 0
    endloop
  endfacet
  facet normal 0 0 -1
    outer loop
      vertex 23 -308.39 0
      vertex -3.60015 -294.553 0
      vertex 3.60015 -294.553 0
    endloop
  endfacet
  facet normal 0 0 -1
    outer loop
      vertex -23 -308.39 0
      vertex -3.60015 -294.553 0
      vertex 23 -308.39 0
    endloop
  endfacet
  facet normal -0 0 -1
    outer loop
      vertex -3.60015 -294.553 0
      vertex -23 -308.39 0
      vertex -3.81041 -294.525 0
    endloop
  endfacet
  facet normal -0 0 -1
    outer loop
      vertex -3.81041 -294.525 0
      vertex -23 -308.39 0
      vertex -3.8468 -294.521 0
    endloop
  endfacet
  facet normal -0 0 -1
    outer loop
      vertex -3.8468 -294.521 0
      vertex -23 -308.39 0
      vertex -4.04272 -294.439 0
    endloop
  endfacet
  facet normal 0 0 -1
    outer loop
      vertex -23 -308.39 0
      vertex -4.29635 -294.245 0
      vertex -4.27401 -294.274 0
    endloop
  endfacet
  facet normal 0 0 -1
    outer loop
      vertex -4.52066 -293.847 0
      vertex -4.55312 -293.6 0
      vertex -4.52545 -293.81 0
    endloop
  endfacet
  facet normal 0 0 -1
    outer loop
      vertex -23 -308.39 0
      vertex -4.55312 -286.4 0
      vertex -4.55312 -293.6 0
    endloop
  endfacet
  facet normal -0 0 -1
    outer loop
      vertex -4.52545 -273.81 0
      vertex -23 -308.39 0
      vertex -4.55312 -273.6 0
    endloop
  endfacet
  facet normal -0 0 -1
    outer loop
      vertex -4.55312 -273.6 0
      vertex -23 -308.39 0
      vertex -4.55312 -266.4 0
    endloop
  endfacet
  facet normal -0 0 -1
    outer loop
      vertex -4.52545 -199.81 0
      vertex -23 -308.39 0
      vertex -4.55312 -199.6 0
    endloop
  endfacet
  facet normal -0 0 -1
    outer loop
      vertex -4.55312 -199.6 0
      vertex -23 -308.39 0
      vertex -4.55312 -192.4 0
    endloop
  endfacet
  facet normal -0 0 -1
    outer loop
      vertex -4.55312 -192.4 0
      vertex -23 -308.39 0
      vertex -4.55312 -185.6 0
    endloop
  endfacet
  facet normal -0 0 -1
    outer loop
      vertex -4.55312 -185.6 0
      vertex -23 -308.39 0
      vertex -4.55312 -178.4 0
    endloop
  endfacet
  facet normal 0 0 -1
    outer loop
      vertex -23 -1.60982 0
      vertex -4.55312 -178.4 0
      vertex -23 -308.39 0
    endloop
  endfacet
  facet normal 0 0 -1
    outer loop
      vertex -4.52545 -43.8104 0
      vertex -23 -1.60982 0
      vertex -4.55312 -43.6001 0
    endloop
  endfacet
  facet normal 0 0 -1
    outer loop
      vertex -4.55312 -43.6001 0
      vertex -23 -1.60982 0
      vertex -4.55312 -36.3999 0
    endloop
  endfacet
  facet normal 0 0 -1
    outer loop
      vertex -4.52545 -23.8104 0
      vertex -23 -1.60982 0
      vertex -4.55312 -23.6001 0
    endloop
  endfacet
  facet normal -0 0 -1
    outer loop
      vertex -4.52066 -293.847 0
      vertex -23 -308.39 0
      vertex -4.55312 -293.6 0
    endloop
  endfacet
  facet normal -0 0 -1
    outer loop
      vertex -4.4395 -294.043 0
      vertex -23 -308.39 0
      vertex -4.52066 -293.847 0
    endloop
  endfacet
  facet normal -0 0 -1
    outer loop
      vertex -4.42545 -294.077 0
      vertex -23 -308.39 0
      vertex -4.4395 -294.043 0
    endloop
  endfacet
  facet normal -0 0 -1
    outer loop
      vertex -4.29635 -294.245 0
      vertex -23 -308.39 0
      vertex -4.42545 -294.077 0
    endloop
  endfacet
  facet normal -0 0 -1
    outer loop
      vertex -4.10575 -294.403 0
      vertex -23 -308.39 0
      vertex -4.27401 -294.274 0
    endloop
  endfacet
  facet normal -0 0 -1
    outer loop
      vertex -4.07663 -294.425 0
      vertex -23 -308.39 0
      vertex -4.10575 -294.403 0
    endloop
  endfacet
  facet normal -0 0 -1
    outer loop
      vertex -4.04272 -294.439 0
      vertex -23 -308.39 0
      vertex -4.07663 -294.425 0
    endloop
  endfacet
  facet normal 0 0 -1
    outer loop
      vertex 4.52545 -286.19 0
      vertex 23 -308.39 0
      vertex 4.55312 -286.4 0
    endloop
  endfacet
  facet normal 0 0 -1
    outer loop
      vertex 4.55312 -266.4 0
      vertex 23 -308.39 0
      vertex 4.55312 -273.6 0
    endloop
  endfacet
  facet normal 0 0 -1
    outer loop
      vertex 4.52545 -266.19 0
      vertex 23 -308.39 0
      vertex 4.55312 -266.4 0
    endloop
  endfacet
  facet normal 0 0 -1
    outer loop
      vertex 4.55312 -192.4 0
      vertex 23 -308.39 0
      vertex 4.55312 -199.6 0
    endloop
  endfacet
  facet normal 0 0 -1
    outer loop
      vertex 4.55312 -185.6 0
      vertex 23 -308.39 0
      vertex 4.55312 -192.4 0
    endloop
  endfacet
  facet normal 0 0 -1
    outer loop
      vertex 4.55312 -178.4 0
      vertex 23 -308.39 0
      vertex 4.55312 -185.6 0
    endloop
  endfacet
  facet normal 0 0 -1
    outer loop
      vertex 23 -308.39 0
      vertex 4.55312 -178.4 0
      vertex 23 -1.60982 0
    endloop
  endfacet
  facet normal 0 0 -1
    outer loop
      vertex 4.52545 -178.19 0
      vertex 23 -1.60982 0
      vertex 4.55312 -178.4 0
    endloop
  endfacet
  facet normal 0 0 -1
    outer loop
      vertex 4.55312 -36.3999 0
      vertex 23 -1.60982 0
      vertex 4.55312 -43.6001 0
    endloop
  endfacet
  facet normal 0 0 -1
    outer loop
      vertex 4.52545 -36.1896 0
      vertex 23 -1.60982 0
      vertex 4.55312 -36.3999 0
    endloop
  endfacet
  facet normal 0 0 -1
    outer loop
      vertex 4.55312 -16.3999 0
      vertex 23 -1.60982 0
      vertex 4.55312 -23.6001 0
    endloop
  endfacet
  facet normal 0 0 -1
    outer loop
      vertex 4.52545 -16.1896 0
      vertex 23 -1.60982 0
      vertex 4.55312 -16.3999 0
    endloop
  endfacet
  facet normal 0 0 -1
    outer loop
      vertex 4.52066 -16.1532 0
      vertex 23 -1.60982 0
      vertex 4.52545 -16.1896 0
    endloop
  endfacet
  facet normal 0 0 -1
    outer loop
      vertex 4.4395 -15.9573 0
      vertex 23 -1.60982 0
      vertex 4.52066 -16.1532 0
    endloop
  endfacet
  facet normal 0 0 -1
    outer loop
      vertex 4.42545 -15.9234 0
      vertex 23 -1.60982 0
      vertex 4.4395 -15.9573 0
    endloop
  endfacet
  facet normal 0 0 -1
    outer loop
      vertex 4.29635 -15.7551 0
      vertex 23 -1.60982 0
      vertex 4.42545 -15.9234 0
    endloop
  endfacet
  facet normal 0 0 -1
    outer loop
      vertex 4.27401 -15.726 0
      vertex 23 -1.60982 0
      vertex 4.29635 -15.7551 0
    endloop
  endfacet
  facet normal 0 0 -1
    outer loop
      vertex 4.10575 -15.5969 0
      vertex 23 -1.60982 0
      vertex 4.27401 -15.726 0
    endloop
  endfacet
  facet normal 0 0 -1
    outer loop
      vertex 4.07663 -15.5746 0
      vertex 23 -1.60982 0
      vertex 4.10575 -15.5969 0
    endloop
  endfacet
  facet normal 0 0 -1
    outer loop
      vertex 4.04272 -15.5605 0
      vertex 23 -1.60982 0
      vertex 4.07663 -15.5746 0
    endloop
  endfacet
  facet normal 0 0 -1
    outer loop
      vertex 3.8468 -15.4793 0
      vertex 23 -1.60982 0
      vertex 4.04272 -15.5605 0
    endloop
  endfacet
  facet normal 0 0 -1
    outer loop
      vertex 3.81041 -15.4745 0
      vertex 23 -1.60982 0
      vertex 3.8468 -15.4793 0
    endloop
  endfacet
  facet normal 0 0 -1
    outer loop
      vertex 3.60015 -15.4469 0
      vertex 23 -1.60982 0
      vertex 3.81041 -15.4745 0
    endloop
  endfacet
  facet normal 0 0 -1
    outer loop
      vertex -3.60015 -15.4469 0
      vertex 23 -1.60982 0
      vertex 3.60015 -15.4469 0
    endloop
  endfacet
  facet normal 0 0 -1
    outer loop
      vertex -23 -1.60982 0
      vertex -3.60015 -15.4469 0
      vertex -3.81041 -15.4745 0
    endloop
  endfacet
  facet normal 0 0 -1
    outer loop
      vertex -23 -1.60982 0
      vertex -3.81041 -15.4745 0
      vertex -3.8468 -15.4793 0
    endloop
  endfacet
  facet normal 0 0 -1
    outer loop
      vertex -23 -1.60982 0
      vertex -3.8468 -15.4793 0
      vertex -4.04272 -15.5605 0
    endloop
  endfacet
  facet normal 0 0 -1
    outer loop
      vertex -23 -1.60982 0
      vertex -4.04272 -15.5605 0
      vertex -4.07663 -15.5746 0
    endloop
  endfacet
  facet normal 0 0 -1
    outer loop
      vertex -23 -1.60982 0
      vertex -4.29635 -15.7551 0
      vertex -4.42545 -15.9234 0
    endloop
  endfacet
  facet normal 0 0 1
    outer loop
      vertex -4.55312 -16.3999 0
      vertex -4.52066 -16.1532 0
      vertex -4.52545 -16.1896 0
    endloop
  endfacet
  facet normal 0 0 -1
    outer loop
      vertex -3.60015 -15.4469 0
      vertex -23 -1.60982 0
      vertex 23 -1.60982 0
    endloop
  endfacet
  facet normal 0 0 -1
    outer loop
      vertex -4.10575 -15.5969 0
      vertex -23 -1.60982 0
      vertex -4.07663 -15.5746 0
    endloop
  endfacet
  facet normal 0 0 -1
    outer loop
      vertex -4.27401 -15.726 0
      vertex -23 -1.60982 0
      vertex -4.10575 -15.5969 0
    endloop
  endfacet
  facet normal 0 0 -1
    outer loop
      vertex -4.29635 -15.7551 0
      vertex -23 -1.60982 0
      vertex -4.27401 -15.726 0
    endloop
  endfacet
  facet normal 0 0 -1
    outer loop
      vertex -4.4395 -15.9573 0
      vertex -23 -1.60982 0
      vertex -4.42545 -15.9234 0
    endloop
  endfacet
  facet normal 0 0 -1
    outer loop
      vertex -4.52066 -16.1532 0
      vertex -23 -1.60982 0
      vertex -4.4395 -15.9573 0
    endloop
  endfacet
  facet normal 0 0 -1
    outer loop
      vertex -4.55312 -16.3999 0
      vertex -23 -1.60982 0
      vertex -4.52066 -16.1532 0
    endloop
  endfacet
  facet normal 0 0 -1
    outer loop
      vertex -4.55312 -23.6001 0
      vertex -23 -1.60982 0
      vertex -4.55312 -16.3999 0
    endloop
  endfacet
  facet normal 0 -0.706978 -0.707236
    outer loop
      vertex -23 -309.111 0.2986307
      vertex 23 -309.663 0.8504297
      vertex -23 -309.663 0.8504297
    endloop
  endfacet
  facet normal 0 -0.706978 -0.707236
    outer loop
      vertex 23 -309.663 0.8504297
      vertex -23 -309.111 0.2986307
      vertex 23 -309.111 0.2986307
    endloop
  endfacet
  facet normal 0.139156 0.700228 0.700226
    outer loop
      vertex 23.4252 -0.33706 18.9881707
      vertex 23 -0.33706 19.0726707
      vertex 23 -0.888859 19.6244707
    endloop
  endfacet
  facet normal 0.323466 0.921218 -0.216165
    outer loop
      vertex 23.7857 -0.33706 1.1758707
      vertex 23.2759 -0.0384293 1.6856707
      vertex 24.0266 -0.33706 1.5363507
    endloop
  endfacet
  facet normal 0.139277 0.700218 -0.700212
    outer loop
      vertex 23.6364 -0.888859 0.4252147
      vertex 23 -0.888859 0.2986307
      vertex 23.4252 -0.33706 0.9350097
    endloop
  endfacet
  facet normal -0.216157 0.921217 0.323473
    outer loop
      vertex -23.2759 -0.0384293 18.2374707
      vertex -23.7857 -0.33706 18.7472707
      vertex -23.4252 -0.33706 18.9881707
    endloop
  endfacet
  facet normal 0.514723 0.37634 -0.770343
    outer loop
      vertex 24.387 -1.60982 0.5745307
      vertex 23.6364 -0.888859 0.4252147
      vertex 24.1759 -0.888859 0.7856947
    endloop
  endfacet
  facet normal 0.923849 0.382758 0
    outer loop
      vertex 24.9616 -1.60982 17.9615707
      vertex 24.6629 -0.888859 1.9615707
      vertex 24.6629 -0.888859 17.9615707
    endloop
  endfacet
  facet normal 0.923849 0.382758 0
    outer loop
      vertex 24.6629 -0.888859 1.9615707
      vertex 24.9616 -1.60982 17.9615707
      vertex 24.9616 -1.60982 1.9615707
    endloop
  endfacet
  facet normal -0.831419 0 -0.555647
    outer loop
      vertex -24.387 -308.39 0.5745307
      vertex -24.8123 -1.60982 1.2109107
      vertex -24.387 -1.60982 0.5745307
    endloop
  endfacet
  facet normal -0.831419 -0 -0.555647
    outer loop
      vertex -24.8123 -1.60982 1.2109107
      vertex -24.387 -308.39 0.5745307
      vertex -24.8123 -308.39 1.2109107
    endloop
  endfacet
  facet normal 0.0759046 0.921219 0.381568
    outer loop
      vertex 23.1493 -0.0384293 18.3220707
      vertex 23 -0.0384293 18.3517707
      vertex 23.4252 -0.33706 18.9881707
    endloop
  endfacet
  facet normal 0.908646 -0.376439 0.180712
    outer loop
      vertex 24.8123 -308.39 18.7122707
      vertex 24.6629 -309.111 17.9615707
      vertex 24.9616 -308.39 17.9615707
    endloop
  endfacet
  facet normal 0.180735 0.37638 -0.908665
    outer loop
      vertex 23.7507 -1.60982 0.1493157
      vertex 23 -1.60982 0
      vertex 23 -0.888859 0.2986307
    endloop
  endfacet
  facet normal 0.396619 0.700217 -0.593625
    outer loop
      vertex 24.1759 -0.888859 0.7856947
      vertex 23.4252 -0.33706 0.9350097
      vertex 23.7857 -0.33706 1.1758707
    endloop
  endfacet
  facet normal 0.195081 0 -0.980787
    outer loop
      vertex 23 -308.39 0
      vertex 23.7507 -1.60982 0.1493157
      vertex 23.7507 -308.39 0.1493157
    endloop
  endfacet
  facet normal 0.195081 0 -0.980787
    outer loop
      vertex 23.7507 -1.60982 0.1493157
      vertex 23 -308.39 0
      vertex 23 -1.60982 0
    endloop
  endfacet
  facet normal -0.908637 0.376456 -0.18072
    outer loop
      vertex -24.8123 -1.60982 1.2109107
      vertex -24.9616 -1.60982 1.9615707
      vertex -24.6629 -0.888859 1.9615707
    endloop
  endfacet
  facet normal 0.831419 0 -0.555647
    outer loop
      vertex 24.8123 -308.39 1.2109107
      vertex 24.387 -1.60982 0.5745307
      vertex 24.8123 -1.60982 1.2109107
    endloop
  endfacet
  facet normal 0.831419 0 -0.555647
    outer loop
      vertex 24.387 -1.60982 0.5745307
      vertex 24.8123 -308.39 1.2109107
      vertex 24.387 -308.39 0.5745307
    endloop
  endfacet
  facet normal 0.770288 -0.376357 -0.514793
    outer loop
      vertex 24.5364 -309.111 1.3251907
      vertex 24.387 -308.39 0.5745307
      vertex 24.8123 -308.39 1.2109107
    endloop
  endfacet
  facet normal 0 -0.38274 0.923856
    outer loop
      vertex -23 -308.39 19.9231707
      vertex 23 -309.111 19.6244707
      vertex 23 -308.39 19.9231707
    endloop
  endfacet
  facet normal 0 -0.38274 0.923856
    outer loop
      vertex 23 -309.111 19.6244707
      vertex -23 -308.39 19.9231707
      vertex -23 -309.111 19.6244707
    endloop
  endfacet
  facet normal -0.381608 0.921208 -0.0758334
    outer loop
      vertex -24.0266 -0.33706 1.5363507
      vertex -24.1111 -0.33706 1.9615707
      vertex -23.3902 -0.0384293 1.9615707
    endloop
  endfacet
  facet normal -0.908639 0.376456 0.180711
    outer loop
      vertex -24.6629 -0.888859 17.9615707
      vertex -24.9616 -1.60982 17.9615707
      vertex -24.8123 -1.60982 18.7122707
    endloop
  endfacet
  facet normal -0.923856 -0.38274 0
    outer loop
      vertex -24.6629 -309.111 1.9615707
      vertex -24.9616 -308.39 17.9615707
      vertex -24.9616 -308.39 1.9615707
    endloop
  endfacet
  facet normal -0.923856 -0.38274 0
    outer loop
      vertex -24.9616 -308.39 17.9615707
      vertex -24.6629 -309.111 1.9615707
      vertex -24.6629 -309.111 17.9615707
    endloop
  endfacet
  facet normal -0.323466 0.921218 -0.216165
    outer loop
      vertex -23.7857 -0.33706 1.1758707
      vertex -24.0266 -0.33706 1.5363507
      vertex -23.2759 -0.0384293 1.6856707
    endloop
  endfacet
  facet normal 0.593576 0.700228 -0.396672
    outer loop
      vertex 24.1759 -0.888859 0.7856947
      vertex 23.7857 -0.33706 1.1758707
      vertex 24.0266 -0.33706 1.5363507
    endloop
  endfacet
  facet normal 0.770283 0.376374 -0.514789
    outer loop
      vertex 24.8123 -1.60982 1.2109107
      vertex 24.387 -1.60982 0.5745307
      vertex 24.5364 -0.888859 1.3251907
    endloop
  endfacet
  facet normal 0.180739 0.376383 -0.908663
    outer loop
      vertex 23.7507 -1.60982 0.1493157
      vertex 23 -0.888859 0.2986307
      vertex 23.6364 -0.888859 0.4252147
    endloop
  endfacet
  facet normal 0.700352 -0.700098 -0.139174
    outer loop
      vertex 24.1111 -309.663 1.9615707
      vertex 24.0266 -309.663 1.5363507
      vertex 24.6629 -309.111 1.9615707
    endloop
  endfacet
  facet normal 0.831386 -0 0.555695
    outer loop
      vertex 24.387 -308.39 19.3485707
      vertex 24.8123 -1.60982 18.7122707
      vertex 24.387 -1.60982 19.3485707
    endloop
  endfacet
  facet normal 0.831386 0 0.555695
    outer loop
      vertex 24.8123 -1.60982 18.7122707
      vertex 24.387 -308.39 19.3485707
      vertex 24.8123 -308.39 18.7122707
    endloop
  endfacet
  facet normal -0.0759843 -0.921047 0.381968
    outer loop
      vertex -23 -309.962 18.3517707
      vertex -23.4252 -309.663 18.9881707
      vertex -23.1493 -309.962 18.3220707
    endloop
  endfacet
  facet normal -0.514759 0.376388 -0.770296
    outer loop
      vertex -23.7507 -1.60982 0.1493157
      vertex -24.387 -1.60982 0.5745307
      vertex -23.6364 -0.888859 0.4252147
    endloop
  endfacet
  facet normal 0.139214 -0.700082 0.70036
    outer loop
      vertex 23.6364 -309.111 19.4979707
      vertex 23 -309.111 19.6244707
      vertex 23.4252 -309.663 18.9881707
    endloop
  endfacet
  facet normal -0.770288 -0.376357 -0.514793
    outer loop
      vertex -24.5364 -309.111 1.3251907
      vertex -24.8123 -308.39 1.2109107
      vertex -24.387 -308.39 0.5745307
    endloop
  endfacet
  facet normal -0.700364 -0.700078 -0.139219
    outer loop
      vertex -24.0266 -309.663 1.5363507
      vertex -24.6629 -309.111 1.9615707
      vertex -24.5364 -309.111 1.3251907
    endloop
  endfacet
  facet normal 0.13931 -0.700084 -0.700339
    outer loop
      vertex 23 -309.663 0.8504297
      vertex 23 -309.111 0.2986307
      vertex 23.4252 -309.663 0.9350097
    endloop
  endfacet
  facet normal 0.216386 -0.921044 0.323812
    outer loop
      vertex 23.4252 -309.663 18.9881707
      vertex 23.1493 -309.962 18.3220707
      vertex 23.2759 -309.962 18.2374707
    endloop
  endfacet
  facet normal -0.908644 -0.376438 -0.180722
    outer loop
      vertex -24.6629 -309.111 1.9615707
      vertex -24.9616 -308.39 1.9615707
      vertex -24.8123 -308.39 1.2109107
    endloop
  endfacet
  facet normal -0 0 1
    outer loop
      vertex 4.52066 -273.847 19.9231707
      vertex 23 -308.39 19.9231707
      vertex 4.52545 -273.81 19.9231707
    endloop
  endfacet
  facet normal 0 0 1
    outer loop
      vertex 23 -308.39 19.9231707
      vertex 4.52545 -286.19 19.9231707
      vertex 4.55312 -286.4 19.9231707
    endloop
  endfacet
  facet normal -0 0 1
    outer loop
      vertex 4.52066 -286.153 19.9231707
      vertex 23 -308.39 19.9231707
      vertex 4.52066 -273.847 19.9231707
    endloop
  endfacet
  facet normal 0 0 1
    outer loop
      vertex 23 -308.39 19.9231707
      vertex 4.52066 -286.153 19.9231707
      vertex 4.52545 -286.19 19.9231707
    endloop
  endfacet
  facet normal -0 0 1
    outer loop
      vertex 4.43949 -274.043 19.9231707
      vertex 4.52066 -286.153 19.9231707
      vertex 4.52066 -273.847 19.9231707
    endloop
  endfacet
  facet normal 0 0 1
    outer loop
      vertex 4.43949 -274.043 19.9231707
      vertex 4.43949 -285.957 19.9231707
      vertex 4.52066 -286.153 19.9231707
    endloop
  endfacet
  facet normal -0 0 1
    outer loop
      vertex 4.42545 -274.077 19.9231707
      vertex 4.43949 -285.957 19.9231707
      vertex 4.43949 -274.043 19.9231707
    endloop
  endfacet
  facet normal 0 0 1
    outer loop
      vertex 4.42545 -274.077 19.9231707
      vertex 4.42545 -285.923 19.9231707
      vertex 4.43949 -285.957 19.9231707
    endloop
  endfacet
  facet normal -0 0 1
    outer loop
      vertex 4.29635 -274.245 19.9231707
      vertex 4.42545 -285.923 19.9231707
      vertex 4.42545 -274.077 19.9231707
    endloop
  endfacet
  facet normal 0 0 1
    outer loop
      vertex 4.29635 -274.245 19.9231707
      vertex 4.29635 -285.755 19.9231707
      vertex 4.42545 -285.923 19.9231707
    endloop
  endfacet
  facet normal -0 0 1
    outer loop
      vertex 4.27401 -274.274 19.9231707
      vertex 4.29635 -285.755 19.9231707
      vertex 4.29635 -274.245 19.9231707
    endloop
  endfacet
  facet normal 0 0 1
    outer loop
      vertex 4.27401 -274.274 19.9231707
      vertex 4.27401 -285.726 19.9231707
      vertex 4.29635 -285.755 19.9231707
    endloop
  endfacet
  facet normal -0 0 1
    outer loop
      vertex 4.24488 -274.296 19.9231707
      vertex 4.27401 -285.726 19.9231707
      vertex 4.27401 -274.274 19.9231707
    endloop
  endfacet
  facet normal 0 0 1
    outer loop
      vertex 4.24488 -274.296 19.9231707
      vertex 4.24488 -285.704 19.9231707
      vertex 4.27401 -285.726 19.9231707
    endloop
  endfacet
  facet normal -0 0 1
    outer loop
      vertex 4.07663 -274.425 19.9231707
      vertex 4.24488 -285.704 19.9231707
      vertex 4.24488 -274.296 19.9231707
    endloop
  endfacet
  facet normal 0 0 1
    outer loop
      vertex 4.07663 -274.425 19.9231707
      vertex 4.07663 -285.575 19.9231707
      vertex 4.24488 -285.704 19.9231707
    endloop
  endfacet
  facet normal -0 0 1
    outer loop
      vertex 4.04272 -274.439 19.9231707
      vertex 4.07663 -285.575 19.9231707
      vertex 4.07663 -274.425 19.9231707
    endloop
  endfacet
  facet normal 0 0 1
    outer loop
      vertex 4.04272 -274.439 19.9231707
      vertex 4.04272 -285.561 19.9231707
      vertex 4.07663 -285.575 19.9231707
    endloop
  endfacet
  facet normal -0 0 1
    outer loop
      vertex 3.8468 -274.521 19.9231707
      vertex 4.04272 -285.561 19.9231707
      vertex 4.04272 -274.439 19.9231707
    endloop
  endfacet
  facet normal 0 0 1
    outer loop
      vertex 3.8468 -274.521 19.9231707
      vertex 3.8468 -285.479 19.9231707
      vertex 4.04272 -285.561 19.9231707
    endloop
  endfacet
  facet normal -0 0 1
    outer loop
      vertex 3.81041 -274.525 19.9231707
      vertex 3.8468 -285.479 19.9231707
      vertex 3.8468 -274.521 19.9231707
    endloop
  endfacet
  facet normal 0 0 1
    outer loop
      vertex 3.81041 -274.525 19.9231707
      vertex 3.81041 -285.475 19.9231707
      vertex 3.8468 -285.479 19.9231707
    endloop
  endfacet
  facet normal -0 0 1
    outer loop
      vertex 3.60014 -274.553 19.9231707
      vertex 3.81041 -285.475 19.9231707
      vertex 3.81041 -274.525 19.9231707
    endloop
  endfacet
  facet normal 0 0 1
    outer loop
      vertex 3.60014 -274.553 19.9231707
      vertex 3.60014 -285.447 19.9231707
      vertex 3.81041 -285.475 19.9231707
    endloop
  endfacet
  facet normal -0 0 1
    outer loop
      vertex -3.60014 -274.553 19.9231707
      vertex 3.60014 -285.447 19.9231707
      vertex 3.60014 -274.553 19.9231707
    endloop
  endfacet
  facet normal 0 0 1
    outer loop
      vertex -3.60014 -274.553 19.9231707
      vertex -3.60014 -285.447 19.9231707
      vertex 3.60014 -285.447 19.9231707
    endloop
  endfacet
  facet normal 0 0 1
    outer loop
      vertex -3.81041 -274.525 19.9231707
      vertex -3.60014 -285.447 19.9231707
      vertex -3.60014 -274.553 19.9231707
    endloop
  endfacet
  facet normal 0 0 1
    outer loop
      vertex -3.81041 -274.525 19.9231707
      vertex -3.81041 -285.475 19.9231707
      vertex -3.60014 -285.447 19.9231707
    endloop
  endfacet
  facet normal 0 0 1
    outer loop
      vertex -3.8468 -274.521 19.9231707
      vertex -3.81041 -285.475 19.9231707
      vertex -3.81041 -274.525 19.9231707
    endloop
  endfacet
  facet normal 0 0 1
    outer loop
      vertex -3.8468 -274.521 19.9231707
      vertex -3.8468 -285.479 19.9231707
      vertex -3.81041 -285.475 19.9231707
    endloop
  endfacet
  facet normal 0 0 1
    outer loop
      vertex -4.04272 -274.439 19.9231707
      vertex -3.8468 -285.479 19.9231707
      vertex -3.8468 -274.521 19.9231707
    endloop
  endfacet
  facet normal 0 0 1
    outer loop
      vertex -4.04272 -274.439 19.9231707
      vertex -4.04272 -285.561 19.9231707
      vertex -3.8468 -285.479 19.9231707
    endloop
  endfacet
  facet normal 0 0 1
    outer loop
      vertex -4.07663 -274.425 19.9231707
      vertex -4.04272 -285.561 19.9231707
      vertex -4.04272 -274.439 19.9231707
    endloop
  endfacet
  facet normal 0 0 1
    outer loop
      vertex -4.07663 -274.425 19.9231707
      vertex -4.07663 -285.575 19.9231707
      vertex -4.04272 -285.561 19.9231707
    endloop
  endfacet
  facet normal 0 0 1
    outer loop
      vertex -4.24488 -274.296 19.9231707
      vertex -4.07663 -285.575 19.9231707
      vertex -4.07663 -274.425 19.9231707
    endloop
  endfacet
  facet normal 0 0 1
    outer loop
      vertex -4.24488 -274.296 19.9231707
      vertex -4.24488 -285.704 19.9231707
      vertex -4.07663 -285.575 19.9231707
    endloop
  endfacet
  facet normal 0 0 1
    outer loop
      vertex -4.27401 -274.274 19.9231707
      vertex -4.24488 -285.704 19.9231707
      vertex -4.24488 -274.296 19.9231707
    endloop
  endfacet
  facet normal 0 0 1
    outer loop
      vertex -4.27401 -274.274 19.9231707
      vertex -4.27401 -285.726 19.9231707
      vertex -4.24488 -285.704 19.9231707
    endloop
  endfacet
  facet normal 0 0 1
    outer loop
      vertex -4.29635 -274.245 19.9231707
      vertex -4.27401 -285.726 19.9231707
      vertex -4.27401 -274.274 19.9231707
    endloop
  endfacet
  facet normal 0 0 1
    outer loop
      vertex -4.29635 -274.245 19.9231707
      vertex -4.29635 -285.755 19.9231707
      vertex -4.27401 -285.726 19.9231707
    endloop
  endfacet
  facet normal 0 0 1
    outer loop
      vertex -4.42545 -274.077 19.9231707
      vertex -4.29635 -285.755 19.9231707
      vertex -4.29635 -274.245 19.9231707
    endloop
  endfacet
  facet normal 0 0 1
    outer loop
      vertex -4.42545 -274.077 19.9231707
      vertex -4.42545 -285.923 19.9231707
      vertex -4.29635 -285.755 19.9231707
    endloop
  endfacet
  facet normal 0 0 1
    outer loop
      vertex -4.43949 -274.043 19.9231707
      vertex -4.42545 -285.923 19.9231707
      vertex -4.42545 -274.077 19.9231707
    endloop
  endfacet
  facet normal 0 0 1
    outer loop
      vertex -4.43949 -274.043 19.9231707
      vertex -4.43949 -285.957 19.9231707
      vertex -4.42545 -285.923 19.9231707
    endloop
  endfacet
  facet normal 0 0 1
    outer loop
      vertex -4.52066 -273.847 19.9231707
      vertex -4.43949 -285.957 19.9231707
      vertex -4.43949 -274.043 19.9231707
    endloop
  endfacet
  facet normal 0 0 1
    outer loop
      vertex -4.52066 -273.847 19.9231707
      vertex -4.52066 -286.153 19.9231707
      vertex -4.43949 -285.957 19.9231707
    endloop
  endfacet
  facet normal 0 0 1
    outer loop
      vertex -23 -308.39 19.9231707
      vertex -4.52066 -273.847 19.9231707
      vertex -4.52545 -273.81 19.9231707
    endloop
  endfacet
  facet normal 0 0 1
    outer loop
      vertex -4.52066 -273.847 19.9231707
      vertex -23 -308.39 19.9231707
      vertex -4.52066 -286.153 19.9231707
    endloop
  endfacet
  facet normal 0 0 1
    outer loop
      vertex -23 -308.39 19.9231707
      vertex -4.52545 -273.81 19.9231707
      vertex -4.55312 -273.6 19.9231707
    endloop
  endfacet
  facet normal 0 0 1
    outer loop
      vertex -4.52066 -286.153 19.9231707
      vertex -23 -308.39 19.9231707
      vertex -4.52545 -286.19 19.9231707
    endloop
  endfacet
  facet normal -0 0 1
    outer loop
      vertex 4.52066 -199.847 19.9231707
      vertex 23 -308.39 19.9231707
      vertex 4.52545 -199.81 19.9231707
    endloop
  endfacet
  facet normal 0 0 1
    outer loop
      vertex 23 -308.39 19.9231707
      vertex 4.52545 -266.19 19.9231707
      vertex 4.55312 -266.4 19.9231707
    endloop
  endfacet
  facet normal -0 0 1
    outer loop
      vertex 4.52066 -266.153 19.9231707
      vertex 23 -308.39 19.9231707
      vertex 4.52066 -199.847 19.9231707
    endloop
  endfacet
  facet normal 0 0 1
    outer loop
      vertex 23 -308.39 19.9231707
      vertex 4.52066 -266.153 19.9231707
      vertex 4.52545 -266.19 19.9231707
    endloop
  endfacet
  facet normal -0 0 1
    outer loop
      vertex 4.43949 -200.043 19.9231707
      vertex 4.52066 -266.153 19.9231707
      vertex 4.52066 -199.847 19.9231707
    endloop
  endfacet
  facet normal 0 0 1
    outer loop
      vertex 4.43949 -200.043 19.9231707
      vertex 4.43949 -265.957 19.9231707
      vertex 4.52066 -266.153 19.9231707
    endloop
  endfacet
  facet normal -0 0 1
    outer loop
      vertex 4.42545 -200.077 19.9231707
      vertex 4.43949 -265.957 19.9231707
      vertex 4.43949 -200.043 19.9231707
    endloop
  endfacet
  facet normal 0 0 1
    outer loop
      vertex 4.42545 -200.077 19.9231707
      vertex 4.42545 -265.923 19.9231707
      vertex 4.43949 -265.957 19.9231707
    endloop
  endfacet
  facet normal -0 0 1
    outer loop
      vertex 4.29635 -200.245 19.9231707
      vertex 4.42545 -265.923 19.9231707
      vertex 4.42545 -200.077 19.9231707
    endloop
  endfacet
  facet normal 0 0 1
    outer loop
      vertex 4.29635 -200.245 19.9231707
      vertex 4.29635 -265.755 19.9231707
      vertex 4.42545 -265.923 19.9231707
    endloop
  endfacet
  facet normal -0 0 1
    outer loop
      vertex 4.27401 -200.274 19.9231707
      vertex 4.29635 -265.755 19.9231707
      vertex 4.29635 -200.245 19.9231707
    endloop
  endfacet
  facet normal 0 0 1
    outer loop
      vertex 4.27401 -200.274 19.9231707
      vertex 4.27401 -265.726 19.9231707
      vertex 4.29635 -265.755 19.9231707
    endloop
  endfacet
  facet normal -0 0 1
    outer loop
      vertex 4.24488 -200.296 19.9231707
      vertex 4.27401 -265.726 19.9231707
      vertex 4.27401 -200.274 19.9231707
    endloop
  endfacet
  facet normal 0 0 1
    outer loop
      vertex 4.24488 -200.296 19.9231707
      vertex 4.24488 -265.704 19.9231707
      vertex 4.27401 -265.726 19.9231707
    endloop
  endfacet
  facet normal -0 0 1
    outer loop
      vertex 4.07663 -200.425 19.9231707
      vertex 4.24488 -265.704 19.9231707
      vertex 4.24488 -200.296 19.9231707
    endloop
  endfacet
  facet normal 0 0 1
    outer loop
      vertex 4.07663 -200.425 19.9231707
      vertex 4.07663 -265.575 19.9231707
      vertex 4.24488 -265.704 19.9231707
    endloop
  endfacet
  facet normal -0 0 1
    outer loop
      vertex 4.04272 -200.439 19.9231707
      vertex 4.07663 -265.575 19.9231707
      vertex 4.07663 -200.425 19.9231707
    endloop
  endfacet
  facet normal 0 0 1
    outer loop
      vertex 4.04272 -200.439 19.9231707
      vertex 4.04272 -265.561 19.9231707
      vertex 4.07663 -265.575 19.9231707
    endloop
  endfacet
  facet normal -0 0 1
    outer loop
      vertex 3.8468 -200.521 19.9231707
      vertex 4.04272 -265.561 19.9231707
      vertex 4.04272 -200.439 19.9231707
    endloop
  endfacet
  facet normal 0 0 1
    outer loop
      vertex 3.8468 -200.521 19.9231707
      vertex 3.8468 -265.479 19.9231707
      vertex 4.04272 -265.561 19.9231707
    endloop
  endfacet
  facet normal -0 0 1
    outer loop
      vertex 3.81041 -200.525 19.9231707
      vertex 3.8468 -265.479 19.9231707
      vertex 3.8468 -200.521 19.9231707
    endloop
  endfacet
  facet normal 0 0 1
    outer loop
      vertex 3.81041 -200.525 19.9231707
      vertex 3.81041 -265.475 19.9231707
      vertex 3.8468 -265.479 19.9231707
    endloop
  endfacet
  facet normal -0 0 1
    outer loop
      vertex 3.60014 -200.553 19.9231707
      vertex 3.81041 -265.475 19.9231707
      vertex 3.81041 -200.525 19.9231707
    endloop
  endfacet
  facet normal 0 0 1
    outer loop
      vertex 3.60014 -200.553 19.9231707
      vertex 3.60014 -265.447 19.9231707
      vertex 3.81041 -265.475 19.9231707
    endloop
  endfacet
  facet normal -0 0 1
    outer loop
      vertex -3.60014 -200.553 19.9231707
      vertex 3.60014 -265.447 19.9231707
      vertex 3.60014 -200.553 19.9231707
    endloop
  endfacet
  facet normal 0 0 1
    outer loop
      vertex -3.60014 -200.553 19.9231707
      vertex -3.60014 -265.447 19.9231707
      vertex 3.60014 -265.447 19.9231707
    endloop
  endfacet
  facet normal 0 0 1
    outer loop
      vertex -3.81041 -200.525 19.9231707
      vertex -3.60014 -265.447 19.9231707
      vertex -3.60014 -200.553 19.9231707
    endloop
  endfacet
  facet normal 0 0 1
    outer loop
      vertex -3.81041 -200.525 19.9231707
      vertex -3.81041 -265.475 19.9231707
      vertex -3.60014 -265.447 19.9231707
    endloop
  endfacet
  facet normal 0 0 1
    outer loop
      vertex -3.8468 -200.521 19.9231707
      vertex -3.81041 -265.475 19.9231707
      vertex -3.81041 -200.525 19.9231707
    endloop
  endfacet
  facet normal 0 0 1
    outer loop
      vertex -3.8468 -200.521 19.9231707
      vertex -3.8468 -265.479 19.9231707
      vertex -3.81041 -265.475 19.9231707
    endloop
  endfacet
  facet normal 0 0 1
    outer loop
      vertex -4.04272 -200.439 19.9231707
      vertex -3.8468 -265.479 19.9231707
      vertex -3.8468 -200.521 19.9231707
    endloop
  endfacet
  facet normal 0 0 1
    outer loop
      vertex -4.04272 -200.439 19.9231707
      vertex -4.04272 -265.561 19.9231707
      vertex -3.8468 -265.479 19.9231707
    endloop
  endfacet
  facet normal 0 0 1
    outer loop
      vertex -4.07663 -200.425 19.9231707
      vertex -4.04272 -265.561 19.9231707
      vertex -4.04272 -200.439 19.9231707
    endloop
  endfacet
  facet normal 0 0 1
    outer loop
      vertex -4.07663 -200.425 19.9231707
      vertex -4.07663 -265.575 19.9231707
      vertex -4.04272 -265.561 19.9231707
    endloop
  endfacet
  facet normal 0 0 1
    outer loop
      vertex -4.24488 -200.296 19.9231707
      vertex -4.07663 -265.575 19.9231707
      vertex -4.07663 -200.425 19.9231707
    endloop
  endfacet
  facet normal 0 0 1
    outer loop
      vertex -4.24488 -200.296 19.9231707
      vertex -4.24488 -265.704 19.9231707
      vertex -4.07663 -265.575 19.9231707
    endloop
  endfacet
  facet normal 0 0 1
    outer loop
      vertex -4.27401 -200.274 19.9231707
      vertex -4.24488 -265.704 19.9231707
      vertex -4.24488 -200.296 19.9231707
    endloop
  endfacet
  facet normal 0 0 1
    outer loop
      vertex -4.27401 -200.274 19.9231707
      vertex -4.27401 -265.726 19.9231707
      vertex -4.24488 -265.704 19.9231707
    endloop
  endfacet
  facet normal 0 0 1
    outer loop
      vertex -4.29635 -200.245 19.9231707
      vertex -4.27401 -265.726 19.9231707
      vertex -4.27401 -200.274 19.9231707
    endloop
  endfacet
  facet normal 0 0 1
    outer loop
      vertex -4.29635 -200.245 19.9231707
      vertex -4.29635 -265.755 19.9231707
      vertex -4.27401 -265.726 19.9231707
    endloop
  endfacet
  facet normal 0 0 1
    outer loop
      vertex -4.42545 -200.077 19.9231707
      vertex -4.29635 -265.755 19.9231707
      vertex -4.29635 -200.245 19.9231707
    endloop
  endfacet
  facet normal 0 0 1
    outer loop
      vertex -4.42545 -200.077 19.9231707
      vertex -4.42545 -265.923 19.9231707
      vertex -4.29635 -265.755 19.9231707
    endloop
  endfacet
  facet normal 0 0 1
    outer loop
      vertex -4.43949 -200.043 19.9231707
      vertex -4.42545 -265.923 19.9231707
      vertex -4.42545 -200.077 19.9231707
    endloop
  endfacet
  facet normal 0 0 1
    outer loop
      vertex -4.43949 -200.043 19.9231707
      vertex -4.43949 -265.957 19.9231707
      vertex -4.42545 -265.923 19.9231707
    endloop
  endfacet
  facet normal 0 0 1
    outer loop
      vertex -4.52066 -199.847 19.9231707
      vertex -4.43949 -265.957 19.9231707
      vertex -4.43949 -200.043 19.9231707
    endloop
  endfacet
  facet normal 0 0 1
    outer loop
      vertex -4.52066 -199.847 19.9231707
      vertex -4.52066 -266.153 19.9231707
      vertex -4.43949 -265.957 19.9231707
    endloop
  endfacet
  facet normal 0 0 1
    outer loop
      vertex -23 -308.39 19.9231707
      vertex -4.52066 -199.847 19.9231707
      vertex -4.52545 -199.81 19.9231707
    endloop
  endfacet
  facet normal 0 0 1
    outer loop
      vertex -4.52066 -199.847 19.9231707
      vertex -23 -308.39 19.9231707
      vertex -4.52066 -266.153 19.9231707
    endloop
  endfacet
  facet normal 0 0 1
    outer loop
      vertex -23 -308.39 19.9231707
      vertex -4.52545 -199.81 19.9231707
      vertex -4.55312 -199.6 19.9231707
    endloop
  endfacet
  facet normal 0 0 1
    outer loop
      vertex -4.52066 -266.153 19.9231707
      vertex -23 -308.39 19.9231707
      vertex -4.52545 -266.19 19.9231707
    endloop
  endfacet
  facet normal -0 0 1
    outer loop
      vertex 4.52545 -185.81 19.9231707
      vertex 4.55312 -192.4 19.9231707
      vertex 4.55312 -185.6 19.9231707
    endloop
  endfacet
  facet normal 0 0 1
    outer loop
      vertex 4.52545 -185.81 19.9231707
      vertex 4.52545 -192.19 19.9231707
      vertex 4.55312 -192.4 19.9231707
    endloop
  endfacet
  facet normal -0 0 1
    outer loop
      vertex 4.52066 -185.847 19.9231707
      vertex 4.52545 -192.19 19.9231707
      vertex 4.52545 -185.81 19.9231707
    endloop
  endfacet
  facet normal 0 0 1
    outer loop
      vertex 4.52066 -185.847 19.9231707
      vertex 4.52066 -192.153 19.9231707
      vertex 4.52545 -192.19 19.9231707
    endloop
  endfacet
  facet normal -0 0 1
    outer loop
      vertex 4.43949 -186.043 19.9231707
      vertex 4.52066 -192.153 19.9231707
      vertex 4.52066 -185.847 19.9231707
    endloop
  endfacet
  facet normal 0 0 1
    outer loop
      vertex 4.43949 -186.043 19.9231707
      vertex 4.43949 -191.957 19.9231707
      vertex 4.52066 -192.153 19.9231707
    endloop
  endfacet
  facet normal -0 0 1
    outer loop
      vertex 4.42545 -186.077 19.9231707
      vertex 4.43949 -191.957 19.9231707
      vertex 4.43949 -186.043 19.9231707
    endloop
  endfacet
  facet normal 0 0 1
    outer loop
      vertex 4.42545 -186.077 19.9231707
      vertex 4.42545 -191.923 19.9231707
      vertex 4.43949 -191.957 19.9231707
    endloop
  endfacet
  facet normal -0 0 1
    outer loop
      vertex 4.29635 -186.245 19.9231707
      vertex 4.42545 -191.923 19.9231707
      vertex 4.42545 -186.077 19.9231707
    endloop
  endfacet
  facet normal 0 0 1
    outer loop
      vertex 4.29635 -186.245 19.9231707
      vertex 4.29635 -191.755 19.9231707
      vertex 4.42545 -191.923 19.9231707
    endloop
  endfacet
  facet normal -0 0 1
    outer loop
      vertex 4.27401 -186.274 19.9231707
      vertex 4.29635 -191.755 19.9231707
      vertex 4.29635 -186.245 19.9231707
    endloop
  endfacet
  facet normal 0 0 1
    outer loop
      vertex 4.27401 -186.274 19.9231707
      vertex 4.27401 -191.726 19.9231707
      vertex 4.29635 -191.755 19.9231707
    endloop
  endfacet
  facet normal -0 0 1
    outer loop
      vertex 4.24488 -186.296 19.9231707
      vertex 4.27401 -191.726 19.9231707
      vertex 4.27401 -186.274 19.9231707
    endloop
  endfacet
  facet normal 0 0 1
    outer loop
      vertex 4.24488 -186.296 19.9231707
      vertex 4.24488 -191.704 19.9231707
      vertex 4.27401 -191.726 19.9231707
    endloop
  endfacet
  facet normal -0 0 1
    outer loop
      vertex 4.07663 -186.425 19.9231707
      vertex 4.24488 -191.704 19.9231707
      vertex 4.24488 -186.296 19.9231707
    endloop
  endfacet
  facet normal 0 0 1
    outer loop
      vertex 4.07663 -186.425 19.9231707
      vertex 4.07663 -191.575 19.9231707
      vertex 4.24488 -191.704 19.9231707
    endloop
  endfacet
  facet normal -0 0 1
    outer loop
      vertex 4.04272 -186.439 19.9231707
      vertex 4.07663 -191.575 19.9231707
      vertex 4.07663 -186.425 19.9231707
    endloop
  endfacet
  facet normal 0 0 1
    outer loop
      vertex 4.04272 -186.439 19.9231707
      vertex 4.04272 -191.561 19.9231707
      vertex 4.07663 -191.575 19.9231707
    endloop
  endfacet
  facet normal -0 0 1
    outer loop
      vertex 3.8468 -186.521 19.9231707
      vertex 4.04272 -191.561 19.9231707
      vertex 4.04272 -186.439 19.9231707
    endloop
  endfacet
  facet normal 0 0 1
    outer loop
      vertex 3.8468 -186.521 19.9231707
      vertex 3.8468 -191.479 19.9231707
      vertex 4.04272 -191.561 19.9231707
    endloop
  endfacet
  facet normal -0 0 1
    outer loop
      vertex 3.81041 -186.525 19.9231707
      vertex 3.8468 -191.479 19.9231707
      vertex 3.8468 -186.521 19.9231707
    endloop
  endfacet
  facet normal 0 0 1
    outer loop
      vertex 3.81041 -186.525 19.9231707
      vertex 3.81041 -191.475 19.9231707
      vertex 3.8468 -191.479 19.9231707
    endloop
  endfacet
  facet normal -0 0 1
    outer loop
      vertex 3.60014 -186.553 19.9231707
      vertex 3.81041 -191.475 19.9231707
      vertex 3.81041 -186.525 19.9231707
    endloop
  endfacet
  facet normal 0 0 1
    outer loop
      vertex 3.60014 -186.553 19.9231707
      vertex 3.60014 -191.447 19.9231707
      vertex 3.81041 -191.475 19.9231707
    endloop
  endfacet
  facet normal -0 0 1
    outer loop
      vertex -3.60014 -186.553 19.9231707
      vertex 3.60014 -191.447 19.9231707
      vertex 3.60014 -186.553 19.9231707
    endloop
  endfacet
  facet normal 0 0 1
    outer loop
      vertex -3.60014 -186.553 19.9231707
      vertex -3.60014 -191.447 19.9231707
      vertex 3.60014 -191.447 19.9231707
    endloop
  endfacet
  facet normal 0 0 1
    outer loop
      vertex -3.81041 -186.525 19.9231707
      vertex -3.60014 -191.447 19.9231707
      vertex -3.60014 -186.553 19.9231707
    endloop
  endfacet
  facet normal 0 0 1
    outer loop
      vertex -3.81041 -186.525 19.9231707
      vertex -3.81041 -191.475 19.9231707
      vertex -3.60014 -191.447 19.9231707
    endloop
  endfacet
  facet normal 0 0 1
    outer loop
      vertex -3.8468 -186.521 19.9231707
      vertex -3.81041 -191.475 19.9231707
      vertex -3.81041 -186.525 19.9231707
    endloop
  endfacet
  facet normal 0 0 1
    outer loop
      vertex -3.8468 -186.521 19.9231707
      vertex -3.8468 -191.479 19.9231707
      vertex -3.81041 -191.475 19.9231707
    endloop
  endfacet
  facet normal 0 0 1
    outer loop
      vertex -4.04272 -186.439 19.9231707
      vertex -3.8468 -191.479 19.9231707
      vertex -3.8468 -186.521 19.9231707
    endloop
  endfacet
  facet normal 0 0 1
    outer loop
      vertex -4.04272 -186.439 19.9231707
      vertex -4.04272 -191.561 19.9231707
      vertex -3.8468 -191.479 19.9231707
    endloop
  endfacet
  facet normal 0 0 1
    outer loop
      vertex -4.07663 -186.425 19.9231707
      vertex -4.04272 -191.561 19.9231707
      vertex -4.04272 -186.439 19.9231707
    endloop
  endfacet
  facet normal 0 0 1
    outer loop
      vertex -4.07663 -186.425 19.9231707
      vertex -4.07663 -191.575 19.9231707
      vertex -4.04272 -191.561 19.9231707
    endloop
  endfacet
  facet normal 0 0 1
    outer loop
      vertex -4.24488 -186.296 19.9231707
      vertex -4.07663 -191.575 19.9231707
      vertex -4.07663 -186.425 19.9231707
    endloop
  endfacet
  facet normal 0 0 1
    outer loop
      vertex -4.24488 -186.296 19.9231707
      vertex -4.24488 -191.704 19.9231707
      vertex -4.07663 -191.575 19.9231707
    endloop
  endfacet
  facet normal 0 0 1
    outer loop
      vertex -4.27401 -186.274 19.9231707
      vertex -4.24488 -191.704 19.9231707
      vertex -4.24488 -186.296 19.9231707
    endloop
  endfacet
  facet normal 0 0 1
    outer loop
      vertex -4.27401 -186.274 19.9231707
      vertex -4.27401 -191.726 19.9231707
      vertex -4.24488 -191.704 19.9231707
    endloop
  endfacet
  facet normal 0 0 1
    outer loop
      vertex -4.29635 -186.245 19.9231707
      vertex -4.27401 -191.726 19.9231707
      vertex -4.27401 -186.274 19.9231707
    endloop
  endfacet
  facet normal 0 0 1
    outer loop
      vertex -4.29635 -186.245 19.9231707
      vertex -4.29635 -191.755 19.9231707
      vertex -4.27401 -191.726 19.9231707
    endloop
  endfacet
  facet normal 0 0 1
    outer loop
      vertex -4.42545 -186.077 19.9231707
      vertex -4.29635 -191.755 19.9231707
      vertex -4.29635 -186.245 19.9231707
    endloop
  endfacet
  facet normal 0 0 1
    outer loop
      vertex -4.42545 -186.077 19.9231707
      vertex -4.42545 -191.923 19.9231707
      vertex -4.29635 -191.755 19.9231707
    endloop
  endfacet
  facet normal 0 0 1
    outer loop
      vertex -4.43949 -186.043 19.9231707
      vertex -4.42545 -191.923 19.9231707
      vertex -4.42545 -186.077 19.9231707
    endloop
  endfacet
  facet normal 0 0 1
    outer loop
      vertex -4.43949 -186.043 19.9231707
      vertex -4.43949 -191.957 19.9231707
      vertex -4.42545 -191.923 19.9231707
    endloop
  endfacet
  facet normal 0 0 1
    outer loop
      vertex -4.52066 -185.847 19.9231707
      vertex -4.43949 -191.957 19.9231707
      vertex -4.43949 -186.043 19.9231707
    endloop
  endfacet
  facet normal 0 0 1
    outer loop
      vertex -4.52066 -185.847 19.9231707
      vertex -4.52066 -192.153 19.9231707
      vertex -4.43949 -191.957 19.9231707
    endloop
  endfacet
  facet normal 0 0 1
    outer loop
      vertex -4.52545 -185.81 19.9231707
      vertex -4.52066 -192.153 19.9231707
      vertex -4.52066 -185.847 19.9231707
    endloop
  endfacet
  facet normal 0 0 1
    outer loop
      vertex -4.52545 -185.81 19.9231707
      vertex -4.52545 -192.19 19.9231707
      vertex -4.52066 -192.153 19.9231707
    endloop
  endfacet
  facet normal 0 0 1
    outer loop
      vertex -4.55312 -185.6 19.9231707
      vertex -4.52545 -192.19 19.9231707
      vertex -4.52545 -185.81 19.9231707
    endloop
  endfacet
  facet normal 0 0 1
    outer loop
      vertex -4.52545 -192.19 19.9231707
      vertex -4.55312 -185.6 19.9231707
      vertex -4.55312 -192.4 19.9231707
    endloop
  endfacet
  facet normal 0 0 1
    outer loop
      vertex 4.52066 -43.8468 19.9231707
      vertex 23 -1.60982 19.9231707
      vertex 4.52545 -43.8104 19.9231707
    endloop
  endfacet
  facet normal 0 0 1
    outer loop
      vertex 23 -1.60982 19.9231707
      vertex 4.52545 -178.19 19.9231707
      vertex 4.55312 -178.4 19.9231707
    endloop
  endfacet
  facet normal 0 0 1
    outer loop
      vertex 4.52066 -178.153 19.9231707
      vertex 23 -1.60982 19.9231707
      vertex 4.52066 -43.8468 19.9231707
    endloop
  endfacet
  facet normal 0 0 1
    outer loop
      vertex 23 -1.60982 19.9231707
      vertex 4.52066 -178.153 19.9231707
      vertex 4.52545 -178.19 19.9231707
    endloop
  endfacet
  facet normal -0 0 1
    outer loop
      vertex 4.43949 -44.0427 19.9231707
      vertex 4.52066 -178.153 19.9231707
      vertex 4.52066 -43.8468 19.9231707
    endloop
  endfacet
  facet normal 0 0 1
    outer loop
      vertex 4.43949 -44.0427 19.9231707
      vertex 4.43949 -177.957 19.9231707
      vertex 4.52066 -178.153 19.9231707
    endloop
  endfacet
  facet normal -0 0 1
    outer loop
      vertex 4.42545 -44.0766 19.9231707
      vertex 4.43949 -177.957 19.9231707
      vertex 4.43949 -44.0427 19.9231707
    endloop
  endfacet
  facet normal 0 0 1
    outer loop
      vertex 4.42545 -44.0766 19.9231707
      vertex 4.42545 -177.923 19.9231707
      vertex 4.43949 -177.957 19.9231707
    endloop
  endfacet
  facet normal -0 0 1
    outer loop
      vertex 4.29635 -44.2449 19.9231707
      vertex 4.42545 -177.923 19.9231707
      vertex 4.42545 -44.0766 19.9231707
    endloop
  endfacet
  facet normal 0 0 1
    outer loop
      vertex 4.29635 -44.2449 19.9231707
      vertex 4.29635 -177.755 19.9231707
      vertex 4.42545 -177.923 19.9231707
    endloop
  endfacet
  facet normal -0 0 1
    outer loop
      vertex 4.27401 -44.274 19.9231707
      vertex 4.29635 -177.755 19.9231707
      vertex 4.29635 -44.2449 19.9231707
    endloop
  endfacet
  facet normal 0 0 1
    outer loop
      vertex 4.27401 -44.274 19.9231707
      vertex 4.27401 -177.726 19.9231707
      vertex 4.29635 -177.755 19.9231707
    endloop
  endfacet
  facet normal -0 0 1
    outer loop
      vertex 4.24488 -44.2963 19.9231707
      vertex 4.27401 -177.726 19.9231707
      vertex 4.27401 -44.274 19.9231707
    endloop
  endfacet
  facet normal 0 0 1
    outer loop
      vertex 4.24488 -44.2963 19.9231707
      vertex 4.24488 -177.704 19.9231707
      vertex 4.27401 -177.726 19.9231707
    endloop
  endfacet
  facet normal -0 0 1
    outer loop
      vertex 4.07663 -44.4254 19.9231707
      vertex 4.24488 -177.704 19.9231707
      vertex 4.24488 -44.2963 19.9231707
    endloop
  endfacet
  facet normal 0 0 1
    outer loop
      vertex 4.07663 -44.4254 19.9231707
      vertex 4.07663 -177.575 19.9231707
      vertex 4.24488 -177.704 19.9231707
    endloop
  endfacet
  facet normal -0 0 1
    outer loop
      vertex 4.04272 -44.4395 19.9231707
      vertex 4.07663 -177.575 19.9231707
      vertex 4.07663 -44.4254 19.9231707
    endloop
  endfacet
  facet normal 0 0 1
    outer loop
      vertex 4.04272 -44.4395 19.9231707
      vertex 4.04272 -177.561 19.9231707
      vertex 4.07663 -177.575 19.9231707
    endloop
  endfacet
  facet normal -0 0 1
    outer loop
      vertex 3.8468 -44.5207 19.9231707
      vertex 4.04272 -177.561 19.9231707
      vertex 4.04272 -44.4395 19.9231707
    endloop
  endfacet
  facet normal 0 0 1
    outer loop
      vertex 3.8468 -44.5207 19.9231707
      vertex 3.8468 -177.479 19.9231707
      vertex 4.04272 -177.561 19.9231707
    endloop
  endfacet
  facet normal -0 0 1
    outer loop
      vertex 3.81041 -44.5254 19.9231707
      vertex 3.8468 -177.479 19.9231707
      vertex 3.8468 -44.5207 19.9231707
    endloop
  endfacet
  facet normal 0 0 1
    outer loop
      vertex 3.81041 -44.5254 19.9231707
      vertex 3.81041 -177.475 19.9231707
      vertex 3.8468 -177.479 19.9231707
    endloop
  endfacet
  facet normal -0 0 1
    outer loop
      vertex 3.60014 -44.5531 19.9231707
      vertex 3.81041 -177.475 19.9231707
      vertex 3.81041 -44.5254 19.9231707
    endloop
  endfacet
  facet normal 0 0 1
    outer loop
      vertex 3.60014 -44.5531 19.9231707
      vertex 3.60014 -177.447 19.9231707
      vertex 3.81041 -177.475 19.9231707
    endloop
  endfacet
  facet normal -0 0 1
    outer loop
      vertex -3.60014 -44.5531 19.9231707
      vertex 3.60014 -177.447 19.9231707
      vertex 3.60014 -44.5531 19.9231707
    endloop
  endfacet
  facet normal 0 0 1
    outer loop
      vertex -3.60014 -44.5531 19.9231707
      vertex -3.60014 -177.447 19.9231707
      vertex 3.60014 -177.447 19.9231707
    endloop
  endfacet
  facet normal 0 0 1
    outer loop
      vertex -3.81041 -44.5254 19.9231707
      vertex -3.60014 -177.447 19.9231707
      vertex -3.60014 -44.5531 19.9231707
    endloop
  endfacet
  facet normal 0 0 1
    outer loop
      vertex -3.81041 -44.5254 19.9231707
      vertex -3.81041 -177.475 19.9231707
      vertex -3.60014 -177.447 19.9231707
    endloop
  endfacet
  facet normal 0 0 1
    outer loop
      vertex -3.8468 -44.5207 19.9231707
      vertex -3.81041 -177.475 19.9231707
      vertex -3.81041 -44.5254 19.9231707
    endloop
  endfacet
  facet normal 0 0 1
    outer loop
      vertex -3.8468 -44.5207 19.9231707
      vertex -3.8468 -177.479 19.9231707
      vertex -3.81041 -177.475 19.9231707
    endloop
  endfacet
  facet normal 0 0 1
    outer loop
      vertex -4.04272 -44.4395 19.9231707
      vertex -3.8468 -177.479 19.9231707
      vertex -3.8468 -44.5207 19.9231707
    endloop
  endfacet
  facet normal 0 0 1
    outer loop
      vertex -4.04272 -44.4395 19.9231707
      vertex -4.04272 -177.561 19.9231707
      vertex -3.8468 -177.479 19.9231707
    endloop
  endfacet
  facet normal 0 0 1
    outer loop
      vertex -4.07663 -44.4254 19.9231707
      vertex -4.04272 -177.561 19.9231707
      vertex -4.04272 -44.4395 19.9231707
    endloop
  endfacet
  facet normal 0 0 1
    outer loop
      vertex -4.07663 -44.4254 19.9231707
      vertex -4.07663 -177.575 19.9231707
      vertex -4.04272 -177.561 19.9231707
    endloop
  endfacet
  facet normal 0 0 1
    outer loop
      vertex -4.24488 -44.2963 19.9231707
      vertex -4.07663 -177.575 19.9231707
      vertex -4.07663 -44.4254 19.9231707
    endloop
  endfacet
  facet normal 0 0 1
    outer loop
      vertex -4.24488 -44.2963 19.9231707
      vertex -4.24488 -177.704 19.9231707
      vertex -4.07663 -177.575 19.9231707
    endloop
  endfacet
  facet normal 0 0 1
    outer loop
      vertex -4.27401 -44.274 19.9231707
      vertex -4.24488 -177.704 19.9231707
      vertex -4.24488 -44.2963 19.9231707
    endloop
  endfacet
  facet normal 0 0 1
    outer loop
      vertex -4.27401 -44.274 19.9231707
      vertex -4.27401 -177.726 19.9231707
      vertex -4.24488 -177.704 19.9231707
    endloop
  endfacet
  facet normal 0 0 1
    outer loop
      vertex -4.29635 -44.2449 19.9231707
      vertex -4.27401 -177.726 19.9231707
      vertex -4.27401 -44.274 19.9231707
    endloop
  endfacet
  facet normal 0 0 1
    outer loop
      vertex -4.29635 -44.2449 19.9231707
      vertex -4.29635 -177.755 19.9231707
      vertex -4.27401 -177.726 19.9231707
    endloop
  endfacet
  facet normal 0 0 1
    outer loop
      vertex -4.42545 -44.0766 19.9231707
      vertex -4.29635 -177.755 19.9231707
      vertex -4.29635 -44.2449 19.9231707
    endloop
  endfacet
  facet normal 0 0 1
    outer loop
      vertex -4.42545 -44.0766 19.9231707
      vertex -4.42545 -177.923 19.9231707
      vertex -4.29635 -177.755 19.9231707
    endloop
  endfacet
  facet normal 0 0 1
    outer loop
      vertex -4.43949 -44.0427 19.9231707
      vertex -4.42545 -177.923 19.9231707
      vertex -4.42545 -44.0766 19.9231707
    endloop
  endfacet
  facet normal 0 0 1
    outer loop
      vertex -4.43949 -44.0427 19.9231707
      vertex -4.43949 -177.957 19.9231707
      vertex -4.42545 -177.923 19.9231707
    endloop
  endfacet
  facet normal 0 0 1
    outer loop
      vertex -4.52066 -43.8468 19.9231707
      vertex -4.43949 -177.957 19.9231707
      vertex -4.43949 -44.0427 19.9231707
    endloop
  endfacet
  facet normal 0 0 1
    outer loop
      vertex -4.52066 -43.8468 19.9231707
      vertex -4.52066 -178.153 19.9231707
      vertex -4.43949 -177.957 19.9231707
    endloop
  endfacet
  facet normal 0 0 1
    outer loop
      vertex -23 -1.60982 19.9231707
      vertex -4.52066 -43.8468 19.9231707
      vertex -4.52545 -43.8104 19.9231707
    endloop
  endfacet
  facet normal 0 0 1
    outer loop
      vertex -4.52066 -43.8468 19.9231707
      vertex -23 -1.60982 19.9231707
      vertex -4.52066 -178.153 19.9231707
    endloop
  endfacet
  facet normal 0 0 1
    outer loop
      vertex -23 -1.60982 19.9231707
      vertex -4.52545 -43.8104 19.9231707
      vertex -4.55312 -43.6001 19.9231707
    endloop
  endfacet
  facet normal 0 0 1
    outer loop
      vertex -4.52066 -178.153 19.9231707
      vertex -23 -1.60982 19.9231707
      vertex -4.52545 -178.19 19.9231707
    endloop
  endfacet
  facet normal 0 0 1
    outer loop
      vertex 4.52066 -23.8468 19.9231707
      vertex 23 -1.60982 19.9231707
      vertex 4.52545 -23.8104 19.9231707
    endloop
  endfacet
  facet normal 0 0 1
    outer loop
      vertex 23 -1.60982 19.9231707
      vertex 4.52545 -36.1896 19.9231707
      vertex 4.55312 -36.3999 19.9231707
    endloop
  endfacet
  facet normal 0 0 1
    outer loop
      vertex 4.52066 -36.1532 19.9231707
      vertex 23 -1.60982 19.9231707
      vertex 4.52066 -23.8468 19.9231707
    endloop
  endfacet
  facet normal 0 0 1
    outer loop
      vertex 23 -1.60982 19.9231707
      vertex 4.52066 -36.1532 19.9231707
      vertex 4.52545 -36.1896 19.9231707
    endloop
  endfacet
  facet normal -0 0 1
    outer loop
      vertex 4.43949 -24.0427 19.9231707
      vertex 4.52066 -36.1532 19.9231707
      vertex 4.52066 -23.8468 19.9231707
    endloop
  endfacet
  facet normal 0 0 1
    outer loop
      vertex 4.43949 -24.0427 19.9231707
      vertex 4.43949 -35.9573 19.9231707
      vertex 4.52066 -36.1532 19.9231707
    endloop
  endfacet
  facet normal -0 0 1
    outer loop
      vertex 4.42545 -24.0766 19.9231707
      vertex 4.43949 -35.9573 19.9231707
      vertex 4.43949 -24.0427 19.9231707
    endloop
  endfacet
  facet normal 0 0 1
    outer loop
      vertex 4.42545 -24.0766 19.9231707
      vertex 4.42545 -35.9234 19.9231707
      vertex 4.43949 -35.9573 19.9231707
    endloop
  endfacet
  facet normal -0 0 1
    outer loop
      vertex 4.29635 -24.2449 19.9231707
      vertex 4.42545 -35.9234 19.9231707
      vertex 4.42545 -24.0766 19.9231707
    endloop
  endfacet
  facet normal 0 0 1
    outer loop
      vertex 4.29635 -24.2449 19.9231707
      vertex 4.29635 -35.7551 19.9231707
      vertex 4.42545 -35.9234 19.9231707
    endloop
  endfacet
  facet normal -0 0 1
    outer loop
      vertex 4.27401 -24.274 19.9231707
      vertex 4.29635 -35.7551 19.9231707
      vertex 4.29635 -24.2449 19.9231707
    endloop
  endfacet
  facet normal 0 0 1
    outer loop
      vertex 4.27401 -24.274 19.9231707
      vertex 4.27401 -35.726 19.9231707
      vertex 4.29635 -35.7551 19.9231707
    endloop
  endfacet
  facet normal -0 0 1
    outer loop
      vertex 4.24488 -24.2964 19.9231707
      vertex 4.27401 -35.726 19.9231707
      vertex 4.27401 -24.274 19.9231707
    endloop
  endfacet
  facet normal 0 0 1
    outer loop
      vertex 4.24488 -24.2964 19.9231707
      vertex 4.24488 -35.7037 19.9231707
      vertex 4.27401 -35.726 19.9231707
    endloop
  endfacet
  facet normal -0 0 1
    outer loop
      vertex 4.07663 -24.4254 19.9231707
      vertex 4.24488 -35.7037 19.9231707
      vertex 4.24488 -24.2964 19.9231707
    endloop
  endfacet
  facet normal 0 0 1
    outer loop
      vertex 4.07663 -24.4254 19.9231707
      vertex 4.07663 -35.5746 19.9231707
      vertex 4.24488 -35.7037 19.9231707
    endloop
  endfacet
  facet normal -0 0 1
    outer loop
      vertex 4.04272 -24.4395 19.9231707
      vertex 4.07663 -35.5746 19.9231707
      vertex 4.07663 -24.4254 19.9231707
    endloop
  endfacet
  facet normal 0 0 1
    outer loop
      vertex 4.04272 -24.4395 19.9231707
      vertex 4.04272 -35.5605 19.9231707
      vertex 4.07663 -35.5746 19.9231707
    endloop
  endfacet
  facet normal -0 0 1
    outer loop
      vertex 3.8468 -24.5207 19.9231707
      vertex 4.04272 -35.5605 19.9231707
      vertex 4.04272 -24.4395 19.9231707
    endloop
  endfacet
  facet normal 0 0 1
    outer loop
      vertex 3.8468 -24.5207 19.9231707
      vertex 3.8468 -35.4793 19.9231707
      vertex 4.04272 -35.5605 19.9231707
    endloop
  endfacet
  facet normal -0 0 1
    outer loop
      vertex 3.81041 -24.5254 19.9231707
      vertex 3.8468 -35.4793 19.9231707
      vertex 3.8468 -24.5207 19.9231707
    endloop
  endfacet
  facet normal 0 0 1
    outer loop
      vertex 3.81041 -24.5254 19.9231707
      vertex 3.81041 -35.4746 19.9231707
      vertex 3.8468 -35.4793 19.9231707
    endloop
  endfacet
  facet normal -0 0 1
    outer loop
      vertex 3.60014 -24.5531 19.9231707
      vertex 3.81041 -35.4746 19.9231707
      vertex 3.81041 -24.5254 19.9231707
    endloop
  endfacet
  facet normal 0 0 1
    outer loop
      vertex 3.60014 -24.5531 19.9231707
      vertex 3.60014 -35.4469 19.9231707
      vertex 3.81041 -35.4746 19.9231707
    endloop
  endfacet
  facet normal -0 0 1
    outer loop
      vertex -3.60014 -24.5531 19.9231707
      vertex 3.60014 -35.4469 19.9231707
      vertex 3.60014 -24.5531 19.9231707
    endloop
  endfacet
  facet normal 0 0 1
    outer loop
      vertex -3.60014 -24.5531 19.9231707
      vertex -3.60014 -35.4469 19.9231707
      vertex 3.60014 -35.4469 19.9231707
    endloop
  endfacet
  facet normal 0 0 1
    outer loop
      vertex -3.81041 -24.5254 19.9231707
      vertex -3.60014 -35.4469 19.9231707
      vertex -3.60014 -24.5531 19.9231707
    endloop
  endfacet
  facet normal 0 0 1
    outer loop
      vertex -3.81041 -24.5254 19.9231707
      vertex -3.81041 -35.4746 19.9231707
      vertex -3.60014 -35.4469 19.9231707
    endloop
  endfacet
  facet normal 0 0 1
    outer loop
      vertex -3.8468 -24.5207 19.9231707
      vertex -3.81041 -35.4746 19.9231707
      vertex -3.81041 -24.5254 19.9231707
    endloop
  endfacet
  facet normal 0 0 1
    outer loop
      vertex -3.8468 -24.5207 19.9231707
      vertex -3.8468 -35.4793 19.9231707
      vertex -3.81041 -35.4746 19.9231707
    endloop
  endfacet
  facet normal 0 0 1
    outer loop
      vertex -4.04272 -24.4395 19.9231707
      vertex -3.8468 -35.4793 19.9231707
      vertex -3.8468 -24.5207 19.9231707
    endloop
  endfacet
  facet normal 0 0 1
    outer loop
      vertex -4.04272 -24.4395 19.9231707
      vertex -4.04272 -35.5605 19.9231707
      vertex -3.8468 -35.4793 19.9231707
    endloop
  endfacet
  facet normal 0 0 1
    outer loop
      vertex -4.07663 -24.4254 19.9231707
      vertex -4.04272 -35.5605 19.9231707
      vertex -4.04272 -24.4395 19.9231707
    endloop
  endfacet
  facet normal 0 0 1
    outer loop
      vertex -4.07663 -24.4254 19.9231707
      vertex -4.07663 -35.5746 19.9231707
      vertex -4.04272 -35.5605 19.9231707
    endloop
  endfacet
  facet normal 0 0 1
    outer loop
      vertex -4.24488 -24.2964 19.9231707
      vertex -4.07663 -35.5746 19.9231707
      vertex -4.07663 -24.4254 19.9231707
    endloop
  endfacet
  facet normal 0 0 1
    outer loop
      vertex -4.24488 -24.2964 19.9231707
      vertex -4.24488 -35.7037 19.9231707
      vertex -4.07663 -35.5746 19.9231707
    endloop
  endfacet
  facet normal 0 0 1
    outer loop
      vertex -4.27401 -24.274 19.9231707
      vertex -4.24488 -35.7037 19.9231707
      vertex -4.24488 -24.2964 19.9231707
    endloop
  endfacet
  facet normal 0 0 1
    outer loop
      vertex -4.27401 -24.274 19.9231707
      vertex -4.27401 -35.726 19.9231707
      vertex -4.24488 -35.7037 19.9231707
    endloop
  endfacet
  facet normal 0 0 1
    outer loop
      vertex -4.29635 -24.2449 19.9231707
      vertex -4.27401 -35.726 19.9231707
      vertex -4.27401 -24.274 19.9231707
    endloop
  endfacet
  facet normal 0 0 1
    outer loop
      vertex -4.29635 -24.2449 19.9231707
      vertex -4.29635 -35.7551 19.9231707
      vertex -4.27401 -35.726 19.9231707
    endloop
  endfacet
  facet normal 0 0 1
    outer loop
      vertex -4.42545 -24.0766 19.9231707
      vertex -4.29635 -35.7551 19.9231707
      vertex -4.29635 -24.2449 19.9231707
    endloop
  endfacet
  facet normal 0 0 1
    outer loop
      vertex -4.42545 -24.0766 19.9231707
      vertex -4.42545 -35.9234 19.9231707
      vertex -4.29635 -35.7551 19.9231707
    endloop
  endfacet
  facet normal 0 0 1
    outer loop
      vertex -4.43949 -24.0427 19.9231707
      vertex -4.42545 -35.9234 19.9231707
      vertex -4.42545 -24.0766 19.9231707
    endloop
  endfacet
  facet normal 0 0 1
    outer loop
      vertex -4.43949 -24.0427 19.9231707
      vertex -4.43949 -35.9573 19.9231707
      vertex -4.42545 -35.9234 19.9231707
    endloop
  endfacet
  facet normal 0 0 1
    outer loop
      vertex -4.52066 -23.8468 19.9231707
      vertex -4.43949 -35.9573 19.9231707
      vertex -4.43949 -24.0427 19.9231707
    endloop
  endfacet
  facet normal 0 0 1
    outer loop
      vertex -4.52066 -23.8468 19.9231707
      vertex -4.52066 -36.1532 19.9231707
      vertex -4.43949 -35.9573 19.9231707
    endloop
  endfacet
  facet normal 0 0 1
    outer loop
      vertex -23 -1.60982 19.9231707
      vertex -4.52066 -23.8468 19.9231707
      vertex -4.52545 -23.8104 19.9231707
    endloop
  endfacet
  facet normal 0 0 1
    outer loop
      vertex -4.52066 -23.8468 19.9231707
      vertex -23 -1.60982 19.9231707
      vertex -4.52066 -36.1532 19.9231707
    endloop
  endfacet
  facet normal 0 0 1
    outer loop
      vertex -23 -1.60982 19.9231707
      vertex -4.52545 -23.8104 19.9231707
      vertex -4.55312 -23.6001 19.9231707
    endloop
  endfacet
  facet normal 0 0 1
    outer loop
      vertex -4.52066 -36.1532 19.9231707
      vertex -23 -1.60982 19.9231707
      vertex -4.52545 -36.1896 19.9231707
    endloop
  endfacet
  facet normal 0 0 1
    outer loop
      vertex 4.55312 -23.6001 19.9231707
      vertex 23 -1.60982 19.9231707
      vertex 4.55312 -16.3999 19.9231707
    endloop
  endfacet
  facet normal 0 0 1
    outer loop
      vertex 23 -1.60982 19.9231707
      vertex 4.52545 -16.1896 19.9231707
      vertex 4.55312 -16.3999 19.9231707
    endloop
  endfacet
  facet normal 0 0 1
    outer loop
      vertex 23 -1.60982 19.9231707
      vertex 4.52066 -16.1532 19.9231707
      vertex 4.52545 -16.1896 19.9231707
    endloop
  endfacet
  facet normal 0 0 1
    outer loop
      vertex 23 -1.60982 19.9231707
      vertex 4.43949 -15.9573 19.9231707
      vertex 4.52066 -16.1532 19.9231707
    endloop
  endfacet
  facet normal 0 0 1
    outer loop
      vertex 23 -1.60982 19.9231707
      vertex 4.42545 -15.9234 19.9231707
      vertex 4.43949 -15.9573 19.9231707
    endloop
  endfacet
  facet normal 0 0 1
    outer loop
      vertex 23 -1.60982 19.9231707
      vertex 4.29635 -15.7551 19.9231707
      vertex 4.42545 -15.9234 19.9231707
    endloop
  endfacet
  facet normal 0 0 1
    outer loop
      vertex 23 -1.60982 19.9231707
      vertex 4.27401 -15.726 19.9231707
      vertex 4.29635 -15.7551 19.9231707
    endloop
  endfacet
  facet normal 0 0 1
    outer loop
      vertex 23 -1.60982 19.9231707
      vertex 4.24488 -15.7036 19.9231707
      vertex 4.27401 -15.726 19.9231707
    endloop
  endfacet
  facet normal 0 0 1
    outer loop
      vertex 23 -1.60982 19.9231707
      vertex 4.07663 -15.5746 19.9231707
      vertex 4.24488 -15.7036 19.9231707
    endloop
  endfacet
  facet normal 0 0 1
    outer loop
      vertex 23 -1.60982 19.9231707
      vertex 4.04272 -15.5605 19.9231707
      vertex 4.07663 -15.5746 19.9231707
    endloop
  endfacet
  facet normal 0 0 1
    outer loop
      vertex 23 -1.60982 19.9231707
      vertex 3.8468 -15.4793 19.9231707
      vertex 4.04272 -15.5605 19.9231707
    endloop
  endfacet
  facet normal 0 0 1
    outer loop
      vertex 23 -1.60982 19.9231707
      vertex 3.81041 -15.4746 19.9231707
      vertex 3.8468 -15.4793 19.9231707
    endloop
  endfacet
  facet normal 0 0 1
    outer loop
      vertex 23 -1.60982 19.9231707
      vertex 3.60014 -15.4469 19.9231707
      vertex 3.81041 -15.4746 19.9231707
    endloop
  endfacet
  facet normal 0 0 1
    outer loop
      vertex 23 -1.60982 19.9231707
      vertex -3.60014 -15.4469 19.9231707
      vertex 3.60014 -15.4469 19.9231707
    endloop
  endfacet
  facet normal -0 0 1
    outer loop
      vertex -23 -1.60982 19.9231707
      vertex -3.60014 -15.4469 19.9231707
      vertex 23 -1.60982 19.9231707
    endloop
  endfacet
  facet normal 0 0 1
    outer loop
      vertex -3.60014 -15.4469 19.9231707
      vertex -23 -1.60982 19.9231707
      vertex -3.81041 -15.4746 19.9231707
    endloop
  endfacet
  facet normal 0 0 1
    outer loop
      vertex -3.81041 -15.4746 19.9231707
      vertex -23 -1.60982 19.9231707
      vertex -3.8468 -15.4793 19.9231707
    endloop
  endfacet
  facet normal 0 0 1
    outer loop
      vertex -3.8468 -15.4793 19.9231707
      vertex -23 -1.60982 19.9231707
      vertex -4.04272 -15.5605 19.9231707
    endloop
  endfacet
  facet normal 0 0 1
    outer loop
      vertex -23 -1.60982 19.9231707
      vertex -4.29635 -15.7551 19.9231707
      vertex -4.27401 -15.726 19.9231707
    endloop
  endfacet
  facet normal 0 0 1
    outer loop
      vertex -23 -1.60982 19.9231707
      vertex -4.43949 -15.9573 19.9231707
      vertex -4.42545 -15.9234 19.9231707
    endloop
  endfacet
  facet normal 0 0 1
    outer loop
      vertex -23 -1.60982 19.9231707
      vertex -4.55312 -23.6001 19.9231707
      vertex -4.55312 -16.3999 19.9231707
    endloop
  endfacet
  facet normal 0 0 1
    outer loop
      vertex -4.52545 -36.1896 19.9231707
      vertex -23 -1.60982 19.9231707
      vertex -4.55312 -36.3999 19.9231707
    endloop
  endfacet
  facet normal 0 0 1
    outer loop
      vertex -4.55312 -36.3999 19.9231707
      vertex -23 -1.60982 19.9231707
      vertex -4.55312 -43.6001 19.9231707
    endloop
  endfacet
  facet normal 0 0 1
    outer loop
      vertex -4.52545 -178.19 19.9231707
      vertex -23 -1.60982 19.9231707
      vertex -4.55312 -178.4 19.9231707
    endloop
  endfacet
  facet normal 0 0 1
    outer loop
      vertex -23 -308.39 19.9231707
      vertex -4.55312 -178.4 19.9231707
      vertex -23 -1.60982 19.9231707
    endloop
  endfacet
  facet normal 0 0 1
    outer loop
      vertex -4.55312 -178.4 19.9231707
      vertex -23 -308.39 19.9231707
      vertex -4.55312 -185.6 19.9231707
    endloop
  endfacet
  facet normal 0 0 1
    outer loop
      vertex -4.55312 -185.6 19.9231707
      vertex -23 -308.39 19.9231707
      vertex -4.55312 -192.4 19.9231707
    endloop
  endfacet
  facet normal 0 0 1
    outer loop
      vertex -4.55312 -192.4 19.9231707
      vertex -23 -308.39 19.9231707
      vertex -4.55312 -199.6 19.9231707
    endloop
  endfacet
  facet normal 0 0 1
    outer loop
      vertex -4.52545 -266.19 19.9231707
      vertex -23 -308.39 19.9231707
      vertex -4.55312 -266.4 19.9231707
    endloop
  endfacet
  facet normal 0 0 1
    outer loop
      vertex -4.55312 -266.4 19.9231707
      vertex -23 -308.39 19.9231707
      vertex -4.55312 -273.6 19.9231707
    endloop
  endfacet
  facet normal 0 0 1
    outer loop
      vertex -4.52545 -286.19 19.9231707
      vertex -23 -308.39 19.9231707
      vertex -4.55312 -286.4 19.9231707
    endloop
  endfacet
  facet normal 0 0 1
    outer loop
      vertex -4.52545 -16.1896 19.9231707
      vertex -23 -1.60982 19.9231707
      vertex -4.55312 -16.3999 19.9231707
    endloop
  endfacet
  facet normal 0 0 1
    outer loop
      vertex -4.52066 -16.1532 19.9231707
      vertex -23 -1.60982 19.9231707
      vertex -4.52545 -16.1896 19.9231707
    endloop
  endfacet
  facet normal 0 0 1
    outer loop
      vertex -4.43949 -15.9573 19.9231707
      vertex -23 -1.60982 19.9231707
      vertex -4.52066 -16.1532 19.9231707
    endloop
  endfacet
  facet normal 0 0 1
    outer loop
      vertex -4.29635 -15.7551 19.9231707
      vertex -23 -1.60982 19.9231707
      vertex -4.42545 -15.9234 19.9231707
    endloop
  endfacet
  facet normal 0 0 1
    outer loop
      vertex -4.24488 -15.7036 19.9231707
      vertex -23 -1.60982 19.9231707
      vertex -4.27401 -15.726 19.9231707
    endloop
  endfacet
  facet normal 0 0 1
    outer loop
      vertex -4.07663 -15.5746 19.9231707
      vertex -23 -1.60982 19.9231707
      vertex -4.24488 -15.7036 19.9231707
    endloop
  endfacet
  facet normal 0 0 1
    outer loop
      vertex -4.04272 -15.5605 19.9231707
      vertex -23 -1.60982 19.9231707
      vertex -4.07663 -15.5746 19.9231707
    endloop
  endfacet
  facet normal 0 0 1
    outer loop
      vertex 4.52545 -23.8104 19.9231707
      vertex 23 -1.60982 19.9231707
      vertex 4.55312 -23.6001 19.9231707
    endloop
  endfacet
  facet normal 0 0 1
    outer loop
      vertex 4.55312 -43.6001 19.9231707
      vertex 23 -1.60982 19.9231707
      vertex 4.55312 -36.3999 19.9231707
    endloop
  endfacet
  facet normal 0 0 1
    outer loop
      vertex 4.52545 -43.8104 19.9231707
      vertex 23 -1.60982 19.9231707
      vertex 4.55312 -43.6001 19.9231707
    endloop
  endfacet
  facet normal 0 0 1
    outer loop
      vertex 23 -1.60982 19.9231707
      vertex 4.55312 -178.4 19.9231707
      vertex 23 -308.39 19.9231707
    endloop
  endfacet
  facet normal -0 0 1
    outer loop
      vertex 4.55312 -185.6 19.9231707
      vertex 23 -308.39 19.9231707
      vertex 4.55312 -178.4 19.9231707
    endloop
  endfacet
  facet normal -0 0 1
    outer loop
      vertex 4.55312 -192.4 19.9231707
      vertex 23 -308.39 19.9231707
      vertex 4.55312 -185.6 19.9231707
    endloop
  endfacet
  facet normal -0 0 1
    outer loop
      vertex 4.55312 -199.6 19.9231707
      vertex 23 -308.39 19.9231707
      vertex 4.55312 -192.4 19.9231707
    endloop
  endfacet
  facet normal -0 0 1
    outer loop
      vertex 4.52545 -199.81 19.9231707
      vertex 23 -308.39 19.9231707
      vertex 4.55312 -199.6 19.9231707
    endloop
  endfacet
  facet normal -0 0 1
    outer loop
      vertex 4.55312 -273.6 19.9231707
      vertex 23 -308.39 19.9231707
      vertex 4.55312 -266.4 19.9231707
    endloop
  endfacet
  facet normal -0 0 1
    outer loop
      vertex 4.52545 -273.81 19.9231707
      vertex 23 -308.39 19.9231707
      vertex 4.55312 -273.6 19.9231707
    endloop
  endfacet
  facet normal -0 0 1
    outer loop
      vertex 4.55312 -293.6 19.9231707
      vertex 23 -308.39 19.9231707
      vertex 4.55312 -286.4 19.9231707
    endloop
  endfacet
  facet normal -0 0 1
    outer loop
      vertex 4.52545 -293.81 19.9231707
      vertex 23 -308.39 19.9231707
      vertex 4.55312 -293.6 19.9231707
    endloop
  endfacet
  facet normal -0 0 1
    outer loop
      vertex 4.52066 -293.847 19.9231707
      vertex 23 -308.39 19.9231707
      vertex 4.52545 -293.81 19.9231707
    endloop
  endfacet
  facet normal -0 0 1
    outer loop
      vertex 4.43949 -294.043 19.9231707
      vertex 23 -308.39 19.9231707
      vertex 4.52066 -293.847 19.9231707
    endloop
  endfacet
  facet normal -0 0 1
    outer loop
      vertex 4.42545 -294.077 19.9231707
      vertex 23 -308.39 19.9231707
      vertex 4.43949 -294.043 19.9231707
    endloop
  endfacet
  facet normal -0 0 1
    outer loop
      vertex 4.29635 -294.245 19.9231707
      vertex 23 -308.39 19.9231707
      vertex 4.42545 -294.077 19.9231707
    endloop
  endfacet
  facet normal -0 0 1
    outer loop
      vertex 4.27401 -294.274 19.9231707
      vertex 23 -308.39 19.9231707
      vertex 4.29635 -294.245 19.9231707
    endloop
  endfacet
  facet normal -0 0 1
    outer loop
      vertex 4.24488 -294.296 19.9231707
      vertex 23 -308.39 19.9231707
      vertex 4.27401 -294.274 19.9231707
    endloop
  endfacet
  facet normal -0 0 1
    outer loop
      vertex 4.07663 -294.425 19.9231707
      vertex 23 -308.39 19.9231707
      vertex 4.24488 -294.296 19.9231707
    endloop
  endfacet
  facet normal -0 0 1
    outer loop
      vertex 4.04272 -294.439 19.9231707
      vertex 23 -308.39 19.9231707
      vertex 4.07663 -294.425 19.9231707
    endloop
  endfacet
  facet normal -0 0 1
    outer loop
      vertex 3.8468 -294.521 19.9231707
      vertex 23 -308.39 19.9231707
      vertex 4.04272 -294.439 19.9231707
    endloop
  endfacet
  facet normal -0 0 1
    outer loop
      vertex 3.81041 -294.525 19.9231707
      vertex 23 -308.39 19.9231707
      vertex 3.8468 -294.521 19.9231707
    endloop
  endfacet
  facet normal -0 0 1
    outer loop
      vertex 3.60014 -294.553 19.9231707
      vertex 23 -308.39 19.9231707
      vertex 3.81041 -294.525 19.9231707
    endloop
  endfacet
  facet normal -0 0 1
    outer loop
      vertex -3.60014 -294.553 19.9231707
      vertex 23 -308.39 19.9231707
      vertex 3.60014 -294.553 19.9231707
    endloop
  endfacet
  facet normal 0 0 1
    outer loop
      vertex -23 -308.39 19.9231707
      vertex -3.60014 -294.553 19.9231707
      vertex -3.81041 -294.525 19.9231707
    endloop
  endfacet
  facet normal 0 0 1
    outer loop
      vertex -23 -308.39 19.9231707
      vertex -3.81041 -294.525 19.9231707
      vertex -3.8468 -294.521 19.9231707
    endloop
  endfacet
  facet normal 0 0 1
    outer loop
      vertex -23 -308.39 19.9231707
      vertex -3.8468 -294.521 19.9231707
      vertex -4.04272 -294.439 19.9231707
    endloop
  endfacet
  facet normal 0 0 1
    outer loop
      vertex -23 -308.39 19.9231707
      vertex -4.04272 -294.439 19.9231707
      vertex -4.07663 -294.425 19.9231707
    endloop
  endfacet
  facet normal 0 0 1
    outer loop
      vertex -23 -308.39 19.9231707
      vertex -4.24488 -294.296 19.9231707
      vertex -4.27401 -294.274 19.9231707
    endloop
  endfacet
  facet normal 0 0 1
    outer loop
      vertex -23 -308.39 19.9231707
      vertex -4.29635 -294.245 19.9231707
      vertex -4.42545 -294.077 19.9231707
    endloop
  endfacet
  facet normal 0 0 1
    outer loop
      vertex -4.55312 -293.6 19.9231707
      vertex -4.52066 -293.847 19.9231707
      vertex -4.52545 -293.81 19.9231707
    endloop
  endfacet
  facet normal 0 0 1
    outer loop
      vertex -3.60014 -294.553 19.9231707
      vertex -23 -308.39 19.9231707
      vertex 23 -308.39 19.9231707
    endloop
  endfacet
  facet normal 0 0 1
    outer loop
      vertex -4.24488 -294.296 19.9231707
      vertex -23 -308.39 19.9231707
      vertex -4.07663 -294.425 19.9231707
    endloop
  endfacet
  facet normal 0 0 1
    outer loop
      vertex -4.29635 -294.245 19.9231707
      vertex -23 -308.39 19.9231707
      vertex -4.27401 -294.274 19.9231707
    endloop
  endfacet
  facet normal 0 0 1
    outer loop
      vertex -4.43949 -294.043 19.9231707
      vertex -23 -308.39 19.9231707
      vertex -4.42545 -294.077 19.9231707
    endloop
  endfacet
  facet normal 0 0 1
    outer loop
      vertex -4.52066 -293.847 19.9231707
      vertex -23 -308.39 19.9231707
      vertex -4.43949 -294.043 19.9231707
    endloop
  endfacet
  facet normal 0 0 1
    outer loop
      vertex -4.55312 -293.6 19.9231707
      vertex -23 -308.39 19.9231707
      vertex -4.52066 -293.847 19.9231707
    endloop
  endfacet
  facet normal 0 0 1
    outer loop
      vertex -4.55312 -286.4 19.9231707
      vertex -23 -308.39 19.9231707
      vertex -4.55312 -293.6 19.9231707
    endloop
  endfacet
  facet normal 0.195061 0 0.980791
    outer loop
      vertex 23 -1.60982 19.9231707
      vertex 23.7507 -308.39 19.7738707
      vertex 23.7507 -1.60982 19.7738707
    endloop
  endfacet
  facet normal 0.195061 0 0.980791
    outer loop
      vertex 23.7507 -308.39 19.7738707
      vertex 23 -1.60982 19.9231707
      vertex 23 -308.39 19.9231707
    endloop
  endfacet
  facet normal -0.396653 0.700235 0.59358
    outer loop
      vertex -23.7857 -0.33706 18.7472707
      vertex -24.1759 -0.888859 19.1374707
      vertex -23.4252 -0.33706 18.9881707
    endloop
  endfacet
  facet normal 0.980791 -0 0.195061
    outer loop
      vertex 24.8123 -308.39 18.7122707
      vertex 24.9616 -1.60982 17.9615707
      vertex 24.8123 -1.60982 18.7122707
    endloop
  endfacet
  facet normal 0.980791 0 0.195061
    outer loop
      vertex 24.9616 -1.60982 17.9615707
      vertex 24.8123 -308.39 18.7122707
      vertex 24.9616 -308.39 17.9615707
    endloop
  endfacet
  facet normal 0.139285 0.700214 -0.700214
    outer loop
      vertex 23.4252 -0.33706 0.9350097
      vertex 23 -0.888859 0.2986307
      vertex 23 -0.33706 0.8504297
    endloop
  endfacet
  facet normal 0.514759 0.376388 -0.770296
    outer loop
      vertex 23.7507 -1.60982 0.1493157
      vertex 23.6364 -0.888859 0.4252147
      vertex 24.387 -1.60982 0.5745307
    endloop
  endfacet
  facet normal 0.180712 -0.376439 0.908646
    outer loop
      vertex 23 -308.39 19.9231707
      vertex 23 -309.111 19.6244707
      vertex 23.7507 -308.39 19.7738707
    endloop
  endfacet
  facet normal 0.216351 -0.921044 -0.323836
    outer loop
      vertex 23.2759 -309.962 1.6856707
      vertex 23.1493 -309.962 1.6010907
      vertex 23.4252 -309.663 0.9350097
    endloop
  endfacet
  facet normal -0.593699 -0.700098 0.396716
    outer loop
      vertex -24.1759 -309.111 19.1374707
      vertex -24.5364 -309.111 18.5979707
      vertex -24.0266 -309.663 18.3867707
    endloop
  endfacet
  facet normal -0.593593 0.700228 0.396646
    outer loop
      vertex -24.0266 -0.33706 18.3867707
      vertex -24.5364 -0.888859 18.5979707
      vertex -24.1759 -0.888859 19.1374707
    endloop
  endfacet
  facet normal -0.514763 -0.37637 -0.770302
    outer loop
      vertex -23.6364 -309.111 0.4252147
      vertex -24.387 -308.39 0.5745307
      vertex -23.7507 -308.39 0.1493157
    endloop
  endfacet
  facet normal -0.908696 -0.376355 -0.180631
    outer loop
      vertex -24.6629 -309.111 1.9615707
      vertex -24.8123 -308.39 1.2109107
      vertex -24.5364 -309.111 1.3251907
    endloop
  endfacet
  facet normal -0.139301 -0.700088 -0.700337
    outer loop
      vertex -23.4252 -309.663 0.9350097
      vertex -23.6364 -309.111 0.4252147
      vertex -23 -309.111 0.2986307
    endloop
  endfacet
  facet normal 0.323461 0.921215 -0.216186
    outer loop
      vertex 24.0266 -0.33706 1.5363507
      vertex 23.2759 -0.0384293 1.6856707
      vertex 23.3605 -0.0384293 1.8122507
    endloop
  endfacet
  facet normal 0.381608 0.921208 -0.0758334
    outer loop
      vertex 24.0266 -0.33706 1.5363507
      vertex 23.3902 -0.0384293 1.9615707
      vertex 24.1111 -0.33706 1.9615707
    endloop
  endfacet
  facet normal 0 0.923869 0.38271
    outer loop
      vertex 23 -0.0384293 18.3517707
      vertex -23 -0.33706 19.0726707
      vertex 23 -0.33706 19.0726707
    endloop
  endfacet
  facet normal 0 0.923869 0.38271
    outer loop
      vertex -23 -0.33706 19.0726707
      vertex 23 -0.0384293 18.3517707
      vertex -23 -0.0384293 18.3517707
    endloop
  endfacet
  facet normal -0 0.382758 0.923849
    outer loop
      vertex -23 -0.888859 19.6244707
      vertex 23 -1.60982 19.9231707
      vertex 23 -0.888859 19.6244707
    endloop
  endfacet
  facet normal 0 0.382758 0.923849
    outer loop
      vertex 23 -1.60982 19.9231707
      vertex -23 -0.888859 19.6244707
      vertex -23 -1.60982 19.9231707
    endloop
  endfacet
  facet normal 0 0.707107 -0.707107
    outer loop
      vertex 23 -0.888859 0.2986307
      vertex -23 -0.33706 0.8504297
      vertex 23 -0.33706 0.8504297
    endloop
  endfacet
  facet normal 0 0.707107 -0.707107
    outer loop
      vertex -23 -0.33706 0.8504297
      vertex 23 -0.888859 0.2986307
      vertex -23 -0.888859 0.2986307
    endloop
  endfacet
  facet normal -0.139156 0.700228 0.700226
    outer loop
      vertex -23 -0.33706 19.0726707
      vertex -23.4252 -0.33706 18.9881707
      vertex -23 -0.888859 19.6244707
    endloop
  endfacet
  facet normal -0.323473 0.921217 0.21616
    outer loop
      vertex -23.3605 -0.0384293 18.1108707
      vertex -24.0266 -0.33706 18.3867707
      vertex -23.2759 -0.0384293 18.2374707
    endloop
  endfacet
  facet normal -0 0.707107 0.707106
    outer loop
      vertex -23 -0.33706 19.0726707
      vertex 23 -0.888859 19.6244707
      vertex 23 -0.33706 19.0726707
    endloop
  endfacet
  facet normal 0 0.707107 0.707106
    outer loop
      vertex 23 -0.888859 19.6244707
      vertex -23 -0.33706 19.0726707
      vertex -23 -0.888859 19.6244707
    endloop
  endfacet
  facet normal 0.180711 0.376456 0.908639
    outer loop
      vertex 23.7507 -1.60982 19.7738707
      vertex 23 -0.888859 19.6244707
      vertex 23 -1.60982 19.9231707
    endloop
  endfacet
  facet normal 0.514756 0.376283 0.770349
    outer loop
      vertex 24.1759 -0.888859 19.1374707
      vertex 23.6364 -0.888859 19.4979707
      vertex 24.387 -1.60982 19.3485707
    endloop
  endfacet
  facet normal -0.180735 0.37638 -0.908665
    outer loop
      vertex -23 -1.60982 0
      vertex -23.7507 -1.60982 0.1493157
      vertex -23 -0.888859 0.2986307
    endloop
  endfacet
  facet normal 0.396631 0.700227 -0.593604
    outer loop
      vertex 23.6364 -0.888859 0.4252147
      vertex 23.4252 -0.33706 0.9350097
      vertex 24.1759 -0.888859 0.7856947
    endloop
  endfacet
  facet normal 0.555618 0 -0.831438
    outer loop
      vertex 23.7507 -308.39 0.1493157
      vertex 24.387 -1.60982 0.5745307
      vertex 24.387 -308.39 0.5745307
    endloop
  endfacet
  facet normal 0.555618 0 -0.831438
    outer loop
      vertex 24.387 -1.60982 0.5745307
      vertex 23.7507 -308.39 0.1493157
      vertex 23.7507 -1.60982 0.1493157
    endloop
  endfacet
  facet normal 0.180737 -0.376363 -0.908672
    outer loop
      vertex 23 -309.111 0.2986307
      vertex 23 -308.39 0
      vertex 23.7507 -308.39 0.1493157
    endloop
  endfacet
  facet normal 0.908696 -0.376359 0.180625
    outer loop
      vertex 24.8123 -308.39 18.7122707
      vertex 24.5364 -309.111 18.5979707
      vertex 24.6629 -309.111 17.9615707
    endloop
  endfacet
  facet normal 0.700364 -0.700078 -0.139219
    outer loop
      vertex 24.6629 -309.111 1.9615707
      vertex 24.0266 -309.663 1.5363507
      vertex 24.5364 -309.111 1.3251907
    endloop
  endfacet
  facet normal 0.908696 -0.376355 -0.180631
    outer loop
      vertex 24.6629 -309.111 1.9615707
      vertex 24.5364 -309.111 1.3251907
      vertex 24.8123 -308.39 1.2109107
    endloop
  endfacet
  facet normal 0.51476 -0.376266 0.770355
    outer loop
      vertex 24.387 -308.39 19.3485707
      vertex 23.6364 -309.111 19.4979707
      vertex 24.1759 -309.111 19.1374707
    endloop
  endfacet
  facet normal -0.70036 -0.700082 0.139214
    outer loop
      vertex -24.5364 -309.111 18.5979707
      vertex -24.6629 -309.111 17.9615707
      vertex -24.0266 -309.663 18.3867707
    endloop
  endfacet
  facet normal 0 -1 0
    outer loop
      vertex -23.3902 -309.962 17.9615707
      vertex -23 -309.962 18.3517707
      vertex -23.1493 -309.962 18.3220707
    endloop
  endfacet
  facet normal 0 -1 0
    outer loop
      vertex -23 -309.962 18.3517707
      vertex -23 -309.962 1.5713907
      vertex 23 -309.962 18.3517707
    endloop
  endfacet
  facet normal 0 -1 0
    outer loop
      vertex -23.3902 -309.962 17.9615707
      vertex -23.1493 -309.962 18.3220707
      vertex -23.2759 -309.962 18.2374707
    endloop
  endfacet
  facet normal 0 -1 0
    outer loop
      vertex 23 -309.962 1.5713907
      vertex 23 -309.962 18.3517707
      vertex -23 -309.962 1.5713907
    endloop
  endfacet
  facet normal 0 -1 0
    outer loop
      vertex -23.3902 -309.962 17.9615707
      vertex -23.2759 -309.962 18.2374707
      vertex -23.3605 -309.962 18.1108707
    endloop
  endfacet
  facet normal 0 -1 -0
    outer loop
      vertex -23 -309.962 18.3517707
      vertex -23.3902 -309.962 17.9615707
      vertex -23 -309.962 1.5713907
    endloop
  endfacet
  facet normal -0 -1 0
    outer loop
      vertex 23.3902 -309.962 17.9615707
      vertex 23 -309.962 18.3517707
      vertex 23 -309.962 1.5713907
    endloop
  endfacet
  facet normal 0 -1 0
    outer loop
      vertex 23.2759 -309.962 18.2374707
      vertex 23.3902 -309.962 17.9615707
      vertex 23.3605 -309.962 18.1108707
    endloop
  endfacet
  facet normal 0 -1 0
    outer loop
      vertex -23 -309.962 1.5713907
      vertex -23.3902 -309.962 17.9615707
      vertex -23.3902 -309.962 1.9615707
    endloop
  endfacet
  facet normal 0 -1 0
    outer loop
      vertex 23 -309.962 18.3517707
      vertex 23.3902 -309.962 17.9615707
      vertex 23.1493 -309.962 18.3220707
    endloop
  endfacet
  facet normal 0 -1 0
    outer loop
      vertex -23 -309.962 1.5713907
      vertex -23.3902 -309.962 1.9615707
      vertex -23.3605 -309.962 1.8122507
    endloop
  endfacet
  facet normal 0 -1 0
    outer loop
      vertex 23.1493 -309.962 18.3220707
      vertex 23.3902 -309.962 17.9615707
      vertex 23.2759 -309.962 18.2374707
    endloop
  endfacet
  facet normal 0 -1 0
    outer loop
      vertex -23 -309.962 1.5713907
      vertex -23.3605 -309.962 1.8122507
      vertex -23.2759 -309.962 1.6856707
    endloop
  endfacet
  facet normal 0 -1 -0
    outer loop
      vertex 23.3902 -309.962 17.9615707
      vertex 23 -309.962 1.5713907
      vertex 23.3902 -309.962 1.9615707
    endloop
  endfacet
  facet normal 0 -1 0
    outer loop
      vertex -23 -309.962 1.5713907
      vertex -23.2759 -309.962 1.6856707
      vertex -23.1493 -309.962 1.6010907
    endloop
  endfacet
  facet normal 0 -1 0
    outer loop
      vertex 23.3902 -309.962 1.9615707
      vertex 23 -309.962 1.5713907
      vertex 23.3605 -309.962 1.8122507
    endloop
  endfacet
  facet normal 0 -1 0
    outer loop
      vertex 23.3605 -309.962 1.8122507
      vertex 23 -309.962 1.5713907
      vertex 23.2759 -309.962 1.6856707
    endloop
  endfacet
  facet normal 0 -1 0
    outer loop
      vertex 23.2759 -309.962 1.6856707
      vertex 23 -309.962 1.5713907
      vertex 23.1493 -309.962 1.6010907
    endloop
  endfacet
  facet normal 0.0759825 -0.921042 -0.381979
    outer loop
      vertex 23 -309.962 1.5713907
      vertex 23 -309.663 0.8504297
      vertex 23.4252 -309.663 0.9350097
    endloop
  endfacet
  facet normal 0.139181 -0.700098 0.700351
    outer loop
      vertex 23 -309.111 19.6244707
      vertex 23 -309.663 19.0726707
      vertex 23.4252 -309.663 18.9881707
    endloop
  endfacet
  facet normal -0.195081 0 -0.980787
    outer loop
      vertex -23.7507 -308.39 0.1493157
      vertex -23 -1.60982 0
      vertex -23 -308.39 0
    endloop
  endfacet
  facet normal -0.195081 0 -0.980787
    outer loop
      vertex -23 -1.60982 0
      vertex -23.7507 -308.39 0.1493157
      vertex -23.7507 -1.60982 0.1493157
    endloop
  endfacet
  facet normal -0.555618 0 -0.831438
    outer loop
      vertex -24.387 -308.39 0.5745307
      vertex -23.7507 -1.60982 0.1493157
      vertex -23.7507 -308.39 0.1493157
    endloop
  endfacet
  facet normal -0.555618 0 -0.831438
    outer loop
      vertex -23.7507 -1.60982 0.1493157
      vertex -24.387 -308.39 0.5745307
      vertex -24.387 -1.60982 0.5745307
    endloop
  endfacet
  facet normal -0.980789 0 -0.195071
    outer loop
      vertex -24.8123 -308.39 1.2109107
      vertex -24.9616 -1.60982 1.9615707
      vertex -24.8123 -1.60982 1.2109107
    endloop
  endfacet
  facet normal -0.980789 -0 -0.195071
    outer loop
      vertex -24.9616 -1.60982 1.9615707
      vertex -24.8123 -308.39 1.2109107
      vertex -24.9616 -308.39 1.9615707
    endloop
  endfacet
  facet normal -0.77034 -0.376305 -0.514753
    outer loop
      vertex -24.1759 -309.111 0.7856947
      vertex -24.5364 -309.111 1.3251907
      vertex -24.387 -308.39 0.5745307
    endloop
  endfacet
  facet normal -0.514727 -0.376323 -0.770349
    outer loop
      vertex -24.1759 -309.111 0.7856947
      vertex -24.387 -308.39 0.5745307
      vertex -23.6364 -309.111 0.4252147
    endloop
  endfacet
  facet normal 0.0759063 0.921215 -0.381576
    outer loop
      vertex 23.4252 -0.33706 0.9350097
      vertex 23 -0.0384293 1.5713907
      vertex 23.1493 -0.0384293 1.6010907
    endloop
  endfacet
  facet normal 0.0759028 0.921215 -0.381578
    outer loop
      vertex 23.4252 -0.33706 0.9350097
      vertex 23 -0.33706 0.8504297
      vertex 23 -0.0384293 1.5713907
    endloop
  endfacet
  facet normal -0.21616 0.921217 0.323473
    outer loop
      vertex -23.2759 -0.0384293 18.2374707
      vertex -23.4252 -0.33706 18.9881707
      vertex -23.1493 -0.0384293 18.3220707
    endloop
  endfacet
  facet normal -0.180712 -0.376439 0.908646
    outer loop
      vertex -23 -308.39 19.9231707
      vertex -23.7507 -308.39 19.7738707
      vertex -23 -309.111 19.6244707
    endloop
  endfacet
  facet normal -0.59358 0.700235 0.396653
    outer loop
      vertex -24.0266 -0.33706 18.3867707
      vertex -24.1759 -0.888859 19.1374707
      vertex -23.7857 -0.33706 18.7472707
    endloop
  endfacet
  facet normal -0.381568 0.921219 0.0759046
    outer loop
      vertex -23.3902 -0.0384293 17.9615707
      vertex -24.0266 -0.33706 18.3867707
      vertex -23.3605 -0.0384293 18.1108707
    endloop
  endfacet
  facet normal 0.139189 0.700212 0.700235
    outer loop
      vertex 23.4252 -0.33706 18.9881707
      vertex 23 -0.888859 19.6244707
      vertex 23.6364 -0.888859 19.4979707
    endloop
  endfacet
  facet normal 0.180624 0.376376 0.908689
    outer loop
      vertex 23.6364 -0.888859 19.4979707
      vertex 23 -0.888859 19.6244707
      vertex 23.7507 -1.60982 19.7738707
    endloop
  endfacet
  facet normal 0.0758369 0.921208 0.381608
    outer loop
      vertex 23.4252 -0.33706 18.9881707
      vertex 23 -0.0384293 18.3517707
      vertex 23 -0.33706 19.0726707
    endloop
  endfacet
  facet normal 0.980789 0 -0.195071
    outer loop
      vertex 24.9616 -308.39 1.9615707
      vertex 24.8123 -1.60982 1.2109107
      vertex 24.9616 -1.60982 1.9615707
    endloop
  endfacet
  facet normal 0.980789 0 -0.195071
    outer loop
      vertex 24.8123 -1.60982 1.2109107
      vertex 24.9616 -308.39 1.9615707
      vertex 24.8123 -308.39 1.2109107
    endloop
  endfacet
  facet normal 0.908637 0.376456 -0.18072
    outer loop
      vertex 24.8123 -1.60982 1.2109107
      vertex 24.6629 -0.888859 1.9615707
      vertex 24.9616 -1.60982 1.9615707
    endloop
  endfacet
  facet normal 0 0.382682 -0.92388
    outer loop
      vertex -23 -1.60982 0
      vertex 23 -0.888859 0.2986307
      vertex 23 -1.60982 0
    endloop
  endfacet
  facet normal 0 0.382682 -0.92388
    outer loop
      vertex 23 -0.888859 0.2986307
      vertex -23 -1.60982 0
      vertex -23 -0.888859 0.2986307
    endloop
  endfacet
  facet normal -0.0759063 0.921215 -0.381576
    outer loop
      vertex -23 -0.0384293 1.5713907
      vertex -23.4252 -0.33706 0.9350097
      vertex -23.1493 -0.0384293 1.6010907
    endloop
  endfacet
  facet normal 0.77034 -0.376305 -0.514753
    outer loop
      vertex 24.5364 -309.111 1.3251907
      vertex 24.1759 -309.111 0.7856947
      vertex 24.387 -308.39 0.5745307
    endloop
  endfacet
  facet normal 0.59371 -0.700083 -0.396727
    outer loop
      vertex 24.5364 -309.111 1.3251907
      vertex 24.0266 -309.663 1.5363507
      vertex 24.1759 -309.111 0.7856947
    endloop
  endfacet
  facet normal 0 -0.382665 -0.923887
    outer loop
      vertex -23 -309.111 0.2986307
      vertex 23 -308.39 0
      vertex 23 -309.111 0.2986307
    endloop
  endfacet
  facet normal -0 -0.382665 -0.923887
    outer loop
      vertex 23 -308.39 0
      vertex -23 -309.111 0.2986307
      vertex -23 -308.39 0
    endloop
  endfacet
  facet normal 0.77025 0.376383 0.514831
    outer loop
      vertex 24.5364 -0.888859 18.5979707
      vertex 24.387 -1.60982 19.3485707
      vertex 24.8123 -1.60982 18.7122707
    endloop
  endfacet
  facet normal 0.075986 -0.921043 -0.381977
    outer loop
      vertex 23.1493 -309.962 1.6010907
      vertex 23 -309.962 1.5713907
      vertex 23.4252 -309.663 0.9350097
    endloop
  endfacet
  facet normal 0 -0.706979 0.707235
    outer loop
      vertex -23 -309.663 19.0726707
      vertex 23 -309.111 19.6244707
      vertex -23 -309.111 19.6244707
    endloop
  endfacet
  facet normal 0 -0.706979 0.707235
    outer loop
      vertex 23 -309.111 19.6244707
      vertex -23 -309.663 19.0726707
      vertex 23 -309.663 19.0726707
    endloop
  endfacet
  facet normal -0.514831 0.376383 0.77025
    outer loop
      vertex -23.6364 -0.888859 19.4979707
      vertex -24.387 -1.60982 19.3485707
      vertex -23.7507 -1.60982 19.7738707
    endloop
  endfacet
  facet normal 0.323812 -0.921044 0.216386
    outer loop
      vertex 24.0266 -309.663 18.3867707
      vertex 23.2759 -309.962 18.2374707
      vertex 23.3605 -309.962 18.1108707
    endloop
  endfacet
  facet normal -0.593686 -0.700105 0.396724
    outer loop
      vertex -23.7857 -309.663 18.7472707
      vertex -24.1759 -309.111 19.1374707
      vertex -24.0266 -309.663 18.3867707
    endloop
  endfacet
  facet normal -0.3238 -0.921042 -0.216413
    outer loop
      vertex -23.3605 -309.962 1.8122507
      vertex -24.0266 -309.663 1.5363507
      vertex -23.2759 -309.962 1.6856707
    endloop
  endfacet
  facet normal -0.216386 -0.921044 0.323812
    outer loop
      vertex -23.1493 -309.962 18.3220707
      vertex -23.4252 -309.663 18.9881707
      vertex -23.2759 -309.962 18.2374707
    endloop
  endfacet
  facet normal -0.382008 -0.921036 -0.0759129
    outer loop
      vertex -23.3902 -309.962 1.9615707
      vertex -24.1111 -309.663 1.9615707
      vertex -24.0266 -309.663 1.5363507
    endloop
  endfacet
  facet normal -0.700352 -0.700098 -0.139174
    outer loop
      vertex -24.1111 -309.663 1.9615707
      vertex -24.6629 -309.111 1.9615707
      vertex -24.0266 -309.663 1.5363507
    endloop
  endfacet
  facet normal -0.90869 0.376372 -0.18063
    outer loop
      vertex -24.5364 -0.888859 1.3251907
      vertex -24.8123 -1.60982 1.2109107
      vertex -24.6629 -0.888859 1.9615707
    endloop
  endfacet
  facet normal -0.700239 0.700208 -0.139194
    outer loop
      vertex -24.5364 -0.888859 1.3251907
      vertex -24.6629 -0.888859 1.9615707
      vertex -24.0266 -0.33706 1.5363507
    endloop
  endfacet
  facet normal -0.180739 0.376383 -0.908663
    outer loop
      vertex -23 -0.888859 0.2986307
      vertex -23.7507 -1.60982 0.1493157
      vertex -23.6364 -0.888859 0.4252147
    endloop
  endfacet
  facet normal -0.323461 0.921215 -0.216186
    outer loop
      vertex -23.2759 -0.0384293 1.6856707
      vertex -24.0266 -0.33706 1.5363507
      vertex -23.3605 -0.0384293 1.8122507
    endloop
  endfacet
  facet normal 0.216124 0.921217 -0.323497
    outer loop
      vertex 23.4252 -0.33706 0.9350097
      vertex 23.1493 -0.0384293 1.6010907
      vertex 23.2759 -0.0384293 1.6856707
    endloop
  endfacet
  facet normal 0.38271 0.923869 -0
    outer loop
      vertex 24.1111 -0.33706 1.9615707
      vertex 23.3902 -0.0384293 17.9615707
      vertex 24.1111 -0.33706 17.9615707
    endloop
  endfacet
  facet normal 0.38271 0.923869 0
    outer loop
      vertex 23.3902 -0.0384293 17.9615707
      vertex 24.1111 -0.33706 1.9615707
      vertex 23.3902 -0.0384293 1.9615707
    endloop
  endfacet
  facet normal -0.216136 0.921215 -0.323494
    outer loop
      vertex -23.4252 -0.33706 0.9350097
      vertex -23.7857 -0.33706 1.1758707
      vertex -23.2759 -0.0384293 1.6856707
    endloop
  endfacet
  facet normal -0.180625 -0.376359 0.908696
    outer loop
      vertex -23 -309.111 19.6244707
      vertex -23.7507 -308.39 19.7738707
      vertex -23.6364 -309.111 19.4979707
    endloop
  endfacet
  facet normal -0.514756 0.376283 0.770349
    outer loop
      vertex -24.1759 -0.888859 19.1374707
      vertex -24.387 -1.60982 19.3485707
      vertex -23.6364 -0.888859 19.4979707
    endloop
  endfacet
  facet normal -0.396646 0.700228 0.593593
    outer loop
      vertex -23.4252 -0.33706 18.9881707
      vertex -24.1759 -0.888859 19.1374707
      vertex -23.6364 -0.888859 19.4979707
    endloop
  endfacet
  facet normal -0.381608 0.921208 0.0758369
    outer loop
      vertex -23.3902 -0.0384293 17.9615707
      vertex -24.1111 -0.33706 17.9615707
      vertex -24.0266 -0.33706 18.3867707
    endloop
  endfacet
  facet normal -1 0 0
    outer loop
      vertex -24.9616 -308.39 1.9615707
      vertex -24.9616 -1.60982 17.9615707
      vertex -24.9616 -1.60982 1.9615707
    endloop
  endfacet
  facet normal -1 -0 0
    outer loop
      vertex -24.9616 -1.60982 17.9615707
      vertex -24.9616 -308.39 1.9615707
      vertex -24.9616 -308.39 17.9615707
    endloop
  endfacet
  facet normal 0.514831 0.376383 0.77025
    outer loop
      vertex 24.387 -1.60982 19.3485707
      vertex 23.6364 -0.888859 19.4979707
      vertex 23.7507 -1.60982 19.7738707
    endloop
  endfacet
  facet normal 0.555695 0 0.831386
    outer loop
      vertex 23.7507 -1.60982 19.7738707
      vertex 24.387 -308.39 19.3485707
      vertex 24.387 -1.60982 19.3485707
    endloop
  endfacet
  facet normal 0.555695 0 0.831386
    outer loop
      vertex 24.387 -308.39 19.3485707
      vertex 23.7507 -1.60982 19.7738707
      vertex 23.7507 -308.39 19.7738707
    endloop
  endfacet
  facet normal -0.700227 0.700228 -0.13915
    outer loop
      vertex -24.0266 -0.33706 1.5363507
      vertex -24.6629 -0.888859 1.9615707
      vertex -24.1111 -0.33706 1.9615707
    endloop
  endfacet
  facet normal 0.323473 0.921217 0.21616
    outer loop
      vertex 23.3605 -0.0384293 18.1108707
      vertex 23.2759 -0.0384293 18.2374707
      vertex 24.0266 -0.33706 18.3867707
    endloop
  endfacet
  facet normal -0.0759165 -0.921036 0.382008
    outer loop
      vertex -23 -309.663 19.0726707
      vertex -23.4252 -309.663 18.9881707
      vertex -23 -309.962 18.3517707
    endloop
  endfacet
  facet normal 0.514727 -0.376323 -0.770349
    outer loop
      vertex 24.1759 -309.111 0.7856947
      vertex 23.6364 -309.111 0.4252147
      vertex 24.387 -308.39 0.5745307
    endloop
  endfacet
  facet normal 0.323806 -0.921045 -0.216391
    outer loop
      vertex 24.0266 -309.663 1.5363507
      vertex 23.2759 -309.962 1.6856707
      vertex 23.7857 -309.663 1.1758707
    endloop
  endfacet
  facet normal -0.18074 -0.376366 -0.90867
    outer loop
      vertex -23.6364 -309.111 0.4252147
      vertex -23.7507 -308.39 0.1493157
      vertex -23 -309.111 0.2986307
    endloop
  endfacet
  facet normal -0.180737 -0.376363 -0.908672
    outer loop
      vertex -23 -309.111 0.2986307
      vertex -23.7507 -308.39 0.1493157
      vertex -23 -308.39 0
    endloop
  endfacet
  facet normal 0.770256 -0.376365 0.514835
    outer loop
      vertex 24.8123 -308.39 18.7122707
      vertex 24.387 -308.39 19.3485707
      vertex 24.5364 -309.111 18.5979707
    endloop
  endfacet
  facet normal 0.700351 -0.700098 0.139181
    outer loop
      vertex 24.6629 -309.111 17.9615707
      vertex 24.0266 -309.663 18.3867707
      vertex 24.1111 -309.663 17.9615707
    endloop
  endfacet
  facet normal 0.396716 -0.700098 0.593699
    outer loop
      vertex 23.6364 -309.111 19.4979707
      vertex 23.4252 -309.663 18.9881707
      vertex 24.1759 -309.111 19.1374707
    endloop
  endfacet
  facet normal 0.514835 -0.376365 0.770256
    outer loop
      vertex 23.7507 -308.39 19.7738707
      vertex 23.6364 -309.111 19.4979707
      vertex 24.387 -308.39 19.3485707
    endloop
  endfacet
  facet normal 0.593686 -0.700105 0.396724
    outer loop
      vertex 24.1759 -309.111 19.1374707
      vertex 23.7857 -309.663 18.7472707
      vertex 24.0266 -309.663 18.3867707
    endloop
  endfacet
  facet normal 0.216384 -0.921045 0.323813
    outer loop
      vertex 23.4252 -309.663 18.9881707
      vertex 23.2759 -309.962 18.2374707
      vertex 23.7857 -309.663 18.7472707
    endloop
  endfacet
  facet normal -0.323813 -0.921045 0.216384
    outer loop
      vertex -23.7857 -309.663 18.7472707
      vertex -24.0266 -309.663 18.3867707
      vertex -23.2759 -309.962 18.2374707
    endloop
  endfacet
  facet normal 0 -0.923713 -0.383086
    outer loop
      vertex -23 -309.663 0.8504297
      vertex 23 -309.962 1.5713907
      vertex -23 -309.962 1.5713907
    endloop
  endfacet
  facet normal 0 -0.923713 -0.383086
    outer loop
      vertex 23 -309.962 1.5713907
      vertex -23 -309.663 0.8504297
      vertex 23 -309.663 0.8504297
    endloop
  endfacet
  facet normal 0 -0.923701 0.383114
    outer loop
      vertex -23 -309.962 18.3517707
      vertex 23 -309.663 19.0726707
      vertex -23 -309.663 19.0726707
    endloop
  endfacet
  facet normal 0 -0.923701 0.383114
    outer loop
      vertex 23 -309.663 19.0726707
      vertex -23 -309.962 18.3517707
      vertex 23 -309.962 18.3517707
    endloop
  endfacet
  facet normal -0.59371 -0.700083 -0.396727
    outer loop
      vertex -24.0266 -309.663 1.5363507
      vertex -24.5364 -309.111 1.3251907
      vertex -24.1759 -309.111 0.7856947
    endloop
  endfacet
  facet normal -0.381968 -0.921047 0.0759843
    outer loop
      vertex -23.3605 -309.962 18.1108707
      vertex -24.0266 -309.663 18.3867707
      vertex -23.3902 -309.962 17.9615707
    endloop
  endfacet
  facet normal 0 0.92388 -0.382682
    outer loop
      vertex 23 -0.33706 0.8504297
      vertex -23 -0.0384293 1.5713907
      vertex 23 -0.0384293 1.5713907
    endloop
  endfacet
  facet normal 0 0.92388 -0.382682
    outer loop
      vertex -23 -0.0384293 1.5713907
      vertex 23 -0.33706 0.8504297
      vertex -23 -0.33706 0.8504297
    endloop
  endfacet
  facet normal 0.381568 0.921219 0.0759046
    outer loop
      vertex 23.3902 -0.0384293 17.9615707
      vertex 23.3605 -0.0384293 18.1108707
      vertex 24.0266 -0.33706 18.3867707
    endloop
  endfacet
  facet normal -0.396631 0.700227 -0.593604
    outer loop
      vertex -23.6364 -0.888859 0.4252147
      vertex -24.1759 -0.888859 0.7856947
      vertex -23.4252 -0.33706 0.9350097
    endloop
  endfacet
  facet normal -0.514723 0.37634 -0.770343
    outer loop
      vertex -23.6364 -0.888859 0.4252147
      vertex -24.387 -1.60982 0.5745307
      vertex -24.1759 -0.888859 0.7856947
    endloop
  endfacet
  facet normal -0.593604 0.700213 -0.396656
    outer loop
      vertex -24.1759 -0.888859 0.7856947
      vertex -24.5364 -0.888859 1.3251907
      vertex -24.0266 -0.33706 1.5363507
    endloop
  endfacet
  facet normal -0.38271 0.923869 0
    outer loop
      vertex -23.3902 -0.0384293 1.9615707
      vertex -24.1111 -0.33706 17.9615707
      vertex -23.3902 -0.0384293 17.9615707
    endloop
  endfacet
  facet normal -0.38271 0.923869 0
    outer loop
      vertex -24.1111 -0.33706 17.9615707
      vertex -23.3902 -0.0384293 1.9615707
      vertex -24.1111 -0.33706 1.9615707
    endloop
  endfacet
  facet normal 0.396646 0.700228 0.593593
    outer loop
      vertex 24.1759 -0.888859 19.1374707
      vertex 23.4252 -0.33706 18.9881707
      vertex 23.6364 -0.888859 19.4979707
    endloop
  endfacet
  facet normal 0.700235 0.700212 0.139189
    outer loop
      vertex 24.6629 -0.888859 17.9615707
      vertex 24.0266 -0.33706 18.3867707
      vertex 24.5364 -0.888859 18.5979707
    endloop
  endfacet
  facet normal 0.381608 0.921208 0.0758369
    outer loop
      vertex 24.1111 -0.33706 17.9615707
      vertex 23.3902 -0.0384293 17.9615707
      vertex 24.0266 -0.33706 18.3867707
    endloop
  endfacet
  facet normal -0.180624 0.376376 0.908689
    outer loop
      vertex -23.6364 -0.888859 19.4979707
      vertex -23.7507 -1.60982 19.7738707
      vertex -23 -0.888859 19.6244707
    endloop
  endfacet
  facet normal -0.908646 -0.376439 0.180712
    outer loop
      vertex -24.8123 -308.39 18.7122707
      vertex -24.9616 -308.39 17.9615707
      vertex -24.6629 -309.111 17.9615707
    endloop
  endfacet
  facet normal -0.831386 0 0.555695
    outer loop
      vertex -24.8123 -308.39 18.7122707
      vertex -24.387 -1.60982 19.3485707
      vertex -24.8123 -1.60982 18.7122707
    endloop
  endfacet
  facet normal -0.831386 0 0.555695
    outer loop
      vertex -24.387 -1.60982 19.3485707
      vertex -24.8123 -308.39 18.7122707
      vertex -24.387 -308.39 19.3485707
    endloop
  endfacet
  facet normal -0.195061 0 0.980791
    outer loop
      vertex -23.7507 -1.60982 19.7738707
      vertex -23 -308.39 19.9231707
      vertex -23 -1.60982 19.9231707
    endloop
  endfacet
  facet normal -0.195061 0 0.980791
    outer loop
      vertex -23 -308.39 19.9231707
      vertex -23.7507 -1.60982 19.7738707
      vertex -23.7507 -308.39 19.7738707
    endloop
  endfacet
  facet normal -0.908696 -0.376359 0.180625
    outer loop
      vertex -24.5364 -309.111 18.5979707
      vertex -24.8123 -308.39 18.7122707
      vertex -24.6629 -309.111 17.9615707
    endloop
  endfacet
  facet normal -0.555695 0 0.831386
    outer loop
      vertex -24.387 -1.60982 19.3485707
      vertex -23.7507 -308.39 19.7738707
      vertex -23.7507 -1.60982 19.7738707
    endloop
  endfacet
  facet normal -0.555695 0 0.831386
    outer loop
      vertex -23.7507 -308.39 19.7738707
      vertex -24.387 -1.60982 19.3485707
      vertex -24.387 -308.39 19.3485707
    endloop
  endfacet
  facet normal -0.323473 0.921217 0.216157
    outer loop
      vertex -23.2759 -0.0384293 18.2374707
      vertex -24.0266 -0.33706 18.3867707
      vertex -23.7857 -0.33706 18.7472707
    endloop
  endfacet
  facet normal -0.139189 0.700212 0.700235
    outer loop
      vertex -23.4252 -0.33706 18.9881707
      vertex -23.6364 -0.888859 19.4979707
      vertex -23 -0.888859 19.6244707
    endloop
  endfacet
  facet normal -0.77025 0.376383 0.514831
    outer loop
      vertex -24.5364 -0.888859 18.5979707
      vertex -24.8123 -1.60982 18.7122707
      vertex -24.387 -1.60982 19.3485707
    endloop
  endfacet
  facet normal -0.770349 0.376283 0.514756
    outer loop
      vertex -24.1759 -0.888859 19.1374707
      vertex -24.5364 -0.888859 18.5979707
      vertex -24.387 -1.60982 19.3485707
    endloop
  endfacet
  facet normal 0.396653 0.700235 0.59358
    outer loop
      vertex 23.7857 -0.33706 18.7472707
      vertex 23.4252 -0.33706 18.9881707
      vertex 24.1759 -0.888859 19.1374707
    endloop
  endfacet
  facet normal -0.707106 0.707107 0
    outer loop
      vertex -24.1111 -0.33706 1.9615707
      vertex -24.6629 -0.888859 17.9615707
      vertex -24.1111 -0.33706 17.9615707
    endloop
  endfacet
  facet normal -0.707106 0.707107 0
    outer loop
      vertex -24.6629 -0.888859 17.9615707
      vertex -24.1111 -0.33706 1.9615707
      vertex -24.6629 -0.888859 1.9615707
    endloop
  endfacet
  facet normal 0.908644 -0.376438 -0.180722
    outer loop
      vertex 24.9616 -308.39 1.9615707
      vertex 24.6629 -309.111 1.9615707
      vertex 24.8123 -308.39 1.2109107
    endloop
  endfacet
  facet normal 0.70036 -0.700082 0.139214
    outer loop
      vertex 24.5364 -309.111 18.5979707
      vertex 24.0266 -309.663 18.3867707
      vertex 24.6629 -309.111 17.9615707
    endloop
  endfacet
  facet normal 0.396702 -0.700097 -0.59371
    outer loop
      vertex 24.1759 -309.111 0.7856947
      vertex 23.4252 -309.663 0.9350097
      vertex 23.6364 -309.111 0.4252147
    endloop
  endfacet
  facet normal 0.139301 -0.700088 -0.700337
    outer loop
      vertex 23.4252 -309.663 0.9350097
      vertex 23 -309.111 0.2986307
      vertex 23.6364 -309.111 0.4252147
    endloop
  endfacet
  facet normal 0.216363 -0.921043 -0.323833
    outer loop
      vertex 23.7857 -309.663 1.1758707
      vertex 23.2759 -309.962 1.6856707
      vertex 23.4252 -309.663 0.9350097
    endloop
  endfacet
  facet normal -0.0759825 -0.921042 -0.381979
    outer loop
      vertex -23 -309.962 1.5713907
      vertex -23.4252 -309.663 0.9350097
      vertex -23 -309.663 0.8504297
    endloop
  endfacet
  facet normal -0.13931 -0.700084 -0.700339
    outer loop
      vertex -23 -309.663 0.8504297
      vertex -23.4252 -309.663 0.9350097
      vertex -23 -309.111 0.2986307
    endloop
  endfacet
  facet normal 0.396724 -0.700105 0.593686
    outer loop
      vertex 24.1759 -309.111 19.1374707
      vertex 23.4252 -309.663 18.9881707
      vertex 23.7857 -309.663 18.7472707
    endloop
  endfacet
  facet normal 0.180625 -0.376359 0.908696
    outer loop
      vertex 23.7507 -308.39 19.7738707
      vertex 23 -309.111 19.6244707
      vertex 23.6364 -309.111 19.4979707
    endloop
  endfacet
  facet normal 0.0759165 -0.921036 0.382008
    outer loop
      vertex 23 -309.663 19.0726707
      vertex 23 -309.962 18.3517707
      vertex 23.4252 -309.663 18.9881707
    endloop
  endfacet
  facet normal 0.323813 -0.921045 0.216384
    outer loop
      vertex 23.7857 -309.663 18.7472707
      vertex 23.2759 -309.962 18.2374707
      vertex 24.0266 -309.663 18.3867707
    endloop
  endfacet
  facet normal 0.593699 -0.700098 0.396716
    outer loop
      vertex 24.1759 -309.111 19.1374707
      vertex 24.0266 -309.663 18.3867707
      vertex 24.5364 -309.111 18.5979707
    endloop
  endfacet
  facet normal 0.770355 -0.376266 0.51476
    outer loop
      vertex 24.387 -308.39 19.3485707
      vertex 24.1759 -309.111 19.1374707
      vertex 24.5364 -309.111 18.5979707
    endloop
  endfacet
  facet normal -0.700351 -0.700098 0.139181
    outer loop
      vertex -24.0266 -309.663 18.3867707
      vertex -24.6629 -309.111 17.9615707
      vertex -24.1111 -309.663 17.9615707
    endloop
  endfacet
  facet normal -0.707235 -0.706979 0
    outer loop
      vertex -24.6629 -309.111 1.9615707
      vertex -24.1111 -309.663 17.9615707
      vertex -24.6629 -309.111 17.9615707
    endloop
  endfacet
  facet normal -0.707235 -0.706979 -0
    outer loop
      vertex -24.1111 -309.663 17.9615707
      vertex -24.6629 -309.111 1.9615707
      vertex -24.1111 -309.663 1.9615707
    endloop
  endfacet
  facet normal -0.139181 -0.700098 0.700351
    outer loop
      vertex -23 -309.111 19.6244707
      vertex -23.4252 -309.663 18.9881707
      vertex -23 -309.663 19.0726707
    endloop
  endfacet
  facet normal -0.396716 -0.700098 0.593699
    outer loop
      vertex -23.6364 -309.111 19.4979707
      vertex -24.1759 -309.111 19.1374707
      vertex -23.4252 -309.663 18.9881707
    endloop
  endfacet
  facet normal -0.381972 -0.921046 -0.0759748
    outer loop
      vertex -23.3902 -309.962 1.9615707
      vertex -24.0266 -309.663 1.5363507
      vertex -23.3605 -309.962 1.8122507
    endloop
  endfacet
  facet normal 0.3238 -0.921042 -0.216413
    outer loop
      vertex 23.3605 -309.962 1.8122507
      vertex 23.2759 -309.962 1.6856707
      vertex 24.0266 -309.663 1.5363507
    endloop
  endfacet
  facet normal -0.383114 -0.923701 0
    outer loop
      vertex -24.1111 -309.663 1.9615707
      vertex -23.3902 -309.962 17.9615707
      vertex -24.1111 -309.663 17.9615707
    endloop
  endfacet
  facet normal -0.383114 -0.923701 -0
    outer loop
      vertex -23.3902 -309.962 17.9615707
      vertex -24.1111 -309.663 1.9615707
      vertex -23.3902 -309.962 1.9615707
    endloop
  endfacet
  facet normal -0.908689 0.376376 0.180624
    outer loop
      vertex -24.6629 -0.888859 17.9615707
      vertex -24.8123 -1.60982 18.7122707
      vertex -24.5364 -0.888859 18.5979707
    endloop
  endfacet
  facet normal -0.381571 0.921218 -0.0758952
    outer loop
      vertex -23.3605 -0.0384293 1.8122507
      vertex -24.0266 -0.33706 1.5363507
      vertex -23.3902 -0.0384293 1.9615707
    endloop
  endfacet
  facet normal -0.770334 0.376323 -0.51475
    outer loop
      vertex -24.387 -1.60982 0.5745307
      vertex -24.5364 -0.888859 1.3251907
      vertex -24.1759 -0.888859 0.7856947
    endloop
  endfacet
  facet normal -0.770283 0.376374 -0.514789
    outer loop
      vertex -24.387 -1.60982 0.5745307
      vertex -24.8123 -1.60982 1.2109107
      vertex -24.5364 -0.888859 1.3251907
    endloop
  endfacet
  facet normal 0.21616 0.921217 0.323473
    outer loop
      vertex 23.2759 -0.0384293 18.2374707
      vertex 23.1493 -0.0384293 18.3220707
      vertex 23.4252 -0.33706 18.9881707
    endloop
  endfacet
  facet normal 0.381571 0.921218 -0.0758952
    outer loop
      vertex 24.0266 -0.33706 1.5363507
      vertex 23.3605 -0.0384293 1.8122507
      vertex 23.3902 -0.0384293 1.9615707
    endloop
  endfacet
  facet normal 0.908689 0.376376 0.180624
    outer loop
      vertex 24.6629 -0.888859 17.9615707
      vertex 24.5364 -0.888859 18.5979707
      vertex 24.8123 -1.60982 18.7122707
    endloop
  endfacet
  facet normal 0.908639 0.376456 0.180711
    outer loop
      vertex 24.9616 -1.60982 17.9615707
      vertex 24.6629 -0.888859 17.9615707
      vertex 24.8123 -1.60982 18.7122707
    endloop
  endfacet
  facet normal 0.700226 0.700228 0.139156
    outer loop
      vertex 24.1111 -0.33706 17.9615707
      vertex 24.0266 -0.33706 18.3867707
      vertex 24.6629 -0.888859 17.9615707
    endloop
  endfacet
  facet normal 0.59358 0.700235 0.396653
    outer loop
      vertex 24.0266 -0.33706 18.3867707
      vertex 23.7857 -0.33706 18.7472707
      vertex 24.1759 -0.888859 19.1374707
    endloop
  endfacet
  facet normal -0.180711 0.376456 0.908639
    outer loop
      vertex -23 -0.888859 19.6244707
      vertex -23.7507 -1.60982 19.7738707
      vertex -23 -1.60982 19.9231707
    endloop
  endfacet
  facet normal -0.0758369 0.921208 0.381608
    outer loop
      vertex -23 -0.0384293 18.3517707
      vertex -23.4252 -0.33706 18.9881707
      vertex -23 -0.33706 19.0726707
    endloop
  endfacet
  facet normal -0.0759046 0.921219 0.381568
    outer loop
      vertex -23.1493 -0.0384293 18.3220707
      vertex -23.4252 -0.33706 18.9881707
      vertex -23 -0.0384293 18.3517707
    endloop
  endfacet
  facet normal -0.770256 -0.376365 0.514835
    outer loop
      vertex -24.387 -308.39 19.3485707
      vertex -24.8123 -308.39 18.7122707
      vertex -24.5364 -309.111 18.5979707
    endloop
  endfacet
  facet normal -0.770355 -0.376266 0.51476
    outer loop
      vertex -24.387 -308.39 19.3485707
      vertex -24.5364 -309.111 18.5979707
      vertex -24.1759 -309.111 19.1374707
    endloop
  endfacet
  facet normal -0.700235 0.700212 0.139189
    outer loop
      vertex -24.0266 -0.33706 18.3867707
      vertex -24.6629 -0.888859 17.9615707
      vertex -24.5364 -0.888859 18.5979707
    endloop
  endfacet
  facet normal -0.980791 0 0.195061
    outer loop
      vertex -24.9616 -308.39 17.9615707
      vertex -24.8123 -1.60982 18.7122707
      vertex -24.9616 -1.60982 17.9615707
    endloop
  endfacet
  facet normal -0.980791 0 0.195061
    outer loop
      vertex -24.8123 -1.60982 18.7122707
      vertex -24.9616 -308.39 17.9615707
      vertex -24.8123 -308.39 18.7122707
    endloop
  endfacet
  facet normal -0.923849 0.382758 0
    outer loop
      vertex -24.9616 -1.60982 1.9615707
      vertex -24.6629 -0.888859 17.9615707
      vertex -24.6629 -0.888859 1.9615707
    endloop
  endfacet
  facet normal -0.923849 0.382758 0
    outer loop
      vertex -24.6629 -0.888859 17.9615707
      vertex -24.9616 -1.60982 1.9615707
      vertex -24.9616 -1.60982 17.9615707
    endloop
  endfacet
  facet normal 0.923856 -0.38274 0
    outer loop
      vertex 24.6629 -309.111 17.9615707
      vertex 24.9616 -308.39 1.9615707
      vertex 24.9616 -308.39 17.9615707
    endloop
  endfacet
  facet normal 0.923856 -0.38274 0
    outer loop
      vertex 24.9616 -308.39 1.9615707
      vertex 24.6629 -309.111 17.9615707
      vertex 24.6629 -309.111 1.9615707
    endloop
  endfacet
  facet normal 0.707235 -0.706979 0
    outer loop
      vertex 24.1111 -309.663 1.9615707
      vertex 24.6629 -309.111 17.9615707
      vertex 24.1111 -309.663 17.9615707
    endloop
  endfacet
  facet normal 0.707235 -0.706979 0
    outer loop
      vertex 24.6629 -309.111 17.9615707
      vertex 24.1111 -309.663 1.9615707
      vertex 24.6629 -309.111 1.9615707
    endloop
  endfacet
  facet normal 0.39669 -0.700087 -0.593731
    outer loop
      vertex 23.7857 -309.663 1.1758707
      vertex 23.4252 -309.663 0.9350097
      vertex 24.1759 -309.111 0.7856947
    endloop
  endfacet
  facet normal 0.593682 -0.700098 -0.396743
    outer loop
      vertex 24.0266 -309.663 1.5363507
      vertex 23.7857 -309.663 1.1758707
      vertex 24.1759 -309.111 0.7856947
    endloop
  endfacet
  facet normal 0.18074 -0.376366 -0.90867
    outer loop
      vertex 23.6364 -309.111 0.4252147
      vertex 23 -309.111 0.2986307
      vertex 23.7507 -308.39 0.1493157
    endloop
  endfacet
  facet normal 0.514763 -0.37637 -0.770302
    outer loop
      vertex 24.387 -308.39 0.5745307
      vertex 23.6364 -309.111 0.4252147
      vertex 23.7507 -308.39 0.1493157
    endloop
  endfacet
  facet normal -0.382008 -0.921036 0.0759165
    outer loop
      vertex -24.0266 -309.663 18.3867707
      vertex -24.1111 -309.663 17.9615707
      vertex -23.3902 -309.962 17.9615707
    endloop
  endfacet
  facet normal -0.216363 -0.921043 -0.323833
    outer loop
      vertex -23.2759 -309.962 1.6856707
      vertex -23.7857 -309.663 1.1758707
      vertex -23.4252 -309.663 0.9350097
    endloop
  endfacet
  facet normal -0.396702 -0.700097 -0.59371
    outer loop
      vertex -23.4252 -309.663 0.9350097
      vertex -24.1759 -309.111 0.7856947
      vertex -23.6364 -309.111 0.4252147
    endloop
  endfacet
  facet normal -0.39669 -0.700087 -0.593731
    outer loop
      vertex -23.7857 -309.663 1.1758707
      vertex -24.1759 -309.111 0.7856947
      vertex -23.4252 -309.663 0.9350097
    endloop
  endfacet
  facet normal 0.382008 -0.921036 -0.0759129
    outer loop
      vertex 24.1111 -309.663 1.9615707
      vertex 23.3902 -309.962 1.9615707
      vertex 24.0266 -309.663 1.5363507
    endloop
  endfacet
  facet normal -0.216384 -0.921045 0.323813
    outer loop
      vertex -23.4252 -309.663 18.9881707
      vertex -23.7857 -309.663 18.7472707
      vertex -23.2759 -309.962 18.2374707
    endloop
  endfacet
  facet normal -0.396724 -0.700105 0.593686
    outer loop
      vertex -23.4252 -309.663 18.9881707
      vertex -24.1759 -309.111 19.1374707
      vertex -23.7857 -309.663 18.7472707
    endloop
  endfacet
  facet normal -0.514835 -0.376365 0.770256
    outer loop
      vertex -23.7507 -308.39 19.7738707
      vertex -24.387 -308.39 19.3485707
      vertex -23.6364 -309.111 19.4979707
    endloop
  endfacet
  facet normal -0.51476 -0.376266 0.770355
    outer loop
      vertex -23.6364 -309.111 19.4979707
      vertex -24.387 -308.39 19.3485707
      vertex -24.1759 -309.111 19.1374707
    endloop
  endfacet
  facet normal 0.0759843 -0.921047 0.381968
    outer loop
      vertex 23.4252 -309.663 18.9881707
      vertex 23 -309.962 18.3517707
      vertex 23.1493 -309.962 18.3220707
    endloop
  endfacet
  facet normal 0 1 0
    outer loop
      vertex 23.3902 -0.0384293 17.9615707
      vertex 23 -0.0384293 18.3517707
      vertex 23.1493 -0.0384293 18.3220707
    endloop
  endfacet
  facet normal 0 1 0
    outer loop
      vertex 23 -0.0384293 18.3517707
      vertex 23 -0.0384293 1.5713907
      vertex -23 -0.0384293 18.3517707
    endloop
  endfacet
  facet normal 0 1 0
    outer loop
      vertex 23.3902 -0.0384293 17.9615707
      vertex 23.1493 -0.0384293 18.3220707
      vertex 23.2759 -0.0384293 18.2374707
    endloop
  endfacet
  facet normal 0 1 0
    outer loop
      vertex -23 -0.0384293 1.5713907
      vertex -23 -0.0384293 18.3517707
      vertex 23 -0.0384293 1.5713907
    endloop
  endfacet
  facet normal 0 1 0
    outer loop
      vertex 23.3902 -0.0384293 17.9615707
      vertex 23.2759 -0.0384293 18.2374707
      vertex 23.3605 -0.0384293 18.1108707
    endloop
  endfacet
  facet normal 0 1 0
    outer loop
      vertex 23 -0.0384293 18.3517707
      vertex 23.3902 -0.0384293 17.9615707
      vertex 23 -0.0384293 1.5713907
    endloop
  endfacet
  facet normal -0 1 0
    outer loop
      vertex -23.3902 -0.0384293 17.9615707
      vertex -23 -0.0384293 18.3517707
      vertex -23 -0.0384293 1.5713907
    endloop
  endfacet
  facet normal 0 1 0
    outer loop
      vertex -23.2759 -0.0384293 18.2374707
      vertex -23.3902 -0.0384293 17.9615707
      vertex -23.3605 -0.0384293 18.1108707
    endloop
  endfacet
  facet normal 0 1 0
    outer loop
      vertex 23 -0.0384293 1.5713907
      vertex 23.3902 -0.0384293 17.9615707
      vertex 23.3902 -0.0384293 1.9615707
    endloop
  endfacet
  facet normal 0 1 0
    outer loop
      vertex -23 -0.0384293 18.3517707
      vertex -23.3902 -0.0384293 17.9615707
      vertex -23.1493 -0.0384293 18.3220707
    endloop
  endfacet
  facet normal 0 1 0
    outer loop
      vertex 23 -0.0384293 1.5713907
      vertex 23.3902 -0.0384293 1.9615707
      vertex 23.3605 -0.0384293 1.8122507
    endloop
  endfacet
  facet normal 0 1 0
    outer loop
      vertex -23.1493 -0.0384293 18.3220707
      vertex -23.3902 -0.0384293 17.9615707
      vertex -23.2759 -0.0384293 18.2374707
    endloop
  endfacet
  facet normal 0 1 0
    outer loop
      vertex 23 -0.0384293 1.5713907
      vertex 23.3605 -0.0384293 1.8122507
      vertex 23.2759 -0.0384293 1.6856707
    endloop
  endfacet
  facet normal 0 1 0
    outer loop
      vertex -23.3902 -0.0384293 17.9615707
      vertex -23 -0.0384293 1.5713907
      vertex -23.3902 -0.0384293 1.9615707
    endloop
  endfacet
  facet normal 0 1 0
    outer loop
      vertex 23 -0.0384293 1.5713907
      vertex 23.2759 -0.0384293 1.6856707
      vertex 23.1493 -0.0384293 1.6010907
    endloop
  endfacet
  facet normal 0 1 0
    outer loop
      vertex -23.3902 -0.0384293 1.9615707
      vertex -23 -0.0384293 1.5713907
      vertex -23.3605 -0.0384293 1.8122507
    endloop
  endfacet
  facet normal 0 1 0
    outer loop
      vertex -23.3605 -0.0384293 1.8122507
      vertex -23 -0.0384293 1.5713907
      vertex -23.2759 -0.0384293 1.6856707
    endloop
  endfacet
  facet normal 0 1 0
    outer loop
      vertex -23.2759 -0.0384293 1.6856707
      vertex -23 -0.0384293 1.5713907
      vertex -23.1493 -0.0384293 1.6010907
    endloop
  endfacet
  facet normal -0.0759028 0.921215 -0.381578
    outer loop
      vertex -23 -0.33706 0.8504297
      vertex -23.4252 -0.33706 0.9350097
      vertex -23 -0.0384293 1.5713907
    endloop
  endfacet
  facet normal -0.139285 0.700214 -0.700214
    outer loop
      vertex -23 -0.888859 0.2986307
      vertex -23.4252 -0.33706 0.9350097
      vertex -23 -0.33706 0.8504297
    endloop
  endfacet
  facet normal -0.139277 0.700218 -0.700212
    outer loop
      vertex -23 -0.888859 0.2986307
      vertex -23.6364 -0.888859 0.4252147
      vertex -23.4252 -0.33706 0.9350097
    endloop
  endfacet
  facet normal 0.700227 0.700228 -0.13915
    outer loop
      vertex 24.6629 -0.888859 1.9615707
      vertex 24.0266 -0.33706 1.5363507
      vertex 24.1111 -0.33706 1.9615707
    endloop
  endfacet
  facet normal 0.707106 0.707107 0
    outer loop
      vertex 24.6629 -0.888859 17.9615707
      vertex 24.1111 -0.33706 1.9615707
      vertex 24.1111 -0.33706 17.9615707
    endloop
  endfacet
  facet normal 0.707106 0.707107 0
    outer loop
      vertex 24.1111 -0.33706 1.9615707
      vertex 24.6629 -0.888859 17.9615707
      vertex 24.6629 -0.888859 1.9615707
    endloop
  endfacet
  facet normal 0.323473 0.921217 0.216157
    outer loop
      vertex 24.0266 -0.33706 18.3867707
      vertex 23.2759 -0.0384293 18.2374707
      vertex 23.7857 -0.33706 18.7472707
    endloop
  endfacet
  facet normal 0.216157 0.921217 0.323473
    outer loop
      vertex 23.7857 -0.33706 18.7472707
      vertex 23.2759 -0.0384293 18.2374707
      vertex 23.4252 -0.33706 18.9881707
    endloop
  endfacet
  facet normal 0.593593 0.700228 0.396646
    outer loop
      vertex 24.5364 -0.888859 18.5979707
      vertex 24.0266 -0.33706 18.3867707
      vertex 24.1759 -0.888859 19.1374707
    endloop
  endfacet
  facet normal 0.770349 0.376283 0.514756
    outer loop
      vertex 24.5364 -0.888859 18.5979707
      vertex 24.1759 -0.888859 19.1374707
      vertex 24.387 -1.60982 19.3485707
    endloop
  endfacet
  facet normal -0.700226 0.700228 0.139156
    outer loop
      vertex -24.1111 -0.33706 17.9615707
      vertex -24.6629 -0.888859 17.9615707
      vertex -24.0266 -0.33706 18.3867707
    endloop
  endfacet
  facet normal -0.323812 -0.921044 0.216386
    outer loop
      vertex -23.2759 -309.962 18.2374707
      vertex -24.0266 -309.663 18.3867707
      vertex -23.3605 -309.962 18.1108707
    endloop
  endfacet
  facet normal 0.383114 -0.923701 0
    outer loop
      vertex 23.3902 -309.962 1.9615707
      vertex 24.1111 -309.663 17.9615707
      vertex 23.3902 -309.962 17.9615707
    endloop
  endfacet
  facet normal 0.383114 -0.923701 0
    outer loop
      vertex 24.1111 -309.663 17.9615707
      vertex 23.3902 -309.962 1.9615707
      vertex 24.1111 -309.663 1.9615707
    endloop
  endfacet
  facet normal -0.075986 -0.921043 -0.381977
    outer loop
      vertex -23.1493 -309.962 1.6010907
      vertex -23.4252 -309.663 0.9350097
      vertex -23 -309.962 1.5713907
    endloop
  endfacet
  facet normal -0.216351 -0.921044 -0.323836
    outer loop
      vertex -23.2759 -309.962 1.6856707
      vertex -23.4252 -309.663 0.9350097
      vertex -23.1493 -309.962 1.6010907
    endloop
  endfacet
  facet normal -0.396619 0.700217 -0.593625
    outer loop
      vertex -23.4252 -0.33706 0.9350097
      vertex -24.1759 -0.888859 0.7856947
      vertex -23.7857 -0.33706 1.1758707
    endloop
  endfacet
  facet normal -0.593576 0.700228 -0.396672
    outer loop
      vertex -23.7857 -0.33706 1.1758707
      vertex -24.1759 -0.888859 0.7856947
      vertex -24.0266 -0.33706 1.5363507
    endloop
  endfacet
  facet normal 0.90869 0.376372 -0.18063
    outer loop
      vertex 24.8123 -1.60982 1.2109107
      vertex 24.5364 -0.888859 1.3251907
      vertex 24.6629 -0.888859 1.9615707
    endloop
  endfacet
  facet normal 0.700239 0.700208 -0.139194
    outer loop
      vertex 24.5364 -0.888859 1.3251907
      vertex 24.0266 -0.33706 1.5363507
      vertex 24.6629 -0.888859 1.9615707
    endloop
  endfacet
  facet normal 0.381972 -0.921046 -0.0759748
    outer loop
      vertex 23.3902 -309.962 1.9615707
      vertex 23.3605 -309.962 1.8122507
      vertex 24.0266 -309.663 1.5363507
    endloop
  endfacet
  facet normal 0.382008 -0.921036 0.0759165
    outer loop
      vertex 24.0266 -309.663 18.3867707
      vertex 23.3902 -309.962 17.9615707
      vertex 24.1111 -309.663 17.9615707
    endloop
  endfacet
  facet normal 0.381968 -0.921047 0.0759843
    outer loop
      vertex 24.0266 -309.663 18.3867707
      vertex 23.3605 -309.962 18.1108707
      vertex 23.3902 -309.962 17.9615707
    endloop
  endfacet
  facet normal -0.323806 -0.921045 -0.216391
    outer loop
      vertex -23.2759 -309.962 1.6856707
      vertex -24.0266 -309.663 1.5363507
      vertex -23.7857 -309.663 1.1758707
    endloop
  endfacet
  facet normal -0.593682 -0.700098 -0.396743
    outer loop
      vertex -24.0266 -309.663 1.5363507
      vertex -24.1759 -309.111 0.7856947
      vertex -23.7857 -309.663 1.1758707
    endloop
  endfacet
  facet normal -0.216124 0.921217 -0.323497
    outer loop
      vertex -23.1493 -0.0384293 1.6010907
      vertex -23.4252 -0.33706 0.9350097
      vertex -23.2759 -0.0384293 1.6856707
    endloop
  endfacet
endsolid OpenSCAD_Model
