solid OpenSCAD_Model
  facet normal 0.843611 0.226067 0.487045
    outer loop
      vertex 7.923 -0.236097 7.6511359
      vertex 7.82214 -0.294332 7.8528659
      vertex 7.98124 -0.45343 7.6511359
    endloop
  endfacet
  facet normal -0.843606 0.226043 -0.487066
    outer loop
      vertex -7.86477 -0.45343 0.1164689
      vertex -7.98124 -0.45343 0.3181969
      vertex -7.82214 -0.294332 0.1164689
    endloop
  endfacet
  facet normal 0.843609 0.226067 -0.487049
    outer loop
      vertex 7.98124 -0.45343 0.3181969
      vertex 7.82214 -0.294332 0.1164689
      vertex 7.923 -0.236097 0.3181969
    endloop
  endfacet
  facet normal 0 -0.866023 0.500004
    outer loop
      vertex -7.52046 -5.98467 7.6511359
      vertex 7.52046 -5.8682 7.8528659
      vertex -7.52046 -5.8682 7.8528659
    endloop
  endfacet
  facet normal 0 -0.866023 0.500004
    outer loop
      vertex 7.52046 -5.8682 7.8528659
      vertex -7.52046 -5.98467 7.6511359
      vertex 7.52046 -5.98467 7.6511359
    endloop
  endfacet
  facet normal 0.860472 0.113047 0.496798
    outer loop
      vertex 7.8682 -0.479538 7.8528659
      vertex 7.98124 -0.45343 7.6511359
      vertex 7.86477 -0.45343 7.8528659
    endloop
  endfacet
  facet normal 0.860472 0.113047 0.496798
    outer loop
      vertex 7.98124 -0.45343 7.6511359
      vertex 7.8682 -0.479538 7.8528659
      vertex 7.98467 -0.479538 7.6511359
    endloop
  endfacet
  facet normal -0.707103 0.707111 0
    outer loop
      vertex -7.923 -0.236097 0.3181969
      vertex -7.7639 -0.0769987 7.6511359
      vertex -7.7639 -0.0769987 0.3181969
    endloop
  endfacet
  facet normal -0.707103 0.707111 0
    outer loop
      vertex -7.7639 -0.0769987 7.6511359
      vertex -7.923 -0.236097 0.3181969
      vertex -7.923 -0.236097 7.6511359
    endloop
  endfacet
  facet normal 0.617565 0.617572 -0.487051
    outer loop
      vertex 7.923 -0.236097 0.3181969
      vertex 7.70567 -0.177863 0.1164689
      vertex 7.7639 -0.0769987 0.3181969
    endloop
  endfacet
  facet normal 0.617566 0.617571 -0.487051
    outer loop
      vertex 7.70567 -0.177863 0.1164689
      vertex 7.923 -0.236097 0.3181969
      vertex 7.82214 -0.294332 0.1164689
    endloop
  endfacet
  facet normal -0.707107 -0.707107 0
    outer loop
      vertex -7.7639 -5.923 0.3181969
      vertex -7.923 -5.7639 7.6511359
      vertex -7.923 -5.7639 0.3181969
    endloop
  endfacet
  facet normal -0.707107 -0.707107 0
    outer loop
      vertex -7.923 -5.7639 7.6511359
      vertex -7.7639 -5.923 0.3181969
      vertex -7.7639 -5.923 7.6511359
    endloop
  endfacet
  facet normal -0 0.499973 0.866041
    outer loop
      vertex 3.8682 -0.1318 7.8528659
      vertex 7.52046 -0.333529 7.9693259
      vertex 7.52046 -0.1318 7.8528659
    endloop
  endfacet
  facet normal 0 0.499973 0.866041
    outer loop
      vertex 7.52046 -0.333529 7.9693259
      vertex 3.8682 -0.1318 7.8528659
      vertex 3.66647 -0.333529 7.9693259
    endloop
  endfacet
  facet normal 0 0.499973 0.866041
    outer loop
      vertex -7.52046 -0.333529 7.9693259
      vertex -3.8682 -0.1318 7.8528659
      vertex -7.52046 -0.1318 7.8528659
    endloop
  endfacet
  facet normal 0 0.499973 0.866041
    outer loop
      vertex -3.8682 -0.1318 7.8528659
      vertex -7.52046 -0.333529 7.9693259
      vertex -3.66647 -0.333529 7.9693259
    endloop
  endfacet
  facet normal -0.130248 -0.991481 0
    outer loop
      vertex -7.54657 -5.98124 0.3181969
      vertex -7.52046 -5.98467 7.6511359
      vertex -7.54657 -5.98124 7.6511359
    endloop
  endfacet
  facet normal -0.130248 -0.991481 -0
    outer loop
      vertex -7.52046 -5.98467 7.6511359
      vertex -7.54657 -5.98124 0.3181969
      vertex -7.52046 -5.98467 0.3181969
    endloop
  endfacet
  facet normal -0.132832 -0.495503 0.85839
    outer loop
      vertex -7.6048 -5.64743 7.9693259
      vertex -7.70567 -5.82214 7.8528659
      vertex -7.54657 -5.66304 7.9693259
    endloop
  endfacet
  facet normal 0.965919 0.258843 0
    outer loop
      vertex 7.98124 -0.45343 7.6511359
      vertex 7.923 -0.236097 0.3181969
      vertex 7.923 -0.236097 7.6511359
    endloop
  endfacet
  facet normal 0.965919 0.258843 0
    outer loop
      vertex 7.923 -0.236097 0.3181969
      vertex 7.98124 -0.45343 7.6511359
      vertex 7.98124 -0.45343 0.3181969
    endloop
  endfacet
  facet normal 0.258846 -0.965918 0
    outer loop
      vertex 7.54657 -5.98124 0.3181969
      vertex 7.7639 -5.923 7.6511359
      vertex 7.54657 -5.98124 7.6511359
    endloop
  endfacet
  facet normal 0.258846 -0.965918 0
    outer loop
      vertex 7.7639 -5.923 7.6511359
      vertex 7.54657 -5.98124 0.3181969
      vertex 7.7639 -5.923 0.3181969
    endloop
  endfacet
  facet normal 0.843608 0.226043 0.487062
    outer loop
      vertex 7.98124 -0.45343 7.6511359
      vertex 7.82214 -0.294332 7.8528659
      vertex 7.86477 -0.45343 7.8528659
    endloop
  endfacet
  facet normal 0.49551 0.132825 0.858387
    outer loop
      vertex 7.82214 -0.294332 7.8528659
      vertex 7.64743 -0.395196 7.9693259
      vertex 7.66304 -0.45343 7.9693259
    endloop
  endfacet
  facet normal 0.132786 0.495574 -0.858355
    outer loop
      vertex 7.70567 -0.177863 0.1164689
      vertex 7.54657 -0.336962 0
      vertex 7.54657 -0.135233 0.1164689
    endloop
  endfacet
  facet normal 0.498925 0.0655474 -0.864163
    outer loop
      vertex 7.66647 -0.479538 0
      vertex 7.86477 -0.45343 0.1164689
      vertex 7.8682 -0.479538 0.1164689
    endloop
  endfacet
  facet normal 0.498925 0.0655474 -0.864163
    outer loop
      vertex 7.86477 -0.45343 0.1164689
      vertex 7.66647 -0.479538 0
      vertex 7.66304 -0.45343 0
    endloop
  endfacet
  facet normal -0.22604 -0.843609 0.487062
    outer loop
      vertex -7.54657 -5.86477 7.8528659
      vertex -7.70567 -5.82214 7.8528659
      vertex -7.54657 -5.98124 7.6511359
    endloop
  endfacet
  facet normal 0.113038 -0.860471 -0.496803
    outer loop
      vertex 7.52046 -5.8682 0.1164689
      vertex 7.54657 -5.98124 0.3181969
      vertex 7.52046 -5.98467 0.3181969
    endloop
  endfacet
  facet normal 0.113038 -0.860471 -0.496803
    outer loop
      vertex 7.54657 -5.98124 0.3181969
      vertex 7.52046 -5.8682 0.1164689
      vertex 7.54657 -5.86477 0.1164689
    endloop
  endfacet
  facet normal 0.13279 0.495538 0.858376
    outer loop
      vertex 7.70567 -0.177863 7.8528659
      vertex 7.54657 -0.336962 7.9693259
      vertex 7.6048 -0.352566 7.9693259
    endloop
  endfacet
  facet normal -0.617567 0.617573 0.487047
    outer loop
      vertex -7.923 -0.236097 7.6511359
      vertex -7.70567 -0.177863 7.8528659
      vertex -7.7639 -0.0769987 7.6511359
    endloop
  endfacet
  facet normal -0.617567 0.617572 0.487048
    outer loop
      vertex -7.70567 -0.177863 7.8528659
      vertex -7.923 -0.236097 7.6511359
      vertex -7.82214 -0.294332 7.8528659
    endloop
  endfacet
  facet normal -1 0 0
    outer loop
      vertex -7.98467 -5.52046 0.3181969
      vertex -7.98467 -0.479538 7.6511359
      vertex -7.98467 -0.479538 0.3181969
    endloop
  endfacet
  facet normal -1 -0 0
    outer loop
      vertex -7.98467 -0.479538 7.6511359
      vertex -7.98467 -5.52046 0.3181969
      vertex -7.98467 -5.52046 7.6511359
    endloop
  endfacet
  facet normal -0.991481 -0.130248 0
    outer loop
      vertex -7.98124 -5.54657 0.3181969
      vertex -7.98467 -5.52046 7.6511359
      vertex -7.98467 -5.52046 0.3181969
    endloop
  endfacet
  facet normal -0.991481 -0.130248 0
    outer loop
      vertex -7.98467 -5.52046 7.6511359
      vertex -7.98124 -5.54657 0.3181969
      vertex -7.98124 -5.54657 7.6511359
    endloop
  endfacet
  facet normal -0.362759 0.362759 0.858377
    outer loop
      vertex -7.70567 -0.177863 7.8528659
      vertex -7.64743 -0.395196 7.9693259
      vertex -7.6048 -0.352566 7.9693259
    endloop
  endfacet
  facet normal -0.362757 0.36276 0.858378
    outer loop
      vertex -7.64743 -0.395196 7.9693259
      vertex -7.70567 -0.177863 7.8528659
      vertex -7.82214 -0.294332 7.8528659
    endloop
  endfacet
  facet normal 0.5 0 -0.866025
    outer loop
      vertex 7.66647 -5.52046 0
      vertex 7.8682 -0.479538 0.1164689
      vertex 7.8682 -5.52046 0.1164689
    endloop
  endfacet
  facet normal 0.5 0 -0.866025
    outer loop
      vertex 7.8682 -0.479538 0.1164689
      vertex 7.66647 -5.52046 0
      vertex 7.66647 -0.479538 0
    endloop
  endfacet
  facet normal -0.495538 0.132832 -0.858369
    outer loop
      vertex -7.66304 -0.45343 0
      vertex -7.82214 -0.294332 0.1164689
      vertex -7.64743 -0.395196 0
    endloop
  endfacet
  facet normal 0 0.866024 -0.500003
    outer loop
      vertex -7.52046 -0.1318 0.1164689
      vertex -3.98467 -0.0153313 0.3181969
      vertex -3.8682 -0.1318 0.1164689
    endloop
  endfacet
  facet normal 0 0.866024 -0.500003
    outer loop
      vertex -3.98467 -0.0153313 0.3181969
      vertex -7.52046 -0.1318 0.1164689
      vertex -7.52046 -0.0153313 0.3181969
    endloop
  endfacet
  facet normal 0 0.866024 -0.500003
    outer loop
      vertex 7.52046 -0.1318 0.1164689
      vertex 3.98467 -0.0153313 0.3181969
      vertex 7.52046 -0.0153313 0.3181969
    endloop
  endfacet
  facet normal 0 0.866024 -0.500003
    outer loop
      vertex 3.98467 -0.0153313 0.3181969
      vertex 7.52046 -0.1318 0.1164689
      vertex 3.8682 -0.1318 0.1164689
    endloop
  endfacet
  facet normal 0.226048 0.84361 -0.487056
    outer loop
      vertex 7.70567 -0.177863 0.1164689
      vertex 7.54657 -0.0187645 0.3181969
      vertex 7.7639 -0.0769987 0.3181969
    endloop
  endfacet
  facet normal 0.226041 0.843609 -0.487061
    outer loop
      vertex 7.70567 -0.177863 0.1164689
      vertex 7.54657 -0.135233 0.1164689
      vertex 7.54657 -0.0187645 0.3181969
    endloop
  endfacet
  facet normal -0 0.866026 0.499999
    outer loop
      vertex 3.98467 -0.0153313 7.6511359
      vertex 7.52046 -0.1318 7.8528659
      vertex 7.52046 -0.0153313 7.6511359
    endloop
  endfacet
  facet normal 0 0.866026 0.499999
    outer loop
      vertex 7.52046 -0.1318 7.8528659
      vertex 3.98467 -0.0153313 7.6511359
      vertex 3.8682 -0.1318 7.8528659
    endloop
  endfacet
  facet normal 0 0.866026 0.499999
    outer loop
      vertex -3.98467 -0.0153313 7.6511359
      vertex -7.52046 -0.1318 7.8528659
      vertex -3.8682 -0.1318 7.8528659
    endloop
  endfacet
  facet normal 0 0.866026 0.499999
    outer loop
      vertex -7.52046 -0.1318 7.8528659
      vertex -3.98467 -0.0153313 7.6511359
      vertex -7.52046 -0.0153313 7.6511359
    endloop
  endfacet
  facet normal -0.113142 0.860463 -0.496793
    outer loop
      vertex -7.52046 -0.1318 0.1164689
      vertex -7.54657 -0.0187645 0.3181969
      vertex -7.52046 -0.0153313 0.3181969
    endloop
  endfacet
  facet normal -0.113136 0.860464 -0.496792
    outer loop
      vertex -7.54657 -0.0187645 0.3181969
      vertex -7.52046 -0.1318 0.1164689
      vertex -7.54657 -0.135233 0.1164689
    endloop
  endfacet
  facet normal -0.495545 -0.132779 0.858374
    outer loop
      vertex -7.66304 -5.54657 7.9693259
      vertex -7.86477 -5.54657 7.8528659
      vertex -7.82214 -5.70567 7.8528659
    endloop
  endfacet
  facet normal -0.22604 -0.843607 -0.487066
    outer loop
      vertex -7.54657 -5.98124 0.3181969
      vertex -7.70567 -5.82214 0.1164689
      vertex -7.54657 -5.86477 0.1164689
    endloop
  endfacet
  facet normal -0.99148 0.130258 0
    outer loop
      vertex -7.98467 -0.479538 0.3181969
      vertex -7.98124 -0.45343 7.6511359
      vertex -7.98124 -0.45343 0.3181969
    endloop
  endfacet
  facet normal -0.99148 0.130258 0
    outer loop
      vertex -7.98124 -0.45343 7.6511359
      vertex -7.98467 -0.479538 0.3181969
      vertex -7.98467 -0.479538 7.6511359
    endloop
  endfacet
  facet normal -0.258846 -0.965918 0
    outer loop
      vertex -7.7639 -5.923 0.3181969
      vertex -7.54657 -5.98124 7.6511359
      vertex -7.7639 -5.923 7.6511359
    endloop
  endfacet
  facet normal -0.258846 -0.965918 -0
    outer loop
      vertex -7.54657 -5.98124 7.6511359
      vertex -7.7639 -5.923 0.3181969
      vertex -7.54657 -5.98124 0.3181969
    endloop
  endfacet
  facet normal -0.843608 0.226043 0.487062
    outer loop
      vertex -7.82214 -0.294332 7.8528659
      vertex -7.98124 -0.45343 7.6511359
      vertex -7.86477 -0.45343 7.8528659
    endloop
  endfacet
  facet normal -0.843607 -0.22604 -0.487066
    outer loop
      vertex -7.82214 -5.70567 0.1164689
      vertex -7.98124 -5.54657 0.3181969
      vertex -7.86477 -5.54657 0.1164689
    endloop
  endfacet
  facet normal -0.860471 -0.113038 -0.496803
    outer loop
      vertex -7.86477 -5.54657 0.1164689
      vertex -7.98467 -5.52046 0.3181969
      vertex -7.8682 -5.52046 0.1164689
    endloop
  endfacet
  facet normal -0.860471 -0.113038 -0.496803
    outer loop
      vertex -7.98467 -5.52046 0.3181969
      vertex -7.86477 -5.54657 0.1164689
      vertex -7.98124 -5.54657 0.3181969
    endloop
  endfacet
  facet normal -0.226041 0.843609 -0.487061
    outer loop
      vertex -7.54657 -0.135233 0.1164689
      vertex -7.70567 -0.177863 0.1164689
      vertex -7.54657 -0.0187645 0.3181969
    endloop
  endfacet
  facet normal 0.991481 -0.130248 0
    outer loop
      vertex 7.98124 -5.54657 7.6511359
      vertex 7.98467 -5.52046 0.3181969
      vertex 7.98467 -5.52046 7.6511359
    endloop
  endfacet
  facet normal 0.991481 -0.130248 0
    outer loop
      vertex 7.98467 -5.52046 0.3181969
      vertex 7.98124 -5.54657 7.6511359
      vertex 7.98124 -5.54657 0.3181969
    endloop
  endfacet
  facet normal 0 -0.5 -0.866025
    outer loop
      vertex -7.52046 -5.8682 0.1164689
      vertex 7.52046 -5.66647 0
      vertex 7.52046 -5.8682 0.1164689
    endloop
  endfacet
  facet normal -0 -0.5 -0.866025
    outer loop
      vertex 7.52046 -5.66647 0
      vertex -7.52046 -5.8682 0.1164689
      vertex -7.52046 -5.66647 0
    endloop
  endfacet
  facet normal -0.065596 0.498896 0.864176
    outer loop
      vertex -7.54657 -0.135233 7.8528659
      vertex -7.52046 -0.333529 7.9693259
      vertex -7.52046 -0.1318 7.8528659
    endloop
  endfacet
  facet normal -0.065596 0.498896 0.864176
    outer loop
      vertex -7.52046 -0.333529 7.9693259
      vertex -7.54657 -0.135233 7.8528659
      vertex -7.54657 -0.336962 7.9693259
    endloop
  endfacet
  facet normal -0.866023 0 0.500004
    outer loop
      vertex -7.98467 -5.52046 7.6511359
      vertex -7.8682 -0.479538 7.8528659
      vertex -7.98467 -0.479538 7.6511359
    endloop
  endfacet
  facet normal -0.866023 0 0.500004
    outer loop
      vertex -7.8682 -0.479538 7.8528659
      vertex -7.98467 -5.52046 7.6511359
      vertex -7.8682 -5.52046 7.8528659
    endloop
  endfacet
  facet normal -0.843609 -0.22604 0.487062
    outer loop
      vertex -7.86477 -5.54657 7.8528659
      vertex -7.98124 -5.54657 7.6511359
      vertex -7.82214 -5.70567 7.8528659
    endloop
  endfacet
  facet normal 0.362757 0.36276 0.858378
    outer loop
      vertex 7.70567 -0.177863 7.8528659
      vertex 7.64743 -0.395196 7.9693259
      vertex 7.82214 -0.294332 7.8528659
    endloop
  endfacet
  facet normal 0.362759 0.362759 0.858377
    outer loop
      vertex 7.64743 -0.395196 7.9693259
      vertex 7.70567 -0.177863 7.8528659
      vertex 7.6048 -0.352566 7.9693259
    endloop
  endfacet
  facet normal 0.132779 -0.495545 0.858374
    outer loop
      vertex 7.54657 -5.66304 7.9693259
      vertex 7.54657 -5.86477 7.8528659
      vertex 7.70567 -5.82214 7.8528659
    endloop
  endfacet
  facet normal -0.113038 -0.860473 0.496799
    outer loop
      vertex -7.54657 -5.98124 7.6511359
      vertex -7.52046 -5.8682 7.8528659
      vertex -7.54657 -5.86477 7.8528659
    endloop
  endfacet
  facet normal -0.113038 -0.860473 0.496799
    outer loop
      vertex -7.52046 -5.8682 7.8528659
      vertex -7.54657 -5.98124 7.6511359
      vertex -7.52046 -5.98467 7.6511359
    endloop
  endfacet
  facet normal 1 -0 0
    outer loop
      vertex 7.98467 -5.52046 7.6511359
      vertex 7.98467 -0.479538 0.3181969
      vertex 7.98467 -0.479538 7.6511359
    endloop
  endfacet
  facet normal 1 0 0
    outer loop
      vertex 7.98467 -0.479538 0.3181969
      vertex 7.98467 -5.52046 7.6511359
      vertex 7.98467 -5.52046 0.3181969
    endloop
  endfacet
  facet normal 0.99148 0.130258 0
    outer loop
      vertex 7.98467 -0.479538 7.6511359
      vertex 7.98124 -0.45343 0.3181969
      vertex 7.98124 -0.45343 7.6511359
    endloop
  endfacet
  facet normal 0.99148 0.130258 0
    outer loop
      vertex 7.98124 -0.45343 0.3181969
      vertex 7.98467 -0.479538 7.6511359
      vertex 7.98467 -0.479538 0.3181969
    endloop
  endfacet
  facet normal 0.495572 0.132788 -0.858356
    outer loop
      vertex 7.86477 -0.45343 0.1164689
      vertex 7.66304 -0.45343 0
      vertex 7.82214 -0.294332 0.1164689
    endloop
  endfacet
  facet normal 0.843606 0.226043 -0.487066
    outer loop
      vertex 7.86477 -0.45343 0.1164689
      vertex 7.82214 -0.294332 0.1164689
      vertex 7.98124 -0.45343 0.3181969
    endloop
  endfacet
  facet normal 0.226048 0.843612 0.487053
    outer loop
      vertex 7.7639 -0.0769987 7.6511359
      vertex 7.54657 -0.0187645 7.6511359
      vertex 7.70567 -0.177863 7.8528659
    endloop
  endfacet
  facet normal 0.707103 0.707111 0
    outer loop
      vertex 7.923 -0.236097 7.6511359
      vertex 7.7639 -0.0769987 0.3181969
      vertex 7.7639 -0.0769987 7.6511359
    endloop
  endfacet
  facet normal 0.707103 0.707111 0
    outer loop
      vertex 7.7639 -0.0769987 0.3181969
      vertex 7.923 -0.236097 7.6511359
      vertex 7.923 -0.236097 0.3181969
    endloop
  endfacet
  facet normal 0.065596 0.498896 0.864176
    outer loop
      vertex 7.52046 -0.333529 7.9693259
      vertex 7.54657 -0.135233 7.8528659
      vertex 7.52046 -0.1318 7.8528659
    endloop
  endfacet
  facet normal 0.065596 0.498896 0.864176
    outer loop
      vertex 7.54657 -0.135233 7.8528659
      vertex 7.52046 -0.333529 7.9693259
      vertex 7.54657 -0.336962 7.9693259
    endloop
  endfacet
  facet normal -0.132786 -0.495572 -0.858356
    outer loop
      vertex -7.54657 -5.86477 0.1164689
      vertex -7.70567 -5.82214 0.1164689
      vertex -7.54657 -5.66304 0
    endloop
  endfacet
  facet normal 0 -1 0
    outer loop
      vertex -7.52046 -5.98467 0.3181969
      vertex 7.52046 -5.98467 7.6511359
      vertex -7.52046 -5.98467 7.6511359
    endloop
  endfacet
  facet normal 0 -1 -0
    outer loop
      vertex 7.52046 -5.98467 7.6511359
      vertex -7.52046 -5.98467 0.3181969
      vertex 7.52046 -5.98467 0.3181969
    endloop
  endfacet
  facet normal 0.965918 -0.258846 0
    outer loop
      vertex 7.923 -5.7639 7.6511359
      vertex 7.98124 -5.54657 0.3181969
      vertex 7.98124 -5.54657 7.6511359
    endloop
  endfacet
  facet normal 0.965918 -0.258846 0
    outer loop
      vertex 7.98124 -5.54657 0.3181969
      vertex 7.923 -5.7639 7.6511359
      vertex 7.923 -5.7639 0.3181969
    endloop
  endfacet
  facet normal 0.226071 -0.843613 0.487042
    outer loop
      vertex 7.70567 -5.82214 7.8528659
      vertex 7.54657 -5.98124 7.6511359
      vertex 7.7639 -5.923 7.6511359
    endloop
  endfacet
  facet normal 0.132839 -0.495531 -0.858372
    outer loop
      vertex 7.70567 -5.82214 0.1164689
      vertex 7.54657 -5.66304 0
      vertex 7.6048 -5.64743 0
    endloop
  endfacet
  facet normal -0.0655997 0.498925 -0.864159
    outer loop
      vertex -7.54657 -0.135233 0.1164689
      vertex -7.52046 -0.333529 0
      vertex -7.54657 -0.336962 0
    endloop
  endfacet
  facet normal -0.0655997 0.498925 -0.864159
    outer loop
      vertex -7.52046 -0.333529 0
      vertex -7.54657 -0.135233 0.1164689
      vertex -7.52046 -0.1318 0.1164689
    endloop
  endfacet
  facet normal -0.617565 0.617572 -0.487051
    outer loop
      vertex -7.70567 -0.177863 0.1164689
      vertex -7.923 -0.236097 0.3181969
      vertex -7.7639 -0.0769987 0.3181969
    endloop
  endfacet
  facet normal -0.617566 0.617571 -0.487051
    outer loop
      vertex -7.923 -0.236097 0.3181969
      vertex -7.70567 -0.177863 0.1164689
      vertex -7.82214 -0.294332 0.1164689
    endloop
  endfacet
  facet normal 0.495531 -0.132839 -0.858372
    outer loop
      vertex 7.82214 -5.70567 0.1164689
      vertex 7.64743 -5.6048 0
      vertex 7.66304 -5.54657 0
    endloop
  endfacet
  facet normal -0.362773 -0.362773 -0.858366
    outer loop
      vertex -7.70567 -5.82214 0.1164689
      vertex -7.64743 -5.6048 0
      vertex -7.6048 -5.64743 0
    endloop
  endfacet
  facet normal -0.362773 -0.362773 -0.858366
    outer loop
      vertex -7.64743 -5.6048 0
      vertex -7.70567 -5.82214 0.1164689
      vertex -7.82214 -5.70567 0.1164689
    endloop
  endfacet
  facet normal 0.495503 -0.132832 0.85839
    outer loop
      vertex 7.66304 -5.54657 7.9693259
      vertex 7.64743 -5.6048 7.9693259
      vertex 7.82214 -5.70567 7.8528659
    endloop
  endfacet
  facet normal -0.226048 0.843612 0.487053
    outer loop
      vertex -7.54657 -0.0187645 7.6511359
      vertex -7.7639 -0.0769987 7.6511359
      vertex -7.70567 -0.177863 7.8528659
    endloop
  endfacet
  facet normal 0 1 -0
    outer loop
      vertex 7.52046 -0.0153313 0.3181969
      vertex 3.98467 -0.0153313 7.6511359
      vertex 7.52046 -0.0153313 7.6511359
    endloop
  endfacet
  facet normal 0 1 0
    outer loop
      vertex 3.98467 -0.0153313 7.6511359
      vertex 7.52046 -0.0153313 0.3181969
      vertex 3.98467 -0.0153313 0.3181969
    endloop
  endfacet
  facet normal 0 1 -0
    outer loop
      vertex -3.98467 -0.0153313 0.3181969
      vertex -7.52046 -0.0153313 7.6511359
      vertex -3.98467 -0.0153313 7.6511359
    endloop
  endfacet
  facet normal 0 1 0
    outer loop
      vertex -7.52046 -0.0153313 7.6511359
      vertex -3.98467 -0.0153313 0.3181969
      vertex -7.52046 -0.0153313 0.3181969
    endloop
  endfacet
  facet normal -0.843611 -0.22607 -0.487045
    outer loop
      vertex -7.923 -5.7639 0.3181969
      vertex -7.98124 -5.54657 0.3181969
      vertex -7.82214 -5.70567 0.1164689
    endloop
  endfacet
  facet normal 0.132832 -0.495503 0.85839
    outer loop
      vertex 7.6048 -5.64743 7.9693259
      vertex 7.54657 -5.66304 7.9693259
      vertex 7.70567 -5.82214 7.8528659
    endloop
  endfacet
  facet normal 0 0 1
    outer loop
      vertex -1.67953 33.6665 7.9693259
      vertex -1.53353 33.5205 7.9693259
      vertex -1.53696 33.5466 7.9693259
    endloop
  endfacet
  facet normal 0 0 1
    outer loop
      vertex 3.52046 33.6665 7.9693259
      vertex 3.66647 31.9548 7.9693259
      vertex 3.66647 33.5205 7.9693259
    endloop
  endfacet
  facet normal 0 0 1
    outer loop
      vertex 3.66647 31.9548 7.9693259
      vertex 1.53353 33.5205 7.9693259
      vertex 3.66647 28.7335 7.9693259
    endloop
  endfacet
  facet normal 0 0 1
    outer loop
      vertex 3.52046 33.6665 7.9693259
      vertex 3.66647 33.5205 7.9693259
      vertex 3.66304 33.5466 7.9693259
    endloop
  endfacet
  facet normal 0 0 1
    outer loop
      vertex 4.72046 28.7335 7.9693259
      vertex 4.86647 28.8795 7.9693259
      vertex 4.86647 29.2726 7.9693259
    endloop
  endfacet
  facet normal 0 0 1
    outer loop
      vertex 4.84307 29.3774 7.9693259
      vertex 4.86647 29.2726 7.9693259
      vertex 4.8613 29.3119 7.9693259
    endloop
  endfacet
  facet normal 0 0 1
    outer loop
      vertex 4.86647 28.8795 7.9693259
      vertex 4.72046 28.7335 7.9693259
      vertex 4.86304 28.8534 7.9693259
    endloop
  endfacet
  facet normal 0 0 1
    outer loop
      vertex 4.84307 29.3774 7.9693259
      vertex 4.8613 29.3119 7.9693259
      vertex 4.84569 29.3701 7.9693259
    endloop
  endfacet
  facet normal 0 0 1
    outer loop
      vertex 3.66647 28.7335 7.9693259
      vertex 4.86647 29.2726 7.9693259
      vertex 4.84307 29.3774 7.9693259
    endloop
  endfacet
  facet normal 0 -0 1
    outer loop
      vertex 4.74657 28.737 7.9693259
      vertex 4.86304 28.8534 7.9693259
      vertex 4.72046 28.7335 7.9693259
    endloop
  endfacet
  facet normal 0 0 1
    outer loop
      vertex 4.84743 28.7952 7.9693259
      vertex 4.74657 28.737 7.9693259
      vertex 4.8048 28.7526 7.9693259
    endloop
  endfacet
  facet normal 0 0 1
    outer loop
      vertex 4.86304 28.8534 7.9693259
      vertex 4.74657 28.737 7.9693259
      vertex 4.84743 28.7952 7.9693259
    endloop
  endfacet
  facet normal 0 0 1
    outer loop
      vertex 3.66647 28.7335 7.9693259
      vertex 4.84307 29.3774 7.9693259
      vertex 3.66647 31.9548 7.9693259
    endloop
  endfacet
  facet normal 0 0 1
    outer loop
      vertex 4.86647 29.2726 7.9693259
      vertex 3.66647 28.7335 7.9693259
      vertex 4.72046 28.7335 7.9693259
    endloop
  endfacet
  facet normal 0 0 1
    outer loop
      vertex 7.52046 -0.333529 7.9693259
      vertex 7.66647 -0.479538 7.9693259
      vertex 7.66304 -0.45343 7.9693259
    endloop
  endfacet
  facet normal 0 0 1
    outer loop
      vertex 7.66647 -0.479538 7.9693259
      vertex 3.66647 -0.333529 7.9693259
      vertex 7.66647 -5.52046 7.9693259
    endloop
  endfacet
  facet normal 0 0 1
    outer loop
      vertex 7.54657 -0.336962 7.9693259
      vertex 7.66304 -0.45343 7.9693259
      vertex 7.64743 -0.395196 7.9693259
    endloop
  endfacet
  facet normal 0 0 1
    outer loop
      vertex 7.66647 -0.479538 7.9693259
      vertex 7.52046 -0.333529 7.9693259
      vertex 3.66647 -0.333529 7.9693259
    endloop
  endfacet
  facet normal 0 0 1
    outer loop
      vertex 7.54657 -0.336962 7.9693259
      vertex 7.64743 -0.395196 7.9693259
      vertex 7.6048 -0.352566 7.9693259
    endloop
  endfacet
  facet normal 0 -0 1
    outer loop
      vertex 7.52046 -5.66647 7.9693259
      vertex 7.66647 -5.52046 7.9693259
      vertex 3.66647 -0.333529 7.9693259
    endloop
  endfacet
  facet normal 0 0 1
    outer loop
      vertex 7.66304 -0.45343 7.9693259
      vertex 7.54657 -0.336962 7.9693259
      vertex 7.52046 -0.333529 7.9693259
    endloop
  endfacet
  facet normal 0 -0 1
    outer loop
      vertex 7.54657 -5.66304 7.9693259
      vertex 7.66304 -5.54657 7.9693259
      vertex 7.52046 -5.66647 7.9693259
    endloop
  endfacet
  facet normal 0 0 1
    outer loop
      vertex 7.66304 -5.54657 7.9693259
      vertex 7.54657 -5.66304 7.9693259
      vertex 7.64743 -5.6048 7.9693259
    endloop
  endfacet
  facet normal 0 0 1
    outer loop
      vertex 7.64743 -5.6048 7.9693259
      vertex 7.54657 -5.66304 7.9693259
      vertex 7.6048 -5.64743 7.9693259
    endloop
  endfacet
  facet normal 0 0 1
    outer loop
      vertex 7.66647 -5.52046 7.9693259
      vertex 7.52046 -5.66647 7.9693259
      vertex 7.66304 -5.54657 7.9693259
    endloop
  endfacet
  facet normal 0 0 1
    outer loop
      vertex 3.54657 33.663 7.9693259
      vertex 3.66304 33.5466 7.9693259
      vertex 3.64743 33.6048 7.9693259
    endloop
  endfacet
  facet normal 0 0 1
    outer loop
      vertex 3.54657 33.663 7.9693259
      vertex 3.64743 33.6048 7.9693259
      vertex 3.6048 33.6474 7.9693259
    endloop
  endfacet
  facet normal 0 0 1
    outer loop
      vertex 3.66304 33.5466 7.9693259
      vertex 3.54657 33.663 7.9693259
      vertex 3.52046 33.6665 7.9693259
    endloop
  endfacet
  facet normal -0 0 1
    outer loop
      vertex 1.67953 33.6665 7.9693259
      vertex 3.66647 31.9548 7.9693259
      vertex 3.52046 33.6665 7.9693259
    endloop
  endfacet
  facet normal 0 0 1
    outer loop
      vertex 3.66647 31.9548 7.9693259
      vertex 1.67953 33.6665 7.9693259
      vertex 1.53353 33.5205 7.9693259
    endloop
  endfacet
  facet normal 0 0 1
    outer loop
      vertex 1.53353 33.5205 7.9693259
      vertex 1.67953 33.6665 7.9693259
      vertex 1.65343 33.663 7.9693259
    endloop
  endfacet
  facet normal 0 0 1
    outer loop
      vertex 1.53696 33.5466 7.9693259
      vertex 1.65343 33.663 7.9693259
      vertex 1.59519 33.6474 7.9693259
    endloop
  endfacet
  facet normal 0 0 1
    outer loop
      vertex 1.53696 33.5466 7.9693259
      vertex 1.59519 33.6474 7.9693259
      vertex 1.55256 33.6048 7.9693259
    endloop
  endfacet
  facet normal 0 0 1
    outer loop
      vertex 1.65343 33.663 7.9693259
      vertex 1.53696 33.5466 7.9693259
      vertex 1.53353 33.5205 7.9693259
    endloop
  endfacet
  facet normal 0 0 1
    outer loop
      vertex 3.66647 28.7335 7.9693259
      vertex 1.53353 33.5205 7.9693259
      vertex 1.53353 5.97054 7.9693259
    endloop
  endfacet
  facet normal 0 0 1
    outer loop
      vertex 3.66647 28.7335 7.9693259
      vertex 1.53353 5.97054 7.9693259
      vertex 3.66647 -0.333529 7.9693259
    endloop
  endfacet
  facet normal -0 0 1
    outer loop
      vertex 1.48502 5.60207 7.9693259
      vertex 3.66647 -0.333529 7.9693259
      vertex 1.53353 5.97054 7.9693259
    endloop
  endfacet
  facet normal -0 0 1
    outer loop
      vertex 1.33143 5.23125 7.9693259
      vertex 3.66647 -0.333529 7.9693259
      vertex 1.48502 5.60207 7.9693259
    endloop
  endfacet
  facet normal -0 0 1
    outer loop
      vertex 1.08711 4.91288 7.9693259
      vertex 3.66647 -0.333529 7.9693259
      vertex 1.33143 5.23125 7.9693259
    endloop
  endfacet
  facet normal -0 0 1
    outer loop
      vertex 0.768731 4.66855 7.9693259
      vertex 3.66647 -0.333529 7.9693259
      vertex 1.08711 4.91288 7.9693259
    endloop
  endfacet
  facet normal -0 0 1
    outer loop
      vertex 0.397911 4.51497 7.9693259
      vertex 3.66647 -0.333529 7.9693259
      vertex 0.768731 4.66855 7.9693259
    endloop
  endfacet
  facet normal -0 0 1
    outer loop
      vertex 0 4.46257 7.9693259
      vertex 3.66647 -0.333529 7.9693259
      vertex 0.397911 4.51497 7.9693259
    endloop
  endfacet
  facet normal 0 0 1
    outer loop
      vertex -3.66647 -0.333529 7.9693259
      vertex 3.66647 -0.333529 7.9693259
      vertex 0 4.46257 7.9693259
    endloop
  endfacet
  facet normal 0 0 1
    outer loop
      vertex -3.66647 -0.333529 7.9693259
      vertex 0 4.46257 7.9693259
      vertex -0.397911 4.51497 7.9693259
    endloop
  endfacet
  facet normal 0 0 1
    outer loop
      vertex -3.66647 -0.333529 7.9693259
      vertex -0.397911 4.51497 7.9693259
      vertex -0.768731 4.66855 7.9693259
    endloop
  endfacet
  facet normal 0 0 1
    outer loop
      vertex -3.66647 -0.333529 7.9693259
      vertex -0.768731 4.66855 7.9693259
      vertex -1.08711 4.91288 7.9693259
    endloop
  endfacet
  facet normal 0 0 1
    outer loop
      vertex -1.65343 33.663 7.9693259
      vertex -1.53696 33.5466 7.9693259
      vertex -1.55256 33.6048 7.9693259
    endloop
  endfacet
  facet normal 0 0 1
    outer loop
      vertex -1.65343 33.663 7.9693259
      vertex -1.55256 33.6048 7.9693259
      vertex -1.59519 33.6474 7.9693259
    endloop
  endfacet
  facet normal 0 0 1
    outer loop
      vertex -1.53696 33.5466 7.9693259
      vertex -1.65343 33.663 7.9693259
      vertex -1.67953 33.6665 7.9693259
    endloop
  endfacet
  facet normal 0 0 1
    outer loop
      vertex -1.53353 33.5205 7.9693259
      vertex -1.67953 33.6665 7.9693259
      vertex -3.66647 31.9548 7.9693259
    endloop
  endfacet
  facet normal 0 0 1
    outer loop
      vertex -3.66647 31.9548 7.9693259
      vertex -1.67953 33.6665 7.9693259
      vertex -3.52046 33.6665 7.9693259
    endloop
  endfacet
  facet normal 0 0 1
    outer loop
      vertex -3.66647 33.5205 7.9693259
      vertex -3.52046 33.6665 7.9693259
      vertex -3.54657 33.663 7.9693259
    endloop
  endfacet
  facet normal 0 0 1
    outer loop
      vertex -3.66304 33.5466 7.9693259
      vertex -3.54657 33.663 7.9693259
      vertex -3.6048 33.6474 7.9693259
    endloop
  endfacet
  facet normal 0 0 1
    outer loop
      vertex -3.66304 33.5466 7.9693259
      vertex -3.6048 33.6474 7.9693259
      vertex -3.64743 33.6048 7.9693259
    endloop
  endfacet
  facet normal 0 0 1
    outer loop
      vertex -3.54657 33.663 7.9693259
      vertex -3.66304 33.5466 7.9693259
      vertex -3.66647 33.5205 7.9693259
    endloop
  endfacet
  facet normal 0 0 1
    outer loop
      vertex -3.52046 33.6665 7.9693259
      vertex -3.66647 33.5205 7.9693259
      vertex -3.66647 31.9548 7.9693259
    endloop
  endfacet
  facet normal 0 0 1
    outer loop
      vertex -1.53353 33.5205 7.9693259
      vertex -3.66647 31.9548 7.9693259
      vertex -3.66647 28.7335 7.9693259
    endloop
  endfacet
  facet normal 0 0 1
    outer loop
      vertex -1.53353 33.5205 7.9693259
      vertex -3.66647 28.7335 7.9693259
      vertex -1.53353 5.97054 7.9693259
    endloop
  endfacet
  facet normal 0 0 1
    outer loop
      vertex -3.66647 -0.333529 7.9693259
      vertex -1.53353 5.97054 7.9693259
      vertex -3.66647 28.7335 7.9693259
    endloop
  endfacet
  facet normal 0 0 1
    outer loop
      vertex -3.66647 -0.333529 7.9693259
      vertex -1.48502 5.60207 7.9693259
      vertex -1.53353 5.97054 7.9693259
    endloop
  endfacet
  facet normal 0 0 1
    outer loop
      vertex -3.66647 -0.333529 7.9693259
      vertex -1.33143 5.23125 7.9693259
      vertex -1.48502 5.60207 7.9693259
    endloop
  endfacet
  facet normal 0 0 1
    outer loop
      vertex -3.66647 -0.333529 7.9693259
      vertex -1.08711 4.91288 7.9693259
      vertex -1.33143 5.23125 7.9693259
    endloop
  endfacet
  facet normal 0 0 1
    outer loop
      vertex 3.66647 -0.333529 7.9693259
      vertex -3.66647 -0.333529 7.9693259
      vertex 7.52046 -5.66647 7.9693259
    endloop
  endfacet
  facet normal 0 0 1
    outer loop
      vertex -7.66647 -0.479538 7.9693259
      vertex -3.66647 -0.333529 7.9693259
      vertex -7.52046 -0.333529 7.9693259
    endloop
  endfacet
  facet normal 0 0 1
    outer loop
      vertex -3.66647 -0.333529 7.9693259
      vertex -7.52046 -5.66647 7.9693259
      vertex 7.52046 -5.66647 7.9693259
    endloop
  endfacet
  facet normal 0 0 1
    outer loop
      vertex -7.66647 -0.479538 7.9693259
      vertex -7.52046 -0.333529 7.9693259
      vertex -7.54657 -0.336962 7.9693259
    endloop
  endfacet
  facet normal 0 0 1
    outer loop
      vertex -7.66647 -5.52046 7.9693259
      vertex -3.66647 -0.333529 7.9693259
      vertex -7.66647 -0.479538 7.9693259
    endloop
  endfacet
  facet normal 0 0 1
    outer loop
      vertex -7.66304 -0.45343 7.9693259
      vertex -7.54657 -0.336962 7.9693259
      vertex -7.6048 -0.352566 7.9693259
    endloop
  endfacet
  facet normal 0 0 1
    outer loop
      vertex -3.66647 -0.333529 7.9693259
      vertex -7.66647 -5.52046 7.9693259
      vertex -7.52046 -5.66647 7.9693259
    endloop
  endfacet
  facet normal 0 0 1
    outer loop
      vertex -7.66304 -0.45343 7.9693259
      vertex -7.6048 -0.352566 7.9693259
      vertex -7.64743 -0.395196 7.9693259
    endloop
  endfacet
  facet normal 0 0 1
    outer loop
      vertex -7.52046 -5.66647 7.9693259
      vertex -7.66647 -5.52046 7.9693259
      vertex -7.54657 -5.66304 7.9693259
    endloop
  endfacet
  facet normal 0 0 1
    outer loop
      vertex -7.54657 -0.336962 7.9693259
      vertex -7.66304 -0.45343 7.9693259
      vertex -7.66647 -0.479538 7.9693259
    endloop
  endfacet
  facet normal -0 -0 1
    outer loop
      vertex -7.66304 -5.54657 7.9693259
      vertex -7.54657 -5.66304 7.9693259
      vertex -7.66647 -5.52046 7.9693259
    endloop
  endfacet
  facet normal 0 0 1
    outer loop
      vertex -7.54657 -5.66304 7.9693259
      vertex -7.66304 -5.54657 7.9693259
      vertex -7.6048 -5.64743 7.9693259
    endloop
  endfacet
  facet normal 0 0 1
    outer loop
      vertex -7.6048 -5.64743 7.9693259
      vertex -7.66304 -5.54657 7.9693259
      vertex -7.64743 -5.6048 7.9693259
    endloop
  endfacet
  facet normal -0 0 1
    outer loop
      vertex -4.83864 29.3871 7.9693259
      vertex -3.66647 28.7335 7.9693259
      vertex -3.66647 31.9548 7.9693259
    endloop
  endfacet
  facet normal 0 0 1
    outer loop
      vertex -3.66647 28.7335 7.9693259
      vertex -4.83864 29.3871 7.9693259
      vertex -4.72046 28.7335 7.9693259
    endloop
  endfacet
  facet normal -0 0 1
    outer loop
      vertex -4.85022 29.3493 7.9693259
      vertex -4.72046 28.7335 7.9693259
      vertex -4.83864 29.3871 7.9693259
    endloop
  endfacet
  facet normal -0 0 1
    outer loop
      vertex -4.86647 29.2834 7.9693259
      vertex -4.72046 28.7335 7.9693259
      vertex -4.85022 29.3493 7.9693259
    endloop
  endfacet
  facet normal -0 0 1
    outer loop
      vertex -4.86647 28.8795 7.9693259
      vertex -4.72046 28.7335 7.9693259
      vertex -4.86647 29.2834 7.9693259
    endloop
  endfacet
  facet normal 0 0 1
    outer loop
      vertex -4.72046 28.7335 7.9693259
      vertex -4.86647 28.8795 7.9693259
      vertex -4.74657 28.737 7.9693259
    endloop
  endfacet
  facet normal 0 0 1
    outer loop
      vertex -4.74657 28.737 7.9693259
      vertex -4.86304 28.8534 7.9693259
      vertex -4.8048 28.7526 7.9693259
    endloop
  endfacet
  facet normal 0 0 1
    outer loop
      vertex -4.86647 29.2834 7.9693259
      vertex -4.85022 29.3493 7.9693259
      vertex -4.86583 29.2911 7.9693259
    endloop
  endfacet
  facet normal -0 -0 1
    outer loop
      vertex -4.86304 28.8534 7.9693259
      vertex -4.74657 28.737 7.9693259
      vertex -4.86647 28.8795 7.9693259
    endloop
  endfacet
  facet normal 0 0 1
    outer loop
      vertex -4.8048 28.7526 7.9693259
      vertex -4.86304 28.8534 7.9693259
      vertex -4.84743 28.7952 7.9693259
    endloop
  endfacet
  facet normal 0.499971 0 0.866042
    outer loop
      vertex 7.66647 -0.479538 7.9693259
      vertex 7.8682 -5.52046 7.8528659
      vertex 7.8682 -0.479538 7.8528659
    endloop
  endfacet
  facet normal 0.499971 0 0.866042
    outer loop
      vertex 7.8682 -5.52046 7.8528659
      vertex 7.66647 -0.479538 7.9693259
      vertex 7.66647 -5.52046 7.9693259
    endloop
  endfacet
  facet normal -0.49551 0.132825 0.858387
    outer loop
      vertex -7.64743 -0.395196 7.9693259
      vertex -7.82214 -0.294332 7.8528659
      vertex -7.66304 -0.45343 7.9693259
    endloop
  endfacet
  facet normal -0.965918 -0.258846 0
    outer loop
      vertex -7.923 -5.7639 0.3181969
      vertex -7.98124 -5.54657 7.6511359
      vertex -7.98124 -5.54657 0.3181969
    endloop
  endfacet
  facet normal -0.965918 -0.258846 0
    outer loop
      vertex -7.98124 -5.54657 7.6511359
      vertex -7.923 -5.7639 0.3181969
      vertex -7.923 -5.7639 7.6511359
    endloop
  endfacet
  facet normal -0.495503 -0.132832 0.85839
    outer loop
      vertex -7.66304 -5.54657 7.9693259
      vertex -7.82214 -5.70567 7.8528659
      vertex -7.64743 -5.6048 7.9693259
    endloop
  endfacet
  facet normal 0.86047 0.113046 -0.496802
    outer loop
      vertex 7.98467 -0.479538 0.3181969
      vertex 7.86477 -0.45343 0.1164689
      vertex 7.98124 -0.45343 0.3181969
    endloop
  endfacet
  facet normal 0.86047 0.113046 -0.496802
    outer loop
      vertex 7.86477 -0.45343 0.1164689
      vertex 7.98467 -0.479538 0.3181969
      vertex 7.8682 -0.479538 0.1164689
    endloop
  endfacet
  facet normal 0.113142 0.860463 -0.496792
    outer loop
      vertex 7.54657 -0.135233 0.1164689
      vertex 7.52046 -0.0153313 0.3181969
      vertex 7.54657 -0.0187645 0.3181969
    endloop
  endfacet
  facet normal 0.113136 0.860463 -0.496793
    outer loop
      vertex 7.52046 -0.0153313 0.3181969
      vertex 7.54657 -0.135233 0.1164689
      vertex 7.52046 -0.1318 0.1164689
    endloop
  endfacet
  facet normal 0.617567 0.617573 0.487047
    outer loop
      vertex 7.70567 -0.177863 7.8528659
      vertex 7.923 -0.236097 7.6511359
      vertex 7.7639 -0.0769987 7.6511359
    endloop
  endfacet
  facet normal 0.617567 0.617572 0.487048
    outer loop
      vertex 7.923 -0.236097 7.6511359
      vertex 7.70567 -0.177863 7.8528659
      vertex 7.82214 -0.294332 7.8528659
    endloop
  endfacet
  facet normal 0.226041 0.843611 0.487058
    outer loop
      vertex 7.54657 -0.0187645 7.6511359
      vertex 7.54657 -0.135233 7.8528659
      vertex 7.70567 -0.177863 7.8528659
    endloop
  endfacet
  facet normal -0.36278 0.36278 -0.85836
    outer loop
      vertex -7.64743 -0.395196 0
      vertex -7.70567 -0.177863 0.1164689
      vertex -7.6048 -0.352566 0
    endloop
  endfacet
  facet normal -0.362777 0.36278 -0.858361
    outer loop
      vertex -7.70567 -0.177863 0.1164689
      vertex -7.64743 -0.395196 0
      vertex -7.82214 -0.294332 0.1164689
    endloop
  endfacet
  facet normal -0.843609 0.226067 -0.487049
    outer loop
      vertex -7.82214 -0.294332 0.1164689
      vertex -7.98124 -0.45343 0.3181969
      vertex -7.923 -0.236097 0.3181969
    endloop
  endfacet
  facet normal -0.132839 -0.495531 -0.858372
    outer loop
      vertex -7.54657 -5.66304 0
      vertex -7.70567 -5.82214 0.1164689
      vertex -7.6048 -5.64743 0
    endloop
  endfacet
  facet normal -0.132786 0.495574 -0.858355
    outer loop
      vertex -7.54657 -0.336962 0
      vertex -7.70567 -0.177863 0.1164689
      vertex -7.54657 -0.135233 0.1164689
    endloop
  endfacet
  facet normal 0 0.500002 -0.866024
    outer loop
      vertex -7.52046 -0.333529 0
      vertex -3.8682 -0.1318 0.1164689
      vertex -3.66647 -0.333529 0
    endloop
  endfacet
  facet normal 0 0.500002 -0.866024
    outer loop
      vertex -3.8682 -0.1318 0.1164689
      vertex -7.52046 -0.333529 0
      vertex -7.52046 -0.1318 0.1164689
    endloop
  endfacet
  facet normal 0 0.500002 -0.866024
    outer loop
      vertex 7.52046 -0.333529 0
      vertex 3.8682 -0.1318 0.1164689
      vertex 7.52046 -0.1318 0.1164689
    endloop
  endfacet
  facet normal 0 0.500002 -0.866024
    outer loop
      vertex 3.8682 -0.1318 0.1164689
      vertex 7.52046 -0.333529 0
      vertex 3.66647 -0.333529 0
    endloop
  endfacet
  facet normal -0.132798 0.495566 -0.858359
    outer loop
      vertex -7.6048 -0.352566 0
      vertex -7.70567 -0.177863 0.1164689
      vertex -7.54657 -0.336962 0
    endloop
  endfacet
  facet normal 0.498925 -0.0655424 -0.864163
    outer loop
      vertex 7.86477 -5.54657 0.1164689
      vertex 7.66647 -5.52046 0
      vertex 7.8682 -5.52046 0.1164689
    endloop
  endfacet
  facet normal 0.498925 -0.0655424 -0.864163
    outer loop
      vertex 7.66647 -5.52046 0
      vertex 7.86477 -5.54657 0.1164689
      vertex 7.66304 -5.54657 0
    endloop
  endfacet
  facet normal -0.843611 0.226067 0.487045
    outer loop
      vertex -7.923 -0.236097 7.6511359
      vertex -7.98124 -0.45343 7.6511359
      vertex -7.82214 -0.294332 7.8528659
    endloop
  endfacet
  facet normal -0.132779 0.495546 0.858373
    outer loop
      vertex -7.54657 -0.135233 7.8528659
      vertex -7.70567 -0.177863 7.8528659
      vertex -7.54657 -0.336962 7.9693259
    endloop
  endfacet
  facet normal -0.113136 0.860465 0.496789
    outer loop
      vertex -7.52046 -0.0153313 7.6511359
      vertex -7.54657 -0.135233 7.8528659
      vertex -7.52046 -0.1318 7.8528659
    endloop
  endfacet
  facet normal -0.113142 0.860465 0.496788
    outer loop
      vertex -7.54657 -0.135233 7.8528659
      vertex -7.52046 -0.0153313 7.6511359
      vertex -7.54657 -0.0187645 7.6511359
    endloop
  endfacet
  facet normal -0.226041 0.843611 0.487058
    outer loop
      vertex -7.54657 -0.0187645 7.6511359
      vertex -7.70567 -0.177863 7.8528659
      vertex -7.54657 -0.135233 7.8528659
    endloop
  endfacet
  facet normal 0.113038 -0.860473 0.496799
    outer loop
      vertex 7.52046 -5.98467 7.6511359
      vertex 7.54657 -5.86477 7.8528659
      vertex 7.52046 -5.8682 7.8528659
    endloop
  endfacet
  facet normal 0.113038 -0.860473 0.496799
    outer loop
      vertex 7.54657 -5.86477 7.8528659
      vertex 7.52046 -5.98467 7.6511359
      vertex 7.54657 -5.98124 7.6511359
    endloop
  endfacet
  facet normal 0.866023 -0 0.500004
    outer loop
      vertex 7.8682 -5.52046 7.8528659
      vertex 7.98467 -0.479538 7.6511359
      vertex 7.8682 -0.479538 7.8528659
    endloop
  endfacet
  facet normal 0.866023 0 0.500004
    outer loop
      vertex 7.98467 -0.479538 7.6511359
      vertex 7.8682 -5.52046 7.8528659
      vertex 7.98467 -5.52046 7.6511359
    endloop
  endfacet
  facet normal 0.498896 0.0655437 0.86418
    outer loop
      vertex 7.86477 -0.45343 7.8528659
      vertex 7.66647 -0.479538 7.9693259
      vertex 7.8682 -0.479538 7.8528659
    endloop
  endfacet
  facet normal 0.498896 0.0655437 0.86418
    outer loop
      vertex 7.66647 -0.479538 7.9693259
      vertex 7.86477 -0.45343 7.8528659
      vertex 7.66304 -0.45343 7.9693259
    endloop
  endfacet
  facet normal 0.495544 0.13278 0.858374
    outer loop
      vertex 7.82214 -0.294332 7.8528659
      vertex 7.66304 -0.45343 7.9693259
      vertex 7.86477 -0.45343 7.8528659
    endloop
  endfacet
  facet normal -0.362752 -0.362752 0.858383
    outer loop
      vertex -7.64743 -5.6048 7.9693259
      vertex -7.70567 -5.82214 7.8528659
      vertex -7.6048 -5.64743 7.9693259
    endloop
  endfacet
  facet normal -0.362752 -0.362752 0.858383
    outer loop
      vertex -7.70567 -5.82214 7.8528659
      vertex -7.64743 -5.6048 7.9693259
      vertex -7.82214 -5.70567 7.8528659
    endloop
  endfacet
  facet normal 0 -0.499971 0.866042
    outer loop
      vertex -7.52046 -5.66647 7.9693259
      vertex 7.52046 -5.8682 7.8528659
      vertex 7.52046 -5.66647 7.9693259
    endloop
  endfacet
  facet normal 0 -0.499971 0.866042
    outer loop
      vertex 7.52046 -5.8682 7.8528659
      vertex -7.52046 -5.66647 7.9693259
      vertex -7.52046 -5.8682 7.8528659
    endloop
  endfacet
  facet normal -0.13279 0.495538 0.858376
    outer loop
      vertex -7.54657 -0.336962 7.9693259
      vertex -7.70567 -0.177863 7.8528659
      vertex -7.6048 -0.352566 7.9693259
    endloop
  endfacet
  facet normal 0.130368 0.991466 -0
    outer loop
      vertex 7.54657 -0.0187645 0.3181969
      vertex 7.52046 -0.0153313 7.6511359
      vertex 7.54657 -0.0187645 7.6511359
    endloop
  endfacet
  facet normal 0.130368 0.991466 0
    outer loop
      vertex 7.52046 -0.0153313 7.6511359
      vertex 7.54657 -0.0187645 0.3181969
      vertex 7.52046 -0.0153313 0.3181969
    endloop
  endfacet
  facet normal 0.113136 0.860466 0.496789
    outer loop
      vertex 7.54657 -0.0187645 7.6511359
      vertex 7.52046 -0.1318 7.8528659
      vertex 7.54657 -0.135233 7.8528659
    endloop
  endfacet
  facet normal 0.113142 0.860465 0.496789
    outer loop
      vertex 7.52046 -0.1318 7.8528659
      vertex 7.54657 -0.0187645 7.6511359
      vertex 7.52046 -0.0153313 7.6511359
    endloop
  endfacet
  facet normal -0.226048 0.84361 -0.487056
    outer loop
      vertex -7.70567 -0.177863 0.1164689
      vertex -7.7639 -0.0769987 0.3181969
      vertex -7.54657 -0.0187645 0.3181969
    endloop
  endfacet
  facet normal -0.130368 0.991466 0
    outer loop
      vertex -7.52046 -0.0153313 0.3181969
      vertex -7.54657 -0.0187645 7.6511359
      vertex -7.52046 -0.0153313 7.6511359
    endloop
  endfacet
  facet normal -0.130368 0.991466 0
    outer loop
      vertex -7.54657 -0.0187645 7.6511359
      vertex -7.52046 -0.0153313 0.3181969
      vertex -7.54657 -0.0187645 0.3181969
    endloop
  endfacet
  facet normal 0.132779 0.495546 0.858373
    outer loop
      vertex 7.54657 -0.135233 7.8528659
      vertex 7.54657 -0.336962 7.9693259
      vertex 7.70567 -0.177863 7.8528659
    endloop
  endfacet
  facet normal -0.132779 -0.495545 0.858374
    outer loop
      vertex -7.54657 -5.66304 7.9693259
      vertex -7.70567 -5.82214 7.8528659
      vertex -7.54657 -5.86477 7.8528659
    endloop
  endfacet
  facet normal -0.226071 -0.843613 0.487042
    outer loop
      vertex -7.70567 -5.82214 7.8528659
      vertex -7.7639 -5.923 7.6511359
      vertex -7.54657 -5.98124 7.6511359
    endloop
  endfacet
  facet normal -0.498925 0.0655474 -0.864163
    outer loop
      vertex -7.66647 -0.479538 0
      vertex -7.86477 -0.45343 0.1164689
      vertex -7.66304 -0.45343 0
    endloop
  endfacet
  facet normal -0.498925 0.0655474 -0.864163
    outer loop
      vertex -7.86477 -0.45343 0.1164689
      vertex -7.66647 -0.479538 0
      vertex -7.8682 -0.479538 0.1164689
    endloop
  endfacet
  facet normal 0.866021 0 -0.500007
    outer loop
      vertex 7.98467 -5.52046 0.3181969
      vertex 7.8682 -0.479538 0.1164689
      vertex 7.98467 -0.479538 0.3181969
    endloop
  endfacet
  facet normal 0.866021 0 -0.500007
    outer loop
      vertex 7.8682 -0.479538 0.1164689
      vertex 7.98467 -5.52046 0.3181969
      vertex 7.8682 -5.52046 0.1164689
    endloop
  endfacet
  facet normal -0.22607 -0.843611 -0.487045
    outer loop
      vertex -7.54657 -5.98124 0.3181969
      vertex -7.7639 -5.923 0.3181969
      vertex -7.70567 -5.82214 0.1164689
    endloop
  endfacet
  facet normal -0.617573 -0.617573 -0.48704
    outer loop
      vertex -7.70567 -5.82214 0.1164689
      vertex -7.923 -5.7639 0.3181969
      vertex -7.82214 -5.70567 0.1164689
    endloop
  endfacet
  facet normal -0.617573 -0.617573 -0.48704
    outer loop
      vertex -7.923 -5.7639 0.3181969
      vertex -7.70567 -5.82214 0.1164689
      vertex -7.7639 -5.923 0.3181969
    endloop
  endfacet
  facet normal -0.866021 0 -0.500007
    outer loop
      vertex -7.8682 -5.52046 0.1164689
      vertex -7.98467 -0.479538 0.3181969
      vertex -7.8682 -0.479538 0.1164689
    endloop
  endfacet
  facet normal -0.866021 -0 -0.500007
    outer loop
      vertex -7.98467 -0.479538 0.3181969
      vertex -7.8682 -5.52046 0.1164689
      vertex -7.98467 -5.52046 0.3181969
    endloop
  endfacet
  facet normal -0.113038 -0.860471 -0.496803
    outer loop
      vertex -7.54657 -5.86477 0.1164689
      vertex -7.52046 -5.98467 0.3181969
      vertex -7.54657 -5.98124 0.3181969
    endloop
  endfacet
  facet normal -0.113038 -0.860471 -0.496803
    outer loop
      vertex -7.52046 -5.98467 0.3181969
      vertex -7.54657 -5.86477 0.1164689
      vertex -7.52046 -5.8682 0.1164689
    endloop
  endfacet
  facet normal 0.843611 -0.22607 -0.487045
    outer loop
      vertex 7.923 -5.7639 0.3181969
      vertex 7.82214 -5.70567 0.1164689
      vertex 7.98124 -5.54657 0.3181969
    endloop
  endfacet
  facet normal 0.258822 0.965925 -0
    outer loop
      vertex 7.7639 -0.0769987 0.3181969
      vertex 7.54657 -0.0187645 7.6511359
      vertex 7.7639 -0.0769987 7.6511359
    endloop
  endfacet
  facet normal 0.258822 0.965925 0
    outer loop
      vertex 7.54657 -0.0187645 7.6511359
      vertex 7.7639 -0.0769987 0.3181969
      vertex 7.54657 -0.0187645 0.3181969
    endloop
  endfacet
  facet normal -0.499971 0 0.866042
    outer loop
      vertex -7.8682 -0.479538 7.8528659
      vertex -7.66647 -5.52046 7.9693259
      vertex -7.66647 -0.479538 7.9693259
    endloop
  endfacet
  facet normal -0.499971 0 0.866042
    outer loop
      vertex -7.66647 -5.52046 7.9693259
      vertex -7.8682 -0.479538 7.8528659
      vertex -7.8682 -5.52046 7.8528659
    endloop
  endfacet
  facet normal -0.965919 0.258843 0
    outer loop
      vertex -7.98124 -0.45343 0.3181969
      vertex -7.923 -0.236097 7.6511359
      vertex -7.923 -0.236097 0.3181969
    endloop
  endfacet
  facet normal -0.965919 0.258843 0
    outer loop
      vertex -7.923 -0.236097 7.6511359
      vertex -7.98124 -0.45343 0.3181969
      vertex -7.98124 -0.45343 7.6511359
    endloop
  endfacet
  facet normal -0.258822 0.965925 0
    outer loop
      vertex -7.54657 -0.0187645 0.3181969
      vertex -7.7639 -0.0769987 7.6511359
      vertex -7.54657 -0.0187645 7.6511359
    endloop
  endfacet
  facet normal -0.258822 0.965925 0
    outer loop
      vertex -7.7639 -0.0769987 7.6511359
      vertex -7.54657 -0.0187645 0.3181969
      vertex -7.7639 -0.0769987 0.3181969
    endloop
  endfacet
  facet normal 0.0655387 -0.498897 0.86418
    outer loop
      vertex 7.52046 -5.66647 7.9693259
      vertex 7.54657 -5.86477 7.8528659
      vertex 7.54657 -5.66304 7.9693259
    endloop
  endfacet
  facet normal 0.0655387 -0.498897 0.86418
    outer loop
      vertex 7.54657 -5.86477 7.8528659
      vertex 7.52046 -5.66647 7.9693259
      vertex 7.52046 -5.8682 7.8528659
    endloop
  endfacet
  facet normal 0.22607 -0.843611 -0.487045
    outer loop
      vertex 7.7639 -5.923 0.3181969
      vertex 7.54657 -5.98124 0.3181969
      vertex 7.70567 -5.82214 0.1164689
    endloop
  endfacet
  facet normal 0.495545 -0.132779 0.858374
    outer loop
      vertex 7.86477 -5.54657 7.8528659
      vertex 7.66304 -5.54657 7.9693259
      vertex 7.82214 -5.70567 7.8528659
    endloop
  endfacet
  facet normal 0.860473 -0.113038 0.496799
    outer loop
      vertex 7.86477 -5.54657 7.8528659
      vertex 7.98467 -5.52046 7.6511359
      vertex 7.8682 -5.52046 7.8528659
    endloop
  endfacet
  facet normal 0.860473 -0.113038 0.496799
    outer loop
      vertex 7.98467 -5.52046 7.6511359
      vertex 7.86477 -5.54657 7.8528659
      vertex 7.98124 -5.54657 7.6511359
    endloop
  endfacet
  facet normal -0.843613 -0.226071 0.487042
    outer loop
      vertex -7.82214 -5.70567 7.8528659
      vertex -7.98124 -5.54657 7.6511359
      vertex -7.923 -5.7639 7.6511359
    endloop
  endfacet
  facet normal -0.617574 -0.617574 0.487036
    outer loop
      vertex -7.923 -5.7639 7.6511359
      vertex -7.70567 -5.82214 7.8528659
      vertex -7.82214 -5.70567 7.8528659
    endloop
  endfacet
  facet normal -0.617574 -0.617574 0.487036
    outer loop
      vertex -7.70567 -5.82214 7.8528659
      vertex -7.923 -5.7639 7.6511359
      vertex -7.7639 -5.923 7.6511359
    endloop
  endfacet
  facet normal -0.495544 0.13278 0.858374
    outer loop
      vertex -7.82214 -0.294332 7.8528659
      vertex -7.86477 -0.45343 7.8528659
      vertex -7.66304 -0.45343 7.9693259
    endloop
  endfacet
  facet normal 0.362752 -0.362752 0.858383
    outer loop
      vertex 7.64743 -5.6048 7.9693259
      vertex 7.70567 -5.82214 7.8528659
      vertex 7.82214 -5.70567 7.8528659
    endloop
  endfacet
  facet normal 0.362752 -0.362752 0.858383
    outer loop
      vertex 7.70567 -5.82214 7.8528659
      vertex 7.64743 -5.6048 7.9693259
      vertex 7.6048 -5.64743 7.9693259
    endloop
  endfacet
  facet normal -0.0655387 -0.498897 0.86418
    outer loop
      vertex -7.54657 -5.86477 7.8528659
      vertex -7.52046 -5.66647 7.9693259
      vertex -7.54657 -5.66304 7.9693259
    endloop
  endfacet
  facet normal -0.0655387 -0.498897 0.86418
    outer loop
      vertex -7.52046 -5.66647 7.9693259
      vertex -7.54657 -5.86477 7.8528659
      vertex -7.52046 -5.8682 7.8528659
    endloop
  endfacet
  facet normal -0.5 0 -0.866025
    outer loop
      vertex -7.8682 -5.52046 0.1164689
      vertex -7.66647 -0.479538 0
      vertex -7.66647 -5.52046 0
    endloop
  endfacet
  facet normal -0.5 0 -0.866025
    outer loop
      vertex -7.66647 -0.479538 0
      vertex -7.8682 -5.52046 0.1164689
      vertex -7.8682 -0.479538 0.1164689
    endloop
  endfacet
  facet normal 0.362777 0.36278 -0.858361
    outer loop
      vertex 7.64743 -0.395196 0
      vertex 7.70567 -0.177863 0.1164689
      vertex 7.82214 -0.294332 0.1164689
    endloop
  endfacet
  facet normal 0.36278 0.36278 -0.85836
    outer loop
      vertex 7.70567 -0.177863 0.1164689
      vertex 7.64743 -0.395196 0
      vertex 7.6048 -0.352566 0
    endloop
  endfacet
  facet normal -0.495572 -0.132786 -0.858356
    outer loop
      vertex -7.82214 -5.70567 0.1164689
      vertex -7.86477 -5.54657 0.1164689
      vertex -7.66304 -5.54657 0
    endloop
  endfacet
  facet normal 0.132786 -0.495572 -0.858356
    outer loop
      vertex 7.70567 -5.82214 0.1164689
      vertex 7.54657 -5.86477 0.1164689
      vertex 7.54657 -5.66304 0
    endloop
  endfacet
  facet normal -0.86047 0.113046 -0.496802
    outer loop
      vertex -7.8682 -0.479538 0.1164689
      vertex -7.98124 -0.45343 0.3181969
      vertex -7.86477 -0.45343 0.1164689
    endloop
  endfacet
  facet normal -0.86047 0.113046 -0.496802
    outer loop
      vertex -7.98124 -0.45343 0.3181969
      vertex -7.8682 -0.479538 0.1164689
      vertex -7.98467 -0.479538 0.3181969
    endloop
  endfacet
  facet normal 0.362773 -0.362773 -0.858366
    outer loop
      vertex 7.70567 -5.82214 0.1164689
      vertex 7.64743 -5.6048 0
      vertex 7.82214 -5.70567 0.1164689
    endloop
  endfacet
  facet normal 0.362773 -0.362773 -0.858366
    outer loop
      vertex 7.64743 -5.6048 0
      vertex 7.70567 -5.82214 0.1164689
      vertex 7.6048 -5.64743 0
    endloop
  endfacet
  facet normal 0.132798 0.495566 -0.858359
    outer loop
      vertex 7.6048 -0.352566 0
      vertex 7.54657 -0.336962 0
      vertex 7.70567 -0.177863 0.1164689
    endloop
  endfacet
  facet normal 0.495538 0.132832 -0.858369
    outer loop
      vertex 7.66304 -0.45343 0
      vertex 7.64743 -0.395196 0
      vertex 7.82214 -0.294332 0.1164689
    endloop
  endfacet
  facet normal -0.860472 0.113047 0.496798
    outer loop
      vertex -7.98467 -0.479538 7.6511359
      vertex -7.86477 -0.45343 7.8528659
      vertex -7.98124 -0.45343 7.6511359
    endloop
  endfacet
  facet normal -0.860472 0.113047 0.496798
    outer loop
      vertex -7.86477 -0.45343 7.8528659
      vertex -7.98467 -0.479538 7.6511359
      vertex -7.8682 -0.479538 7.8528659
    endloop
  endfacet
  facet normal 0.22604 -0.843609 0.487062
    outer loop
      vertex 7.54657 -5.86477 7.8528659
      vertex 7.54657 -5.98124 7.6511359
      vertex 7.70567 -5.82214 7.8528659
    endloop
  endfacet
  facet normal 0.617574 -0.617574 0.487036
    outer loop
      vertex 7.70567 -5.82214 7.8528659
      vertex 7.923 -5.7639 7.6511359
      vertex 7.82214 -5.70567 7.8528659
    endloop
  endfacet
  facet normal 0.617574 -0.617574 0.487036
    outer loop
      vertex 7.923 -5.7639 7.6511359
      vertex 7.70567 -5.82214 7.8528659
      vertex 7.7639 -5.923 7.6511359
    endloop
  endfacet
  facet normal 0.843613 -0.226071 0.487042
    outer loop
      vertex 7.98124 -5.54657 7.6511359
      vertex 7.82214 -5.70567 7.8528659
      vertex 7.923 -5.7639 7.6511359
    endloop
  endfacet
  facet normal 0.707107 -0.707107 0
    outer loop
      vertex 7.7639 -5.923 7.6511359
      vertex 7.923 -5.7639 0.3181969
      vertex 7.923 -5.7639 7.6511359
    endloop
  endfacet
  facet normal 0.707107 -0.707107 0
    outer loop
      vertex 7.923 -5.7639 0.3181969
      vertex 7.7639 -5.923 7.6511359
      vertex 7.7639 -5.923 0.3181969
    endloop
  endfacet
  facet normal 0.498897 -0.0655387 0.86418
    outer loop
      vertex 7.66647 -5.52046 7.9693259
      vertex 7.86477 -5.54657 7.8528659
      vertex 7.8682 -5.52046 7.8528659
    endloop
  endfacet
  facet normal 0.498897 -0.0655387 0.86418
    outer loop
      vertex 7.86477 -5.54657 7.8528659
      vertex 7.66647 -5.52046 7.9693259
      vertex 7.66304 -5.54657 7.9693259
    endloop
  endfacet
  facet normal -0.498897 -0.0655387 0.86418
    outer loop
      vertex -7.66647 -5.52046 7.9693259
      vertex -7.86477 -5.54657 7.8528659
      vertex -7.66304 -5.54657 7.9693259
    endloop
  endfacet
  facet normal -0.498897 -0.0655387 0.86418
    outer loop
      vertex -7.86477 -5.54657 7.8528659
      vertex -7.66647 -5.52046 7.9693259
      vertex -7.8682 -5.52046 7.8528659
    endloop
  endfacet
  facet normal -0.860473 -0.113038 0.496799
    outer loop
      vertex -7.98124 -5.54657 7.6511359
      vertex -7.8682 -5.52046 7.8528659
      vertex -7.98467 -5.52046 7.6511359
    endloop
  endfacet
  facet normal -0.860473 -0.113038 0.496799
    outer loop
      vertex -7.8682 -5.52046 7.8528659
      vertex -7.98124 -5.54657 7.6511359
      vertex -7.86477 -5.54657 7.8528659
    endloop
  endfacet
  facet normal 0.617573 -0.617573 -0.48704
    outer loop
      vertex 7.923 -5.7639 0.3181969
      vertex 7.70567 -5.82214 0.1164689
      vertex 7.82214 -5.70567 0.1164689
    endloop
  endfacet
  facet normal 0.617573 -0.617573 -0.48704
    outer loop
      vertex 7.70567 -5.82214 0.1164689
      vertex 7.923 -5.7639 0.3181969
      vertex 7.7639 -5.923 0.3181969
    endloop
  endfacet
  facet normal -0.498925 -0.0655424 -0.864163
    outer loop
      vertex -7.86477 -5.54657 0.1164689
      vertex -7.66647 -5.52046 0
      vertex -7.66304 -5.54657 0
    endloop
  endfacet
  facet normal -0.498925 -0.0655424 -0.864163
    outer loop
      vertex -7.66647 -5.52046 0
      vertex -7.86477 -5.54657 0.1164689
      vertex -7.8682 -5.52046 0.1164689
    endloop
  endfacet
  facet normal -0.495531 -0.132839 -0.858372
    outer loop
      vertex -7.64743 -5.6048 0
      vertex -7.82214 -5.70567 0.1164689
      vertex -7.66304 -5.54657 0
    endloop
  endfacet
  facet normal -0.495572 0.132788 -0.858356
    outer loop
      vertex -7.66304 -0.45343 0
      vertex -7.86477 -0.45343 0.1164689
      vertex -7.82214 -0.294332 0.1164689
    endloop
  endfacet
  facet normal 0 0 -1
    outer loop
      vertex -4.83864 29.3871 0
      vertex -3.66647 28.7335 0
      vertex -4.72046 28.7335 0
    endloop
  endfacet
  facet normal 0 0 -1
    outer loop
      vertex -4.86647 28.8795 0
      vertex -4.72046 28.7335 0
      vertex -4.74657 28.737 0
    endloop
  endfacet
  facet normal 0 0 -1
    outer loop
      vertex -4.86304 28.8534 0
      vertex -4.74657 28.737 0
      vertex -4.8048 28.7526 0
    endloop
  endfacet
  facet normal 0 0 -1
    outer loop
      vertex -3.66647 28.7335 0
      vertex -4.83864 29.3871 0
      vertex -3.66647 31.9548 0
    endloop
  endfacet
  facet normal 0 0 -1
    outer loop
      vertex -4.86304 28.8534 0
      vertex -4.8048 28.7526 0
      vertex -4.84743 28.7952 0
    endloop
  endfacet
  facet normal 0 0 -1
    outer loop
      vertex -4.72046 28.7335 0
      vertex -4.86647 28.8795 0
      vertex -4.86647 29.2834 0
    endloop
  endfacet
  facet normal 0 0 -1
    outer loop
      vertex -4.74657 28.737 0
      vertex -4.86304 28.8534 0
      vertex -4.86647 28.8795 0
    endloop
  endfacet
  facet normal 0 0 -1
    outer loop
      vertex -4.72046 28.7335 0
      vertex -4.85022 29.3493 0
      vertex -4.83864 29.3871 0
    endloop
  endfacet
  facet normal 0 0 -1
    outer loop
      vertex -4.72046 28.7335 0
      vertex -4.86647 29.2834 0
      vertex -4.85022 29.3493 0
    endloop
  endfacet
  facet normal 0 0 -1
    outer loop
      vertex -4.85022 29.3493 0
      vertex -4.86647 29.2834 0
      vertex -4.86583 29.2911 0
    endloop
  endfacet
  facet normal 0 0 -1
    outer loop
      vertex 7.52046 -5.66647 0
      vertex 7.66647 -5.52046 0
      vertex 7.66304 -5.54657 0
    endloop
  endfacet
  facet normal 0 0 -1
    outer loop
      vertex 7.66647 -5.52046 0
      vertex 3.66647 -0.333529 0
      vertex 7.66647 -0.479538 0
    endloop
  endfacet
  facet normal 0 0 -1
    outer loop
      vertex 7.54657 -5.66304 0
      vertex 7.66304 -5.54657 0
      vertex 7.64743 -5.6048 0
    endloop
  endfacet
  facet normal -0 0 -1
    outer loop
      vertex 7.66647 -5.52046 0
      vertex 7.52046 -5.66647 0
      vertex 3.66647 -0.333529 0
    endloop
  endfacet
  facet normal 0 0 -1
    outer loop
      vertex 7.54657 -5.66304 0
      vertex 7.64743 -5.6048 0
      vertex 7.6048 -5.64743 0
    endloop
  endfacet
  facet normal -0 -0 -1
    outer loop
      vertex 7.52046 -0.333529 0
      vertex 7.66647 -0.479538 0
      vertex 3.66647 -0.333529 0
    endloop
  endfacet
  facet normal 0 0 -1
    outer loop
      vertex 7.66304 -5.54657 0
      vertex 7.54657 -5.66304 0
      vertex 7.52046 -5.66647 0
    endloop
  endfacet
  facet normal -0 -0 -1
    outer loop
      vertex 7.54657 -0.336962 0
      vertex 7.66304 -0.45343 0
      vertex 7.52046 -0.333529 0
    endloop
  endfacet
  facet normal 0 0 -1
    outer loop
      vertex 7.66304 -0.45343 0
      vertex 7.54657 -0.336962 0
      vertex 7.64743 -0.395196 0
    endloop
  endfacet
  facet normal 0 0 -1
    outer loop
      vertex 7.64743 -0.395196 0
      vertex 7.54657 -0.336962 0
      vertex 7.6048 -0.352566 0
    endloop
  endfacet
  facet normal 0 0 -1
    outer loop
      vertex 7.66647 -0.479538 0
      vertex 7.52046 -0.333529 0
      vertex 7.66304 -0.45343 0
    endloop
  endfacet
  facet normal 0 0 -1
    outer loop
      vertex 1.53353 5.97054 0
      vertex 3.66647 28.7335 0
      vertex 3.66647 -0.333529 0
    endloop
  endfacet
  facet normal 0 0 -1
    outer loop
      vertex 1.53353 33.5205 0
      vertex 3.66647 28.7335 0
      vertex 1.53353 5.97054 0
    endloop
  endfacet
  facet normal 0 0 -1
    outer loop
      vertex 3.66647 28.7335 0
      vertex 1.53353 33.5205 0
      vertex 3.66647 31.9548 0
    endloop
  endfacet
  facet normal 0 -0 -1
    outer loop
      vertex 1.67953 33.6665 0
      vertex 3.66647 31.9548 0
      vertex 1.53353 33.5205 0
    endloop
  endfacet
  facet normal 0 0 -1
    outer loop
      vertex 3.66647 31.9548 0
      vertex 3.52046 33.6665 0
      vertex 3.66647 33.5205 0
    endloop
  endfacet
  facet normal 0 0 -1
    outer loop
      vertex 3.66647 33.5205 0
      vertex 3.52046 33.6665 0
      vertex 3.66304 33.5466 0
    endloop
  endfacet
  facet normal -0 -0 -1
    outer loop
      vertex 3.54657 33.663 0
      vertex 3.66304 33.5466 0
      vertex 3.52046 33.6665 0
    endloop
  endfacet
  facet normal 0 0 -1
    outer loop
      vertex 3.66304 33.5466 0
      vertex 3.54657 33.663 0
      vertex 3.64743 33.6048 0
    endloop
  endfacet
  facet normal 0 0 -1
    outer loop
      vertex 3.64743 33.6048 0
      vertex 3.54657 33.663 0
      vertex 3.6048 33.6474 0
    endloop
  endfacet
  facet normal 0 0 -1
    outer loop
      vertex 3.66647 31.9548 0
      vertex 1.67953 33.6665 0
      vertex 3.52046 33.6665 0
    endloop
  endfacet
  facet normal 0 0 -1
    outer loop
      vertex 1.67953 33.6665 0
      vertex 1.53353 33.5205 0
      vertex 1.65343 33.663 0
    endloop
  endfacet
  facet normal 0 0 -1
    outer loop
      vertex 1.65343 33.663 0
      vertex 1.53696 33.5466 0
      vertex 1.59519 33.6474 0
    endloop
  endfacet
  facet normal 0 -0 -1
    outer loop
      vertex 1.53696 33.5466 0
      vertex 1.65343 33.663 0
      vertex 1.53353 33.5205 0
    endloop
  endfacet
  facet normal 0 0 -1
    outer loop
      vertex 3.66647 -0.333529 0
      vertex 1.48502 5.60207 0
      vertex 1.53353 5.97054 0
    endloop
  endfacet
  facet normal 0 0 -1
    outer loop
      vertex 3.66647 -0.333529 0
      vertex 1.33143 5.23125 0
      vertex 1.48502 5.60207 0
    endloop
  endfacet
  facet normal 0 0 -1
    outer loop
      vertex 3.66647 -0.333529 0
      vertex 1.08711 4.91288 0
      vertex 1.33143 5.23125 0
    endloop
  endfacet
  facet normal 0 0 -1
    outer loop
      vertex 3.66647 -0.333529 0
      vertex 0.768731 4.66855 0
      vertex 1.08711 4.91288 0
    endloop
  endfacet
  facet normal 0 0 -1
    outer loop
      vertex 3.66647 -0.333529 0
      vertex 0.397911 4.51497 0
      vertex 0.768731 4.66855 0
    endloop
  endfacet
  facet normal 0 0 -1
    outer loop
      vertex 3.66647 -0.333529 0
      vertex 0 4.46257 0
      vertex 0.397911 4.51497 0
    endloop
  endfacet
  facet normal 0 0 -1
    outer loop
      vertex -3.66647 -0.333529 0
      vertex 3.66647 -0.333529 0
      vertex 7.52046 -5.66647 0
    endloop
  endfacet
  facet normal 0 0 -1
    outer loop
      vertex 3.66647 -0.333529 0
      vertex -3.66647 -0.333529 0
      vertex 0 4.46257 0
    endloop
  endfacet
  facet normal -0 0 -1
    outer loop
      vertex 0 4.46257 0
      vertex -3.66647 -0.333529 0
      vertex -0.397911 4.51497 0
    endloop
  endfacet
  facet normal -0 0 -1
    outer loop
      vertex -0.397911 4.51497 0
      vertex -3.66647 -0.333529 0
      vertex -0.768731 4.66855 0
    endloop
  endfacet
  facet normal 0 0 -1
    outer loop
      vertex -3.66647 28.7335 0
      vertex -1.53353 33.5205 0
      vertex -1.53353 5.97054 0
    endloop
  endfacet
  facet normal 0 0 -1
    outer loop
      vertex -3.66647 31.9548 0
      vertex -1.53353 33.5205 0
      vertex -3.66647 28.7335 0
    endloop
  endfacet
  facet normal 0 -0 -1
    outer loop
      vertex -1.67953 33.6665 0
      vertex -1.53353 33.5205 0
      vertex -3.66647 31.9548 0
    endloop
  endfacet
  facet normal 0 0 -1
    outer loop
      vertex -1.53353 33.5205 0
      vertex -1.67953 33.6665 0
      vertex -1.53696 33.5466 0
    endloop
  endfacet
  facet normal -0 -0 -1
    outer loop
      vertex -1.65343 33.663 0
      vertex -1.53696 33.5466 0
      vertex -1.67953 33.6665 0
    endloop
  endfacet
  facet normal 0 0 -1
    outer loop
      vertex -1.53696 33.5466 0
      vertex -1.65343 33.663 0
      vertex -1.55256 33.6048 0
    endloop
  endfacet
  facet normal 0 0 -1
    outer loop
      vertex -1.55256 33.6048 0
      vertex -1.65343 33.663 0
      vertex -1.59519 33.6474 0
    endloop
  endfacet
  facet normal -0 0 -1
    outer loop
      vertex -1.67953 33.6665 0
      vertex -3.66647 31.9548 0
      vertex -3.52046 33.6665 0
    endloop
  endfacet
  facet normal 0 0 -1
    outer loop
      vertex -3.66647 33.5205 0
      vertex -3.52046 33.6665 0
      vertex -3.66647 31.9548 0
    endloop
  endfacet
  facet normal 0 -0 -1
    outer loop
      vertex -3.66304 33.5466 0
      vertex -3.54657 33.663 0
      vertex -3.66647 33.5205 0
    endloop
  endfacet
  facet normal 0 0 -1
    outer loop
      vertex -3.66647 28.7335 0
      vertex -1.53353 5.97054 0
      vertex -3.66647 -0.333529 0
    endloop
  endfacet
  facet normal -0 0 -1
    outer loop
      vertex -1.48502 5.60207 0
      vertex -3.66647 -0.333529 0
      vertex -1.53353 5.97054 0
    endloop
  endfacet
  facet normal -0 0 -1
    outer loop
      vertex -1.33143 5.23125 0
      vertex -3.66647 -0.333529 0
      vertex -1.48502 5.60207 0
    endloop
  endfacet
  facet normal -0 0 -1
    outer loop
      vertex -1.08711 4.91288 0
      vertex -3.66647 -0.333529 0
      vertex -1.33143 5.23125 0
    endloop
  endfacet
  facet normal -0 0 -1
    outer loop
      vertex -0.768731 4.66855 0
      vertex -3.66647 -0.333529 0
      vertex -1.08711 4.91288 0
    endloop
  endfacet
  facet normal 0 0 -1
    outer loop
      vertex -7.52046 -5.66647 0
      vertex -3.66647 -0.333529 0
      vertex 7.52046 -5.66647 0
    endloop
  endfacet
  facet normal 0 0 -1
    outer loop
      vertex -7.66647 -5.52046 0
      vertex -3.66647 -0.333529 0
      vertex -7.52046 -5.66647 0
    endloop
  endfacet
  facet normal 0 0 -1
    outer loop
      vertex -7.66647 -5.52046 0
      vertex -7.52046 -5.66647 0
      vertex -7.54657 -5.66304 0
    endloop
  endfacet
  facet normal 0 0 -1
    outer loop
      vertex -7.66647 -0.479538 0
      vertex -3.66647 -0.333529 0
      vertex -7.66647 -5.52046 0
    endloop
  endfacet
  facet normal 0 0 -1
    outer loop
      vertex -7.66304 -5.54657 0
      vertex -7.54657 -5.66304 0
      vertex -7.6048 -5.64743 0
    endloop
  endfacet
  facet normal -0 0 -1
    outer loop
      vertex -3.66647 -0.333529 0
      vertex -7.66647 -0.479538 0
      vertex -7.52046 -0.333529 0
    endloop
  endfacet
  facet normal 0 0 -1
    outer loop
      vertex -7.66304 -5.54657 0
      vertex -7.6048 -5.64743 0
      vertex -7.64743 -5.6048 0
    endloop
  endfacet
  facet normal 0 0 -1
    outer loop
      vertex -7.52046 -0.333529 0
      vertex -7.66647 -0.479538 0
      vertex -7.54657 -0.336962 0
    endloop
  endfacet
  facet normal 0 0 -1
    outer loop
      vertex -7.54657 -5.66304 0
      vertex -7.66304 -5.54657 0
      vertex -7.66647 -5.52046 0
    endloop
  endfacet
  facet normal 0 -0 -1
    outer loop
      vertex -7.66304 -0.45343 0
      vertex -7.54657 -0.336962 0
      vertex -7.66647 -0.479538 0
    endloop
  endfacet
  facet normal 0 0 -1
    outer loop
      vertex -7.54657 -0.336962 0
      vertex -7.66304 -0.45343 0
      vertex -7.6048 -0.352566 0
    endloop
  endfacet
  facet normal 0 0 -1
    outer loop
      vertex -7.6048 -0.352566 0
      vertex -7.66304 -0.45343 0
      vertex -7.64743 -0.395196 0
    endloop
  endfacet
  facet normal 0 0 -1
    outer loop
      vertex 4.72046 28.7335 0
      vertex 4.86647 28.8795 0
      vertex 4.86304 28.8534 0
    endloop
  endfacet
  facet normal -0 0 -1
    outer loop
      vertex 4.86647 28.8795 0
      vertex 4.72046 28.7335 0
      vertex 4.86647 29.2726 0
    endloop
  endfacet
  facet normal 0 0 -1
    outer loop
      vertex 4.74657 28.737 0
      vertex 4.86304 28.8534 0
      vertex 4.84743 28.7952 0
    endloop
  endfacet
  facet normal 0 0 -1
    outer loop
      vertex 3.66647 28.7335 0
      vertex 4.86647 29.2726 0
      vertex 4.72046 28.7335 0
    endloop
  endfacet
  facet normal 0 0 -1
    outer loop
      vertex 4.86647 29.2726 0
      vertex 4.84307 29.3774 0
      vertex 4.8613 29.3119 0
    endloop
  endfacet
  facet normal 0 0 -1
    outer loop
      vertex 4.74657 28.737 0
      vertex 4.84743 28.7952 0
      vertex 4.8048 28.7526 0
    endloop
  endfacet
  facet normal 0 0 -1
    outer loop
      vertex 4.86304 28.8534 0
      vertex 4.74657 28.737 0
      vertex 4.72046 28.7335 0
    endloop
  endfacet
  facet normal 0 0 -1
    outer loop
      vertex 4.8613 29.3119 0
      vertex 4.84307 29.3774 0
      vertex 4.84569 29.3701 0
    endloop
  endfacet
  facet normal -0 0 -1
    outer loop
      vertex 4.86647 29.2726 0
      vertex 3.66647 28.7335 0
      vertex 4.84307 29.3774 0
    endloop
  endfacet
  facet normal -0 0 -1
    outer loop
      vertex 4.84307 29.3774 0
      vertex 3.66647 28.7335 0
      vertex 3.66647 31.9548 0
    endloop
  endfacet
  facet normal 0 0 -1
    outer loop
      vertex 1.59519 33.6474 0
      vertex 1.53696 33.5466 0
      vertex 1.55256 33.6048 0
    endloop
  endfacet
  facet normal 0 0 -1
    outer loop
      vertex -3.52046 33.6665 0
      vertex -3.66647 33.5205 0
      vertex -3.54657 33.663 0
    endloop
  endfacet
  facet normal 0 0 -1
    outer loop
      vertex -3.54657 33.663 0
      vertex -3.66304 33.5466 0
      vertex -3.6048 33.6474 0
    endloop
  endfacet
  facet normal 0 0 -1
    outer loop
      vertex -3.6048 33.6474 0
      vertex -3.66304 33.5466 0
      vertex -3.64743 33.6048 0
    endloop
  endfacet
  facet normal 0.0655997 0.498925 -0.864159
    outer loop
      vertex 7.52046 -0.333529 0
      vertex 7.54657 -0.135233 0.1164689
      vertex 7.54657 -0.336962 0
    endloop
  endfacet
  facet normal 0.0655997 0.498925 -0.864159
    outer loop
      vertex 7.54657 -0.135233 0.1164689
      vertex 7.52046 -0.333529 0
      vertex 7.52046 -0.1318 0.1164689
    endloop
  endfacet
  facet normal -0.498896 0.0655437 0.86418
    outer loop
      vertex -7.86477 -0.45343 7.8528659
      vertex -7.66647 -0.479538 7.9693259
      vertex -7.66304 -0.45343 7.9693259
    endloop
  endfacet
  facet normal -0.498896 0.0655437 0.86418
    outer loop
      vertex -7.66647 -0.479538 7.9693259
      vertex -7.86477 -0.45343 7.8528659
      vertex -7.8682 -0.479538 7.8528659
    endloop
  endfacet
  facet normal 0.130248 -0.991481 0
    outer loop
      vertex 7.52046 -5.98467 0.3181969
      vertex 7.54657 -5.98124 7.6511359
      vertex 7.52046 -5.98467 7.6511359
    endloop
  endfacet
  facet normal 0.130248 -0.991481 0
    outer loop
      vertex 7.54657 -5.98124 7.6511359
      vertex 7.52046 -5.98467 0.3181969
      vertex 7.54657 -5.98124 0.3181969
    endloop
  endfacet
  facet normal 0.843609 -0.22604 0.487062
    outer loop
      vertex 7.86477 -5.54657 7.8528659
      vertex 7.82214 -5.70567 7.8528659
      vertex 7.98124 -5.54657 7.6511359
    endloop
  endfacet
  facet normal 0.495572 -0.132786 -0.858356
    outer loop
      vertex 7.82214 -5.70567 0.1164689
      vertex 7.66304 -5.54657 0
      vertex 7.86477 -5.54657 0.1164689
    endloop
  endfacet
  facet normal 0 -0.866021 -0.500007
    outer loop
      vertex -7.52046 -5.8682 0.1164689
      vertex 7.52046 -5.98467 0.3181969
      vertex -7.52046 -5.98467 0.3181969
    endloop
  endfacet
  facet normal 0 -0.866021 -0.500007
    outer loop
      vertex 7.52046 -5.98467 0.3181969
      vertex -7.52046 -5.8682 0.1164689
      vertex 7.52046 -5.8682 0.1164689
    endloop
  endfacet
  facet normal 0.22604 -0.843607 -0.487066
    outer loop
      vertex 7.70567 -5.82214 0.1164689
      vertex 7.54657 -5.98124 0.3181969
      vertex 7.54657 -5.86477 0.1164689
    endloop
  endfacet
  facet normal -0.0655424 -0.498925 -0.864163
    outer loop
      vertex -7.54657 -5.86477 0.1164689
      vertex -7.52046 -5.66647 0
      vertex -7.52046 -5.8682 0.1164689
    endloop
  endfacet
  facet normal -0.0655424 -0.498925 -0.864163
    outer loop
      vertex -7.52046 -5.66647 0
      vertex -7.54657 -5.86477 0.1164689
      vertex -7.54657 -5.66304 0
    endloop
  endfacet
  facet normal 0.0655424 -0.498925 -0.864163
    outer loop
      vertex 7.52046 -5.66647 0
      vertex 7.54657 -5.86477 0.1164689
      vertex 7.52046 -5.8682 0.1164689
    endloop
  endfacet
  facet normal 0.0655424 -0.498925 -0.864163
    outer loop
      vertex 7.54657 -5.86477 0.1164689
      vertex 7.52046 -5.66647 0
      vertex 7.54657 -5.66304 0
    endloop
  endfacet
  facet normal 0.843607 -0.22604 -0.487066
    outer loop
      vertex 7.98124 -5.54657 0.3181969
      vertex 7.82214 -5.70567 0.1164689
      vertex 7.86477 -5.54657 0.1164689
    endloop
  endfacet
  facet normal 0.860471 -0.113038 -0.496803
    outer loop
      vertex 7.98124 -5.54657 0.3181969
      vertex 7.8682 -5.52046 0.1164689
      vertex 7.98467 -5.52046 0.3181969
    endloop
  endfacet
  facet normal 0.860471 -0.113038 -0.496803
    outer loop
      vertex 7.8682 -5.52046 0.1164689
      vertex 7.98124 -5.54657 0.3181969
      vertex 7.86477 -5.54657 0.1164689
    endloop
  endfacet
  facet normal -1 0 0
    outer loop
      vertex -3.98467 -0.0153313 0.3181969
      vertex -3.98467 28.4153 7.6511359
      vertex -3.98467 28.4153 0.3181969
    endloop
  endfacet
  facet normal -1 -0 0
    outer loop
      vertex -3.98467 28.4153 7.6511359
      vertex -3.98467 -0.0153313 0.3181969
      vertex -3.98467 -0.0153313 7.6511359
    endloop
  endfacet
  facet normal -0.866023 0 0.500004
    outer loop
      vertex -3.98467 -0.0153313 7.6511359
      vertex -3.8682 28.5318 7.8528659
      vertex -3.98467 28.4153 7.6511359
    endloop
  endfacet
  facet normal -0.866023 0 0.500004
    outer loop
      vertex -3.8682 28.5318 7.8528659
      vertex -3.98467 -0.0153313 7.6511359
      vertex -3.8682 -0.1318 7.8528659
    endloop
  endfacet
  facet normal -0.866021 0 -0.500007
    outer loop
      vertex -3.8682 28.5318 0.1164689
      vertex -3.98467 -0.0153313 0.3181969
      vertex -3.98467 28.4153 0.3181969
    endloop
  endfacet
  facet normal -0.866021 0 -0.500007
    outer loop
      vertex -3.98467 -0.0153313 0.3181969
      vertex -3.8682 28.5318 0.1164689
      vertex -3.8682 -0.1318 0.1164689
    endloop
  endfacet
  facet normal 0.866023 0 0.500004
    outer loop
      vertex 3.8682 28.5318 7.8528659
      vertex 3.98467 -0.0153313 7.6511359
      vertex 3.98467 28.4153 7.6511359
    endloop
  endfacet
  facet normal 0.866023 0 0.500004
    outer loop
      vertex 3.98467 -0.0153313 7.6511359
      vertex 3.8682 28.5318 7.8528659
      vertex 3.8682 -0.1318 7.8528659
    endloop
  endfacet
  facet normal 1 -0 0
    outer loop
      vertex 3.98467 -0.0153313 7.6511359
      vertex 3.98467 28.4153 0.3181969
      vertex 3.98467 28.4153 7.6511359
    endloop
  endfacet
  facet normal 1 0 0
    outer loop
      vertex 3.98467 28.4153 0.3181969
      vertex 3.98467 -0.0153313 7.6511359
      vertex 3.98467 -0.0153313 0.3181969
    endloop
  endfacet
  facet normal 0.499971 0 0.866042
    outer loop
      vertex 3.66647 28.7335 7.9693259
      vertex 3.8682 -0.1318 7.8528659
      vertex 3.8682 28.5318 7.8528659
    endloop
  endfacet
  facet normal 0.499971 0 0.866042
    outer loop
      vertex 3.8682 -0.1318 7.8528659
      vertex 3.66647 28.7335 7.9693259
      vertex 3.66647 -0.333529 7.9693259
    endloop
  endfacet
  facet normal -0.499971 0 0.866042
    outer loop
      vertex -3.8682 28.5318 7.8528659
      vertex -3.66647 -0.333529 7.9693259
      vertex -3.66647 28.7335 7.9693259
    endloop
  endfacet
  facet normal -0.499971 0 0.866042
    outer loop
      vertex -3.66647 -0.333529 7.9693259
      vertex -3.8682 28.5318 7.8528659
      vertex -3.8682 -0.1318 7.8528659
    endloop
  endfacet
  facet normal 0.866021 0 -0.500007
    outer loop
      vertex 3.98467 -0.0153313 0.3181969
      vertex 3.8682 28.5318 0.1164689
      vertex 3.98467 28.4153 0.3181969
    endloop
  endfacet
  facet normal 0.866021 0 -0.500007
    outer loop
      vertex 3.8682 28.5318 0.1164689
      vertex 3.98467 -0.0153313 0.3181969
      vertex 3.8682 -0.1318 0.1164689
    endloop
  endfacet
  facet normal -0.5 0 -0.866025
    outer loop
      vertex -3.8682 -0.1318 0.1164689
      vertex -3.66647 28.7335 0
      vertex -3.66647 -0.333529 0
    endloop
  endfacet
  facet normal -0.5 0 -0.866025
    outer loop
      vertex -3.66647 28.7335 0
      vertex -3.8682 -0.1318 0.1164689
      vertex -3.8682 28.5318 0.1164689
    endloop
  endfacet
  facet normal 0.5 0 -0.866025
    outer loop
      vertex 3.66647 -0.333529 0
      vertex 3.8682 28.5318 0.1164689
      vertex 3.8682 -0.1318 0.1164689
    endloop
  endfacet
  facet normal 0.5 0 -0.866025
    outer loop
      vertex 3.8682 28.5318 0.1164689
      vertex 3.66647 -0.333529 0
      vertex 3.66647 28.7335 0
    endloop
  endfacet
  facet normal 0.332097 0.801821 -0.496784
    outer loop
      vertex -0.345699 4.70982 0.1164689
      vertex -0.609632 4.94412 0.3181969
      vertex -0.315556 4.82232 0.3181969
    endloop
  endfacet
  facet normal 0.332111 0.801824 -0.49677
    outer loop
      vertex -0.609632 4.94412 0.3181969
      vertex -0.345699 4.70982 0.1164689
      vertex -0.667867 4.84326 0.1164689
    endloop
  endfacet
  facet normal 0.192572 0.464932 -0.86415
    outer loop
      vertex -0.397911 4.51497 0
      vertex -0.667867 4.84326 0.1164689
      vertex -0.345699 4.70982 0.1164689
    endloop
  endfacet
  facet normal 0.192553 0.46492 -0.86416
    outer loop
      vertex -0.667867 4.84326 0.1164689
      vertex -0.397911 4.51497 0
      vertex -0.768731 4.66855 0
    endloop
  endfacet
  facet normal 0.332098 0.801823 0.49678
    outer loop
      vertex -0.609632 4.94412 7.6511359
      vertex -0.345699 4.70982 7.8528659
      vertex -0.315556 4.82232 7.6511359
    endloop
  endfacet
  facet normal 0.332111 0.801826 0.496766
    outer loop
      vertex -0.345699 4.70982 7.8528659
      vertex -0.609632 4.94412 7.6511359
      vertex -0.667867 4.84326 7.8528659
    endloop
  endfacet
  facet normal 0.192561 0.464905 0.864166
    outer loop
      vertex -0.667867 4.84326 7.8528659
      vertex -0.397911 4.51497 7.9693259
      vertex -0.345699 4.70982 7.8528659
    endloop
  endfacet
  facet normal 0.192542 0.464893 0.864177
    outer loop
      vertex -0.397911 4.51497 7.9693259
      vertex -0.667867 4.84326 7.8528659
      vertex -0.768731 4.66855 7.9693259
    endloop
  endfacet
  facet normal 0.382656 0.923891 -0
    outer loop
      vertex -0.315556 4.82232 0.3181969
      vertex -0.609632 4.94412 7.6511359
      vertex -0.315556 4.82232 7.6511359
    endloop
  endfacet
  facet normal 0.382656 0.923891 0
    outer loop
      vertex -0.609632 4.94412 7.6511359
      vertex -0.315556 4.82232 0.3181969
      vertex -0.609632 4.94412 0.3181969
    endloop
  endfacet
  facet normal 0.0656917 0.498891 0.864171
    outer loop
      vertex -0.345699 4.70982 7.8528659
      vertex 0 4.46257 7.9693259
      vertex 0 4.6643 7.8528659
    endloop
  endfacet
  facet normal 0.0656989 0.498899 0.864166
    outer loop
      vertex 0 4.46257 7.9693259
      vertex -0.345699 4.70982 7.8528659
      vertex -0.397911 4.51497 7.9693259
    endloop
  endfacet
  facet normal 0.113297 0.860445 -0.496788
    outer loop
      vertex 0 4.6643 0.1164689
      vertex -0.315556 4.82232 0.3181969
      vertex 0 4.78077 0.3181969
    endloop
  endfacet
  facet normal 0.113299 0.860446 -0.496785
    outer loop
      vertex -0.315556 4.82232 0.3181969
      vertex 0 4.6643 0.1164689
      vertex -0.345699 4.70982 0.1164689
    endloop
  endfacet
  facet normal 0.130546 0.991442 -0
    outer loop
      vertex 0 4.78077 0.3181969
      vertex -0.315556 4.82232 7.6511359
      vertex 0 4.78077 7.6511359
    endloop
  endfacet
  facet normal 0.130546 0.991442 0
    outer loop
      vertex -0.315556 4.82232 7.6511359
      vertex 0 4.78077 0.3181969
      vertex -0.315556 4.82232 0.3181969
    endloop
  endfacet
  facet normal 0.0656954 0.49892 -0.864154
    outer loop
      vertex 0 4.46257 0
      vertex -0.345699 4.70982 0.1164689
      vertex 0 4.6643 0.1164689
    endloop
  endfacet
  facet normal 0.0657027 0.498928 -0.864149
    outer loop
      vertex -0.345699 4.70982 0.1164689
      vertex 0 4.46257 0
      vertex -0.397911 4.51497 0
    endloop
  endfacet
  facet normal 0.113297 0.860447 0.496784
    outer loop
      vertex -0.315556 4.82232 7.6511359
      vertex 0 4.6643 7.8528659
      vertex 0 4.78077 7.6511359
    endloop
  endfacet
  facet normal 0.1133 0.860449 0.496781
    outer loop
      vertex 0 4.6643 7.8528659
      vertex -0.315556 4.82232 7.6511359
      vertex -0.345699 4.70982 7.8528659
    endloop
  endfacet
  facet normal 0.306356 0.399218 -0.864159
    outer loop
      vertex -0.768731 4.66855 0
      vertex -0.944467 5.05552 0.1164689
      vertex -0.667867 4.84326 0.1164689
    endloop
  endfacet
  facet normal 0.306371 0.399223 -0.864152
    outer loop
      vertex -0.944467 5.05552 0.1164689
      vertex -0.768731 4.66855 0
      vertex -1.08711 4.91288 0
    endloop
  endfacet
  facet normal 0.60879 0.793331 -0
    outer loop
      vertex -0.609632 4.94412 0.3181969
      vertex -0.862113 5.13787 7.6511359
      vertex -0.609632 4.94412 7.6511359
    endloop
  endfacet
  facet normal 0.60879 0.793331 0
    outer loop
      vertex -0.862113 5.13787 7.6511359
      vertex -0.609632 4.94412 0.3181969
      vertex -0.862113 5.13787 0.3181969
    endloop
  endfacet
  facet normal 0.528359 0.688519 0.496768
    outer loop
      vertex -0.862113 5.13787 7.6511359
      vertex -0.667867 4.84326 7.8528659
      vertex -0.609632 4.94412 7.6511359
    endloop
  endfacet
  facet normal 0.528362 0.688519 0.496764
    outer loop
      vertex -0.667867 4.84326 7.8528659
      vertex -0.862113 5.13787 7.6511359
      vertex -0.944467 5.05552 7.8528659
    endloop
  endfacet
  facet normal 0.306338 0.399195 0.864176
    outer loop
      vertex -0.944467 5.05552 7.8528659
      vertex -0.768731 4.66855 7.9693259
      vertex -0.667867 4.84326 7.8528659
    endloop
  endfacet
  facet normal 0.306353 0.3992 0.864168
    outer loop
      vertex -0.768731 4.66855 7.9693259
      vertex -0.944467 5.05552 7.8528659
      vertex -1.08711 4.91288 7.9693259
    endloop
  endfacet
  facet normal 0.528358 0.688517 -0.496772
    outer loop
      vertex -0.667867 4.84326 0.1164689
      vertex -0.862113 5.13787 0.3181969
      vertex -0.609632 4.94412 0.3181969
    endloop
  endfacet
  facet normal 0.528361 0.688517 -0.496768
    outer loop
      vertex -0.862113 5.13787 0.3181969
      vertex -0.667867 4.84326 0.1164689
      vertex -0.944467 5.05552 0.1164689
    endloop
  endfacet
  facet normal 0.498896 0.0655637 0.864179
    outer loop
      vertex 3.86477 33.5466 7.8528659
      vertex 3.66647 33.5205 7.9693259
      vertex 3.8682 33.5205 7.8528659
    endloop
  endfacet
  facet normal 0.498896 0.0655637 0.864179
    outer loop
      vertex 3.66647 33.5205 7.9693259
      vertex 3.86477 33.5466 7.8528659
      vertex 3.66304 33.5466 7.9693259
    endloop
  endfacet
  facet normal 0.13286 0.991135 -0
    outer loop
      vertex 3.54657 33.9812 0.3181969
      vertex 3.52046 33.9847 7.6511359
      vertex 3.54657 33.9812 7.6511359
    endloop
  endfacet
  facet normal 0.13286 0.991135 0
    outer loop
      vertex 3.52046 33.9847 7.6511359
      vertex 3.54657 33.9812 0.3181969
      vertex 3.52046 33.9847 0.3181969
    endloop
  endfacet
  facet normal 0.617537 0.617537 0.48713
    outer loop
      vertex 3.70567 33.8221 7.8528659
      vertex 3.923 33.7639 7.6511359
      vertex 3.7639 33.923 7.6511359
    endloop
  endfacet
  facet normal 0.617428 0.617799 0.486936
    outer loop
      vertex 3.923 33.7639 7.6511359
      vertex 3.70567 33.8221 7.8528659
      vertex 3.82214 33.7057 7.8528659
    endloop
  endfacet
  facet normal 1 -0 0
    outer loop
      vertex 3.98467 32.0205 7.6511359
      vertex 3.98467 33.5205 0.3181969
      vertex 3.98467 33.5205 7.6511359
    endloop
  endfacet
  facet normal 1 0 0
    outer loop
      vertex 3.98467 33.5205 0.3181969
      vertex 3.98467 32.0205 7.6511359
      vertex 3.98467 32.0205 0.3181969
    endloop
  endfacet
  facet normal -0.866023 0 0.500004
    outer loop
      vertex 1.21533 5.97054 7.6511359
      vertex 1.3318 33.5205 7.8528659
      vertex 1.21533 33.5205 7.6511359
    endloop
  endfacet
  facet normal -0.866023 0 0.500004
    outer loop
      vertex 1.3318 33.5205 7.8528659
      vertex 1.21533 5.97054 7.6511359
      vertex 1.3318 5.97054 7.8528659
    endloop
  endfacet
  facet normal 0.0668568 0.498752 -0.864163
    outer loop
      vertex 3.52046 33.6665 0
      vertex 3.54657 33.8648 0.1164689
      vertex 3.54657 33.663 0
    endloop
  endfacet
  facet normal 0.0649788 0.498999 -0.864163
    outer loop
      vertex 3.54657 33.8648 0.1164689
      vertex 3.52046 33.6665 0
      vertex 3.52046 33.8682 0.1164689
    endloop
  endfacet
  facet normal 0 1 -0
    outer loop
      vertex 3.52046 33.9847 0.3181969
      vertex 1.67953 33.9847 7.6511359
      vertex 3.52046 33.9847 7.6511359
    endloop
  endfacet
  facet normal 0 1 0
    outer loop
      vertex 1.67953 33.9847 7.6511359
      vertex 3.52046 33.9847 0.3181969
      vertex 1.67953 33.9847 0.3181969
    endloop
  endfacet
  facet normal 0.96591 0.25888 0
    outer loop
      vertex 3.98124 33.5466 7.6511359
      vertex 3.923 33.7639 0.3181969
      vertex 3.923 33.7639 7.6511359
    endloop
  endfacet
  facet normal 0.96591 0.25888 0
    outer loop
      vertex 3.923 33.7639 0.3181969
      vertex 3.98124 33.5466 7.6511359
      vertex 3.98124 33.5466 0.3181969
    endloop
  endfacet
  facet normal -0.13291 0.991128 0
    outer loop
      vertex 1.67953 33.9847 0.3181969
      vertex 1.65343 33.9812 7.6511359
      vertex 1.67953 33.9847 7.6511359
    endloop
  endfacet
  facet normal -0.13291 0.991128 0
    outer loop
      vertex 1.65343 33.9812 7.6511359
      vertex 1.67953 33.9847 0.3181969
      vertex 1.65343 33.9812 0.3181969
    endloop
  endfacet
  facet normal 0.5 0 -0.866025
    outer loop
      vertex 3.66647 33.5205 0
      vertex 3.8682 31.9964 0.1164689
      vertex 3.66647 31.9548 0
    endloop
  endfacet
  facet normal 0.5 0 -0.866025
    outer loop
      vertex 3.8682 31.9964 0.1164689
      vertex 3.66647 33.5205 0
      vertex 3.8682 33.5205 0.1164689
    endloop
  endfacet
  facet normal 0.499971 0 0.866042
    outer loop
      vertex 3.66647 33.5205 7.9693259
      vertex 3.8682 31.9964 7.8528659
      vertex 3.8682 33.5205 7.8528659
    endloop
  endfacet
  facet normal 0.499971 0 0.866042
    outer loop
      vertex 3.8682 31.9964 7.8528659
      vertex 3.66647 33.5205 7.9693259
      vertex 3.66647 31.9548 7.9693259
    endloop
  endfacet
  facet normal 0.617536 0.617536 -0.487134
    outer loop
      vertex 3.923 33.7639 0.3181969
      vertex 3.70567 33.8221 0.1164689
      vertex 3.7639 33.923 0.3181969
    endloop
  endfacet
  facet normal 0.617426 0.617798 -0.48694
    outer loop
      vertex 3.70567 33.8221 0.1164689
      vertex 3.923 33.7639 0.3181969
      vertex 3.82214 33.7057 0.1164689
    endloop
  endfacet
  facet normal -0.991475 0.130297 0
    outer loop
      vertex 1.21533 33.5205 0.3181969
      vertex 1.21876 33.5466 7.6511359
      vertex 1.21876 33.5466 0.3181969
    endloop
  endfacet
  facet normal -0.991475 0.130297 0
    outer loop
      vertex 1.21876 33.5466 7.6511359
      vertex 1.21533 33.5205 0.3181969
      vertex 1.21533 33.5205 7.6511359
    endloop
  endfacet
  facet normal -0 0.500027 0.86601
    outer loop
      vertex 1.67953 33.8682 7.8528659
      vertex 3.52046 33.6665 7.9693259
      vertex 3.52046 33.8682 7.8528659
    endloop
  endfacet
  facet normal 0 0.500027 0.86601
    outer loop
      vertex 3.52046 33.6665 7.9693259
      vertex 1.67953 33.8682 7.8528659
      vertex 1.67953 33.6665 7.9693259
    endloop
  endfacet
  facet normal 0.860466 0.11308 -0.4968
    outer loop
      vertex 3.98467 33.5205 0.3181969
      vertex 3.86477 33.5466 0.1164689
      vertex 3.98124 33.5466 0.3181969
    endloop
  endfacet
  facet normal 0.860466 0.11308 -0.4968
    outer loop
      vertex 3.86477 33.5466 0.1164689
      vertex 3.98467 33.5205 0.3181969
      vertex 3.8682 33.5205 0.1164689
    endloop
  endfacet
  facet normal -1 0 0
    outer loop
      vertex 1.21533 5.97054 0.3181969
      vertex 1.21533 33.5205 7.6511359
      vertex 1.21533 33.5205 0.3181969
    endloop
  endfacet
  facet normal -1 -0 0
    outer loop
      vertex 1.21533 33.5205 7.6511359
      vertex 1.21533 5.97054 0.3181969
      vertex 1.21533 5.97054 7.6511359
    endloop
  endfacet
  facet normal 0 0.865968 0.5001
    outer loop
      vertex 3.52046 33.9847 7.6511359
      vertex 1.67953 33.8682 7.8528659
      vertex 3.52046 33.8682 7.8528659
    endloop
  endfacet
  facet normal 0 0.865968 0.5001
    outer loop
      vertex 1.67953 33.8682 7.8528659
      vertex 3.52046 33.9847 7.6511359
      vertex 1.67953 33.9847 7.6511359
    endloop
  endfacet
  facet normal 0 0.865965 -0.500104
    outer loop
      vertex 3.52046 33.8682 0.1164689
      vertex 1.67953 33.9847 0.3181969
      vertex 3.52046 33.9847 0.3181969
    endloop
  endfacet
  facet normal 0 0.865965 -0.500104
    outer loop
      vertex 1.67953 33.9847 0.3181969
      vertex 3.52046 33.8682 0.1164689
      vertex 1.67953 33.8682 0.1164689
    endloop
  endfacet
  facet normal -0.96591 0.25888 0
    outer loop
      vertex 1.21876 33.5466 0.3181969
      vertex 1.277 33.7639 7.6511359
      vertex 1.277 33.7639 0.3181969
    endloop
  endfacet
  facet normal -0.96591 0.25888 0
    outer loop
      vertex 1.277 33.7639 7.6511359
      vertex 1.21876 33.5466 0.3181969
      vertex 1.21876 33.5466 7.6511359
    endloop
  endfacet
  facet normal 0.707107 0.707107 0
    outer loop
      vertex 3.923 33.7639 7.6511359
      vertex 3.7639 33.923 0.3181969
      vertex 3.7639 33.923 7.6511359
    endloop
  endfacet
  facet normal 0.707107 0.707107 0
    outer loop
      vertex 3.7639 33.923 0.3181969
      vertex 3.923 33.7639 7.6511359
      vertex 3.923 33.7639 0.3181969
    endloop
  endfacet
  facet normal -0.362619 0.362874 0.858388
    outer loop
      vertex 1.49433 33.8221 7.8528659
      vertex 1.55256 33.6048 7.9693259
      vertex 1.59519 33.6474 7.9693259
    endloop
  endfacet
  facet normal -0.362645 0.362864 0.858381
    outer loop
      vertex 1.55256 33.6048 7.9693259
      vertex 1.49433 33.8221 7.8528659
      vertex 1.37786 33.7057 7.8528659
    endloop
  endfacet
  facet normal -0.225899 0.843589 -0.487163
    outer loop
      vertex 1.49433 33.8221 0.1164689
      vertex 1.43609 33.923 0.3181969
      vertex 1.65343 33.9812 0.3181969
    endloop
  endfacet
  facet normal 0.22591 0.843592 0.487152
    outer loop
      vertex 3.7639 33.923 7.6511359
      vertex 3.54657 33.9812 7.6511359
      vertex 3.70567 33.8221 7.8528659
    endloop
  endfacet
  facet normal 0.495545 0.132779 0.858374
    outer loop
      vertex 3.82214 33.7057 7.8528659
      vertex 3.66304 33.5466 7.9693259
      vertex 3.86477 33.5466 7.8528659
    endloop
  endfacet
  facet normal -0.362639 0.362895 -0.858371
    outer loop
      vertex 1.55256 33.6048 0
      vertex 1.49433 33.8221 0.1164689
      vertex 1.59519 33.6474 0
    endloop
  endfacet
  facet normal -0.362666 0.362884 -0.858364
    outer loop
      vertex 1.49433 33.8221 0.1164689
      vertex 1.55256 33.6048 0
      vertex 1.37786 33.7057 0.1164689
    endloop
  endfacet
  facet normal 0.132762 0.495558 0.858369
    outer loop
      vertex 3.70567 33.8221 7.8528659
      vertex 3.54657 33.663 7.9693259
      vertex 3.6048 33.6474 7.9693259
    endloop
  endfacet
  facet normal -0.866021 0 -0.500007
    outer loop
      vertex 1.3318 5.97054 0.1164689
      vertex 1.21533 33.5205 0.3181969
      vertex 1.3318 33.5205 0.1164689
    endloop
  endfacet
  facet normal -0.866021 -0 -0.500007
    outer loop
      vertex 1.21533 33.5205 0.3181969
      vertex 1.3318 5.97054 0.1164689
      vertex 1.21533 5.97054 0.3181969
    endloop
  endfacet
  facet normal 0.362636 0.362854 0.858389
    outer loop
      vertex 3.70567 33.8221 7.8528659
      vertex 3.64743 33.6048 7.9693259
      vertex 3.82214 33.7057 7.8528659
    endloop
  endfacet
  facet normal 0.362609 0.362865 0.858396
    outer loop
      vertex 3.64743 33.6048 7.9693259
      vertex 3.70567 33.8221 7.8528659
      vertex 3.6048 33.6474 7.9693259
    endloop
  endfacet
  facet normal 0.843617 0.226103 0.487019
    outer loop
      vertex 3.923 33.7639 7.6511359
      vertex 3.82214 33.7057 7.8528659
      vertex 3.98124 33.5466 7.6511359
    endloop
  endfacet
  facet normal 0.866023 0 0.500004
    outer loop
      vertex 3.8682 33.5205 7.8528659
      vertex 3.98467 32.0205 7.6511359
      vertex 3.98467 33.5205 7.6511359
    endloop
  endfacet
  facet normal 0.866023 0 0.500004
    outer loop
      vertex 3.98467 32.0205 7.6511359
      vertex 3.8682 33.5205 7.8528659
      vertex 3.8682 31.9964 7.8528659
    endloop
  endfacet
  facet normal 0 0.500056 -0.865993
    outer loop
      vertex 1.67953 33.6665 0
      vertex 3.52046 33.8682 0.1164689
      vertex 3.52046 33.6665 0
    endloop
  endfacet
  facet normal 0 0.500056 -0.865993
    outer loop
      vertex 3.52046 33.8682 0.1164689
      vertex 1.67953 33.6665 0
      vertex 1.67953 33.8682 0.1164689
    endloop
  endfacet
  facet normal -0.495545 0.132779 0.858374
    outer loop
      vertex 1.37786 33.7057 7.8528659
      vertex 1.33523 33.5466 7.8528659
      vertex 1.53696 33.5466 7.9693259
    endloop
  endfacet
  facet normal 0.495459 0.132888 0.858406
    outer loop
      vertex 3.82214 33.7057 7.8528659
      vertex 3.64743 33.6048 7.9693259
      vertex 3.66304 33.5466 7.9693259
    endloop
  endfacet
  facet normal 0.226424 0.843656 -0.486802
    outer loop
      vertex 3.70567 33.8221 0.1164689
      vertex 3.54657 33.8648 0.1164689
      vertex 3.54657 33.9812 0.3181969
    endloop
  endfacet
  facet normal -0.258669 0.965966 0
    outer loop
      vertex 1.65343 33.9812 0.3181969
      vertex 1.43609 33.923 7.6511359
      vertex 1.65343 33.9812 7.6511359
    endloop
  endfacet
  facet normal -0.258669 0.965966 0
    outer loop
      vertex 1.43609 33.923 7.6511359
      vertex 1.65343 33.9812 0.3181969
      vertex 1.43609 33.923 0.3181969
    endloop
  endfacet
  facet normal -0.112097 0.86051 0.496948
    outer loop
      vertex 1.67953 33.9847 7.6511359
      vertex 1.65343 33.8648 7.8528659
      vertex 1.67953 33.8682 7.8528659
    endloop
  endfacet
  facet normal -0.115375 0.860369 0.496441
    outer loop
      vertex 1.65343 33.8648 7.8528659
      vertex 1.67953 33.9847 7.6511359
      vertex 1.65343 33.9812 7.6511359
    endloop
  endfacet
  facet normal 0.866021 0 -0.500007
    outer loop
      vertex 3.98467 32.0205 0.3181969
      vertex 3.8682 33.5205 0.1164689
      vertex 3.98467 33.5205 0.3181969
    endloop
  endfacet
  facet normal 0.866021 0 -0.500007
    outer loop
      vertex 3.8682 33.5205 0.1164689
      vertex 3.98467 32.0205 0.3181969
      vertex 3.8682 31.9964 0.1164689
    endloop
  endfacet
  facet normal -0.617547 0.617508 -0.487154
    outer loop
      vertex 1.49433 33.8221 0.1164689
      vertex 1.277 33.7639 0.3181969
      vertex 1.43609 33.923 0.3181969
    endloop
  endfacet
  facet normal -0.617426 0.617798 -0.48694
    outer loop
      vertex 1.277 33.7639 0.3181969
      vertex 1.49433 33.8221 0.1164689
      vertex 1.37786 33.7057 0.1164689
    endloop
  endfacet
  facet normal -0.498896 0.0655637 0.864179
    outer loop
      vertex 1.33523 33.5466 7.8528659
      vertex 1.53353 33.5205 7.9693259
      vertex 1.53696 33.5466 7.9693259
    endloop
  endfacet
  facet normal -0.498896 0.0655637 0.864179
    outer loop
      vertex 1.53353 33.5205 7.9693259
      vertex 1.33523 33.5466 7.8528659
      vertex 1.3318 33.5205 7.8528659
    endloop
  endfacet
  facet normal -0.495514 0.132818 0.858385
    outer loop
      vertex 1.55256 33.6048 7.9693259
      vertex 1.37786 33.7057 7.8528659
      vertex 1.53696 33.5466 7.9693259
    endloop
  endfacet
  facet normal 0.843609 0.22604 0.487062
    outer loop
      vertex 3.98124 33.5466 7.6511359
      vertex 3.82214 33.7057 7.8528659
      vertex 3.86477 33.5466 7.8528659
    endloop
  endfacet
  facet normal -0.11535 0.860185 -0.496766
    outer loop
      vertex 1.67953 33.8682 0.1164689
      vertex 1.65343 33.9812 0.3181969
      vertex 1.67953 33.9847 0.3181969
    endloop
  endfacet
  facet normal -0.112121 0.86069 -0.496631
    outer loop
      vertex 1.65343 33.9812 0.3181969
      vertex 1.67953 33.8682 0.1164689
      vertex 1.65343 33.8648 0.1164689
    endloop
  endfacet
  facet normal 0.362656 0.362874 -0.858372
    outer loop
      vertex 3.64743 33.6048 0
      vertex 3.70567 33.8221 0.1164689
      vertex 3.82214 33.7057 0.1164689
    endloop
  endfacet
  facet normal 0.36263 0.362885 -0.858379
    outer loop
      vertex 3.70567 33.8221 0.1164689
      vertex 3.64743 33.6048 0
      vertex 3.6048 33.6474 0
    endloop
  endfacet
  facet normal 0.991475 0.130297 0
    outer loop
      vertex 3.98467 33.5205 7.6511359
      vertex 3.98124 33.5466 0.3181969
      vertex 3.98124 33.5466 7.6511359
    endloop
  endfacet
  facet normal 0.991475 0.130297 0
    outer loop
      vertex 3.98124 33.5466 0.3181969
      vertex 3.98467 33.5205 7.6511359
      vertex 3.98467 33.5205 0.3181969
    endloop
  endfacet
  facet normal 0.860468 0.113081 0.496797
    outer loop
      vertex 3.8682 33.5205 7.8528659
      vertex 3.98124 33.5466 7.6511359
      vertex 3.86477 33.5466 7.8528659
    endloop
  endfacet
  facet normal 0.860468 0.113081 0.496797
    outer loop
      vertex 3.98124 33.5466 7.6511359
      vertex 3.8682 33.5205 7.8528659
      vertex 3.98467 33.5205 7.6511359
    endloop
  endfacet
  facet normal 0.226425 0.843658 0.486798
    outer loop
      vertex 3.54657 33.9812 7.6511359
      vertex 3.54657 33.8648 7.8528659
      vertex 3.70567 33.8221 7.8528659
    endloop
  endfacet
  facet normal 0.112078 0.860696 0.496629
    outer loop
      vertex 3.54657 33.9812 7.6511359
      vertex 3.52046 33.8682 7.8528659
      vertex 3.54657 33.8648 7.8528659
    endloop
  endfacet
  facet normal 0.115307 0.860191 0.496764
    outer loop
      vertex 3.52046 33.8682 7.8528659
      vertex 3.54657 33.9812 7.6511359
      vertex 3.52046 33.9847 7.6511359
    endloop
  endfacet
  facet normal -0.132743 0.495573 0.858363
    outer loop
      vertex 1.65343 33.663 7.9693259
      vertex 1.49433 33.8221 7.8528659
      vertex 1.59519 33.6474 7.9693259
    endloop
  endfacet
  facet normal 0.258681 0.965963 -0
    outer loop
      vertex 3.7639 33.923 0.3181969
      vertex 3.54657 33.9812 7.6511359
      vertex 3.7639 33.923 7.6511359
    endloop
  endfacet
  facet normal 0.258681 0.965963 0
    outer loop
      vertex 3.54657 33.9812 7.6511359
      vertex 3.7639 33.923 0.3181969
      vertex 3.54657 33.9812 0.3181969
    endloop
  endfacet
  facet normal 0.843615 0.226103 -0.487023
    outer loop
      vertex 3.98124 33.5466 0.3181969
      vertex 3.82214 33.7057 0.1164689
      vertex 3.923 33.7639 0.3181969
    endloop
  endfacet
  facet normal 0.132769 0.495586 -0.858351
    outer loop
      vertex 3.6048 33.6474 0
      vertex 3.54657 33.663 0
      vertex 3.70567 33.8221 0.1164689
    endloop
  endfacet
  facet normal 0.843607 0.22604 -0.487066
    outer loop
      vertex 3.86477 33.5466 0.1164689
      vertex 3.82214 33.7057 0.1164689
      vertex 3.98124 33.5466 0.3181969
    endloop
  endfacet
  facet normal 0.495572 0.132786 -0.858356
    outer loop
      vertex 3.86477 33.5466 0.1164689
      vertex 3.66304 33.5466 0
      vertex 3.82214 33.7057 0.1164689
    endloop
  endfacet
  facet normal 0.132959 0.495404 0.858427
    outer loop
      vertex 3.54657 33.8648 7.8528659
      vertex 3.54657 33.663 7.9693259
      vertex 3.70567 33.8221 7.8528659
    endloop
  endfacet
  facet normal -0.226425 0.843658 0.486798
    outer loop
      vertex 1.65343 33.9812 7.6511359
      vertex 1.49433 33.8221 7.8528659
      vertex 1.65343 33.8648 7.8528659
    endloop
  endfacet
  facet normal -0.843617 0.226103 0.487019
    outer loop
      vertex 1.277 33.7639 7.6511359
      vertex 1.21876 33.5466 7.6511359
      vertex 1.37786 33.7057 7.8528659
    endloop
  endfacet
  facet normal -0.707129 0.707085 0
    outer loop
      vertex 1.277 33.7639 0.3181969
      vertex 1.43609 33.923 7.6511359
      vertex 1.43609 33.923 0.3181969
    endloop
  endfacet
  facet normal -0.707129 0.707085 0
    outer loop
      vertex 1.43609 33.923 7.6511359
      vertex 1.277 33.7639 0.3181969
      vertex 1.277 33.7639 7.6511359
    endloop
  endfacet
  facet normal -0.860468 0.113081 0.496797
    outer loop
      vertex 1.21533 33.5205 7.6511359
      vertex 1.33523 33.5466 7.8528659
      vertex 1.21876 33.5466 7.6511359
    endloop
  endfacet
  facet normal -0.860468 0.113081 0.496797
    outer loop
      vertex 1.33523 33.5466 7.8528659
      vertex 1.21533 33.5205 7.6511359
      vertex 1.3318 33.5205 7.8528659
    endloop
  endfacet
  facet normal -0.499971 0 0.866042
    outer loop
      vertex 1.3318 33.5205 7.8528659
      vertex 1.53353 5.97054 7.9693259
      vertex 1.53353 33.5205 7.9693259
    endloop
  endfacet
  facet normal -0.499971 0 0.866042
    outer loop
      vertex 1.53353 5.97054 7.9693259
      vertex 1.3318 33.5205 7.8528659
      vertex 1.3318 5.97054 7.8528659
    endloop
  endfacet
  facet normal -0.860466 0.11308 -0.4968
    outer loop
      vertex 1.3318 33.5205 0.1164689
      vertex 1.21876 33.5466 0.3181969
      vertex 1.33523 33.5466 0.1164689
    endloop
  endfacet
  facet normal -0.860466 0.11308 -0.4968
    outer loop
      vertex 1.21876 33.5466 0.3181969
      vertex 1.3318 33.5205 0.1164689
      vertex 1.21533 33.5205 0.3181969
    endloop
  endfacet
  facet normal 0.498924 0.0655674 -0.864162
    outer loop
      vertex 3.66647 33.5205 0
      vertex 3.86477 33.5466 0.1164689
      vertex 3.8682 33.5205 0.1164689
    endloop
  endfacet
  facet normal 0.498924 0.0655674 -0.864162
    outer loop
      vertex 3.86477 33.5466 0.1164689
      vertex 3.66647 33.5205 0
      vertex 3.66304 33.5466 0
    endloop
  endfacet
  facet normal -0.226424 0.843656 -0.486802
    outer loop
      vertex 1.65343 33.8648 0.1164689
      vertex 1.49433 33.8221 0.1164689
      vertex 1.65343 33.9812 0.3181969
    endloop
  endfacet
  facet normal -0.5 0 -0.866025
    outer loop
      vertex 1.3318 5.97054 0.1164689
      vertex 1.53353 33.5205 0
      vertex 1.53353 5.97054 0
    endloop
  endfacet
  facet normal -0.5 0 -0.866025
    outer loop
      vertex 1.53353 33.5205 0
      vertex 1.3318 5.97054 0.1164689
      vertex 1.3318 33.5205 0.1164689
    endloop
  endfacet
  facet normal 0.495486 0.132896 -0.858389
    outer loop
      vertex 3.66304 33.5466 0
      vertex 3.64743 33.6048 0
      vertex 3.82214 33.7057 0.1164689
    endloop
  endfacet
  facet normal 0.0649751 0.498971 0.86418
    outer loop
      vertex 3.52046 33.6665 7.9693259
      vertex 3.54657 33.8648 7.8528659
      vertex 3.52046 33.8682 7.8528659
    endloop
  endfacet
  facet normal 0.066853 0.498723 0.864179
    outer loop
      vertex 3.54657 33.8648 7.8528659
      vertex 3.52046 33.6665 7.9693259
      vertex 3.54657 33.663 7.9693259
    endloop
  endfacet
  facet normal -0.0668823 0.498751 -0.864161
    outer loop
      vertex 1.65343 33.8648 0.1164689
      vertex 1.67953 33.6665 0
      vertex 1.65343 33.663 0
    endloop
  endfacet
  facet normal -0.0650036 0.498998 -0.864162
    outer loop
      vertex 1.67953 33.6665 0
      vertex 1.65343 33.8648 0.1164689
      vertex 1.67953 33.8682 0.1164689
    endloop
  endfacet
  facet normal -0.132966 0.495431 -0.85841
    outer loop
      vertex 1.65343 33.663 0
      vertex 1.49433 33.8221 0.1164689
      vertex 1.65343 33.8648 0.1164689
    endloop
  endfacet
  facet normal -0.13275 0.495601 -0.858346
    outer loop
      vertex 1.59519 33.6474 0
      vertex 1.49433 33.8221 0.1164689
      vertex 1.65343 33.663 0
    endloop
  endfacet
  facet normal 0.115331 0.860372 -0.496447
    outer loop
      vertex 3.54657 33.8648 0.1164689
      vertex 3.52046 33.9847 0.3181969
      vertex 3.54657 33.9812 0.3181969
    endloop
  endfacet
  facet normal 0.112054 0.860512 -0.496954
    outer loop
      vertex 3.52046 33.9847 0.3181969
      vertex 3.54657 33.8648 0.1164689
      vertex 3.52046 33.8682 0.1164689
    endloop
  endfacet
  facet normal 0.22591 0.84359 -0.487156
    outer loop
      vertex 3.70567 33.8221 0.1164689
      vertex 3.54657 33.9812 0.3181969
      vertex 3.7639 33.923 0.3181969
    endloop
  endfacet
  facet normal -0.132959 0.495404 0.858427
    outer loop
      vertex 1.65343 33.8648 7.8528659
      vertex 1.49433 33.8221 7.8528659
      vertex 1.65343 33.663 7.9693259
    endloop
  endfacet
  facet normal -0.0649999 0.49897 0.864178
    outer loop
      vertex 1.65343 33.8648 7.8528659
      vertex 1.67953 33.6665 7.9693259
      vertex 1.67953 33.8682 7.8528659
    endloop
  endfacet
  facet normal -0.0668785 0.498722 0.864178
    outer loop
      vertex 1.67953 33.6665 7.9693259
      vertex 1.65343 33.8648 7.8528659
      vertex 1.65343 33.663 7.9693259
    endloop
  endfacet
  facet normal -0.225899 0.843591 0.487159
    outer loop
      vertex 1.65343 33.9812 7.6511359
      vertex 1.43609 33.923 7.6511359
      vertex 1.49433 33.8221 7.8528659
    endloop
  endfacet
  facet normal -0.843609 0.22604 0.487062
    outer loop
      vertex 1.37786 33.7057 7.8528659
      vertex 1.21876 33.5466 7.6511359
      vertex 1.33523 33.5466 7.8528659
    endloop
  endfacet
  facet normal -0.498924 0.0655674 -0.864162
    outer loop
      vertex 1.53353 33.5205 0
      vertex 1.33523 33.5466 0.1164689
      vertex 1.53696 33.5466 0
    endloop
  endfacet
  facet normal -0.498924 0.0655674 -0.864162
    outer loop
      vertex 1.33523 33.5466 0.1164689
      vertex 1.53353 33.5205 0
      vertex 1.3318 33.5205 0.1164689
    endloop
  endfacet
  facet normal -0.843615 0.226103 -0.487023
    outer loop
      vertex 1.37786 33.7057 0.1164689
      vertex 1.21876 33.5466 0.3181969
      vertex 1.277 33.7639 0.3181969
    endloop
  endfacet
  facet normal -0.843607 0.22604 -0.487066
    outer loop
      vertex 1.33523 33.5466 0.1164689
      vertex 1.21876 33.5466 0.3181969
      vertex 1.37786 33.7057 0.1164689
    endloop
  endfacet
  facet normal -0.495572 0.132786 -0.858356
    outer loop
      vertex 1.53696 33.5466 0
      vertex 1.33523 33.5466 0.1164689
      vertex 1.37786 33.7057 0.1164689
    endloop
  endfacet
  facet normal 0.132966 0.495431 -0.85841
    outer loop
      vertex 3.70567 33.8221 0.1164689
      vertex 3.54657 33.663 0
      vertex 3.54657 33.8648 0.1164689
    endloop
  endfacet
  facet normal -0.617549 0.61751 0.48715
    outer loop
      vertex 1.277 33.7639 7.6511359
      vertex 1.49433 33.8221 7.8528659
      vertex 1.43609 33.923 7.6511359
    endloop
  endfacet
  facet normal -0.617428 0.617799 0.486936
    outer loop
      vertex 1.49433 33.8221 7.8528659
      vertex 1.277 33.7639 7.6511359
      vertex 1.37786 33.7057 7.8528659
    endloop
  endfacet
  facet normal -0.495542 0.132826 -0.858368
    outer loop
      vertex 1.53696 33.5466 0
      vertex 1.37786 33.7057 0.1164689
      vertex 1.55256 33.6048 0
    endloop
  endfacet
  facet normal 0 -0.500056 -0.865993
    outer loop
      vertex 3.8682 28.5318 0.1164689
      vertex 4.72046 28.7335 0
      vertex 4.72046 28.5318 0.1164689
    endloop
  endfacet
  facet normal -0 -0.500056 -0.865993
    outer loop
      vertex 4.72046 28.7335 0
      vertex 3.8682 28.5318 0.1164689
      vertex 3.66647 28.7335 0
    endloop
  endfacet
  facet normal 0.940805 0.338948 0
    outer loop
      vertex 5.12126 29.5292 7.6511359
      vertex 5.11863 29.5365 0.3181969
      vertex 5.11863 29.5365 7.6511359
    endloop
  endfacet
  facet normal 0.940805 0.338948 0
    outer loop
      vertex 5.11863 29.5365 0.3181969
      vertex 5.12126 29.5292 7.6511359
      vertex 5.12126 29.5292 0.3181969
    endloop
  endfacet
  facet normal 0.362658 -0.362845 0.858384
    outer loop
      vertex 4.84743 28.7952 7.9693259
      vertex 4.90567 28.5779 7.8528659
      vertex 5.02213 28.6943 7.8528659
    endloop
  endfacet
  facet normal 0.362609 -0.362865 0.858396
    outer loop
      vertex 4.90567 28.5779 7.8528659
      vertex 4.84743 28.7952 7.9693259
      vertex 4.8048 28.7526 7.9693259
    endloop
  endfacet
  facet normal 0.132966 -0.495431 -0.85841
    outer loop
      vertex 4.90567 28.5779 0.1164689
      vertex 4.74657 28.5352 0.1164689
      vertex 4.74657 28.737 0
    endloop
  endfacet
  facet normal 0.495505 -0.132901 -0.858378
    outer loop
      vertex 5.02213 28.6943 0.1164689
      vertex 4.84743 28.7952 0
      vertex 4.86304 28.8534 0
    endloop
  endfacet
  facet normal 0.132959 -0.495404 0.858427
    outer loop
      vertex 4.74657 28.737 7.9693259
      vertex 4.74657 28.5352 7.8528659
      vertex 4.90567 28.5779 7.8528659
    endloop
  endfacet
  facet normal 0.866023 -0 0.500004
    outer loop
      vertex 5.0682 28.8795 7.8528659
      vertex 5.18467 29.2726 7.6511359
      vertex 5.0682 29.2726 7.8528659
    endloop
  endfacet
  facet normal 0.866023 0 0.500004
    outer loop
      vertex 5.18467 29.2726 7.6511359
      vertex 5.0682 28.8795 7.8528659
      vertex 5.18467 28.8795 7.6511359
    endloop
  endfacet
  facet normal 0.495591 0.132791 -0.858345
    outer loop
      vertex 5.06302 29.3119 0.1164689
      vertex 4.8613 29.3119 0
      vertex 5.02039 29.471 0.1164689
    endloop
  endfacet
  facet normal 0.909694 0.41528 0
    outer loop
      vertex 5.11863 29.5365 7.6511359
      vertex 3.98467 32.0205 0.3181969
      vertex 3.98467 32.0205 7.6511359
    endloop
  endfacet
  facet normal 0.909694 0.41528 0
    outer loop
      vertex 3.98467 32.0205 0.3181969
      vertex 5.11863 29.5365 7.6511359
      vertex 5.11863 29.5365 0.3181969
    endloop
  endfacet
  facet normal 0 -1 0
    outer loop
      vertex 3.98467 28.4153 0.3181969
      vertex 4.72046 28.4153 7.6511359
      vertex 3.98467 28.4153 7.6511359
    endloop
  endfacet
  facet normal 0 -1 -0
    outer loop
      vertex 4.72046 28.4153 7.6511359
      vertex 3.98467 28.4153 0.3181969
      vertex 4.72046 28.4153 0.3181969
    endloop
  endfacet
  facet normal -0 -0.865965 -0.500104
    outer loop
      vertex 4.72046 28.5318 0.1164689
      vertex 3.98467 28.4153 0.3181969
      vertex 3.8682 28.5318 0.1164689
    endloop
  endfacet
  facet normal 0 -0.865965 -0.500104
    outer loop
      vertex 3.98467 28.4153 0.3181969
      vertex 4.72046 28.5318 0.1164689
      vertex 4.72046 28.4153 0.3181969
    endloop
  endfacet
  facet normal 0.5 0 -0.866025
    outer loop
      vertex 4.86647 28.8795 0
      vertex 5.0682 29.2726 0.1164689
      vertex 5.0682 28.8795 0.1164689
    endloop
  endfacet
  facet normal 0.5 0 -0.866025
    outer loop
      vertex 5.0682 29.2726 0.1164689
      vertex 4.86647 28.8795 0
      vertex 4.86647 29.2726 0
    endloop
  endfacet
  facet normal 0.84361 0.226063 -0.487051
    outer loop
      vertex 5.17949 29.3119 0.3181969
      vertex 5.02039 29.471 0.1164689
      vertex 5.12126 29.5292 0.3181969
    endloop
  endfacet
  facet normal 0.258681 -0.965963 0
    outer loop
      vertex 4.74657 28.4188 0.3181969
      vertex 4.9639 28.477 7.6511359
      vertex 4.74657 28.4188 7.6511359
    endloop
  endfacet
  facet normal 0.258681 -0.965963 0
    outer loop
      vertex 4.9639 28.477 7.6511359
      vertex 4.74657 28.4188 0.3181969
      vertex 4.9639 28.477 0.3181969
    endloop
  endfacet
  facet normal 0.788677 0.360036 0.49836
    outer loop
      vertex 3.8682 31.9964 7.8528659
      vertex 5.11863 29.5365 7.6511359
      vertex 3.98467 32.0205 7.6511359
    endloop
  endfacet
  facet normal 0.788738 0.360077 0.498233
    outer loop
      vertex 5.11863 29.5365 7.6511359
      vertex 3.8682 31.9964 7.8528659
      vertex 5.01777 29.4783 7.8528659
    endloop
  endfacet
  facet normal 0.456352 0.208335 0.865066
    outer loop
      vertex 3.8682 31.9964 7.8528659
      vertex 4.84307 29.3774 7.9693259
      vertex 5.01777 29.4783 7.8528659
    endloop
  endfacet
  facet normal 0.456418 0.208358 0.865026
    outer loop
      vertex 4.84307 29.3774 7.9693259
      vertex 3.8682 31.9964 7.8528659
      vertex 3.66647 31.9548 7.9693259
    endloop
  endfacet
  facet normal 0.495477 -0.132893 0.858395
    outer loop
      vertex 4.86304 28.8534 7.9693259
      vertex 4.84743 28.7952 7.9693259
      vertex 5.02213 28.6943 7.8528659
    endloop
  endfacet
  facet normal 0 -0.500027 0.86601
    outer loop
      vertex 4.72046 28.7335 7.9693259
      vertex 3.8682 28.5318 7.8528659
      vertex 4.72046 28.5318 7.8528659
    endloop
  endfacet
  facet normal 0 -0.500027 0.86601
    outer loop
      vertex 3.8682 28.5318 7.8528659
      vertex 4.72046 28.7335 7.9693259
      vertex 3.66647 28.7335 7.9693259
    endloop
  endfacet
  facet normal 0.499971 0 0.866042
    outer loop
      vertex 4.86647 29.2726 7.9693259
      vertex 5.0682 28.8795 7.8528659
      vertex 5.0682 29.2726 7.8528659
    endloop
  endfacet
  facet normal 0.499971 0 0.866042
    outer loop
      vertex 5.0682 28.8795 7.8528659
      vertex 4.86647 29.2726 7.9693259
      vertex 4.86647 28.8795 7.9693259
    endloop
  endfacet
  facet normal 0.13286 -0.991135 0
    outer loop
      vertex 4.72046 28.4153 0.3181969
      vertex 4.74657 28.4188 7.6511359
      vertex 4.72046 28.4153 7.6511359
    endloop
  endfacet
  facet normal 0.13286 -0.991135 0
    outer loop
      vertex 4.74657 28.4188 7.6511359
      vertex 4.72046 28.4153 0.3181969
      vertex 4.74657 28.4188 0.3181969
    endloop
  endfacet
  facet normal 0.707107 -0.707107 0
    outer loop
      vertex 4.9639 28.477 0.3181969
      vertex 5.123 28.6361 7.6511359
      vertex 4.9639 28.477 7.6511359
    endloop
  endfacet
  facet normal 0.707107 -0.707107 0
    outer loop
      vertex 5.123 28.6361 7.6511359
      vertex 4.9639 28.477 0.3181969
      vertex 5.123 28.6361 0.3181969
    endloop
  endfacet
  facet normal 0.132769 -0.495586 -0.858351
    outer loop
      vertex 4.90567 28.5779 0.1164689
      vertex 4.74657 28.737 0
      vertex 4.8048 28.7526 0
    endloop
  endfacet
  facet normal 0.498889 0.0657569 0.864167
    outer loop
      vertex 5.06302 29.3119 7.8528659
      vertex 4.86647 29.2726 7.9693259
      vertex 5.0682 29.2726 7.8528659
    endloop
  endfacet
  facet normal 0.498912 0.0656329 0.864164
    outer loop
      vertex 4.86647 29.2726 7.9693259
      vertex 5.06302 29.3119 7.8528659
      vertex 4.8613 29.3119 7.9693259
    endloop
  endfacet
  facet normal 0.84361 -0.226063 -0.487051
    outer loop
      vertex 5.123 28.6361 0.3181969
      vertex 5.02213 28.6943 0.1164689
      vertex 5.18123 28.8534 0.3181969
    endloop
  endfacet
  facet normal 0.495505 0.132901 -0.858378
    outer loop
      vertex 4.8613 29.3119 0
      vertex 4.84569 29.3701 0
      vertex 5.02039 29.471 0.1164689
    endloop
  endfacet
  facet normal 0.22591 -0.843592 0.487152
    outer loop
      vertex 4.90567 28.5779 7.8528659
      vertex 4.74657 28.4188 7.6511359
      vertex 4.9639 28.477 7.6511359
    endloop
  endfacet
  facet normal 0.617368 -0.617686 0.487155
    outer loop
      vertex 4.9639 28.477 7.6511359
      vertex 5.02213 28.6943 7.8528659
      vertex 4.90567 28.5779 7.8528659
    endloop
  endfacet
  facet normal 0.617593 -0.617593 0.48699
    outer loop
      vertex 5.02213 28.6943 7.8528659
      vertex 4.9639 28.477 7.6511359
      vertex 5.123 28.6361 7.6511359
    endloop
  endfacet
  facet normal 1 -0 0
    outer loop
      vertex 5.18467 28.8795 7.6511359
      vertex 5.18467 29.2726 0.3181969
      vertex 5.18467 29.2726 7.6511359
    endloop
  endfacet
  facet normal 1 0 0
    outer loop
      vertex 5.18467 29.2726 0.3181969
      vertex 5.18467 28.8795 7.6511359
      vertex 5.18467 28.8795 0.3181969
    endloop
  endfacet
  facet normal 0.617367 -0.617685 -0.487159
    outer loop
      vertex 5.02213 28.6943 0.1164689
      vertex 4.9639 28.477 0.3181969
      vertex 4.90567 28.5779 0.1164689
    endloop
  endfacet
  facet normal 0.617591 -0.617591 -0.486993
    outer loop
      vertex 4.9639 28.477 0.3181969
      vertex 5.02213 28.6943 0.1164689
      vertex 5.123 28.6361 0.3181969
    endloop
  endfacet
  facet normal 0.456378 0.208347 -0.86505
    outer loop
      vertex 4.84307 29.3774 0
      vertex 3.8682 31.9964 0.1164689
      vertex 5.01777 29.4783 0.1164689
    endloop
  endfacet
  facet normal 0.456444 0.20837 -0.865009
    outer loop
      vertex 3.8682 31.9964 0.1164689
      vertex 4.84307 29.3774 0
      vertex 3.66647 31.9548 0
    endloop
  endfacet
  facet normal 0.495563 0.132783 0.858363
    outer loop
      vertex 5.02039 29.471 7.8528659
      vertex 4.8613 29.3119 7.9693259
      vertex 5.06302 29.3119 7.8528659
    endloop
  endfacet
  facet normal 0.495563 -0.132783 0.858363
    outer loop
      vertex 5.06476 28.8534 7.8528659
      vertex 4.86304 28.8534 7.9693259
      vertex 5.02213 28.6943 7.8528659
    endloop
  endfacet
  facet normal 0.991425 0.130676 0
    outer loop
      vertex 5.18467 29.2726 7.6511359
      vertex 5.17949 29.3119 0.3181969
      vertex 5.17949 29.3119 7.6511359
    endloop
  endfacet
  facet normal 0.991425 0.130676 0
    outer loop
      vertex 5.17949 29.3119 0.3181969
      vertex 5.18467 29.2726 7.6511359
      vertex 5.18467 29.2726 0.3181969
    endloop
  endfacet
  facet normal 0.817992 0.294701 -0.494004
    outer loop
      vertex 5.12126 29.5292 0.3181969
      vertex 5.01777 29.4783 0.1164689
      vertex 5.11863 29.5365 0.3181969
    endloop
  endfacet
  facet normal 0.818377 0.293719 -0.493953
    outer loop
      vertex 5.01777 29.4783 0.1164689
      vertex 5.12126 29.5292 0.3181969
      vertex 5.02039 29.471 0.1164689
    endloop
  endfacet
  facet normal 0.860434 0.113411 -0.496781
    outer loop
      vertex 5.18467 29.2726 0.3181969
      vertex 5.06302 29.3119 0.1164689
      vertex 5.17949 29.3119 0.3181969
    endloop
  endfacet
  facet normal 0.860434 0.113411 -0.496781
    outer loop
      vertex 5.06302 29.3119 0.1164689
      vertex 5.18467 29.2726 0.3181969
      vertex 5.0682 29.2726 0.1164689
    endloop
  endfacet
  facet normal 0.498889 -0.065754 0.864168
    outer loop
      vertex 4.86647 28.8795 7.9693259
      vertex 5.06476 28.8534 7.8528659
      vertex 5.0682 28.8795 7.8528659
    endloop
  endfacet
  facet normal 0.498914 -0.0655661 0.864168
    outer loop
      vertex 5.06476 28.8534 7.8528659
      vertex 4.86647 28.8795 7.9693259
      vertex 4.86304 28.8534 7.9693259
    endloop
  endfacet
  facet normal 0.965921 0.258838 0
    outer loop
      vertex 5.17949 29.3119 7.6511359
      vertex 5.12126 29.5292 0.3181969
      vertex 5.12126 29.5292 7.6511359
    endloop
  endfacet
  facet normal 0.965921 0.258838 0
    outer loop
      vertex 5.12126 29.5292 0.3181969
      vertex 5.17949 29.3119 7.6511359
      vertex 5.17949 29.3119 0.3181969
    endloop
  endfacet
  facet normal 0.860436 0.113411 0.496778
    outer loop
      vertex 5.0682 29.2726 7.8528659
      vertex 5.17949 29.3119 7.6511359
      vertex 5.06302 29.3119 7.8528659
    endloop
  endfacet
  facet normal 0.860436 0.113411 0.496778
    outer loop
      vertex 5.17949 29.3119 7.6511359
      vertex 5.0682 29.2726 7.8528659
      vertex 5.18467 29.2726 7.6511359
    endloop
  endfacet
  facet normal 0.817994 0.294702 0.494
    outer loop
      vertex 5.01777 29.4783 7.8528659
      vertex 5.12126 29.5292 7.6511359
      vertex 5.11863 29.5365 7.6511359
    endloop
  endfacet
  facet normal 0.818379 0.293719 0.493949
    outer loop
      vertex 5.12126 29.5292 7.6511359
      vertex 5.01777 29.4783 7.8528659
      vertex 5.02039 29.471 7.8528659
    endloop
  endfacet
  facet normal 0.132762 -0.495558 0.858369
    outer loop
      vertex 4.8048 28.7526 7.9693259
      vertex 4.74657 28.737 7.9693259
      vertex 4.90567 28.5779 7.8528659
    endloop
  endfacet
  facet normal 0.860436 -0.113406 0.496778
    outer loop
      vertex 5.06476 28.8534 7.8528659
      vertex 5.18467 28.8795 7.6511359
      vertex 5.0682 28.8795 7.8528659
    endloop
  endfacet
  facet normal 0.860436 -0.113406 0.496778
    outer loop
      vertex 5.18467 28.8795 7.6511359
      vertex 5.06476 28.8534 7.8528659
      vertex 5.18123 28.8534 7.6511359
    endloop
  endfacet
  facet normal 0 -0.865968 0.5001
    outer loop
      vertex 3.98467 28.4153 7.6511359
      vertex 4.72046 28.5318 7.8528659
      vertex 3.8682 28.5318 7.8528659
    endloop
  endfacet
  facet normal 0 -0.865968 0.5001
    outer loop
      vertex 4.72046 28.5318 7.8528659
      vertex 3.98467 28.4153 7.6511359
      vertex 4.72046 28.4153 7.6511359
    endloop
  endfacet
  facet normal 0.226425 -0.843658 0.486798
    outer loop
      vertex 4.74657 28.5352 7.8528659
      vertex 4.74657 28.4188 7.6511359
      vertex 4.90567 28.5779 7.8528659
    endloop
  endfacet
  facet normal 0.498918 -0.0657578 -0.864151
    outer loop
      vertex 5.06476 28.8534 0.1164689
      vertex 4.86647 28.8795 0
      vertex 5.0682 28.8795 0.1164689
    endloop
  endfacet
  facet normal 0.498943 -0.0655699 -0.864151
    outer loop
      vertex 4.86647 28.8795 0
      vertex 5.06476 28.8534 0.1164689
      vertex 4.86304 28.8534 0
    endloop
  endfacet
  facet normal 0.0649788 -0.498999 -0.864163
    outer loop
      vertex 4.72046 28.7335 0
      vertex 4.74657 28.5352 0.1164689
      vertex 4.72046 28.5318 0.1164689
    endloop
  endfacet
  facet normal 0.0668568 -0.498752 -0.864163
    outer loop
      vertex 4.74657 28.5352 0.1164689
      vertex 4.72046 28.7335 0
      vertex 4.74657 28.737 0
    endloop
  endfacet
  facet normal 0.860434 -0.113406 -0.496782
    outer loop
      vertex 5.18123 28.8534 0.3181969
      vertex 5.0682 28.8795 0.1164689
      vertex 5.18467 28.8795 0.3181969
    endloop
  endfacet
  facet normal 0.860434 -0.113406 -0.496782
    outer loop
      vertex 5.0682 28.8795 0.1164689
      vertex 5.18123 28.8534 0.3181969
      vertex 5.06476 28.8534 0.1164689
    endloop
  endfacet
  facet normal 0.495591 -0.132791 -0.858345
    outer loop
      vertex 5.02213 28.6943 0.1164689
      vertex 4.86304 28.8534 0
      vertex 5.06476 28.8534 0.1164689
    endloop
  endfacet
  facet normal 0.788675 0.360035 -0.498363
    outer loop
      vertex 5.11863 29.5365 0.3181969
      vertex 3.8682 31.9964 0.1164689
      vertex 3.98467 32.0205 0.3181969
    endloop
  endfacet
  facet normal 0.788736 0.360076 -0.498237
    outer loop
      vertex 3.8682 31.9964 0.1164689
      vertex 5.11863 29.5365 0.3181969
      vertex 5.01777 29.4783 0.1164689
    endloop
  endfacet
  facet normal 0.476289 0.170942 -0.862512
    outer loop
      vertex 4.84307 29.3774 0
      vertex 5.02039 29.471 0.1164689
      vertex 4.84569 29.3701 0
    endloop
  endfacet
  facet normal 0.476289 0.170942 -0.862512
    outer loop
      vertex 5.02039 29.471 0.1164689
      vertex 4.84307 29.3774 0
      vertex 5.01777 29.4783 0.1164689
    endloop
  endfacet
  facet normal 0.498918 0.0657607 -0.864151
    outer loop
      vertex 4.86647 29.2726 0
      vertex 5.06302 29.3119 0.1164689
      vertex 5.0682 29.2726 0.1164689
    endloop
  endfacet
  facet normal 0.49894 0.0656367 -0.864147
    outer loop
      vertex 5.06302 29.3119 0.1164689
      vertex 4.86647 29.2726 0
      vertex 4.8613 29.3119 0
    endloop
  endfacet
  facet normal 0.476262 0.170933 0.862529
    outer loop
      vertex 4.84307 29.3774 7.9693259
      vertex 5.02039 29.471 7.8528659
      vertex 5.01777 29.4783 7.8528659
    endloop
  endfacet
  facet normal 0.476262 0.170933 0.862529
    outer loop
      vertex 5.02039 29.471 7.8528659
      vertex 4.84307 29.3774 7.9693259
      vertex 4.84569 29.3701 7.9693259
    endloop
  endfacet
  facet normal 0.843612 0.226063 0.487047
    outer loop
      vertex 5.12126 29.5292 7.6511359
      vertex 5.02039 29.471 7.8528659
      vertex 5.17949 29.3119 7.6511359
    endloop
  endfacet
  facet normal 0.066853 -0.498723 0.864179
    outer loop
      vertex 4.72046 28.7335 7.9693259
      vertex 4.74657 28.5352 7.8528659
      vertex 4.74657 28.737 7.9693259
    endloop
  endfacet
  facet normal 0.0649751 -0.498971 0.86418
    outer loop
      vertex 4.74657 28.5352 7.8528659
      vertex 4.72046 28.7335 7.9693259
      vertex 4.72046 28.5318 7.8528659
    endloop
  endfacet
  facet normal 0.112055 -0.860514 0.496951
    outer loop
      vertex 4.72046 28.4153 7.6511359
      vertex 4.74657 28.5352 7.8528659
      vertex 4.72046 28.5318 7.8528659
    endloop
  endfacet
  facet normal 0.115332 -0.860374 0.496443
    outer loop
      vertex 4.74657 28.5352 7.8528659
      vertex 4.72046 28.4153 7.6511359
      vertex 4.74657 28.4188 7.6511359
    endloop
  endfacet
  facet normal 0.115307 -0.860189 -0.496768
    outer loop
      vertex 4.72046 28.5318 0.1164689
      vertex 4.74657 28.4188 0.3181969
      vertex 4.72046 28.4153 0.3181969
    endloop
  endfacet
  facet normal 0.112078 -0.860694 -0.496633
    outer loop
      vertex 4.74657 28.4188 0.3181969
      vertex 4.72046 28.5318 0.1164689
      vertex 4.74657 28.5352 0.1164689
    endloop
  endfacet
  facet normal 0.22591 -0.84359 -0.487156
    outer loop
      vertex 4.9639 28.477 0.3181969
      vertex 4.74657 28.4188 0.3181969
      vertex 4.90567 28.5779 0.1164689
    endloop
  endfacet
  facet normal 0.226424 -0.843656 -0.486802
    outer loop
      vertex 4.90567 28.5779 0.1164689
      vertex 4.74657 28.4188 0.3181969
      vertex 4.74657 28.5352 0.1164689
    endloop
  endfacet
  facet normal 0.843607 0.22604 -0.487066
    outer loop
      vertex 5.06302 29.3119 0.1164689
      vertex 5.02039 29.471 0.1164689
      vertex 5.17949 29.3119 0.3181969
    endloop
  endfacet
  facet normal 0.991426 -0.130671 0
    outer loop
      vertex 5.18123 28.8534 7.6511359
      vertex 5.18467 28.8795 0.3181969
      vertex 5.18467 28.8795 7.6511359
    endloop
  endfacet
  facet normal 0.991426 -0.130671 0
    outer loop
      vertex 5.18467 28.8795 0.3181969
      vertex 5.18123 28.8534 7.6511359
      vertex 5.18123 28.8534 0.3181969
    endloop
  endfacet
  facet normal 0.965921 -0.258838 0
    outer loop
      vertex 5.123 28.6361 7.6511359
      vertex 5.18123 28.8534 0.3181969
      vertex 5.18123 28.8534 7.6511359
    endloop
  endfacet
  facet normal 0.965921 -0.258838 0
    outer loop
      vertex 5.18123 28.8534 0.3181969
      vertex 5.123 28.6361 7.6511359
      vertex 5.123 28.6361 0.3181969
    endloop
  endfacet
  facet normal 0.843609 0.22604 0.487062
    outer loop
      vertex 5.17949 29.3119 7.6511359
      vertex 5.02039 29.471 7.8528659
      vertex 5.06302 29.3119 7.8528659
    endloop
  endfacet
  facet normal 0.362678 -0.362865 -0.858367
    outer loop
      vertex 4.90567 28.5779 0.1164689
      vertex 4.84743 28.7952 0
      vertex 5.02213 28.6943 0.1164689
    endloop
  endfacet
  facet normal 0.36263 -0.362885 -0.858379
    outer loop
      vertex 4.84743 28.7952 0
      vertex 4.90567 28.5779 0.1164689
      vertex 4.8048 28.7526 0
    endloop
  endfacet
  facet normal 0.843609 -0.22604 0.487062
    outer loop
      vertex 5.06476 28.8534 7.8528659
      vertex 5.02213 28.6943 7.8528659
      vertex 5.18123 28.8534 7.6511359
    endloop
  endfacet
  facet normal 0.843612 -0.226063 0.487047
    outer loop
      vertex 5.18123 28.8534 7.6511359
      vertex 5.02213 28.6943 7.8528659
      vertex 5.123 28.6361 7.6511359
    endloop
  endfacet
  facet normal 0.495477 0.132893 0.858395
    outer loop
      vertex 5.02039 29.471 7.8528659
      vertex 4.84569 29.3701 7.9693259
      vertex 4.8613 29.3119 7.9693259
    endloop
  endfacet
  facet normal 0.866021 0 -0.500007
    outer loop
      vertex 5.18467 28.8795 0.3181969
      vertex 5.0682 29.2726 0.1164689
      vertex 5.18467 29.2726 0.3181969
    endloop
  endfacet
  facet normal 0.866021 0 -0.500007
    outer loop
      vertex 5.0682 29.2726 0.1164689
      vertex 5.18467 28.8795 0.3181969
      vertex 5.0682 28.8795 0.1164689
    endloop
  endfacet
  facet normal 0.843607 -0.22604 -0.487066
    outer loop
      vertex 5.18123 28.8534 0.3181969
      vertex 5.02213 28.6943 0.1164689
      vertex 5.06476 28.8534 0.1164689
    endloop
  endfacet
  facet normal -0.49892 0.0656841 -0.864155
    outer loop
      vertex 1.48502 5.60207 0
      vertex 1.3318 5.97054 0.1164689
      vertex 1.53353 5.97054 0
    endloop
  endfacet
  facet normal -0.498912 0.0656887 -0.864159
    outer loop
      vertex 1.3318 5.97054 0.1164689
      vertex 1.48502 5.60207 0
      vertex 1.29016 5.65428 0.1164689
    endloop
  endfacet
  facet normal -0.860446 0.113285 -0.496789
    outer loop
      vertex 1.3318 5.97054 0.1164689
      vertex 1.17766 5.68442 0.3181969
      vertex 1.21533 5.97054 0.3181969
    endloop
  endfacet
  facet normal -0.860449 0.11329 -0.496783
    outer loop
      vertex 1.17766 5.68442 0.3181969
      vertex 1.3318 5.97054 0.1164689
      vertex 1.29016 5.65428 0.1164689
    endloop
  endfacet
  facet normal -0.860448 0.113285 0.496785
    outer loop
      vertex 1.17766 5.68442 7.6511359
      vertex 1.3318 5.97054 7.8528659
      vertex 1.21533 5.97054 7.6511359
    endloop
  endfacet
  facet normal -0.860451 0.11329 0.496779
    outer loop
      vertex 1.3318 5.97054 7.8528659
      vertex 1.17766 5.68442 7.6511359
      vertex 1.29016 5.65428 7.8528659
    endloop
  endfacet
  facet normal -0.498892 0.0656804 0.864172
    outer loop
      vertex 1.3318 5.97054 7.8528659
      vertex 1.48502 5.60207 7.9693259
      vertex 1.53353 5.97054 7.9693259
    endloop
  endfacet
  facet normal -0.498884 0.065685 0.864176
    outer loop
      vertex 1.48502 5.60207 7.9693259
      vertex 1.3318 5.97054 7.8528659
      vertex 1.29016 5.65428 7.8528659
    endloop
  endfacet
  facet normal -0.991444 0.130532 0
    outer loop
      vertex 1.17766 5.68442 0.3181969
      vertex 1.21533 5.97054 7.6511359
      vertex 1.21533 5.97054 0.3181969
    endloop
  endfacet
  facet normal -0.991444 0.130532 0
    outer loop
      vertex 1.21533 5.97054 7.6511359
      vertex 1.17766 5.68442 0.3181969
      vertex 1.17766 5.68442 7.6511359
    endloop
  endfacet
  facet normal -0.923899 0.382636 0
    outer loop
      vertex 1.05587 5.39035 0.3181969
      vertex 1.17766 5.68442 7.6511359
      vertex 1.17766 5.68442 0.3181969
    endloop
  endfacet
  facet normal -0.923899 0.382636 0
    outer loop
      vertex 1.17766 5.68442 7.6511359
      vertex 1.05587 5.39035 0.3181969
      vertex 1.05587 5.39035 7.6511359
    endloop
  endfacet
  facet normal -0.801832 0.332081 0.496778
    outer loop
      vertex 1.05587 5.39035 7.6511359
      vertex 1.29016 5.65428 7.8528659
      vertex 1.17766 5.68442 7.6511359
    endloop
  endfacet
  facet normal -0.801836 0.332099 0.496759
    outer loop
      vertex 1.29016 5.65428 7.8528659
      vertex 1.05587 5.39035 7.6511359
      vertex 1.15673 5.33212 7.8528659
    endloop
  endfacet
  facet normal -0.464891 0.192553 0.864176
    outer loop
      vertex 1.29016 5.65428 7.8528659
      vertex 1.33143 5.23125 7.9693259
      vertex 1.48502 5.60207 7.9693259
    endloop
  endfacet
  facet normal -0.464903 0.19255 0.86417
    outer loop
      vertex 1.33143 5.23125 7.9693259
      vertex 1.29016 5.65428 7.8528659
      vertex 1.15673 5.33212 7.8528659
    endloop
  endfacet
  facet normal -0.464918 0.192564 -0.864159
    outer loop
      vertex 1.33143 5.23125 0
      vertex 1.29016 5.65428 0.1164689
      vertex 1.48502 5.60207 0
    endloop
  endfacet
  facet normal -0.46493 0.192561 -0.864153
    outer loop
      vertex 1.29016 5.65428 0.1164689
      vertex 1.33143 5.23125 0
      vertex 1.15673 5.33212 0.1164689
    endloop
  endfacet
  facet normal -0.80183 0.33208 -0.496782
    outer loop
      vertex 1.29016 5.65428 0.1164689
      vertex 1.05587 5.39035 0.3181969
      vertex 1.17766 5.68442 0.3181969
    endloop
  endfacet
  facet normal -0.801834 0.332098 -0.496763
    outer loop
      vertex 1.05587 5.39035 0.3181969
      vertex 1.29016 5.65428 0.1164689
      vertex 1.15673 5.33212 0.1164689
    endloop
  endfacet
  facet normal -0.79332 0.608805 0
    outer loop
      vertex 0.862113 5.13787 0.3181969
      vertex 1.05587 5.39035 7.6511359
      vertex 1.05587 5.39035 0.3181969
    endloop
  endfacet
  facet normal -0.79332 0.608805 0
    outer loop
      vertex 1.05587 5.39035 7.6511359
      vertex 0.862113 5.13787 0.3181969
      vertex 0.862113 5.13787 7.6511359
    endloop
  endfacet
  facet normal -0.688514 0.528376 0.496757
    outer loop
      vertex 0.862113 5.13787 7.6511359
      vertex 1.15673 5.33212 7.8528659
      vertex 1.05587 5.39035 7.6511359
    endloop
  endfacet
  facet normal -0.688514 0.528366 0.496767
    outer loop
      vertex 1.15673 5.33212 7.8528659
      vertex 0.862113 5.13787 7.6511359
      vertex 0.944467 5.05552 7.8528659
    endloop
  endfacet
  facet normal -0.688512 0.528375 -0.496761
    outer loop
      vertex 1.15673 5.33212 0.1164689
      vertex 0.862113 5.13787 0.3181969
      vertex 1.05587 5.39035 0.3181969
    endloop
  endfacet
  facet normal -0.688512 0.528365 -0.496771
    outer loop
      vertex 0.862113 5.13787 0.3181969
      vertex 1.15673 5.33212 0.1164689
      vertex 0.944467 5.05552 0.1164689
    endloop
  endfacet
  facet normal -0.399198 0.306348 0.864171
    outer loop
      vertex 1.15673 5.33212 7.8528659
      vertex 1.08711 4.91288 7.9693259
      vertex 1.33143 5.23125 7.9693259
    endloop
  endfacet
  facet normal -0.399203 0.306349 0.864169
    outer loop
      vertex 1.08711 4.91288 7.9693259
      vertex 1.15673 5.33212 7.8528659
      vertex 0.944467 5.05552 7.8528659
    endloop
  endfacet
  facet normal -0.399221 0.306366 -0.864154
    outer loop
      vertex 1.08711 4.91288 0
      vertex 1.15673 5.33212 0.1164689
      vertex 1.33143 5.23125 0
    endloop
  endfacet
  facet normal -0.399226 0.306366 -0.864152
    outer loop
      vertex 1.15673 5.33212 0.1164689
      vertex 1.08711 4.91288 0
      vertex 0.944467 5.05552 0.1164689
    endloop
  endfacet
  facet normal -0.528362 0.688519 0.496764
    outer loop
      vertex 0.862113 5.13787 7.6511359
      vertex 0.667867 4.84326 7.8528659
      vertex 0.944467 5.05552 7.8528659
    endloop
  endfacet
  facet normal -0.528359 0.688519 0.496768
    outer loop
      vertex 0.667867 4.84326 7.8528659
      vertex 0.862113 5.13787 7.6511359
      vertex 0.609632 4.94412 7.6511359
    endloop
  endfacet
  facet normal -0.306353 0.3992 0.864168
    outer loop
      vertex 0.944467 5.05552 7.8528659
      vertex 0.768731 4.66855 7.9693259
      vertex 1.08711 4.91288 7.9693259
    endloop
  endfacet
  facet normal -0.306338 0.399195 0.864176
    outer loop
      vertex 0.768731 4.66855 7.9693259
      vertex 0.944467 5.05552 7.8528659
      vertex 0.667867 4.84326 7.8528659
    endloop
  endfacet
  facet normal -0.528361 0.688517 -0.496768
    outer loop
      vertex 0.667867 4.84326 0.1164689
      vertex 0.862113 5.13787 0.3181969
      vertex 0.944467 5.05552 0.1164689
    endloop
  endfacet
  facet normal -0.528358 0.688517 -0.496772
    outer loop
      vertex 0.862113 5.13787 0.3181969
      vertex 0.667867 4.84326 0.1164689
      vertex 0.609632 4.94412 0.3181969
    endloop
  endfacet
  facet normal -0.306371 0.399223 -0.864152
    outer loop
      vertex 0.768731 4.66855 0
      vertex 0.944467 5.05552 0.1164689
      vertex 1.08711 4.91288 0
    endloop
  endfacet
  facet normal -0.306356 0.399218 -0.864159
    outer loop
      vertex 0.944467 5.05552 0.1164689
      vertex 0.768731 4.66855 0
      vertex 0.667867 4.84326 0.1164689
    endloop
  endfacet
  facet normal -0.60879 0.793331 0
    outer loop
      vertex 0.862113 5.13787 0.3181969
      vertex 0.609632 4.94412 7.6511359
      vertex 0.862113 5.13787 7.6511359
    endloop
  endfacet
  facet normal -0.60879 0.793331 0
    outer loop
      vertex 0.609632 4.94412 7.6511359
      vertex 0.862113 5.13787 0.3181969
      vertex 0.609632 4.94412 0.3181969
    endloop
  endfacet
  facet normal -0.192553 0.46492 -0.86416
    outer loop
      vertex 0.397911 4.51497 0
      vertex 0.667867 4.84326 0.1164689
      vertex 0.768731 4.66855 0
    endloop
  endfacet
  facet normal -0.192572 0.464932 -0.86415
    outer loop
      vertex 0.667867 4.84326 0.1164689
      vertex 0.397911 4.51497 0
      vertex 0.345699 4.70982 0.1164689
    endloop
  endfacet
  facet normal -0.382656 0.923891 0
    outer loop
      vertex 0.609632 4.94412 0.3181969
      vertex 0.315556 4.82232 7.6511359
      vertex 0.609632 4.94412 7.6511359
    endloop
  endfacet
  facet normal -0.382656 0.923891 0
    outer loop
      vertex 0.315556 4.82232 7.6511359
      vertex 0.609632 4.94412 0.3181969
      vertex 0.315556 4.82232 0.3181969
    endloop
  endfacet
  facet normal -0.192542 0.464893 0.864177
    outer loop
      vertex 0.667867 4.84326 7.8528659
      vertex 0.397911 4.51497 7.9693259
      vertex 0.768731 4.66855 7.9693259
    endloop
  endfacet
  facet normal -0.192561 0.464905 0.864166
    outer loop
      vertex 0.397911 4.51497 7.9693259
      vertex 0.667867 4.84326 7.8528659
      vertex 0.345699 4.70982 7.8528659
    endloop
  endfacet
  facet normal -0.332111 0.801824 -0.49677
    outer loop
      vertex 0.345699 4.70982 0.1164689
      vertex 0.609632 4.94412 0.3181969
      vertex 0.667867 4.84326 0.1164689
    endloop
  endfacet
  facet normal -0.332097 0.801821 -0.496784
    outer loop
      vertex 0.609632 4.94412 0.3181969
      vertex 0.345699 4.70982 0.1164689
      vertex 0.315556 4.82232 0.3181969
    endloop
  endfacet
  facet normal -0.332111 0.801826 0.496766
    outer loop
      vertex 0.609632 4.94412 7.6511359
      vertex 0.345699 4.70982 7.8528659
      vertex 0.667867 4.84326 7.8528659
    endloop
  endfacet
  facet normal -0.332098 0.801823 0.49678
    outer loop
      vertex 0.345699 4.70982 7.8528659
      vertex 0.609632 4.94412 7.6511359
      vertex 0.315556 4.82232 7.6511359
    endloop
  endfacet
  facet normal -0.1133 0.860449 0.496781
    outer loop
      vertex 0.315556 4.82232 7.6511359
      vertex 0 4.6643 7.8528659
      vertex 0.345699 4.70982 7.8528659
    endloop
  endfacet
  facet normal -0.113297 0.860447 0.496784
    outer loop
      vertex 0 4.6643 7.8528659
      vertex 0.315556 4.82232 7.6511359
      vertex 0 4.78077 7.6511359
    endloop
  endfacet
  facet normal -0.130546 0.991442 0
    outer loop
      vertex 0.315556 4.82232 0.3181969
      vertex 0 4.78077 7.6511359
      vertex 0.315556 4.82232 7.6511359
    endloop
  endfacet
  facet normal -0.130546 0.991442 0
    outer loop
      vertex 0 4.78077 7.6511359
      vertex 0.315556 4.82232 0.3181969
      vertex 0 4.78077 0.3181969
    endloop
  endfacet
  facet normal -0.113299 0.860446 -0.496785
    outer loop
      vertex 0 4.6643 0.1164689
      vertex 0.315556 4.82232 0.3181969
      vertex 0.345699 4.70982 0.1164689
    endloop
  endfacet
  facet normal -0.113297 0.860445 -0.496788
    outer loop
      vertex 0.315556 4.82232 0.3181969
      vertex 0 4.6643 0.1164689
      vertex 0 4.78077 0.3181969
    endloop
  endfacet
  facet normal -0.0656929 0.498901 0.864166
    outer loop
      vertex 0 4.6643 7.8528659
      vertex 0.397911 4.51497 7.9693259
      vertex 0.345699 4.70982 7.8528659
    endloop
  endfacet
  facet normal -0.0656979 0.498891 0.864171
    outer loop
      vertex 0.397911 4.51497 7.9693259
      vertex 0 4.6643 7.8528659
      vertex 0 4.46257 7.9693259
    endloop
  endfacet
  facet normal -0.0657027 0.498928 -0.864149
    outer loop
      vertex 0 4.46257 0
      vertex 0.345699 4.70982 0.1164689
      vertex 0.397911 4.51497 0
    endloop
  endfacet
  facet normal -0.0656954 0.49892 -0.864154
    outer loop
      vertex 0.345699 4.70982 0.1164689
      vertex 0 4.46257 0
      vertex 0 4.6643 0.1164689
    endloop
  endfacet
  facet normal 0.399226 0.306366 -0.864152
    outer loop
      vertex -1.08711 4.91288 0
      vertex -1.15673 5.33212 0.1164689
      vertex -0.944467 5.05552 0.1164689
    endloop
  endfacet
  facet normal 0.399221 0.306366 -0.864154
    outer loop
      vertex -1.15673 5.33212 0.1164689
      vertex -1.08711 4.91288 0
      vertex -1.33143 5.23125 0
    endloop
  endfacet
  facet normal 0.688514 0.528376 0.496757
    outer loop
      vertex -1.15673 5.33212 7.8528659
      vertex -0.862113 5.13787 7.6511359
      vertex -1.05587 5.39035 7.6511359
    endloop
  endfacet
  facet normal 0.688514 0.528366 0.496767
    outer loop
      vertex -0.862113 5.13787 7.6511359
      vertex -1.15673 5.33212 7.8528659
      vertex -0.944467 5.05552 7.8528659
    endloop
  endfacet
  facet normal 0.399203 0.306349 0.864169
    outer loop
      vertex -1.15673 5.33212 7.8528659
      vertex -1.08711 4.91288 7.9693259
      vertex -0.944467 5.05552 7.8528659
    endloop
  endfacet
  facet normal 0.399198 0.306348 0.864171
    outer loop
      vertex -1.08711 4.91288 7.9693259
      vertex -1.15673 5.33212 7.8528659
      vertex -1.33143 5.23125 7.9693259
    endloop
  endfacet
  facet normal 0.79332 0.608805 0
    outer loop
      vertex -0.862113 5.13787 7.6511359
      vertex -1.05587 5.39035 0.3181969
      vertex -1.05587 5.39035 7.6511359
    endloop
  endfacet
  facet normal 0.79332 0.608805 0
    outer loop
      vertex -1.05587 5.39035 0.3181969
      vertex -0.862113 5.13787 7.6511359
      vertex -0.862113 5.13787 0.3181969
    endloop
  endfacet
  facet normal 0.688512 0.528375 -0.496761
    outer loop
      vertex -0.862113 5.13787 0.3181969
      vertex -1.15673 5.33212 0.1164689
      vertex -1.05587 5.39035 0.3181969
    endloop
  endfacet
  facet normal 0.688512 0.528365 -0.496771
    outer loop
      vertex -1.15673 5.33212 0.1164689
      vertex -0.862113 5.13787 0.3181969
      vertex -0.944467 5.05552 0.1164689
    endloop
  endfacet
  facet normal 0.801832 0.332081 0.496778
    outer loop
      vertex -1.29016 5.65428 7.8528659
      vertex -1.05587 5.39035 7.6511359
      vertex -1.17766 5.68442 7.6511359
    endloop
  endfacet
  facet normal 0.801836 0.332099 0.496759
    outer loop
      vertex -1.05587 5.39035 7.6511359
      vertex -1.29016 5.65428 7.8528659
      vertex -1.15673 5.33212 7.8528659
    endloop
  endfacet
  facet normal 0.464903 0.19255 0.86417
    outer loop
      vertex -1.29016 5.65428 7.8528659
      vertex -1.33143 5.23125 7.9693259
      vertex -1.15673 5.33212 7.8528659
    endloop
  endfacet
  facet normal 0.464891 0.192553 0.864176
    outer loop
      vertex -1.33143 5.23125 7.9693259
      vertex -1.29016 5.65428 7.8528659
      vertex -1.48502 5.60207 7.9693259
    endloop
  endfacet
  facet normal 0.923899 0.382636 0
    outer loop
      vertex -1.05587 5.39035 7.6511359
      vertex -1.17766 5.68442 0.3181969
      vertex -1.17766 5.68442 7.6511359
    endloop
  endfacet
  facet normal 0.923899 0.382636 0
    outer loop
      vertex -1.17766 5.68442 0.3181969
      vertex -1.05587 5.39035 7.6511359
      vertex -1.05587 5.39035 0.3181969
    endloop
  endfacet
  facet normal 0.46493 0.192561 -0.864153
    outer loop
      vertex -1.33143 5.23125 0
      vertex -1.29016 5.65428 0.1164689
      vertex -1.15673 5.33212 0.1164689
    endloop
  endfacet
  facet normal 0.464918 0.192564 -0.864159
    outer loop
      vertex -1.29016 5.65428 0.1164689
      vertex -1.33143 5.23125 0
      vertex -1.48502 5.60207 0
    endloop
  endfacet
  facet normal 0.80183 0.33208 -0.496782
    outer loop
      vertex -1.05587 5.39035 0.3181969
      vertex -1.29016 5.65428 0.1164689
      vertex -1.17766 5.68442 0.3181969
    endloop
  endfacet
  facet normal 0.801834 0.332098 -0.496763
    outer loop
      vertex -1.29016 5.65428 0.1164689
      vertex -1.05587 5.39035 0.3181969
      vertex -1.15673 5.33212 0.1164689
    endloop
  endfacet
  facet normal 0.860448 0.113285 0.496785
    outer loop
      vertex -1.3318 5.97054 7.8528659
      vertex -1.17766 5.68442 7.6511359
      vertex -1.21533 5.97054 7.6511359
    endloop
  endfacet
  facet normal 0.860451 0.11329 0.496779
    outer loop
      vertex -1.17766 5.68442 7.6511359
      vertex -1.3318 5.97054 7.8528659
      vertex -1.29016 5.65428 7.8528659
    endloop
  endfacet
  facet normal 0.991444 0.130532 0
    outer loop
      vertex -1.17766 5.68442 7.6511359
      vertex -1.21533 5.97054 0.3181969
      vertex -1.21533 5.97054 7.6511359
    endloop
  endfacet
  facet normal 0.991444 0.130532 0
    outer loop
      vertex -1.21533 5.97054 0.3181969
      vertex -1.17766 5.68442 7.6511359
      vertex -1.17766 5.68442 0.3181969
    endloop
  endfacet
  facet normal 0.860446 0.113285 -0.496789
    outer loop
      vertex -1.17766 5.68442 0.3181969
      vertex -1.3318 5.97054 0.1164689
      vertex -1.21533 5.97054 0.3181969
    endloop
  endfacet
  facet normal 0.860449 0.11329 -0.496783
    outer loop
      vertex -1.3318 5.97054 0.1164689
      vertex -1.17766 5.68442 0.3181969
      vertex -1.29016 5.65428 0.1164689
    endloop
  endfacet
  facet normal 0.498912 0.0656887 -0.864159
    outer loop
      vertex -1.48502 5.60207 0
      vertex -1.3318 5.97054 0.1164689
      vertex -1.29016 5.65428 0.1164689
    endloop
  endfacet
  facet normal 0.49892 0.0656841 -0.864155
    outer loop
      vertex -1.3318 5.97054 0.1164689
      vertex -1.48502 5.60207 0
      vertex -1.53353 5.97054 0
    endloop
  endfacet
  facet normal 0.498884 0.065685 0.864176
    outer loop
      vertex -1.3318 5.97054 7.8528659
      vertex -1.48502 5.60207 7.9693259
      vertex -1.29016 5.65428 7.8528659
    endloop
  endfacet
  facet normal 0.498892 0.0656804 0.864172
    outer loop
      vertex -1.48502 5.60207 7.9693259
      vertex -1.3318 5.97054 7.8528659
      vertex -1.53353 5.97054 7.9693259
    endloop
  endfacet
  facet normal -0.495486 0.132896 -0.858389
    outer loop
      vertex -4.86583 29.2911 0
      vertex -5.02493 29.4502 0.1164689
      vertex -4.85022 29.3493 0
    endloop
  endfacet
  facet normal 0.499971 0 0.866042
    outer loop
      vertex -1.53353 33.5205 7.9693259
      vertex -1.3318 5.97054 7.8528659
      vertex -1.3318 33.5205 7.8528659
    endloop
  endfacet
  facet normal 0.499971 0 0.866042
    outer loop
      vertex -1.3318 5.97054 7.8528659
      vertex -1.53353 33.5205 7.9693259
      vertex -1.53353 5.97054 7.9693259
    endloop
  endfacet
  facet normal -0.788676 0.360038 0.498359
    outer loop
      vertex -5.11421 29.5462 7.6511359
      vertex -3.8682 31.9964 7.8528659
      vertex -3.98467 32.0205 7.6511359
    endloop
  endfacet
  facet normal -0.788723 0.36007 0.498263
    outer loop
      vertex -3.8682 31.9964 7.8528659
      vertex -5.11421 29.5462 7.6511359
      vertex -5.01334 29.488 7.8528659
    endloop
  endfacet
  facet normal -0.863737 0.0729128 0.498641
    outer loop
      vertex -5.18467 29.2834 7.6511359
      vertex -5.06756 29.2911 7.8528659
      vertex -5.18402 29.2911 7.6511359
    endloop
  endfacet
  facet normal -0.863788 0.0717954 0.498713
    outer loop
      vertex -5.06756 29.2911 7.8528659
      vertex -5.18467 29.2834 7.6511359
      vertex -5.0682 29.2834 7.8528659
    endloop
  endfacet
  facet normal 0 -0.865965 -0.500104
    outer loop
      vertex -4.72046 28.5318 0.1164689
      vertex -3.98467 28.4153 0.3181969
      vertex -4.72046 28.4153 0.3181969
    endloop
  endfacet
  facet normal 0 -0.865965 -0.500104
    outer loop
      vertex -3.98467 28.4153 0.3181969
      vertex -4.72046 28.5318 0.1164689
      vertex -3.8682 28.5318 0.1164689
    endloop
  endfacet
  facet normal -0.860436 -0.113406 0.496778
    outer loop
      vertex -5.18123 28.8534 7.6511359
      vertex -5.0682 28.8795 7.8528659
      vertex -5.18467 28.8795 7.6511359
    endloop
  endfacet
  facet normal -0.860436 -0.113406 0.496778
    outer loop
      vertex -5.0682 28.8795 7.8528659
      vertex -5.18123 28.8534 7.6511359
      vertex -5.06476 28.8534 7.8528659
    endloop
  endfacet
  facet normal -0.22591 -0.843592 0.487152
    outer loop
      vertex -4.90567 28.5779 7.8528659
      vertex -4.9639 28.477 7.6511359
      vertex -4.74657 28.4188 7.6511359
    endloop
  endfacet
  facet normal -0.13286 -0.991135 0
    outer loop
      vertex -4.74657 28.4188 0.3181969
      vertex -4.72046 28.4153 7.6511359
      vertex -4.74657 28.4188 7.6511359
    endloop
  endfacet
  facet normal -0.13286 -0.991135 -0
    outer loop
      vertex -4.72046 28.4153 7.6511359
      vertex -4.74657 28.4188 0.3181969
      vertex -4.72046 28.4153 0.3181969
    endloop
  endfacet
  facet normal -0.495545 0.132779 0.858374
    outer loop
      vertex -5.02493 29.4502 7.8528659
      vertex -5.06756 29.2911 7.8528659
      vertex -4.86583 29.2911 7.9693259
    endloop
  endfacet
  facet normal -0.833312 0.255284 0.490327
    outer loop
      vertex -5.12579 29.5084 7.6511359
      vertex -5.01334 29.488 7.8528659
      vertex -5.11421 29.5462 7.6511359
    endloop
  endfacet
  facet normal -0.833256 0.255488 0.490317
    outer loop
      vertex -5.01334 29.488 7.8528659
      vertex -5.12579 29.5084 7.6511359
      vertex -5.02493 29.4502 7.8528659
    endloop
  endfacet
  facet normal -0.499971 0 0.866042
    outer loop
      vertex -5.0682 29.2834 7.8528659
      vertex -4.86647 28.8795 7.9693259
      vertex -4.86647 29.2834 7.9693259
    endloop
  endfacet
  facet normal -0.499971 0 0.866042
    outer loop
      vertex -4.86647 28.8795 7.9693259
      vertex -5.0682 29.2834 7.8528659
      vertex -5.0682 28.8795 7.8528659
    endloop
  endfacet
  facet normal 0 -0.500027 0.86601
    outer loop
      vertex -4.72046 28.7335 7.9693259
      vertex -3.8682 28.5318 7.8528659
      vertex -3.66647 28.7335 7.9693259
    endloop
  endfacet
  facet normal 0 -0.500027 0.86601
    outer loop
      vertex -3.8682 28.5318 7.8528659
      vertex -4.72046 28.7335 7.9693259
      vertex -4.72046 28.5318 7.8528659
    endloop
  endfacet
  facet normal -0.456444 0.208369 -0.865009
    outer loop
      vertex -4.83864 29.3871 0
      vertex -3.8682 31.9964 0.1164689
      vertex -3.66647 31.9548 0
    endloop
  endfacet
  facet normal -0.456378 0.208347 -0.86505
    outer loop
      vertex -3.8682 31.9964 0.1164689
      vertex -4.83864 29.3871 0
      vertex -5.01334 29.488 0.1164689
    endloop
  endfacet
  facet normal 0 -0.865968 0.5001
    outer loop
      vertex -3.98467 28.4153 7.6511359
      vertex -4.72046 28.5318 7.8528659
      vertex -4.72046 28.4153 7.6511359
    endloop
  endfacet
  facet normal 0 -0.865968 0.5001
    outer loop
      vertex -4.72046 28.5318 7.8528659
      vertex -3.98467 28.4153 7.6511359
      vertex -3.8682 28.5318 7.8528659
    endloop
  endfacet
  facet normal -0.112078 -0.860696 0.496629
    outer loop
      vertex -4.74657 28.4188 7.6511359
      vertex -4.72046 28.5318 7.8528659
      vertex -4.74657 28.5352 7.8528659
    endloop
  endfacet
  facet normal -0.115307 -0.860191 0.496764
    outer loop
      vertex -4.72046 28.5318 7.8528659
      vertex -4.74657 28.4188 7.6511359
      vertex -4.72046 28.4153 7.6511359
    endloop
  endfacet
  facet normal 1 -0 0
    outer loop
      vertex -1.21533 5.97054 7.6511359
      vertex -1.21533 33.5205 0.3181969
      vertex -1.21533 33.5205 7.6511359
    endloop
  endfacet
  facet normal 1 0 0
    outer loop
      vertex -1.21533 33.5205 0.3181969
      vertex -1.21533 5.97054 7.6511359
      vertex -1.21533 5.97054 0.3181969
    endloop
  endfacet
  facet normal -0.843607 -0.22604 -0.487066
    outer loop
      vertex -5.02213 28.6943 0.1164689
      vertex -5.18123 28.8534 0.3181969
      vertex -5.06476 28.8534 0.1164689
    endloop
  endfacet
  facet normal -0.495477 -0.132893 0.858395
    outer loop
      vertex -4.86304 28.8534 7.9693259
      vertex -5.02213 28.6943 7.8528659
      vertex -4.84743 28.7952 7.9693259
    endloop
  endfacet
  facet normal -0.956139 0.292913 0
    outer loop
      vertex -5.12579 29.5084 0.3181969
      vertex -5.11421 29.5462 7.6511359
      vertex -5.11421 29.5462 0.3181969
    endloop
  endfacet
  facet normal -0.956139 0.292913 0
    outer loop
      vertex -5.11421 29.5462 7.6511359
      vertex -5.12579 29.5084 0.3181969
      vertex -5.12579 29.5084 7.6511359
    endloop
  endfacet
  facet normal -0.226424 -0.843656 -0.486802
    outer loop
      vertex -4.74657 28.4188 0.3181969
      vertex -4.90567 28.5779 0.1164689
      vertex -4.74657 28.5352 0.1164689
    endloop
  endfacet
  facet normal -0.707107 -0.707107 0
    outer loop
      vertex -5.123 28.6361 0.3181969
      vertex -4.9639 28.477 7.6511359
      vertex -5.123 28.6361 7.6511359
    endloop
  endfacet
  facet normal -0.707107 -0.707107 -0
    outer loop
      vertex -4.9639 28.477 7.6511359
      vertex -5.123 28.6361 0.3181969
      vertex -4.9639 28.477 0.3181969
    endloop
  endfacet
  facet normal -0.965921 0.258838 0
    outer loop
      vertex -5.18402 29.2911 0.3181969
      vertex -5.12579 29.5084 7.6511359
      vertex -5.12579 29.5084 0.3181969
    endloop
  endfacet
  facet normal -0.965921 0.258838 0
    outer loop
      vertex -5.12579 29.5084 7.6511359
      vertex -5.18402 29.2911 0.3181969
      vertex -5.18402 29.2911 7.6511359
    endloop
  endfacet
  facet normal -0.991426 -0.130671 0
    outer loop
      vertex -5.18123 28.8534 0.3181969
      vertex -5.18467 28.8795 7.6511359
      vertex -5.18467 28.8795 0.3181969
    endloop
  endfacet
  facet normal -0.991426 -0.130671 0
    outer loop
      vertex -5.18467 28.8795 7.6511359
      vertex -5.18123 28.8534 0.3181969
      vertex -5.18123 28.8534 7.6511359
    endloop
  endfacet
  facet normal 0.866021 0 -0.500007
    outer loop
      vertex -1.21533 5.97054 0.3181969
      vertex -1.3318 33.5205 0.1164689
      vertex -1.21533 33.5205 0.3181969
    endloop
  endfacet
  facet normal 0.866021 0 -0.500007
    outer loop
      vertex -1.3318 33.5205 0.1164689
      vertex -1.21533 5.97054 0.3181969
      vertex -1.3318 5.97054 0.1164689
    endloop
  endfacet
  facet normal -0.909692 0.415283 0
    outer loop
      vertex -5.11421 29.5462 0.3181969
      vertex -3.98467 32.0205 7.6511359
      vertex -3.98467 32.0205 0.3181969
    endloop
  endfacet
  facet normal -0.909692 0.415283 0
    outer loop
      vertex -3.98467 32.0205 7.6511359
      vertex -5.11421 29.5462 0.3181969
      vertex -5.11421 29.5462 7.6511359
    endloop
  endfacet
  facet normal 0.5 0 -0.866025
    outer loop
      vertex -1.53353 5.97054 0
      vertex -1.3318 33.5205 0.1164689
      vertex -1.3318 5.97054 0.1164689
    endloop
  endfacet
  facet normal 0.5 0 -0.866025
    outer loop
      vertex -1.3318 33.5205 0.1164689
      vertex -1.53353 5.97054 0
      vertex -1.53353 33.5205 0
    endloop
  endfacet
  facet normal 0 -1 0
    outer loop
      vertex -4.72046 28.4153 0.3181969
      vertex -3.98467 28.4153 7.6511359
      vertex -4.72046 28.4153 7.6511359
    endloop
  endfacet
  facet normal 0 -1 -0
    outer loop
      vertex -3.98467 28.4153 7.6511359
      vertex -4.72046 28.4153 0.3181969
      vertex -3.98467 28.4153 0.3181969
    endloop
  endfacet
  facet normal -0.226425 -0.843658 0.486798
    outer loop
      vertex -4.74657 28.5352 7.8528659
      vertex -4.90567 28.5779 7.8528659
      vertex -4.74657 28.4188 7.6511359
    endloop
  endfacet
  facet normal -0.843629 0.226068 0.487015
    outer loop
      vertex -5.12579 29.5084 7.6511359
      vertex -5.18402 29.2911 7.6511359
      vertex -5.02493 29.4502 7.8528659
    endloop
  endfacet
  facet normal -0.617591 -0.617591 -0.486993
    outer loop
      vertex -5.02213 28.6943 0.1164689
      vertex -4.9639 28.477 0.3181969
      vertex -5.123 28.6361 0.3181969
    endloop
  endfacet
  facet normal -0.617367 -0.617685 -0.487159
    outer loop
      vertex -4.9639 28.477 0.3181969
      vertex -5.02213 28.6943 0.1164689
      vertex -4.90567 28.5779 0.1164689
    endloop
  endfacet
  facet normal -0.22591 -0.84359 -0.487156
    outer loop
      vertex -4.74657 28.4188 0.3181969
      vertex -4.9639 28.477 0.3181969
      vertex -4.90567 28.5779 0.1164689
    endloop
  endfacet
  facet normal -0.115331 -0.860372 -0.496447
    outer loop
      vertex -4.74657 28.5352 0.1164689
      vertex -4.72046 28.4153 0.3181969
      vertex -4.74657 28.4188 0.3181969
    endloop
  endfacet
  facet normal -0.112054 -0.860512 -0.496954
    outer loop
      vertex -4.72046 28.4153 0.3181969
      vertex -4.74657 28.5352 0.1164689
      vertex -4.72046 28.5318 0.1164689
    endloop
  endfacet
  facet normal -0.843609 -0.22604 0.487062
    outer loop
      vertex -5.06476 28.8534 7.8528659
      vertex -5.18123 28.8534 7.6511359
      vertex -5.02213 28.6943 7.8528659
    endloop
  endfacet
  facet normal -0.487264 0.149402 0.860379
    outer loop
      vertex -5.02493 29.4502 7.8528659
      vertex -4.83864 29.3871 7.9693259
      vertex -5.01334 29.488 7.8528659
    endloop
  endfacet
  facet normal -0.487303 0.149285 0.860378
    outer loop
      vertex -4.83864 29.3871 7.9693259
      vertex -5.02493 29.4502 7.8528659
      vertex -4.85022 29.3493 7.9693259
    endloop
  endfacet
  facet normal -0.258681 -0.965963 0
    outer loop
      vertex -4.9639 28.477 0.3181969
      vertex -4.74657 28.4188 7.6511359
      vertex -4.9639 28.477 7.6511359
    endloop
  endfacet
  facet normal -0.258681 -0.965963 -0
    outer loop
      vertex -4.74657 28.4188 7.6511359
      vertex -4.9639 28.477 0.3181969
      vertex -4.74657 28.4188 0.3181969
    endloop
  endfacet
  facet normal 0 -0.500056 -0.865993
    outer loop
      vertex -4.72046 28.7335 0
      vertex -3.8682 28.5318 0.1164689
      vertex -4.72046 28.5318 0.1164689
    endloop
  endfacet
  facet normal 0 -0.500056 -0.865993
    outer loop
      vertex -3.8682 28.5318 0.1164689
      vertex -4.72046 28.7335 0
      vertex -3.66647 28.7335 0
    endloop
  endfacet
  facet normal -0.788675 0.360037 -0.498363
    outer loop
      vertex -3.8682 31.9964 0.1164689
      vertex -5.11421 29.5462 0.3181969
      vertex -3.98467 32.0205 0.3181969
    endloop
  endfacet
  facet normal -0.788721 0.360069 -0.498266
    outer loop
      vertex -5.11421 29.5462 0.3181969
      vertex -3.8682 31.9964 0.1164689
      vertex -5.01334 29.488 0.1164689
    endloop
  endfacet
  facet normal -0.996456 0.0841164 0
    outer loop
      vertex -5.18467 29.2834 0.3181969
      vertex -5.18402 29.2911 7.6511359
      vertex -5.18402 29.2911 0.3181969
    endloop
  endfacet
  facet normal -0.996456 0.0841164 0
    outer loop
      vertex -5.18402 29.2911 7.6511359
      vertex -5.18467 29.2834 0.3181969
      vertex -5.18467 29.2834 7.6511359
    endloop
  endfacet
  facet normal -0.860434 -0.113406 -0.496782
    outer loop
      vertex -5.06476 28.8534 0.1164689
      vertex -5.18467 28.8795 0.3181969
      vertex -5.0682 28.8795 0.1164689
    endloop
  endfacet
  facet normal -0.860434 -0.113406 -0.496782
    outer loop
      vertex -5.18467 28.8795 0.3181969
      vertex -5.06476 28.8534 0.1164689
      vertex -5.18123 28.8534 0.3181969
    endloop
  endfacet
  facet normal -0.495505 -0.132901 -0.858378
    outer loop
      vertex -4.84743 28.7952 0
      vertex -5.02213 28.6943 0.1164689
      vertex -4.86304 28.8534 0
    endloop
  endfacet
  facet normal -0.84361 -0.226063 -0.487051
    outer loop
      vertex -5.123 28.6361 0.3181969
      vertex -5.18123 28.8534 0.3181969
      vertex -5.02213 28.6943 0.1164689
    endloop
  endfacet
  facet normal -0.362609 -0.362865 0.858396
    outer loop
      vertex -4.84743 28.7952 7.9693259
      vertex -4.90567 28.5779 7.8528659
      vertex -4.8048 28.7526 7.9693259
    endloop
  endfacet
  facet normal -0.362658 -0.362845 0.858384
    outer loop
      vertex -4.90567 28.5779 7.8528659
      vertex -4.84743 28.7952 7.9693259
      vertex -5.02213 28.6943 7.8528659
    endloop
  endfacet
  facet normal -0.132959 -0.495404 0.858427
    outer loop
      vertex -4.74657 28.737 7.9693259
      vertex -4.90567 28.5779 7.8528659
      vertex -4.74657 28.5352 7.8528659
    endloop
  endfacet
  facet normal -0.066853 -0.498723 0.864179
    outer loop
      vertex -4.74657 28.5352 7.8528659
      vertex -4.72046 28.7335 7.9693259
      vertex -4.74657 28.737 7.9693259
    endloop
  endfacet
  facet normal -0.0649751 -0.498971 0.86418
    outer loop
      vertex -4.72046 28.7335 7.9693259
      vertex -4.74657 28.5352 7.8528659
      vertex -4.72046 28.5318 7.8528659
    endloop
  endfacet
  facet normal -0.843612 -0.226063 0.487047
    outer loop
      vertex -5.02213 28.6943 7.8528659
      vertex -5.18123 28.8534 7.6511359
      vertex -5.123 28.6361 7.6511359
    endloop
  endfacet
  facet normal -0.617593 -0.617593 0.48699
    outer loop
      vertex -4.9639 28.477 7.6511359
      vertex -5.02213 28.6943 7.8528659
      vertex -5.123 28.6361 7.6511359
    endloop
  endfacet
  facet normal -0.617368 -0.617686 0.487155
    outer loop
      vertex -5.02213 28.6943 7.8528659
      vertex -4.9639 28.477 7.6511359
      vertex -4.90567 28.5779 7.8528659
    endloop
  endfacet
  facet normal -0.499569 0.0415226 -0.865278
    outer loop
      vertex -4.86647 29.2834 0
      vertex -5.06756 29.2911 0.1164689
      vertex -4.86583 29.2911 0
    endloop
  endfacet
  facet normal -0.499569 0.0415226 -0.865278
    outer loop
      vertex -5.06756 29.2911 0.1164689
      vertex -4.86647 29.2834 0
      vertex -5.0682 29.2834 0.1164689
    endloop
  endfacet
  facet normal -0.487331 0.149293 -0.860361
    outer loop
      vertex -5.02493 29.4502 0.1164689
      vertex -4.83864 29.3871 0
      vertex -4.85022 29.3493 0
    endloop
  endfacet
  facet normal -0.487292 0.14941 -0.860362
    outer loop
      vertex -4.83864 29.3871 0
      vertex -5.02493 29.4502 0.1164689
      vertex -5.01334 29.488 0.1164689
    endloop
  endfacet
  facet normal -0.965921 -0.258838 0
    outer loop
      vertex -5.123 28.6361 0.3181969
      vertex -5.18123 28.8534 7.6511359
      vertex -5.18123 28.8534 0.3181969
    endloop
  endfacet
  facet normal -0.965921 -0.258838 0
    outer loop
      vertex -5.18123 28.8534 7.6511359
      vertex -5.123 28.6361 0.3181969
      vertex -5.123 28.6361 7.6511359
    endloop
  endfacet
  facet normal -0.498914 -0.0655661 0.864168
    outer loop
      vertex -4.86647 28.8795 7.9693259
      vertex -5.06476 28.8534 7.8528659
      vertex -4.86304 28.8534 7.9693259
    endloop
  endfacet
  facet normal -0.498889 -0.065754 0.864168
    outer loop
      vertex -5.06476 28.8534 7.8528659
      vertex -4.86647 28.8795 7.9693259
      vertex -5.0682 28.8795 7.8528659
    endloop
  endfacet
  facet normal -0.456418 0.208358 0.865026
    outer loop
      vertex -3.8682 31.9964 7.8528659
      vertex -4.83864 29.3871 7.9693259
      vertex -3.66647 31.9548 7.9693259
    endloop
  endfacet
  facet normal -0.456352 0.208335 0.865066
    outer loop
      vertex -4.83864 29.3871 7.9693259
      vertex -3.8682 31.9964 7.8528659
      vertex -5.01334 29.488 7.8528659
    endloop
  endfacet
  facet normal -0.132762 -0.495558 0.858369
    outer loop
      vertex -4.8048 28.7526 7.9693259
      vertex -4.90567 28.5779 7.8528659
      vertex -4.74657 28.737 7.9693259
    endloop
  endfacet
  facet normal 0.866023 -0 0.500004
    outer loop
      vertex -1.3318 5.97054 7.8528659
      vertex -1.21533 33.5205 7.6511359
      vertex -1.3318 33.5205 7.8528659
    endloop
  endfacet
  facet normal 0.866023 0 0.500004
    outer loop
      vertex -1.21533 33.5205 7.6511359
      vertex -1.3318 5.97054 7.8528659
      vertex -1.21533 5.97054 7.6511359
    endloop
  endfacet
  facet normal -0.495459 0.132888 0.858406
    outer loop
      vertex -4.85022 29.3493 7.9693259
      vertex -5.02493 29.4502 7.8528659
      vertex -4.86583 29.2911 7.9693259
    endloop
  endfacet
  facet normal -0.495563 -0.132783 0.858363
    outer loop
      vertex -4.86304 28.8534 7.9693259
      vertex -5.06476 28.8534 7.8528659
      vertex -5.02213 28.6943 7.8528659
    endloop
  endfacet
  facet normal -0.863805 0.0717968 -0.498685
    outer loop
      vertex -5.0682 29.2834 0.1164689
      vertex -5.18402 29.2911 0.3181969
      vertex -5.06756 29.2911 0.1164689
    endloop
  endfacet
  facet normal -0.863716 0.0729111 -0.498677
    outer loop
      vertex -5.18402 29.2911 0.3181969
      vertex -5.0682 29.2834 0.1164689
      vertex -5.18467 29.2834 0.3181969
    endloop
  endfacet
  facet normal -0.5 0 -0.866025
    outer loop
      vertex -5.0682 28.8795 0.1164689
      vertex -4.86647 29.2834 0
      vertex -4.86647 28.8795 0
    endloop
  endfacet
  facet normal -0.5 0 -0.866025
    outer loop
      vertex -4.86647 29.2834 0
      vertex -5.0682 28.8795 0.1164689
      vertex -5.0682 29.2834 0.1164689
    endloop
  endfacet
  facet normal -0.498943 -0.0655699 -0.864151
    outer loop
      vertex -5.06476 28.8534 0.1164689
      vertex -4.86647 28.8795 0
      vertex -4.86304 28.8534 0
    endloop
  endfacet
  facet normal -0.498918 -0.0657578 -0.864151
    outer loop
      vertex -4.86647 28.8795 0
      vertex -5.06476 28.8534 0.1164689
      vertex -5.0682 28.8795 0.1164689
    endloop
  endfacet
  facet normal -0.495591 -0.132791 -0.858345
    outer loop
      vertex -5.02213 28.6943 0.1164689
      vertex -5.06476 28.8534 0.1164689
      vertex -4.86304 28.8534 0
    endloop
  endfacet
  facet normal -0.866023 0 0.500004
    outer loop
      vertex -5.18467 28.8795 7.6511359
      vertex -5.0682 29.2834 7.8528659
      vertex -5.18467 29.2834 7.6511359
    endloop
  endfacet
  facet normal -0.866023 0 0.500004
    outer loop
      vertex -5.0682 29.2834 7.8528659
      vertex -5.18467 28.8795 7.6511359
      vertex -5.0682 28.8795 7.8528659
    endloop
  endfacet
  facet normal -0.132769 -0.495586 -0.858351
    outer loop
      vertex -4.74657 28.737 0
      vertex -4.90567 28.5779 0.1164689
      vertex -4.8048 28.7526 0
    endloop
  endfacet
  facet normal -0.866021 0 -0.500007
    outer loop
      vertex -5.0682 28.8795 0.1164689
      vertex -5.18467 29.2834 0.3181969
      vertex -5.0682 29.2834 0.1164689
    endloop
  endfacet
  facet normal -0.866021 -0 -0.500007
    outer loop
      vertex -5.18467 29.2834 0.3181969
      vertex -5.0682 28.8795 0.1164689
      vertex -5.18467 28.8795 0.3181969
    endloop
  endfacet
  facet normal -1 0 0
    outer loop
      vertex -5.18467 28.8795 0.3181969
      vertex -5.18467 29.2834 7.6511359
      vertex -5.18467 29.2834 0.3181969
    endloop
  endfacet
  facet normal -1 -0 0
    outer loop
      vertex -5.18467 29.2834 7.6511359
      vertex -5.18467 28.8795 0.3181969
      vertex -5.18467 28.8795 7.6511359
    endloop
  endfacet
  facet normal -0.843627 0.226067 -0.487019
    outer loop
      vertex -5.02493 29.4502 0.1164689
      vertex -5.18402 29.2911 0.3181969
      vertex -5.12579 29.5084 0.3181969
    endloop
  endfacet
  facet normal -0.83331 0.255284 -0.490331
    outer loop
      vertex -5.01334 29.488 0.1164689
      vertex -5.12579 29.5084 0.3181969
      vertex -5.11421 29.5462 0.3181969
    endloop
  endfacet
  facet normal -0.833254 0.255487 -0.49032
    outer loop
      vertex -5.12579 29.5084 0.3181969
      vertex -5.01334 29.488 0.1164689
      vertex -5.02493 29.4502 0.1164689
    endloop
  endfacet
  facet normal -0.0649788 -0.498999 -0.864163
    outer loop
      vertex -4.74657 28.5352 0.1164689
      vertex -4.72046 28.7335 0
      vertex -4.72046 28.5318 0.1164689
    endloop
  endfacet
  facet normal -0.0668568 -0.498752 -0.864163
    outer loop
      vertex -4.72046 28.7335 0
      vertex -4.74657 28.5352 0.1164689
      vertex -4.74657 28.737 0
    endloop
  endfacet
  facet normal -0.132966 -0.495431 -0.85841
    outer loop
      vertex -4.74657 28.5352 0.1164689
      vertex -4.90567 28.5779 0.1164689
      vertex -4.74657 28.737 0
    endloop
  endfacet
  facet normal -0.843626 0.226045 0.487031
    outer loop
      vertex -5.02493 29.4502 7.8528659
      vertex -5.18402 29.2911 7.6511359
      vertex -5.06756 29.2911 7.8528659
    endloop
  endfacet
  facet normal -0.843624 0.226045 -0.487034
    outer loop
      vertex -5.06756 29.2911 0.1164689
      vertex -5.18402 29.2911 0.3181969
      vertex -5.02493 29.4502 0.1164689
    endloop
  endfacet
  facet normal -0.495572 0.132786 -0.858356
    outer loop
      vertex -4.86583 29.2911 0
      vertex -5.06756 29.2911 0.1164689
      vertex -5.02493 29.4502 0.1164689
    endloop
  endfacet
  facet normal -0.36263 -0.362885 -0.858379
    outer loop
      vertex -4.90567 28.5779 0.1164689
      vertex -4.84743 28.7952 0
      vertex -4.8048 28.7526 0
    endloop
  endfacet
  facet normal -0.362678 -0.362865 -0.858367
    outer loop
      vertex -4.84743 28.7952 0
      vertex -4.90567 28.5779 0.1164689
      vertex -5.02213 28.6943 0.1164689
    endloop
  endfacet
  facet normal -0.49954 0.0415202 0.865295
    outer loop
      vertex -5.06756 29.2911 7.8528659
      vertex -4.86647 29.2834 7.9693259
      vertex -4.86583 29.2911 7.9693259
    endloop
  endfacet
  facet normal -0.49954 0.0415202 0.865295
    outer loop
      vertex -4.86647 29.2834 7.9693259
      vertex -5.06756 29.2911 7.8528659
      vertex -5.0682 29.2834 7.8528659
    endloop
  endfacet
  facet normal -0.991475 0.130297 0
    outer loop
      vertex -3.98467 33.5205 0.3181969
      vertex -3.98124 33.5466 7.6511359
      vertex -3.98124 33.5466 0.3181969
    endloop
  endfacet
  facet normal -0.991475 0.130297 0
    outer loop
      vertex -3.98124 33.5466 7.6511359
      vertex -3.98467 33.5205 0.3181969
      vertex -3.98467 33.5205 7.6511359
    endloop
  endfacet
  facet normal -0 0.500027 0.86601
    outer loop
      vertex -3.52046 33.8682 7.8528659
      vertex -1.67953 33.6665 7.9693259
      vertex -1.67953 33.8682 7.8528659
    endloop
  endfacet
  facet normal 0 0.500027 0.86601
    outer loop
      vertex -1.67953 33.6665 7.9693259
      vertex -3.52046 33.8682 7.8528659
      vertex -3.52046 33.6665 7.9693259
    endloop
  endfacet
  facet normal -0.499971 0 0.866042
    outer loop
      vertex -3.8682 31.9964 7.8528659
      vertex -3.66647 33.5205 7.9693259
      vertex -3.8682 33.5205 7.8528659
    endloop
  endfacet
  facet normal -0.499971 0 0.866042
    outer loop
      vertex -3.66647 33.5205 7.9693259
      vertex -3.8682 31.9964 7.8528659
      vertex -3.66647 31.9548 7.9693259
    endloop
  endfacet
  facet normal -0.843607 0.22604 -0.487066
    outer loop
      vertex -3.86477 33.5466 0.1164689
      vertex -3.98124 33.5466 0.3181969
      vertex -3.82214 33.7057 0.1164689
    endloop
  endfacet
  facet normal -0.0668568 0.498752 -0.864163
    outer loop
      vertex -3.54657 33.8648 0.1164689
      vertex -3.52046 33.6665 0
      vertex -3.54657 33.663 0
    endloop
  endfacet
  facet normal -0.0649788 0.498999 -0.864163
    outer loop
      vertex -3.52046 33.6665 0
      vertex -3.54657 33.8648 0.1164689
      vertex -3.52046 33.8682 0.1164689
    endloop
  endfacet
  facet normal -0.22591 0.84359 -0.487156
    outer loop
      vertex -3.70567 33.8221 0.1164689
      vertex -3.7639 33.923 0.3181969
      vertex -3.54657 33.9812 0.3181969
    endloop
  endfacet
  facet normal 0.843615 0.226103 -0.487023
    outer loop
      vertex -1.21876 33.5466 0.3181969
      vertex -1.37786 33.7057 0.1164689
      vertex -1.277 33.7639 0.3181969
    endloop
  endfacet
  facet normal 0.132966 0.495431 -0.85841
    outer loop
      vertex -1.49433 33.8221 0.1164689
      vertex -1.65343 33.663 0
      vertex -1.65343 33.8648 0.1164689
    endloop
  endfacet
  facet normal -0.5 0 -0.866025
    outer loop
      vertex -3.8682 31.9964 0.1164689
      vertex -3.66647 33.5205 0
      vertex -3.66647 31.9548 0
    endloop
  endfacet
  facet normal -0.5 0 -0.866025
    outer loop
      vertex -3.66647 33.5205 0
      vertex -3.8682 31.9964 0.1164689
      vertex -3.8682 33.5205 0.1164689
    endloop
  endfacet
  facet normal 0.96591 0.25888 0
    outer loop
      vertex -1.21876 33.5466 7.6511359
      vertex -1.277 33.7639 0.3181969
      vertex -1.277 33.7639 7.6511359
    endloop
  endfacet
  facet normal 0.96591 0.25888 0
    outer loop
      vertex -1.277 33.7639 0.3181969
      vertex -1.21876 33.5466 7.6511359
      vertex -1.21876 33.5466 0.3181969
    endloop
  endfacet
  facet normal 0.0649999 0.49897 0.864178
    outer loop
      vertex -1.67953 33.6665 7.9693259
      vertex -1.65343 33.8648 7.8528659
      vertex -1.67953 33.8682 7.8528659
    endloop
  endfacet
  facet normal 0.0668785 0.498722 0.864178
    outer loop
      vertex -1.65343 33.8648 7.8528659
      vertex -1.67953 33.6665 7.9693259
      vertex -1.65343 33.663 7.9693259
    endloop
  endfacet
  facet normal -0.843617 0.226103 0.487019
    outer loop
      vertex -3.923 33.7639 7.6511359
      vertex -3.98124 33.5466 7.6511359
      vertex -3.82214 33.7057 7.8528659
    endloop
  endfacet
  facet normal 0.13291 0.991128 -0
    outer loop
      vertex -1.65343 33.9812 0.3181969
      vertex -1.67953 33.9847 7.6511359
      vertex -1.65343 33.9812 7.6511359
    endloop
  endfacet
  facet normal 0.13291 0.991128 0
    outer loop
      vertex -1.67953 33.9847 7.6511359
      vertex -1.65343 33.9812 0.3181969
      vertex -1.67953 33.9847 0.3181969
    endloop
  endfacet
  facet normal 0.495542 0.132826 -0.858368
    outer loop
      vertex -1.53696 33.5466 0
      vertex -1.55256 33.6048 0
      vertex -1.37786 33.7057 0.1164689
    endloop
  endfacet
  facet normal 0.132743 0.495573 0.858363
    outer loop
      vertex -1.49433 33.8221 7.8528659
      vertex -1.65343 33.663 7.9693259
      vertex -1.59519 33.6474 7.9693259
    endloop
  endfacet
  facet normal -0.362609 0.362865 0.858396
    outer loop
      vertex -3.70567 33.8221 7.8528659
      vertex -3.64743 33.6048 7.9693259
      vertex -3.6048 33.6474 7.9693259
    endloop
  endfacet
  facet normal -0.362636 0.362854 0.858389
    outer loop
      vertex -3.64743 33.6048 7.9693259
      vertex -3.70567 33.8221 7.8528659
      vertex -3.82214 33.7057 7.8528659
    endloop
  endfacet
  facet normal -1 0 0
    outer loop
      vertex -3.98467 32.0205 0.3181969
      vertex -3.98467 33.5205 7.6511359
      vertex -3.98467 33.5205 0.3181969
    endloop
  endfacet
  facet normal -1 -0 0
    outer loop
      vertex -3.98467 33.5205 7.6511359
      vertex -3.98467 32.0205 0.3181969
      vertex -3.98467 32.0205 7.6511359
    endloop
  endfacet
  facet normal 0.132959 0.495404 0.858427
    outer loop
      vertex -1.65343 33.8648 7.8528659
      vertex -1.65343 33.663 7.9693259
      vertex -1.49433 33.8221 7.8528659
    endloop
  endfacet
  facet normal -0.498924 0.0655674 -0.864162
    outer loop
      vertex -3.66647 33.5205 0
      vertex -3.86477 33.5466 0.1164689
      vertex -3.66304 33.5466 0
    endloop
  endfacet
  facet normal -0.498924 0.0655674 -0.864162
    outer loop
      vertex -3.86477 33.5466 0.1164689
      vertex -3.66647 33.5205 0
      vertex -3.8682 33.5205 0.1164689
    endloop
  endfacet
  facet normal -0.495545 0.132779 0.858374
    outer loop
      vertex -3.82214 33.7057 7.8528659
      vertex -3.86477 33.5466 7.8528659
      vertex -3.66304 33.5466 7.9693259
    endloop
  endfacet
  facet normal 0.362645 0.362864 0.858381
    outer loop
      vertex -1.49433 33.8221 7.8528659
      vertex -1.55256 33.6048 7.9693259
      vertex -1.37786 33.7057 7.8528659
    endloop
  endfacet
  facet normal 0.362619 0.362874 0.858388
    outer loop
      vertex -1.55256 33.6048 7.9693259
      vertex -1.49433 33.8221 7.8528659
      vertex -1.59519 33.6474 7.9693259
    endloop
  endfacet
  facet normal 0.843609 0.22604 0.487062
    outer loop
      vertex -1.21876 33.5466 7.6511359
      vertex -1.37786 33.7057 7.8528659
      vertex -1.33523 33.5466 7.8528659
    endloop
  endfacet
  facet normal 0.860466 0.11308 -0.4968
    outer loop
      vertex -1.21533 33.5205 0.3181969
      vertex -1.33523 33.5466 0.1164689
      vertex -1.21876 33.5466 0.3181969
    endloop
  endfacet
  facet normal 0.860466 0.11308 -0.4968
    outer loop
      vertex -1.33523 33.5466 0.1164689
      vertex -1.21533 33.5205 0.3181969
      vertex -1.3318 33.5205 0.1164689
    endloop
  endfacet
  facet normal -0.866021 0 -0.500007
    outer loop
      vertex -3.8682 33.5205 0.1164689
      vertex -3.98467 32.0205 0.3181969
      vertex -3.98467 33.5205 0.3181969
    endloop
  endfacet
  facet normal -0.866021 0 -0.500007
    outer loop
      vertex -3.98467 32.0205 0.3181969
      vertex -3.8682 33.5205 0.1164689
      vertex -3.8682 31.9964 0.1164689
    endloop
  endfacet
  facet normal 0.226424 0.843656 -0.486802
    outer loop
      vertex -1.49433 33.8221 0.1164689
      vertex -1.65343 33.8648 0.1164689
      vertex -1.65343 33.9812 0.3181969
    endloop
  endfacet
  facet normal -0.22591 0.843592 0.487152
    outer loop
      vertex -3.54657 33.9812 7.6511359
      vertex -3.7639 33.923 7.6511359
      vertex -3.70567 33.8221 7.8528659
    endloop
  endfacet
  facet normal -0.258681 0.965963 0
    outer loop
      vertex -3.54657 33.9812 0.3181969
      vertex -3.7639 33.923 7.6511359
      vertex -3.54657 33.9812 7.6511359
    endloop
  endfacet
  facet normal -0.258681 0.965963 0
    outer loop
      vertex -3.7639 33.923 7.6511359
      vertex -3.54657 33.9812 0.3181969
      vertex -3.7639 33.923 0.3181969
    endloop
  endfacet
  facet normal 0.617549 0.61751 0.48715
    outer loop
      vertex -1.49433 33.8221 7.8528659
      vertex -1.277 33.7639 7.6511359
      vertex -1.43609 33.923 7.6511359
    endloop
  endfacet
  facet normal 0.617428 0.617799 0.486936
    outer loop
      vertex -1.277 33.7639 7.6511359
      vertex -1.49433 33.8221 7.8528659
      vertex -1.37786 33.7057 7.8528659
    endloop
  endfacet
  facet normal -0.860468 0.113081 0.496797
    outer loop
      vertex -3.98467 33.5205 7.6511359
      vertex -3.86477 33.5466 7.8528659
      vertex -3.98124 33.5466 7.6511359
    endloop
  endfacet
  facet normal -0.860468 0.113081 0.496797
    outer loop
      vertex -3.86477 33.5466 7.8528659
      vertex -3.98467 33.5205 7.6511359
      vertex -3.8682 33.5205 7.8528659
    endloop
  endfacet
  facet normal 0.860468 0.113081 0.496797
    outer loop
      vertex -1.3318 33.5205 7.8528659
      vertex -1.21876 33.5466 7.6511359
      vertex -1.33523 33.5466 7.8528659
    endloop
  endfacet
  facet normal 0.860468 0.113081 0.496797
    outer loop
      vertex -1.21876 33.5466 7.6511359
      vertex -1.3318 33.5205 7.8528659
      vertex -1.21533 33.5205 7.6511359
    endloop
  endfacet
  facet normal 0.991475 0.130297 0
    outer loop
      vertex -1.21533 33.5205 7.6511359
      vertex -1.21876 33.5466 0.3181969
      vertex -1.21876 33.5466 7.6511359
    endloop
  endfacet
  facet normal 0.991475 0.130297 0
    outer loop
      vertex -1.21876 33.5466 0.3181969
      vertex -1.21533 33.5205 7.6511359
      vertex -1.21533 33.5205 0.3181969
    endloop
  endfacet
  facet normal 0 0.500056 -0.865993
    outer loop
      vertex -3.52046 33.6665 0
      vertex -1.67953 33.8682 0.1164689
      vertex -1.67953 33.6665 0
    endloop
  endfacet
  facet normal 0 0.500056 -0.865993
    outer loop
      vertex -1.67953 33.8682 0.1164689
      vertex -3.52046 33.6665 0
      vertex -3.52046 33.8682 0.1164689
    endloop
  endfacet
  facet normal -0.617536 0.617536 -0.487134
    outer loop
      vertex -3.70567 33.8221 0.1164689
      vertex -3.923 33.7639 0.3181969
      vertex -3.7639 33.923 0.3181969
    endloop
  endfacet
  facet normal -0.617426 0.617798 -0.48694
    outer loop
      vertex -3.923 33.7639 0.3181969
      vertex -3.70567 33.8221 0.1164689
      vertex -3.82214 33.7057 0.1164689
    endloop
  endfacet
  facet normal 0.258669 0.965966 -0
    outer loop
      vertex -1.43609 33.923 0.3181969
      vertex -1.65343 33.9812 7.6511359
      vertex -1.43609 33.923 7.6511359
    endloop
  endfacet
  facet normal 0.258669 0.965966 0
    outer loop
      vertex -1.65343 33.9812 7.6511359
      vertex -1.43609 33.923 0.3181969
      vertex -1.65343 33.9812 0.3181969
    endloop
  endfacet
  facet normal -0.617537 0.617537 0.48713
    outer loop
      vertex -3.923 33.7639 7.6511359
      vertex -3.70567 33.8221 7.8528659
      vertex -3.7639 33.923 7.6511359
    endloop
  endfacet
  facet normal -0.617428 0.617799 0.486936
    outer loop
      vertex -3.70567 33.8221 7.8528659
      vertex -3.923 33.7639 7.6511359
      vertex -3.82214 33.7057 7.8528659
    endloop
  endfacet
  facet normal -0.0649751 0.498971 0.86418
    outer loop
      vertex -3.54657 33.8648 7.8528659
      vertex -3.52046 33.6665 7.9693259
      vertex -3.52046 33.8682 7.8528659
    endloop
  endfacet
  facet normal -0.066853 0.498723 0.864179
    outer loop
      vertex -3.52046 33.6665 7.9693259
      vertex -3.54657 33.8648 7.8528659
      vertex -3.54657 33.663 7.9693259
    endloop
  endfacet
  facet normal 0.112121 0.860692 0.496627
    outer loop
      vertex -1.65343 33.9812 7.6511359
      vertex -1.67953 33.8682 7.8528659
      vertex -1.65343 33.8648 7.8528659
    endloop
  endfacet
  facet normal 0.115351 0.860187 0.496762
    outer loop
      vertex -1.67953 33.8682 7.8528659
      vertex -1.65343 33.9812 7.6511359
      vertex -1.67953 33.9847 7.6511359
    endloop
  endfacet
  facet normal 0.225899 0.843591 0.487159
    outer loop
      vertex -1.43609 33.923 7.6511359
      vertex -1.65343 33.9812 7.6511359
      vertex -1.49433 33.8221 7.8528659
    endloop
  endfacet
  facet normal 0 0.865968 0.5001
    outer loop
      vertex -1.67953 33.9847 7.6511359
      vertex -3.52046 33.8682 7.8528659
      vertex -1.67953 33.8682 7.8528659
    endloop
  endfacet
  facet normal 0 0.865968 0.5001
    outer loop
      vertex -3.52046 33.8682 7.8528659
      vertex -1.67953 33.9847 7.6511359
      vertex -3.52046 33.9847 7.6511359
    endloop
  endfacet
  facet normal -0.112055 0.860514 0.496951
    outer loop
      vertex -3.52046 33.9847 7.6511359
      vertex -3.54657 33.8648 7.8528659
      vertex -3.52046 33.8682 7.8528659
    endloop
  endfacet
  facet normal -0.115332 0.860374 0.496443
    outer loop
      vertex -3.54657 33.8648 7.8528659
      vertex -3.52046 33.9847 7.6511359
      vertex -3.54657 33.9812 7.6511359
    endloop
  endfacet
  facet normal 0.498924 0.0655674 -0.864162
    outer loop
      vertex -1.53353 33.5205 0
      vertex -1.33523 33.5466 0.1164689
      vertex -1.3318 33.5205 0.1164689
    endloop
  endfacet
  facet normal 0.498924 0.0655674 -0.864162
    outer loop
      vertex -1.33523 33.5466 0.1164689
      vertex -1.53353 33.5205 0
      vertex -1.53696 33.5466 0
    endloop
  endfacet
  facet normal -0.866023 0 0.500004
    outer loop
      vertex -3.98467 32.0205 7.6511359
      vertex -3.8682 33.5205 7.8528659
      vertex -3.98467 33.5205 7.6511359
    endloop
  endfacet
  facet normal -0.866023 0 0.500004
    outer loop
      vertex -3.8682 33.5205 7.8528659
      vertex -3.98467 32.0205 7.6511359
      vertex -3.8682 31.9964 7.8528659
    endloop
  endfacet
  facet normal 0.843617 0.226103 0.487019
    outer loop
      vertex -1.277 33.7639 7.6511359
      vertex -1.37786 33.7057 7.8528659
      vertex -1.21876 33.5466 7.6511359
    endloop
  endfacet
  facet normal 0 1 -0
    outer loop
      vertex -1.67953 33.9847 0.3181969
      vertex -3.52046 33.9847 7.6511359
      vertex -1.67953 33.9847 7.6511359
    endloop
  endfacet
  facet normal 0 1 0
    outer loop
      vertex -3.52046 33.9847 7.6511359
      vertex -1.67953 33.9847 0.3181969
      vertex -3.52046 33.9847 0.3181969
    endloop
  endfacet
  facet normal 0.495572 0.132786 -0.858356
    outer loop
      vertex -1.33523 33.5466 0.1164689
      vertex -1.53696 33.5466 0
      vertex -1.37786 33.7057 0.1164689
    endloop
  endfacet
  facet normal 0.843607 0.22604 -0.487066
    outer loop
      vertex -1.33523 33.5466 0.1164689
      vertex -1.37786 33.7057 0.1164689
      vertex -1.21876 33.5466 0.3181969
    endloop
  endfacet
  facet normal 0.707129 0.707085 0
    outer loop
      vertex -1.277 33.7639 7.6511359
      vertex -1.43609 33.923 0.3181969
      vertex -1.43609 33.923 7.6511359
    endloop
  endfacet
  facet normal 0.707129 0.707085 0
    outer loop
      vertex -1.43609 33.923 0.3181969
      vertex -1.277 33.7639 7.6511359
      vertex -1.277 33.7639 0.3181969
    endloop
  endfacet
  facet normal 0.115375 0.860367 -0.496444
    outer loop
      vertex -1.65343 33.8648 0.1164689
      vertex -1.67953 33.9847 0.3181969
      vertex -1.65343 33.9812 0.3181969
    endloop
  endfacet
  facet normal 0.112097 0.860507 -0.496952
    outer loop
      vertex -1.67953 33.9847 0.3181969
      vertex -1.65343 33.8648 0.1164689
      vertex -1.67953 33.8682 0.1164689
    endloop
  endfacet
  facet normal -0.13286 0.991135 0
    outer loop
      vertex -3.52046 33.9847 0.3181969
      vertex -3.54657 33.9812 7.6511359
      vertex -3.52046 33.9847 7.6511359
    endloop
  endfacet
  facet normal -0.13286 0.991135 0
    outer loop
      vertex -3.54657 33.9812 7.6511359
      vertex -3.52046 33.9847 0.3181969
      vertex -3.54657 33.9812 0.3181969
    endloop
  endfacet
  facet normal 0.225899 0.843589 -0.487163
    outer loop
      vertex -1.49433 33.8221 0.1164689
      vertex -1.65343 33.9812 0.3181969
      vertex -1.43609 33.923 0.3181969
    endloop
  endfacet
  facet normal -0.226425 0.843658 0.486798
    outer loop
      vertex -3.54657 33.9812 7.6511359
      vertex -3.70567 33.8221 7.8528659
      vertex -3.54657 33.8648 7.8528659
    endloop
  endfacet
  facet normal -0.132959 0.495404 0.858427
    outer loop
      vertex -3.54657 33.8648 7.8528659
      vertex -3.70567 33.8221 7.8528659
      vertex -3.54657 33.663 7.9693259
    endloop
  endfacet
  facet normal 0.226425 0.843658 0.486798
    outer loop
      vertex -1.65343 33.9812 7.6511359
      vertex -1.65343 33.8648 7.8528659
      vertex -1.49433 33.8221 7.8528659
    endloop
  endfacet
  facet normal -0.495459 0.132888 0.858406
    outer loop
      vertex -3.64743 33.6048 7.9693259
      vertex -3.82214 33.7057 7.8528659
      vertex -3.66304 33.5466 7.9693259
    endloop
  endfacet
  facet normal 0.495514 0.132818 0.858385
    outer loop
      vertex -1.37786 33.7057 7.8528659
      vertex -1.55256 33.6048 7.9693259
      vertex -1.53696 33.5466 7.9693259
    endloop
  endfacet
  facet normal -0.132762 0.495558 0.858369
    outer loop
      vertex -3.54657 33.663 7.9693259
      vertex -3.70567 33.8221 7.8528659
      vertex -3.6048 33.6474 7.9693259
    endloop
  endfacet
  facet normal 0.495545 0.132779 0.858374
    outer loop
      vertex -1.37786 33.7057 7.8528659
      vertex -1.53696 33.5466 7.9693259
      vertex -1.33523 33.5466 7.8528659
    endloop
  endfacet
  facet normal 0.617547 0.617508 -0.487154
    outer loop
      vertex -1.277 33.7639 0.3181969
      vertex -1.49433 33.8221 0.1164689
      vertex -1.43609 33.923 0.3181969
    endloop
  endfacet
  facet normal 0.617426 0.617798 -0.48694
    outer loop
      vertex -1.49433 33.8221 0.1164689
      vertex -1.277 33.7639 0.3181969
      vertex -1.37786 33.7057 0.1164689
    endloop
  endfacet
  facet normal -0.132769 0.495586 -0.858351
    outer loop
      vertex -3.6048 33.6474 0
      vertex -3.70567 33.8221 0.1164689
      vertex -3.54657 33.663 0
    endloop
  endfacet
  facet normal 0 0.865965 -0.500104
    outer loop
      vertex -1.67953 33.8682 0.1164689
      vertex -3.52046 33.9847 0.3181969
      vertex -1.67953 33.9847 0.3181969
    endloop
  endfacet
  facet normal 0 0.865965 -0.500104
    outer loop
      vertex -3.52046 33.9847 0.3181969
      vertex -1.67953 33.8682 0.1164689
      vertex -3.52046 33.8682 0.1164689
    endloop
  endfacet
  facet normal -0.860466 0.11308 -0.4968
    outer loop
      vertex -3.8682 33.5205 0.1164689
      vertex -3.98124 33.5466 0.3181969
      vertex -3.86477 33.5466 0.1164689
    endloop
  endfacet
  facet normal -0.860466 0.11308 -0.4968
    outer loop
      vertex -3.98124 33.5466 0.3181969
      vertex -3.8682 33.5205 0.1164689
      vertex -3.98467 33.5205 0.3181969
    endloop
  endfacet
  facet normal 0.13275 0.495601 -0.858346
    outer loop
      vertex -1.59519 33.6474 0
      vertex -1.65343 33.663 0
      vertex -1.49433 33.8221 0.1164689
    endloop
  endfacet
  facet normal 0.498896 0.0655637 0.864179
    outer loop
      vertex -1.33523 33.5466 7.8528659
      vertex -1.53353 33.5205 7.9693259
      vertex -1.3318 33.5205 7.8528659
    endloop
  endfacet
  facet normal 0.498896 0.0655637 0.864179
    outer loop
      vertex -1.53353 33.5205 7.9693259
      vertex -1.33523 33.5466 7.8528659
      vertex -1.53696 33.5466 7.9693259
    endloop
  endfacet
  facet normal -0.843609 0.22604 0.487062
    outer loop
      vertex -3.82214 33.7057 7.8528659
      vertex -3.98124 33.5466 7.6511359
      vertex -3.86477 33.5466 7.8528659
    endloop
  endfacet
  facet normal -0.498896 0.0655637 0.864179
    outer loop
      vertex -3.86477 33.5466 7.8528659
      vertex -3.66647 33.5205 7.9693259
      vertex -3.66304 33.5466 7.9693259
    endloop
  endfacet
  facet normal -0.498896 0.0655637 0.864179
    outer loop
      vertex -3.66647 33.5205 7.9693259
      vertex -3.86477 33.5466 7.8528659
      vertex -3.8682 33.5205 7.8528659
    endloop
  endfacet
  facet normal -0.115307 0.860189 -0.496768
    outer loop
      vertex -3.52046 33.8682 0.1164689
      vertex -3.54657 33.9812 0.3181969
      vertex -3.52046 33.9847 0.3181969
    endloop
  endfacet
  facet normal -0.112078 0.860694 -0.496633
    outer loop
      vertex -3.54657 33.9812 0.3181969
      vertex -3.52046 33.8682 0.1164689
      vertex -3.54657 33.8648 0.1164689
    endloop
  endfacet
  facet normal 0.362666 0.362884 -0.858364
    outer loop
      vertex -1.55256 33.6048 0
      vertex -1.49433 33.8221 0.1164689
      vertex -1.37786 33.7057 0.1164689
    endloop
  endfacet
  facet normal 0.362639 0.362895 -0.858371
    outer loop
      vertex -1.49433 33.8221 0.1164689
      vertex -1.55256 33.6048 0
      vertex -1.59519 33.6474 0
    endloop
  endfacet
  facet normal -0.843615 0.226103 -0.487023
    outer loop
      vertex -3.82214 33.7057 0.1164689
      vertex -3.98124 33.5466 0.3181969
      vertex -3.923 33.7639 0.3181969
    endloop
  endfacet
  facet normal -0.707107 0.707107 0
    outer loop
      vertex -3.923 33.7639 0.3181969
      vertex -3.7639 33.923 7.6511359
      vertex -3.7639 33.923 0.3181969
    endloop
  endfacet
  facet normal -0.707107 0.707107 0
    outer loop
      vertex -3.7639 33.923 7.6511359
      vertex -3.923 33.7639 0.3181969
      vertex -3.923 33.7639 7.6511359
    endloop
  endfacet
  facet normal -0.495572 0.132786 -0.858356
    outer loop
      vertex -3.66304 33.5466 0
      vertex -3.86477 33.5466 0.1164689
      vertex -3.82214 33.7057 0.1164689
    endloop
  endfacet
  facet normal -0.132966 0.495431 -0.85841
    outer loop
      vertex -3.54657 33.663 0
      vertex -3.70567 33.8221 0.1164689
      vertex -3.54657 33.8648 0.1164689
    endloop
  endfacet
  facet normal -0.226424 0.843656 -0.486802
    outer loop
      vertex -3.54657 33.8648 0.1164689
      vertex -3.70567 33.8221 0.1164689
      vertex -3.54657 33.9812 0.3181969
    endloop
  endfacet
  facet normal 0.0668823 0.498751 -0.864161
    outer loop
      vertex -1.67953 33.6665 0
      vertex -1.65343 33.8648 0.1164689
      vertex -1.65343 33.663 0
    endloop
  endfacet
  facet normal 0.0650036 0.498998 -0.864162
    outer loop
      vertex -1.65343 33.8648 0.1164689
      vertex -1.67953 33.6665 0
      vertex -1.67953 33.8682 0.1164689
    endloop
  endfacet
  facet normal -0.495486 0.132896 -0.858389
    outer loop
      vertex -3.66304 33.5466 0
      vertex -3.82214 33.7057 0.1164689
      vertex -3.64743 33.6048 0
    endloop
  endfacet
  facet normal -0.96591 0.25888 0
    outer loop
      vertex -3.98124 33.5466 0.3181969
      vertex -3.923 33.7639 7.6511359
      vertex -3.923 33.7639 0.3181969
    endloop
  endfacet
  facet normal -0.96591 0.25888 0
    outer loop
      vertex -3.923 33.7639 7.6511359
      vertex -3.98124 33.5466 0.3181969
      vertex -3.98124 33.5466 7.6511359
    endloop
  endfacet
  facet normal -0.36263 0.362885 -0.858379
    outer loop
      vertex -3.64743 33.6048 0
      vertex -3.70567 33.8221 0.1164689
      vertex -3.6048 33.6474 0
    endloop
  endfacet
  facet normal -0.362656 0.362874 -0.858372
    outer loop
      vertex -3.70567 33.8221 0.1164689
      vertex -3.64743 33.6048 0
      vertex -3.82214 33.7057 0.1164689
    endloop
  endfacet
endsolid OpenSCAD_Model
