solid OpenSCAD_Model
  facet normal -0.226071 -0.843613 0.487042
    outer loop
      vertex -7.70567 -5.82214 7.8528659
      vertex -7.7639 -5.923 7.6511359
      vertex -7.54657 -5.98124 7.6511359
    endloop
  endfacet
  facet normal 0.843611 -0.22607 -0.487045
    outer loop
      vertex 7.923 -5.7639 0.3181969
      vertex 7.82214 -5.70567 0.1164689
      vertex 7.98124 -5.54657 0.3181969
    endloop
  endfacet
  facet normal -0.132779 -0.495545 0.858374
    outer loop
      vertex -7.54657 -5.66304 7.9693259
      vertex -7.70567 -5.82214 7.8528659
      vertex -7.54657 -5.86477 7.8528659
    endloop
  endfacet
  facet normal 0.617573 -0.617573 -0.48704
    outer loop
      vertex 7.923 -5.7639 0.3181969
      vertex 7.70567 -5.82214 0.1164689
      vertex 7.82214 -5.70567 0.1164689
    endloop
  endfacet
  facet normal 0.617573 -0.617573 -0.48704
    outer loop
      vertex 7.70567 -5.82214 0.1164689
      vertex 7.923 -5.7639 0.3181969
      vertex 7.7639 -5.923 0.3181969
    endloop
  endfacet
  facet normal 0.226048 0.84361 -0.487056
    outer loop
      vertex 7.70567 -0.177863 0.1164689
      vertex 7.54657 -0.0187645 0.3181969
      vertex 7.7639 -0.0769987 0.3181969
    endloop
  endfacet
  facet normal -0.130368 0.991466 0
    outer loop
      vertex -7.52046 -0.0153313 0.3181969
      vertex -7.54657 -0.0187645 7.6511359
      vertex -7.52046 -0.0153313 7.6511359
    endloop
  endfacet
  facet normal -0.130368 0.991466 0
    outer loop
      vertex -7.54657 -0.0187645 7.6511359
      vertex -7.52046 -0.0153313 0.3181969
      vertex -7.54657 -0.0187645 0.3181969
    endloop
  endfacet
  facet normal 0 -0.499971 0.866042
    outer loop
      vertex -7.52046 -5.66647 7.9693259
      vertex 7.52046 -5.8682 7.8528659
      vertex 7.52046 -5.66647 7.9693259
    endloop
  endfacet
  facet normal 0 -0.499971 0.866042
    outer loop
      vertex 7.52046 -5.8682 7.8528659
      vertex -7.52046 -5.66647 7.9693259
      vertex -7.52046 -5.8682 7.8528659
    endloop
  endfacet
  facet normal -0.860472 0.113047 0.496798
    outer loop
      vertex -7.98467 -0.479538 7.6511359
      vertex -7.86477 -0.45343 7.8528659
      vertex -7.98124 -0.45343 7.6511359
    endloop
  endfacet
  facet normal -0.860472 0.113047 0.496798
    outer loop
      vertex -7.86477 -0.45343 7.8528659
      vertex -7.98467 -0.479538 7.6511359
      vertex -7.8682 -0.479538 7.8528659
    endloop
  endfacet
  facet normal 0 -0.866023 0.500004
    outer loop
      vertex -7.52046 -5.98467 7.6511359
      vertex 7.52046 -5.8682 7.8528659
      vertex -7.52046 -5.8682 7.8528659
    endloop
  endfacet
  facet normal 0 -0.866023 0.500004
    outer loop
      vertex 7.52046 -5.8682 7.8528659
      vertex -7.52046 -5.98467 7.6511359
      vertex 7.52046 -5.98467 7.6511359
    endloop
  endfacet
  facet normal -0.132786 0.495574 -0.858355
    outer loop
      vertex -7.54657 -0.336962 0
      vertex -7.70567 -0.177863 0.1164689
      vertex -7.54657 -0.135233 0.1164689
    endloop
  endfacet
  facet normal -0.866023 0 0.500004
    outer loop
      vertex -7.98467 -5.52046 7.6511359
      vertex -7.8682 -0.479538 7.8528659
      vertex -7.98467 -0.479538 7.6511359
    endloop
  endfacet
  facet normal -0.866023 0 0.500004
    outer loop
      vertex -7.8682 -0.479538 7.8528659
      vertex -7.98467 -5.52046 7.6511359
      vertex -7.8682 -5.52046 7.8528659
    endloop
  endfacet
  facet normal -0.258846 -0.965918 0
    outer loop
      vertex -7.7639 -5.923 0.3181969
      vertex -7.54657 -5.98124 7.6511359
      vertex -7.7639 -5.923 7.6511359
    endloop
  endfacet
  facet normal -0.258846 -0.965918 -0
    outer loop
      vertex -7.54657 -5.98124 7.6511359
      vertex -7.7639 -5.923 0.3181969
      vertex -7.54657 -5.98124 0.3181969
    endloop
  endfacet
  facet normal 0 -0.866021 -0.500007
    outer loop
      vertex -7.52046 -5.8682 0.1164689
      vertex 7.52046 -5.98467 0.3181969
      vertex -7.52046 -5.98467 0.3181969
    endloop
  endfacet
  facet normal 0 -0.866021 -0.500007
    outer loop
      vertex 7.52046 -5.98467 0.3181969
      vertex -7.52046 -5.8682 0.1164689
      vertex 7.52046 -5.8682 0.1164689
    endloop
  endfacet
  facet normal 0.0655997 0.498925 -0.864159
    outer loop
      vertex 7.52046 -0.333529 0
      vertex 7.54657 -0.135233 0.1164689
      vertex 7.54657 -0.336962 0
    endloop
  endfacet
  facet normal 0.0655997 0.498925 -0.864159
    outer loop
      vertex 7.54657 -0.135233 0.1164689
      vertex 7.52046 -0.333529 0
      vertex 7.52046 -0.1318 0.1164689
    endloop
  endfacet
  facet normal 0.99148 0.130258 0
    outer loop
      vertex 7.98467 -0.479538 7.6511359
      vertex 7.98124 -0.45343 0.3181969
      vertex 7.98124 -0.45343 7.6511359
    endloop
  endfacet
  facet normal 0.99148 0.130258 0
    outer loop
      vertex 7.98124 -0.45343 0.3181969
      vertex 7.98467 -0.479538 7.6511359
      vertex 7.98467 -0.479538 0.3181969
    endloop
  endfacet
  facet normal -0.22604 -0.843609 0.487062
    outer loop
      vertex -7.54657 -5.86477 7.8528659
      vertex -7.70567 -5.82214 7.8528659
      vertex -7.54657 -5.98124 7.6511359
    endloop
  endfacet
  facet normal -0.707103 0.707111 0
    outer loop
      vertex -7.923 -0.236097 0.3181969
      vertex -7.7639 -0.0769987 7.6511359
      vertex -7.7639 -0.0769987 0.3181969
    endloop
  endfacet
  facet normal -0.707103 0.707111 0
    outer loop
      vertex -7.7639 -0.0769987 7.6511359
      vertex -7.923 -0.236097 0.3181969
      vertex -7.923 -0.236097 7.6511359
    endloop
  endfacet
  facet normal 0.132786 0.495574 -0.858355
    outer loop
      vertex 7.70567 -0.177863 0.1164689
      vertex 7.54657 -0.336962 0
      vertex 7.54657 -0.135233 0.1164689
    endloop
  endfacet
  facet normal -0 0.499973 0.866041
    outer loop
      vertex 3.8682 -0.1318 7.8528659
      vertex 7.52046 -0.333529 7.9693259
      vertex 7.52046 -0.1318 7.8528659
    endloop
  endfacet
  facet normal 0 0.499973 0.866041
    outer loop
      vertex 7.52046 -0.333529 7.9693259
      vertex 3.8682 -0.1318 7.8528659
      vertex 3.66647 -0.333529 7.9693259
    endloop
  endfacet
  facet normal 0 0.499973 0.866041
    outer loop
      vertex -7.52046 -0.333529 7.9693259
      vertex -3.8682 -0.1318 7.8528659
      vertex -7.52046 -0.1318 7.8528659
    endloop
  endfacet
  facet normal 0 0.499973 0.866041
    outer loop
      vertex -3.8682 -0.1318 7.8528659
      vertex -7.52046 -0.333529 7.9693259
      vertex -3.66647 -0.333529 7.9693259
    endloop
  endfacet
  facet normal -0.707107 -0.707107 0
    outer loop
      vertex -7.7639 -5.923 0.3181969
      vertex -7.923 -5.7639 7.6511359
      vertex -7.923 -5.7639 0.3181969
    endloop
  endfacet
  facet normal -0.707107 -0.707107 0
    outer loop
      vertex -7.923 -5.7639 7.6511359
      vertex -7.7639 -5.923 0.3181969
      vertex -7.7639 -5.923 7.6511359
    endloop
  endfacet
  facet normal -0.617573 -0.617573 -0.48704
    outer loop
      vertex -7.70567 -5.82214 0.1164689
      vertex -7.923 -5.7639 0.3181969
      vertex -7.82214 -5.70567 0.1164689
    endloop
  endfacet
  facet normal -0.617573 -0.617573 -0.48704
    outer loop
      vertex -7.923 -5.7639 0.3181969
      vertex -7.70567 -5.82214 0.1164689
      vertex -7.7639 -5.923 0.3181969
    endloop
  endfacet
  facet normal 0.362773 -0.362773 -0.858366
    outer loop
      vertex 7.70567 -5.82214 0.1164689
      vertex 7.64743 -5.6048 0
      vertex 7.82214 -5.70567 0.1164689
    endloop
  endfacet
  facet normal 0.362773 -0.362773 -0.858366
    outer loop
      vertex 7.64743 -5.6048 0
      vertex 7.70567 -5.82214 0.1164689
      vertex 7.6048 -5.64743 0
    endloop
  endfacet
  facet normal 0.495538 0.132832 -0.858369
    outer loop
      vertex 7.66304 -0.45343 0
      vertex 7.64743 -0.395196 0
      vertex 7.82214 -0.294332 0.1164689
    endloop
  endfacet
  facet normal -0.5 0 -0.866025
    outer loop
      vertex -7.8682 -5.52046 0.1164689
      vertex -7.66647 -0.479538 0
      vertex -7.66647 -5.52046 0
    endloop
  endfacet
  facet normal -0.5 0 -0.866025
    outer loop
      vertex -7.66647 -0.479538 0
      vertex -7.8682 -5.52046 0.1164689
      vertex -7.8682 -0.479538 0.1164689
    endloop
  endfacet
  facet normal -0.130248 -0.991481 0
    outer loop
      vertex -7.54657 -5.98124 0.3181969
      vertex -7.52046 -5.98467 7.6511359
      vertex -7.54657 -5.98124 7.6511359
    endloop
  endfacet
  facet normal -0.130248 -0.991481 -0
    outer loop
      vertex -7.52046 -5.98467 7.6511359
      vertex -7.54657 -5.98124 0.3181969
      vertex -7.52046 -5.98467 0.3181969
    endloop
  endfacet
  facet normal -0.362773 -0.362773 -0.858366
    outer loop
      vertex -7.70567 -5.82214 0.1164689
      vertex -7.64743 -5.6048 0
      vertex -7.6048 -5.64743 0
    endloop
  endfacet
  facet normal -0.362773 -0.362773 -0.858366
    outer loop
      vertex -7.64743 -5.6048 0
      vertex -7.70567 -5.82214 0.1164689
      vertex -7.82214 -5.70567 0.1164689
    endloop
  endfacet
  facet normal 0.843613 -0.226071 0.487042
    outer loop
      vertex 7.98124 -5.54657 7.6511359
      vertex 7.82214 -5.70567 7.8528659
      vertex 7.923 -5.7639 7.6511359
    endloop
  endfacet
  facet normal -0.132832 -0.495503 0.85839
    outer loop
      vertex -7.6048 -5.64743 7.9693259
      vertex -7.70567 -5.82214 7.8528659
      vertex -7.54657 -5.66304 7.9693259
    endloop
  endfacet
  facet normal -1 0 0
    outer loop
      vertex -7.98467 -5.52046 0.3181969
      vertex -7.98467 -0.479538 7.6511359
      vertex -7.98467 -0.479538 0.3181969
    endloop
  endfacet
  facet normal -1 -0 0
    outer loop
      vertex -7.98467 -0.479538 7.6511359
      vertex -7.98467 -5.52046 0.3181969
      vertex -7.98467 -5.52046 7.6511359
    endloop
  endfacet
  facet normal 0.22604 -0.843607 -0.487066
    outer loop
      vertex 7.70567 -5.82214 0.1164689
      vertex 7.54657 -5.98124 0.3181969
      vertex 7.54657 -5.86477 0.1164689
    endloop
  endfacet
  facet normal -0.843611 -0.22607 -0.487045
    outer loop
      vertex -7.923 -5.7639 0.3181969
      vertex -7.98124 -5.54657 0.3181969
      vertex -7.82214 -5.70567 0.1164689
    endloop
  endfacet
  facet normal -0.132786 -0.495572 -0.858356
    outer loop
      vertex -7.54657 -5.86477 0.1164689
      vertex -7.70567 -5.82214 0.1164689
      vertex -7.54657 -5.66304 0
    endloop
  endfacet
  facet normal -0.22607 -0.843611 -0.487045
    outer loop
      vertex -7.54657 -5.98124 0.3181969
      vertex -7.7639 -5.923 0.3181969
      vertex -7.70567 -5.82214 0.1164689
    endloop
  endfacet
  facet normal 0.132798 0.495566 -0.858359
    outer loop
      vertex 7.6048 -0.352566 0
      vertex 7.54657 -0.336962 0
      vertex 7.70567 -0.177863 0.1164689
    endloop
  endfacet
  facet normal 0.965918 -0.258846 0
    outer loop
      vertex 7.923 -5.7639 7.6511359
      vertex 7.98124 -5.54657 0.3181969
      vertex 7.98124 -5.54657 7.6511359
    endloop
  endfacet
  facet normal 0.965918 -0.258846 0
    outer loop
      vertex 7.98124 -5.54657 0.3181969
      vertex 7.923 -5.7639 7.6511359
      vertex 7.923 -5.7639 0.3181969
    endloop
  endfacet
  facet normal 0.843609 -0.22604 0.487062
    outer loop
      vertex 7.86477 -5.54657 7.8528659
      vertex 7.82214 -5.70567 7.8528659
      vertex 7.98124 -5.54657 7.6511359
    endloop
  endfacet
  facet normal 0.5 0 -0.866025
    outer loop
      vertex 7.66647 -5.52046 0
      vertex 7.8682 -0.479538 0.1164689
      vertex 7.8682 -5.52046 0.1164689
    endloop
  endfacet
  facet normal 0.5 0 -0.866025
    outer loop
      vertex 7.8682 -0.479538 0.1164689
      vertex 7.66647 -5.52046 0
      vertex 7.66647 -0.479538 0
    endloop
  endfacet
  facet normal 0.362777 0.36278 -0.858361
    outer loop
      vertex 7.64743 -0.395196 0
      vertex 7.70567 -0.177863 0.1164689
      vertex 7.82214 -0.294332 0.1164689
    endloop
  endfacet
  facet normal 0.36278 0.36278 -0.85836
    outer loop
      vertex 7.70567 -0.177863 0.1164689
      vertex 7.64743 -0.395196 0
      vertex 7.6048 -0.352566 0
    endloop
  endfacet
  facet normal 0.86047 0.113046 -0.496802
    outer loop
      vertex 7.98467 -0.479538 0.3181969
      vertex 7.86477 -0.45343 0.1164689
      vertex 7.98124 -0.45343 0.3181969
    endloop
  endfacet
  facet normal 0.86047 0.113046 -0.496802
    outer loop
      vertex 7.86477 -0.45343 0.1164689
      vertex 7.98467 -0.479538 0.3181969
      vertex 7.8682 -0.479538 0.1164689
    endloop
  endfacet
  facet normal 0 -1 0
    outer loop
      vertex -7.52046 -5.98467 0.3181969
      vertex 7.52046 -5.98467 7.6511359
      vertex -7.52046 -5.98467 7.6511359
    endloop
  endfacet
  facet normal 0 -1 -0
    outer loop
      vertex 7.52046 -5.98467 7.6511359
      vertex -7.52046 -5.98467 0.3181969
      vertex 7.52046 -5.98467 0.3181969
    endloop
  endfacet
  facet normal -0.113038 -0.860473 0.496799
    outer loop
      vertex -7.54657 -5.98124 7.6511359
      vertex -7.52046 -5.8682 7.8528659
      vertex -7.54657 -5.86477 7.8528659
    endloop
  endfacet
  facet normal -0.113038 -0.860473 0.496799
    outer loop
      vertex -7.52046 -5.8682 7.8528659
      vertex -7.54657 -5.98124 7.6511359
      vertex -7.52046 -5.98467 7.6511359
    endloop
  endfacet
  facet normal 0.258846 -0.965918 0
    outer loop
      vertex 7.54657 -5.98124 0.3181969
      vertex 7.7639 -5.923 7.6511359
      vertex 7.54657 -5.98124 7.6511359
    endloop
  endfacet
  facet normal 0.258846 -0.965918 0
    outer loop
      vertex 7.7639 -5.923 7.6511359
      vertex 7.54657 -5.98124 0.3181969
      vertex 7.7639 -5.923 0.3181969
    endloop
  endfacet
  facet normal -0.132798 0.495566 -0.858359
    outer loop
      vertex -7.6048 -0.352566 0
      vertex -7.70567 -0.177863 0.1164689
      vertex -7.54657 -0.336962 0
    endloop
  endfacet
  facet normal 0.860473 -0.113038 0.496799
    outer loop
      vertex 7.86477 -5.54657 7.8528659
      vertex 7.98467 -5.52046 7.6511359
      vertex 7.8682 -5.52046 7.8528659
    endloop
  endfacet
  facet normal 0.860473 -0.113038 0.496799
    outer loop
      vertex 7.98467 -5.52046 7.6511359
      vertex 7.86477 -5.54657 7.8528659
      vertex 7.98124 -5.54657 7.6511359
    endloop
  endfacet
  facet normal -0.86047 0.113046 -0.496802
    outer loop
      vertex -7.8682 -0.479538 0.1164689
      vertex -7.98124 -0.45343 0.3181969
      vertex -7.86477 -0.45343 0.1164689
    endloop
  endfacet
  facet normal -0.86047 0.113046 -0.496802
    outer loop
      vertex -7.98124 -0.45343 0.3181969
      vertex -7.8682 -0.479538 0.1164689
      vertex -7.98467 -0.479538 0.3181969
    endloop
  endfacet
  facet normal 0 1 -0
    outer loop
      vertex -3.98467 -0.0153313 0.3181969
      vertex -7.52046 -0.0153313 7.6511359
      vertex -3.98467 -0.0153313 7.6511359
    endloop
  endfacet
  facet normal 0 1 0
    outer loop
      vertex -7.52046 -0.0153313 7.6511359
      vertex -3.98467 -0.0153313 0.3181969
      vertex -7.52046 -0.0153313 0.3181969
    endloop
  endfacet
  facet normal 0 1 -0
    outer loop
      vertex 7.52046 -0.0153313 0.3181969
      vertex 3.98467 -0.0153313 7.6511359
      vertex 7.52046 -0.0153313 7.6511359
    endloop
  endfacet
  facet normal 0 1 0
    outer loop
      vertex 3.98467 -0.0153313 7.6511359
      vertex 7.52046 -0.0153313 0.3181969
      vertex 3.98467 -0.0153313 0.3181969
    endloop
  endfacet
  facet normal -0.132779 0.495546 0.858373
    outer loop
      vertex -7.54657 -0.135233 7.8528659
      vertex -7.70567 -0.177863 7.8528659
      vertex -7.54657 -0.336962 7.9693259
    endloop
  endfacet
  facet normal 0.843609 0.226067 -0.487049
    outer loop
      vertex 7.98124 -0.45343 0.3181969
      vertex 7.82214 -0.294332 0.1164689
      vertex 7.923 -0.236097 0.3181969
    endloop
  endfacet
  facet normal -0.843613 -0.226071 0.487042
    outer loop
      vertex -7.82214 -5.70567 7.8528659
      vertex -7.98124 -5.54657 7.6511359
      vertex -7.923 -5.7639 7.6511359
    endloop
  endfacet
  facet normal -0.258822 0.965925 0
    outer loop
      vertex -7.54657 -0.0187645 0.3181969
      vertex -7.7639 -0.0769987 7.6511359
      vertex -7.54657 -0.0187645 7.6511359
    endloop
  endfacet
  facet normal -0.258822 0.965925 0
    outer loop
      vertex -7.7639 -0.0769987 7.6511359
      vertex -7.54657 -0.0187645 0.3181969
      vertex -7.7639 -0.0769987 0.3181969
    endloop
  endfacet
  facet normal 0.226041 0.843609 -0.487061
    outer loop
      vertex 7.70567 -0.177863 0.1164689
      vertex 7.54657 -0.135233 0.1164689
      vertex 7.54657 -0.0187645 0.3181969
    endloop
  endfacet
  facet normal -0.498925 -0.0655424 -0.864163
    outer loop
      vertex -7.86477 -5.54657 0.1164689
      vertex -7.66647 -5.52046 0
      vertex -7.66304 -5.54657 0
    endloop
  endfacet
  facet normal -0.498925 -0.0655424 -0.864163
    outer loop
      vertex -7.66647 -5.52046 0
      vertex -7.86477 -5.54657 0.1164689
      vertex -7.8682 -5.52046 0.1164689
    endloop
  endfacet
  facet normal -0.843609 -0.22604 0.487062
    outer loop
      vertex -7.86477 -5.54657 7.8528659
      vertex -7.98124 -5.54657 7.6511359
      vertex -7.82214 -5.70567 7.8528659
    endloop
  endfacet
  facet normal -0.495545 -0.132779 0.858374
    outer loop
      vertex -7.66304 -5.54657 7.9693259
      vertex -7.86477 -5.54657 7.8528659
      vertex -7.82214 -5.70567 7.8528659
    endloop
  endfacet
  facet normal 0.991481 -0.130248 0
    outer loop
      vertex 7.98124 -5.54657 7.6511359
      vertex 7.98467 -5.52046 0.3181969
      vertex 7.98467 -5.52046 7.6511359
    endloop
  endfacet
  facet normal 0.991481 -0.130248 0
    outer loop
      vertex 7.98467 -5.52046 0.3181969
      vertex 7.98124 -5.54657 7.6511359
      vertex 7.98124 -5.54657 0.3181969
    endloop
  endfacet
  facet normal 0.132779 -0.495545 0.858374
    outer loop
      vertex 7.54657 -5.66304 7.9693259
      vertex 7.54657 -5.86477 7.8528659
      vertex 7.70567 -5.82214 7.8528659
    endloop
  endfacet
  facet normal -0.843606 0.226043 -0.487066
    outer loop
      vertex -7.86477 -0.45343 0.1164689
      vertex -7.98124 -0.45343 0.3181969
      vertex -7.82214 -0.294332 0.1164689
    endloop
  endfacet
  facet normal -0.113038 -0.860471 -0.496803
    outer loop
      vertex -7.54657 -5.86477 0.1164689
      vertex -7.52046 -5.98467 0.3181969
      vertex -7.54657 -5.98124 0.3181969
    endloop
  endfacet
  facet normal -0.113038 -0.860471 -0.496803
    outer loop
      vertex -7.52046 -5.98467 0.3181969
      vertex -7.54657 -5.86477 0.1164689
      vertex -7.52046 -5.8682 0.1164689
    endloop
  endfacet
  facet normal 0.498925 0.0655474 -0.864163
    outer loop
      vertex 7.66647 -0.479538 0
      vertex 7.86477 -0.45343 0.1164689
      vertex 7.8682 -0.479538 0.1164689
    endloop
  endfacet
  facet normal 0.498925 0.0655474 -0.864163
    outer loop
      vertex 7.86477 -0.45343 0.1164689
      vertex 7.66647 -0.479538 0
      vertex 7.66304 -0.45343 0
    endloop
  endfacet
  facet normal -0.495538 0.132832 -0.858369
    outer loop
      vertex -7.66304 -0.45343 0
      vertex -7.82214 -0.294332 0.1164689
      vertex -7.64743 -0.395196 0
    endloop
  endfacet
  facet normal -0.36278 0.36278 -0.85836
    outer loop
      vertex -7.64743 -0.395196 0
      vertex -7.70567 -0.177863 0.1164689
      vertex -7.6048 -0.352566 0
    endloop
  endfacet
  facet normal -0.362777 0.36278 -0.858361
    outer loop
      vertex -7.70567 -0.177863 0.1164689
      vertex -7.64743 -0.395196 0
      vertex -7.82214 -0.294332 0.1164689
    endloop
  endfacet
  facet normal 0.22604 -0.843609 0.487062
    outer loop
      vertex 7.54657 -5.86477 7.8528659
      vertex 7.54657 -5.98124 7.6511359
      vertex 7.70567 -5.82214 7.8528659
    endloop
  endfacet
  facet normal 0.866021 0 -0.500007
    outer loop
      vertex 7.98467 -5.52046 0.3181969
      vertex 7.8682 -0.479538 0.1164689
      vertex 7.98467 -0.479538 0.3181969
    endloop
  endfacet
  facet normal 0.866021 0 -0.500007
    outer loop
      vertex 7.8682 -0.479538 0.1164689
      vertex 7.98467 -5.52046 0.3181969
      vertex 7.8682 -5.52046 0.1164689
    endloop
  endfacet
  facet normal 0.860471 -0.113038 -0.496803
    outer loop
      vertex 7.98124 -5.54657 0.3181969
      vertex 7.8682 -5.52046 0.1164689
      vertex 7.98467 -5.52046 0.3181969
    endloop
  endfacet
  facet normal 0.860471 -0.113038 -0.496803
    outer loop
      vertex 7.8682 -5.52046 0.1164689
      vertex 7.98124 -5.54657 0.3181969
      vertex 7.86477 -5.54657 0.1164689
    endloop
  endfacet
  facet normal 0.843607 -0.22604 -0.487066
    outer loop
      vertex 7.98124 -5.54657 0.3181969
      vertex 7.82214 -5.70567 0.1164689
      vertex 7.86477 -5.54657 0.1164689
    endloop
  endfacet
  facet normal -0.495503 -0.132832 0.85839
    outer loop
      vertex -7.66304 -5.54657 7.9693259
      vertex -7.82214 -5.70567 7.8528659
      vertex -7.64743 -5.6048 7.9693259
    endloop
  endfacet
  facet normal -0.860473 -0.113038 0.496799
    outer loop
      vertex -7.98124 -5.54657 7.6511359
      vertex -7.8682 -5.52046 7.8528659
      vertex -7.98467 -5.52046 7.6511359
    endloop
  endfacet
  facet normal -0.860473 -0.113038 0.496799
    outer loop
      vertex -7.8682 -5.52046 7.8528659
      vertex -7.98124 -5.54657 7.6511359
      vertex -7.86477 -5.54657 7.8528659
    endloop
  endfacet
  facet normal -0.0655387 -0.498897 0.86418
    outer loop
      vertex -7.54657 -5.86477 7.8528659
      vertex -7.52046 -5.66647 7.9693259
      vertex -7.54657 -5.66304 7.9693259
    endloop
  endfacet
  facet normal -0.0655387 -0.498897 0.86418
    outer loop
      vertex -7.52046 -5.66647 7.9693259
      vertex -7.54657 -5.86477 7.8528659
      vertex -7.52046 -5.8682 7.8528659
    endloop
  endfacet
  facet normal 0.22607 -0.843611 -0.487045
    outer loop
      vertex 7.7639 -5.923 0.3181969
      vertex 7.54657 -5.98124 0.3181969
      vertex 7.70567 -5.82214 0.1164689
    endloop
  endfacet
  facet normal 0.498897 -0.0655387 0.86418
    outer loop
      vertex 7.66647 -5.52046 7.9693259
      vertex 7.86477 -5.54657 7.8528659
      vertex 7.8682 -5.52046 7.8528659
    endloop
  endfacet
  facet normal 0.498897 -0.0655387 0.86418
    outer loop
      vertex 7.86477 -5.54657 7.8528659
      vertex 7.66647 -5.52046 7.9693259
      vertex 7.66304 -5.54657 7.9693259
    endloop
  endfacet
  facet normal -0.991481 -0.130248 0
    outer loop
      vertex -7.98124 -5.54657 0.3181969
      vertex -7.98467 -5.52046 7.6511359
      vertex -7.98467 -5.52046 0.3181969
    endloop
  endfacet
  facet normal -0.991481 -0.130248 0
    outer loop
      vertex -7.98467 -5.52046 7.6511359
      vertex -7.98124 -5.54657 0.3181969
      vertex -7.98124 -5.54657 7.6511359
    endloop
  endfacet
  facet normal -0.498896 0.0655437 0.86418
    outer loop
      vertex -7.86477 -0.45343 7.8528659
      vertex -7.66647 -0.479538 7.9693259
      vertex -7.66304 -0.45343 7.9693259
    endloop
  endfacet
  facet normal -0.498896 0.0655437 0.86418
    outer loop
      vertex -7.66647 -0.479538 7.9693259
      vertex -7.86477 -0.45343 7.8528659
      vertex -7.8682 -0.479538 7.8528659
    endloop
  endfacet
  facet normal 0 0.866024 -0.500003
    outer loop
      vertex -7.52046 -0.1318 0.1164689
      vertex -3.98467 -0.0153313 0.3181969
      vertex -3.8682 -0.1318 0.1164689
    endloop
  endfacet
  facet normal 0 0.866024 -0.500003
    outer loop
      vertex -3.98467 -0.0153313 0.3181969
      vertex -7.52046 -0.1318 0.1164689
      vertex -7.52046 -0.0153313 0.3181969
    endloop
  endfacet
  facet normal 0 0.866024 -0.500003
    outer loop
      vertex 7.52046 -0.1318 0.1164689
      vertex 3.98467 -0.0153313 0.3181969
      vertex 7.52046 -0.0153313 0.3181969
    endloop
  endfacet
  facet normal 0 0.866024 -0.500003
    outer loop
      vertex 3.98467 -0.0153313 0.3181969
      vertex 7.52046 -0.1318 0.1164689
      vertex 3.8682 -0.1318 0.1164689
    endloop
  endfacet
  facet normal -0 0.866026 0.499999
    outer loop
      vertex 3.98467 -0.0153313 7.6511359
      vertex 7.52046 -0.1318 7.8528659
      vertex 7.52046 -0.0153313 7.6511359
    endloop
  endfacet
  facet normal 0 0.866026 0.499999
    outer loop
      vertex 7.52046 -0.1318 7.8528659
      vertex 3.98467 -0.0153313 7.6511359
      vertex 3.8682 -0.1318 7.8528659
    endloop
  endfacet
  facet normal 0 0.866026 0.499999
    outer loop
      vertex -3.98467 -0.0153313 7.6511359
      vertex -7.52046 -0.1318 7.8528659
      vertex -3.8682 -0.1318 7.8528659
    endloop
  endfacet
  facet normal 0 0.866026 0.499999
    outer loop
      vertex -7.52046 -0.1318 7.8528659
      vertex -3.98467 -0.0153313 7.6511359
      vertex -7.52046 -0.0153313 7.6511359
    endloop
  endfacet
  facet normal 0.132832 -0.495503 0.85839
    outer loop
      vertex 7.6048 -5.64743 7.9693259
      vertex 7.54657 -5.66304 7.9693259
      vertex 7.70567 -5.82214 7.8528659
    endloop
  endfacet
  facet normal 0.495572 0.132788 -0.858356
    outer loop
      vertex 7.86477 -0.45343 0.1164689
      vertex 7.66304 -0.45343 0
      vertex 7.82214 -0.294332 0.1164689
    endloop
  endfacet
  facet normal 0 0.500002 -0.866024
    outer loop
      vertex 7.52046 -0.333529 0
      vertex 3.8682 -0.1318 0.1164689
      vertex 7.52046 -0.1318 0.1164689
    endloop
  endfacet
  facet normal 0 0.500002 -0.866024
    outer loop
      vertex 3.8682 -0.1318 0.1164689
      vertex 7.52046 -0.333529 0
      vertex 3.66647 -0.333529 0
    endloop
  endfacet
  facet normal 0 0.500002 -0.866024
    outer loop
      vertex -7.52046 -0.333529 0
      vertex -3.8682 -0.1318 0.1164689
      vertex -3.66647 -0.333529 0
    endloop
  endfacet
  facet normal 0 0.500002 -0.866024
    outer loop
      vertex -3.8682 -0.1318 0.1164689
      vertex -7.52046 -0.333529 0
      vertex -7.52046 -0.1318 0.1164689
    endloop
  endfacet
  facet normal 0.495531 -0.132839 -0.858372
    outer loop
      vertex 7.82214 -5.70567 0.1164689
      vertex 7.64743 -5.6048 0
      vertex 7.66304 -5.54657 0
    endloop
  endfacet
  facet normal -0.965918 -0.258846 0
    outer loop
      vertex -7.923 -5.7639 0.3181969
      vertex -7.98124 -5.54657 7.6511359
      vertex -7.98124 -5.54657 0.3181969
    endloop
  endfacet
  facet normal -0.965918 -0.258846 0
    outer loop
      vertex -7.98124 -5.54657 7.6511359
      vertex -7.923 -5.7639 0.3181969
      vertex -7.923 -5.7639 7.6511359
    endloop
  endfacet
  facet normal -0.866021 0 -0.500007
    outer loop
      vertex -7.8682 -5.52046 0.1164689
      vertex -7.98467 -0.479538 0.3181969
      vertex -7.8682 -0.479538 0.1164689
    endloop
  endfacet
  facet normal -0.866021 -0 -0.500007
    outer loop
      vertex -7.98467 -0.479538 0.3181969
      vertex -7.8682 -5.52046 0.1164689
      vertex -7.98467 -5.52046 0.3181969
    endloop
  endfacet
  facet normal -0.843607 -0.22604 -0.487066
    outer loop
      vertex -7.82214 -5.70567 0.1164689
      vertex -7.98124 -5.54657 0.3181969
      vertex -7.86477 -5.54657 0.1164689
    endloop
  endfacet
  facet normal -0.860471 -0.113038 -0.496803
    outer loop
      vertex -7.86477 -5.54657 0.1164689
      vertex -7.98467 -5.52046 0.3181969
      vertex -7.8682 -5.52046 0.1164689
    endloop
  endfacet
  facet normal -0.860471 -0.113038 -0.496803
    outer loop
      vertex -7.98467 -5.52046 0.3181969
      vertex -7.86477 -5.54657 0.1164689
      vertex -7.98124 -5.54657 0.3181969
    endloop
  endfacet
  facet normal 0 -0.5 -0.866025
    outer loop
      vertex -7.52046 -5.8682 0.1164689
      vertex 7.52046 -5.66647 0
      vertex 7.52046 -5.8682 0.1164689
    endloop
  endfacet
  facet normal -0 -0.5 -0.866025
    outer loop
      vertex 7.52046 -5.66647 0
      vertex -7.52046 -5.8682 0.1164689
      vertex -7.52046 -5.66647 0
    endloop
  endfacet
  facet normal -0.495572 -0.132786 -0.858356
    outer loop
      vertex -7.82214 -5.70567 0.1164689
      vertex -7.86477 -5.54657 0.1164689
      vertex -7.66304 -5.54657 0
    endloop
  endfacet
  facet normal -0.132839 -0.495531 -0.858372
    outer loop
      vertex -7.54657 -5.66304 0
      vertex -7.70567 -5.82214 0.1164689
      vertex -7.6048 -5.64743 0
    endloop
  endfacet
  facet normal 0.707107 -0.707107 0
    outer loop
      vertex 7.7639 -5.923 7.6511359
      vertex 7.923 -5.7639 0.3181969
      vertex 7.923 -5.7639 7.6511359
    endloop
  endfacet
  facet normal 0.707107 -0.707107 0
    outer loop
      vertex 7.923 -5.7639 0.3181969
      vertex 7.7639 -5.923 7.6511359
      vertex 7.7639 -5.923 0.3181969
    endloop
  endfacet
  facet normal 0.226071 -0.843613 0.487042
    outer loop
      vertex 7.70567 -5.82214 7.8528659
      vertex 7.54657 -5.98124 7.6511359
      vertex 7.7639 -5.923 7.6511359
    endloop
  endfacet
  facet normal 0.0655387 -0.498897 0.86418
    outer loop
      vertex 7.52046 -5.66647 7.9693259
      vertex 7.54657 -5.86477 7.8528659
      vertex 7.54657 -5.66304 7.9693259
    endloop
  endfacet
  facet normal 0.0655387 -0.498897 0.86418
    outer loop
      vertex 7.54657 -5.86477 7.8528659
      vertex 7.52046 -5.66647 7.9693259
      vertex 7.52046 -5.8682 7.8528659
    endloop
  endfacet
  facet normal 0.617574 -0.617574 0.487036
    outer loop
      vertex 7.70567 -5.82214 7.8528659
      vertex 7.923 -5.7639 7.6511359
      vertex 7.82214 -5.70567 7.8528659
    endloop
  endfacet
  facet normal 0.617574 -0.617574 0.487036
    outer loop
      vertex 7.923 -5.7639 7.6511359
      vertex 7.70567 -5.82214 7.8528659
      vertex 7.7639 -5.923 7.6511359
    endloop
  endfacet
  facet normal 0.113038 -0.860473 0.496799
    outer loop
      vertex 7.52046 -5.98467 7.6511359
      vertex 7.54657 -5.86477 7.8528659
      vertex 7.52046 -5.8682 7.8528659
    endloop
  endfacet
  facet normal 0.113038 -0.860473 0.496799
    outer loop
      vertex 7.54657 -5.86477 7.8528659
      vertex 7.52046 -5.98467 7.6511359
      vertex 7.54657 -5.98124 7.6511359
    endloop
  endfacet
  facet normal 0.113136 0.860466 0.496789
    outer loop
      vertex 7.54657 -0.0187645 7.6511359
      vertex 7.52046 -0.1318 7.8528659
      vertex 7.54657 -0.135233 7.8528659
    endloop
  endfacet
  facet normal 0.113142 0.860465 0.496789
    outer loop
      vertex 7.52046 -0.1318 7.8528659
      vertex 7.54657 -0.0187645 7.6511359
      vertex 7.52046 -0.0153313 7.6511359
    endloop
  endfacet
  facet normal 0.113142 0.860463 -0.496792
    outer loop
      vertex 7.54657 -0.135233 0.1164689
      vertex 7.52046 -0.0153313 0.3181969
      vertex 7.54657 -0.0187645 0.3181969
    endloop
  endfacet
  facet normal 0.113136 0.860463 -0.496793
    outer loop
      vertex 7.52046 -0.0153313 0.3181969
      vertex 7.54657 -0.135233 0.1164689
      vertex 7.52046 -0.1318 0.1164689
    endloop
  endfacet
  facet normal -0.49551 0.132825 0.858387
    outer loop
      vertex -7.64743 -0.395196 7.9693259
      vertex -7.82214 -0.294332 7.8528659
      vertex -7.66304 -0.45343 7.9693259
    endloop
  endfacet
  facet normal -0.0655997 0.498925 -0.864159
    outer loop
      vertex -7.54657 -0.135233 0.1164689
      vertex -7.52046 -0.333529 0
      vertex -7.54657 -0.336962 0
    endloop
  endfacet
  facet normal -0.0655997 0.498925 -0.864159
    outer loop
      vertex -7.52046 -0.333529 0
      vertex -7.54657 -0.135233 0.1164689
      vertex -7.52046 -0.1318 0.1164689
    endloop
  endfacet
  facet normal 0.130368 0.991466 -0
    outer loop
      vertex 7.54657 -0.0187645 0.3181969
      vertex 7.52046 -0.0153313 7.6511359
      vertex 7.54657 -0.0187645 7.6511359
    endloop
  endfacet
  facet normal 0.130368 0.991466 0
    outer loop
      vertex 7.52046 -0.0153313 7.6511359
      vertex 7.54657 -0.0187645 0.3181969
      vertex 7.52046 -0.0153313 0.3181969
    endloop
  endfacet
  facet normal 0.617565 0.617572 -0.487051
    outer loop
      vertex 7.923 -0.236097 0.3181969
      vertex 7.70567 -0.177863 0.1164689
      vertex 7.7639 -0.0769987 0.3181969
    endloop
  endfacet
  facet normal 0.617566 0.617571 -0.487051
    outer loop
      vertex 7.70567 -0.177863 0.1164689
      vertex 7.923 -0.236097 0.3181969
      vertex 7.82214 -0.294332 0.1164689
    endloop
  endfacet
  facet normal -0.226041 0.843609 -0.487061
    outer loop
      vertex -7.54657 -0.135233 0.1164689
      vertex -7.70567 -0.177863 0.1164689
      vertex -7.54657 -0.0187645 0.3181969
    endloop
  endfacet
  facet normal -0.226048 0.84361 -0.487056
    outer loop
      vertex -7.70567 -0.177863 0.1164689
      vertex -7.7639 -0.0769987 0.3181969
      vertex -7.54657 -0.0187645 0.3181969
    endloop
  endfacet
  facet normal -0.0655424 -0.498925 -0.864163
    outer loop
      vertex -7.54657 -5.86477 0.1164689
      vertex -7.52046 -5.66647 0
      vertex -7.52046 -5.8682 0.1164689
    endloop
  endfacet
  facet normal -0.0655424 -0.498925 -0.864163
    outer loop
      vertex -7.52046 -5.66647 0
      vertex -7.54657 -5.86477 0.1164689
      vertex -7.54657 -5.66304 0
    endloop
  endfacet
  facet normal -0.965919 0.258843 0
    outer loop
      vertex -7.98124 -0.45343 0.3181969
      vertex -7.923 -0.236097 7.6511359
      vertex -7.923 -0.236097 0.3181969
    endloop
  endfacet
  facet normal -0.965919 0.258843 0
    outer loop
      vertex -7.923 -0.236097 7.6511359
      vertex -7.98124 -0.45343 0.3181969
      vertex -7.98124 -0.45343 7.6511359
    endloop
  endfacet
  facet normal 0.498925 -0.0655424 -0.864163
    outer loop
      vertex 7.86477 -5.54657 0.1164689
      vertex 7.66647 -5.52046 0
      vertex 7.8682 -5.52046 0.1164689
    endloop
  endfacet
  facet normal 0.498925 -0.0655424 -0.864163
    outer loop
      vertex 7.66647 -5.52046 0
      vertex 7.86477 -5.54657 0.1164689
      vertex 7.66304 -5.54657 0
    endloop
  endfacet
  facet normal 0.495572 -0.132786 -0.858356
    outer loop
      vertex 7.82214 -5.70567 0.1164689
      vertex 7.66304 -5.54657 0
      vertex 7.86477 -5.54657 0.1164689
    endloop
  endfacet
  facet normal -0.499971 0 0.866042
    outer loop
      vertex -7.8682 -0.479538 7.8528659
      vertex -7.66647 -5.52046 7.9693259
      vertex -7.66647 -0.479538 7.9693259
    endloop
  endfacet
  facet normal -0.499971 0 0.866042
    outer loop
      vertex -7.66647 -5.52046 7.9693259
      vertex -7.8682 -0.479538 7.8528659
      vertex -7.8682 -5.52046 7.8528659
    endloop
  endfacet
  facet normal 0.860472 0.113047 0.496798
    outer loop
      vertex 7.8682 -0.479538 7.8528659
      vertex 7.98124 -0.45343 7.6511359
      vertex 7.86477 -0.45343 7.8528659
    endloop
  endfacet
  facet normal 0.860472 0.113047 0.496798
    outer loop
      vertex 7.98124 -0.45343 7.6511359
      vertex 7.8682 -0.479538 7.8528659
      vertex 7.98467 -0.479538 7.6511359
    endloop
  endfacet
  facet normal 1 -0 0
    outer loop
      vertex 7.98467 -5.52046 7.6511359
      vertex 7.98467 -0.479538 0.3181969
      vertex 7.98467 -0.479538 7.6511359
    endloop
  endfacet
  facet normal 1 0 0
    outer loop
      vertex 7.98467 -0.479538 0.3181969
      vertex 7.98467 -5.52046 7.6511359
      vertex 7.98467 -5.52046 0.3181969
    endloop
  endfacet
  facet normal -0.22604 -0.843607 -0.487066
    outer loop
      vertex -7.54657 -5.98124 0.3181969
      vertex -7.70567 -5.82214 0.1164689
      vertex -7.54657 -5.86477 0.1164689
    endloop
  endfacet
  facet normal 0.132839 -0.495531 -0.858372
    outer loop
      vertex 7.70567 -5.82214 0.1164689
      vertex 7.54657 -5.66304 0
      vertex 7.6048 -5.64743 0
    endloop
  endfacet
  facet normal 0.132786 -0.495572 -0.858356
    outer loop
      vertex 7.70567 -5.82214 0.1164689
      vertex 7.54657 -5.86477 0.1164689
      vertex 7.54657 -5.66304 0
    endloop
  endfacet
  facet normal 0.0655424 -0.498925 -0.864163
    outer loop
      vertex 7.52046 -5.66647 0
      vertex 7.54657 -5.86477 0.1164689
      vertex 7.52046 -5.8682 0.1164689
    endloop
  endfacet
  facet normal 0.0655424 -0.498925 -0.864163
    outer loop
      vertex 7.54657 -5.86477 0.1164689
      vertex 7.52046 -5.66647 0
      vertex 7.54657 -5.66304 0
    endloop
  endfacet
  facet normal 0.362752 -0.362752 0.858383
    outer loop
      vertex 7.64743 -5.6048 7.9693259
      vertex 7.70567 -5.82214 7.8528659
      vertex 7.82214 -5.70567 7.8528659
    endloop
  endfacet
  facet normal 0.362752 -0.362752 0.858383
    outer loop
      vertex 7.70567 -5.82214 7.8528659
      vertex 7.64743 -5.6048 7.9693259
      vertex 7.6048 -5.64743 7.9693259
    endloop
  endfacet
  facet normal 0.130248 -0.991481 0
    outer loop
      vertex 7.52046 -5.98467 0.3181969
      vertex 7.54657 -5.98124 7.6511359
      vertex 7.52046 -5.98467 7.6511359
    endloop
  endfacet
  facet normal 0.130248 -0.991481 0
    outer loop
      vertex 7.54657 -5.98124 7.6511359
      vertex 7.52046 -5.98467 0.3181969
      vertex 7.54657 -5.98124 0.3181969
    endloop
  endfacet
  facet normal 0.113038 -0.860471 -0.496803
    outer loop
      vertex 7.52046 -5.8682 0.1164689
      vertex 7.54657 -5.98124 0.3181969
      vertex 7.52046 -5.98467 0.3181969
    endloop
  endfacet
  facet normal 0.113038 -0.860471 -0.496803
    outer loop
      vertex 7.54657 -5.98124 0.3181969
      vertex 7.52046 -5.8682 0.1164689
      vertex 7.54657 -5.86477 0.1164689
    endloop
  endfacet
  facet normal -0.617567 0.617573 0.487047
    outer loop
      vertex -7.923 -0.236097 7.6511359
      vertex -7.70567 -0.177863 7.8528659
      vertex -7.7639 -0.0769987 7.6511359
    endloop
  endfacet
  facet normal -0.617567 0.617572 0.487048
    outer loop
      vertex -7.70567 -0.177863 7.8528659
      vertex -7.923 -0.236097 7.6511359
      vertex -7.82214 -0.294332 7.8528659
    endloop
  endfacet
  facet normal -0.362752 -0.362752 0.858383
    outer loop
      vertex -7.64743 -5.6048 7.9693259
      vertex -7.70567 -5.82214 7.8528659
      vertex -7.6048 -5.64743 7.9693259
    endloop
  endfacet
  facet normal -0.362752 -0.362752 0.858383
    outer loop
      vertex -7.70567 -5.82214 7.8528659
      vertex -7.64743 -5.6048 7.9693259
      vertex -7.82214 -5.70567 7.8528659
    endloop
  endfacet
  facet normal 0.495544 0.13278 0.858374
    outer loop
      vertex 7.82214 -0.294332 7.8528659
      vertex 7.66304 -0.45343 7.9693259
      vertex 7.86477 -0.45343 7.8528659
    endloop
  endfacet
  facet normal -0.617574 -0.617574 0.487036
    outer loop
      vertex -7.923 -5.7639 7.6511359
      vertex -7.70567 -5.82214 7.8528659
      vertex -7.82214 -5.70567 7.8528659
    endloop
  endfacet
  facet normal -0.617574 -0.617574 0.487036
    outer loop
      vertex -7.70567 -5.82214 7.8528659
      vertex -7.923 -5.7639 7.6511359
      vertex -7.7639 -5.923 7.6511359
    endloop
  endfacet
  facet normal -0.13279 0.495538 0.858376
    outer loop
      vertex -7.54657 -0.336962 7.9693259
      vertex -7.70567 -0.177863 7.8528659
      vertex -7.6048 -0.352566 7.9693259
    endloop
  endfacet
  facet normal 0.132779 0.495546 0.858373
    outer loop
      vertex 7.54657 -0.135233 7.8528659
      vertex 7.54657 -0.336962 7.9693259
      vertex 7.70567 -0.177863 7.8528659
    endloop
  endfacet
  facet normal 0.226041 0.843611 0.487058
    outer loop
      vertex 7.54657 -0.0187645 7.6511359
      vertex 7.54657 -0.135233 7.8528659
      vertex 7.70567 -0.177863 7.8528659
    endloop
  endfacet
  facet normal 0.258822 0.965925 -0
    outer loop
      vertex 7.7639 -0.0769987 0.3181969
      vertex 7.54657 -0.0187645 7.6511359
      vertex 7.7639 -0.0769987 7.6511359
    endloop
  endfacet
  facet normal 0.258822 0.965925 0
    outer loop
      vertex 7.54657 -0.0187645 7.6511359
      vertex 7.7639 -0.0769987 0.3181969
      vertex 7.54657 -0.0187645 0.3181969
    endloop
  endfacet
  facet normal -0.843611 0.226067 0.487045
    outer loop
      vertex -7.923 -0.236097 7.6511359
      vertex -7.98124 -0.45343 7.6511359
      vertex -7.82214 -0.294332 7.8528659
    endloop
  endfacet
  facet normal 0.843606 0.226043 -0.487066
    outer loop
      vertex 7.86477 -0.45343 0.1164689
      vertex 7.82214 -0.294332 0.1164689
      vertex 7.98124 -0.45343 0.3181969
    endloop
  endfacet
  facet normal -0.113142 0.860463 -0.496793
    outer loop
      vertex -7.52046 -0.1318 0.1164689
      vertex -7.54657 -0.0187645 0.3181969
      vertex -7.52046 -0.0153313 0.3181969
    endloop
  endfacet
  facet normal -0.113136 0.860464 -0.496792
    outer loop
      vertex -7.54657 -0.0187645 0.3181969
      vertex -7.52046 -0.1318 0.1164689
      vertex -7.54657 -0.135233 0.1164689
    endloop
  endfacet
  facet normal -0.99148 0.130258 0
    outer loop
      vertex -7.98467 -0.479538 0.3181969
      vertex -7.98124 -0.45343 7.6511359
      vertex -7.98124 -0.45343 0.3181969
    endloop
  endfacet
  facet normal -0.99148 0.130258 0
    outer loop
      vertex -7.98124 -0.45343 7.6511359
      vertex -7.98467 -0.479538 0.3181969
      vertex -7.98467 -0.479538 7.6511359
    endloop
  endfacet
  facet normal -0.843609 0.226067 -0.487049
    outer loop
      vertex -7.82214 -0.294332 0.1164689
      vertex -7.98124 -0.45343 0.3181969
      vertex -7.923 -0.236097 0.3181969
    endloop
  endfacet
  facet normal -0.617565 0.617572 -0.487051
    outer loop
      vertex -7.70567 -0.177863 0.1164689
      vertex -7.923 -0.236097 0.3181969
      vertex -7.7639 -0.0769987 0.3181969
    endloop
  endfacet
  facet normal -0.617566 0.617571 -0.487051
    outer loop
      vertex -7.923 -0.236097 0.3181969
      vertex -7.70567 -0.177863 0.1164689
      vertex -7.82214 -0.294332 0.1164689
    endloop
  endfacet
  facet normal 0.495545 -0.132779 0.858374
    outer loop
      vertex 7.86477 -5.54657 7.8528659
      vertex 7.66304 -5.54657 7.9693259
      vertex 7.82214 -5.70567 7.8528659
    endloop
  endfacet
  facet normal 0.499971 0 0.866042
    outer loop
      vertex 7.66647 -0.479538 7.9693259
      vertex 7.8682 -5.52046 7.8528659
      vertex 7.8682 -0.479538 7.8528659
    endloop
  endfacet
  facet normal 0.499971 0 0.866042
    outer loop
      vertex 7.8682 -5.52046 7.8528659
      vertex 7.66647 -0.479538 7.9693259
      vertex 7.66647 -5.52046 7.9693259
    endloop
  endfacet
  facet normal 0 0 -1
    outer loop
      vertex -4.83864 53.3871 0
      vertex -3.66647 52.7335 0
      vertex -4.72046 52.7335 0
    endloop
  endfacet
  facet normal 0 0 -1
    outer loop
      vertex -4.86647 52.8795 0
      vertex -4.72046 52.7335 0
      vertex -4.74657 52.737 0
    endloop
  endfacet
  facet normal 0 0 -1
    outer loop
      vertex -4.86304 52.8534 0
      vertex -4.74657 52.737 0
      vertex -4.8048 52.7526 0
    endloop
  endfacet
  facet normal 0 0 -1
    outer loop
      vertex -3.66647 52.7335 0
      vertex -4.83864 53.3871 0
      vertex -3.66647 55.9548 0
    endloop
  endfacet
  facet normal 0 0 -1
    outer loop
      vertex -4.86304 52.8534 0
      vertex -4.8048 52.7526 0
      vertex -4.84743 52.7952 0
    endloop
  endfacet
  facet normal 0 0 -1
    outer loop
      vertex -4.72046 52.7335 0
      vertex -4.86647 52.8795 0
      vertex -4.86647 53.2834 0
    endloop
  endfacet
  facet normal 0 0 -1
    outer loop
      vertex -4.74657 52.737 0
      vertex -4.86304 52.8534 0
      vertex -4.86647 52.8795 0
    endloop
  endfacet
  facet normal 0 0 -1
    outer loop
      vertex -4.72046 52.7335 0
      vertex -4.85022 53.3493 0
      vertex -4.83864 53.3871 0
    endloop
  endfacet
  facet normal 0 0 -1
    outer loop
      vertex -4.72046 52.7335 0
      vertex -4.86647 53.2834 0
      vertex -4.85022 53.3493 0
    endloop
  endfacet
  facet normal 0 0 -1
    outer loop
      vertex -4.85022 53.3493 0
      vertex -4.86647 53.2834 0
      vertex -4.86583 53.2911 0
    endloop
  endfacet
  facet normal 0 0 -1
    outer loop
      vertex 7.52046 -5.66647 0
      vertex 7.66647 -5.52046 0
      vertex 7.66304 -5.54657 0
    endloop
  endfacet
  facet normal 0 0 -1
    outer loop
      vertex 7.66647 -5.52046 0
      vertex 3.66647 -0.333529 0
      vertex 7.66647 -0.479538 0
    endloop
  endfacet
  facet normal 0 0 -1
    outer loop
      vertex 7.54657 -5.66304 0
      vertex 7.66304 -5.54657 0
      vertex 7.64743 -5.6048 0
    endloop
  endfacet
  facet normal -0 0 -1
    outer loop
      vertex 7.66647 -5.52046 0
      vertex 7.52046 -5.66647 0
      vertex 3.66647 -0.333529 0
    endloop
  endfacet
  facet normal 0 0 -1
    outer loop
      vertex 7.54657 -5.66304 0
      vertex 7.64743 -5.6048 0
      vertex 7.6048 -5.64743 0
    endloop
  endfacet
  facet normal -0 -0 -1
    outer loop
      vertex 7.52046 -0.333529 0
      vertex 7.66647 -0.479538 0
      vertex 3.66647 -0.333529 0
    endloop
  endfacet
  facet normal 0 0 -1
    outer loop
      vertex 7.66304 -5.54657 0
      vertex 7.54657 -5.66304 0
      vertex 7.52046 -5.66647 0
    endloop
  endfacet
  facet normal -0 -0 -1
    outer loop
      vertex 7.54657 -0.336962 0
      vertex 7.66304 -0.45343 0
      vertex 7.52046 -0.333529 0
    endloop
  endfacet
  facet normal 0 0 -1
    outer loop
      vertex 7.66304 -0.45343 0
      vertex 7.54657 -0.336962 0
      vertex 7.64743 -0.395196 0
    endloop
  endfacet
  facet normal 0 0 -1
    outer loop
      vertex 7.64743 -0.395196 0
      vertex 7.54657 -0.336962 0
      vertex 7.6048 -0.352566 0
    endloop
  endfacet
  facet normal 0 0 -1
    outer loop
      vertex 7.66647 -0.479538 0
      vertex 7.52046 -0.333529 0
      vertex 7.66304 -0.45343 0
    endloop
  endfacet
  facet normal 0 0 -1
    outer loop
      vertex 1.53353 29.9705 0
      vertex 3.66647 52.7335 0
      vertex 3.66647 -0.333529 0
    endloop
  endfacet
  facet normal 0 0 -1
    outer loop
      vertex 1.53353 57.5205 0
      vertex 3.66647 52.7335 0
      vertex 1.53353 29.9705 0
    endloop
  endfacet
  facet normal 0 0 -1
    outer loop
      vertex 3.66647 52.7335 0
      vertex 1.53353 57.5205 0
      vertex 3.66647 55.9548 0
    endloop
  endfacet
  facet normal 0 -0 -1
    outer loop
      vertex 1.67953 57.6665 0
      vertex 3.66647 55.9548 0
      vertex 1.53353 57.5205 0
    endloop
  endfacet
  facet normal 0 0 -1
    outer loop
      vertex 3.66647 55.9548 0
      vertex 3.52046 57.6665 0
      vertex 3.66647 57.5205 0
    endloop
  endfacet
  facet normal 0 0 -1
    outer loop
      vertex 3.66647 57.5205 0
      vertex 3.52046 57.6665 0
      vertex 3.66304 57.5466 0
    endloop
  endfacet
  facet normal -0 -0 -1
    outer loop
      vertex 3.54657 57.663 0
      vertex 3.66304 57.5466 0
      vertex 3.52046 57.6665 0
    endloop
  endfacet
  facet normal 0 0 -1
    outer loop
      vertex 3.66304 57.5466 0
      vertex 3.54657 57.663 0
      vertex 3.64743 57.6048 0
    endloop
  endfacet
  facet normal 0 0 -1
    outer loop
      vertex 3.64743 57.6048 0
      vertex 3.54657 57.663 0
      vertex 3.6048 57.6474 0
    endloop
  endfacet
  facet normal 0 0 -1
    outer loop
      vertex 3.66647 55.9548 0
      vertex 1.67953 57.6665 0
      vertex 3.52046 57.6665 0
    endloop
  endfacet
  facet normal 0 0 -1
    outer loop
      vertex 1.67953 57.6665 0
      vertex 1.53353 57.5205 0
      vertex 1.65343 57.663 0
    endloop
  endfacet
  facet normal 0 -0 -1
    outer loop
      vertex 1.53696 57.5466 0
      vertex 1.65343 57.663 0
      vertex 1.53353 57.5205 0
    endloop
  endfacet
  facet normal 0 0 -1
    outer loop
      vertex 1.65343 57.663 0
      vertex 1.53696 57.5466 0
      vertex 1.59519 57.6474 0
    endloop
  endfacet
  facet normal 0 0 -1
    outer loop
      vertex 3.66647 -0.333529 0
      vertex 1.48502 29.6021 0
      vertex 1.53353 29.9705 0
    endloop
  endfacet
  facet normal 0 0 -1
    outer loop
      vertex 3.66647 -0.333529 0
      vertex 1.33143 29.2313 0
      vertex 1.48502 29.6021 0
    endloop
  endfacet
  facet normal 0 0 -1
    outer loop
      vertex 3.66647 -0.333529 0
      vertex 1.08711 28.9129 0
      vertex 1.33143 29.2313 0
    endloop
  endfacet
  facet normal 0 0 -1
    outer loop
      vertex 3.66647 -0.333529 0
      vertex 0.768731 28.6686 0
      vertex 1.08711 28.9129 0
    endloop
  endfacet
  facet normal 0 0 -1
    outer loop
      vertex 3.66647 -0.333529 0
      vertex 0.397911 28.515 0
      vertex 0.768731 28.6686 0
    endloop
  endfacet
  facet normal 0 0 -1
    outer loop
      vertex 3.66647 -0.333529 0
      vertex 0 28.4626 0
      vertex 0.397911 28.515 0
    endloop
  endfacet
  facet normal 0 0 -1
    outer loop
      vertex -3.66647 -0.333529 0
      vertex 0 28.4626 0
      vertex 3.66647 -0.333529 0
    endloop
  endfacet
  facet normal -0 0 -1
    outer loop
      vertex 0 28.4626 0
      vertex -3.66647 -0.333529 0
      vertex -0.397911 28.515 0
    endloop
  endfacet
  facet normal -0 0 -1
    outer loop
      vertex -0.397911 28.515 0
      vertex -3.66647 -0.333529 0
      vertex -0.768731 28.6686 0
    endloop
  endfacet
  facet normal -0 0 -1
    outer loop
      vertex -0.768731 28.6686 0
      vertex -3.66647 -0.333529 0
      vertex -1.08711 28.9129 0
    endloop
  endfacet
  facet normal -0 0 -1
    outer loop
      vertex -1.08711 28.9129 0
      vertex -3.66647 -0.333529 0
      vertex -1.33143 29.2313 0
    endloop
  endfacet
  facet normal 0 0 -1
    outer loop
      vertex -3.66647 52.7335 0
      vertex -1.53353 57.5205 0
      vertex -1.53353 29.9705 0
    endloop
  endfacet
  facet normal 0 0 -1
    outer loop
      vertex -3.66647 55.9548 0
      vertex -1.53353 57.5205 0
      vertex -3.66647 52.7335 0
    endloop
  endfacet
  facet normal 0 -0 -1
    outer loop
      vertex -1.67953 57.6665 0
      vertex -1.53353 57.5205 0
      vertex -3.66647 55.9548 0
    endloop
  endfacet
  facet normal 0 0 -1
    outer loop
      vertex -1.53353 57.5205 0
      vertex -1.67953 57.6665 0
      vertex -1.53696 57.5466 0
    endloop
  endfacet
  facet normal -0 -0 -1
    outer loop
      vertex -1.65343 57.663 0
      vertex -1.53696 57.5466 0
      vertex -1.67953 57.6665 0
    endloop
  endfacet
  facet normal 0 0 -1
    outer loop
      vertex -1.53696 57.5466 0
      vertex -1.65343 57.663 0
      vertex -1.55256 57.6048 0
    endloop
  endfacet
  facet normal 0 0 -1
    outer loop
      vertex -1.55256 57.6048 0
      vertex -1.65343 57.663 0
      vertex -1.59519 57.6474 0
    endloop
  endfacet
  facet normal -0 0 -1
    outer loop
      vertex -1.67953 57.6665 0
      vertex -3.66647 55.9548 0
      vertex -3.52046 57.6665 0
    endloop
  endfacet
  facet normal 0 0 -1
    outer loop
      vertex -3.66647 57.5205 0
      vertex -3.52046 57.6665 0
      vertex -3.66647 55.9548 0
    endloop
  endfacet
  facet normal 0 -0 -1
    outer loop
      vertex -3.66304 57.5466 0
      vertex -3.54657 57.663 0
      vertex -3.66647 57.5205 0
    endloop
  endfacet
  facet normal 0 0 -1
    outer loop
      vertex -3.66647 52.7335 0
      vertex -1.53353 29.9705 0
      vertex -3.66647 -0.333529 0
    endloop
  endfacet
  facet normal -0 0 -1
    outer loop
      vertex -1.48502 29.6021 0
      vertex -3.66647 -0.333529 0
      vertex -1.53353 29.9705 0
    endloop
  endfacet
  facet normal -0 0 -1
    outer loop
      vertex -1.33143 29.2313 0
      vertex -3.66647 -0.333529 0
      vertex -1.48502 29.6021 0
    endloop
  endfacet
  facet normal 0 0 -1
    outer loop
      vertex 7.52046 -5.66647 0
      vertex -3.66647 -0.333529 0
      vertex 3.66647 -0.333529 0
    endloop
  endfacet
  facet normal 0 0 -1
    outer loop
      vertex -7.52046 -5.66647 0
      vertex -3.66647 -0.333529 0
      vertex 7.52046 -5.66647 0
    endloop
  endfacet
  facet normal 0 0 -1
    outer loop
      vertex -7.66647 -5.52046 0
      vertex -3.66647 -0.333529 0
      vertex -7.52046 -5.66647 0
    endloop
  endfacet
  facet normal 0 0 -1
    outer loop
      vertex -7.66647 -5.52046 0
      vertex -7.52046 -5.66647 0
      vertex -7.54657 -5.66304 0
    endloop
  endfacet
  facet normal 0 0 -1
    outer loop
      vertex -7.66647 -0.479538 0
      vertex -3.66647 -0.333529 0
      vertex -7.66647 -5.52046 0
    endloop
  endfacet
  facet normal 0 0 -1
    outer loop
      vertex -7.66304 -5.54657 0
      vertex -7.54657 -5.66304 0
      vertex -7.6048 -5.64743 0
    endloop
  endfacet
  facet normal -0 0 -1
    outer loop
      vertex -3.66647 -0.333529 0
      vertex -7.66647 -0.479538 0
      vertex -7.52046 -0.333529 0
    endloop
  endfacet
  facet normal 0 0 -1
    outer loop
      vertex -7.66304 -5.54657 0
      vertex -7.6048 -5.64743 0
      vertex -7.64743 -5.6048 0
    endloop
  endfacet
  facet normal 0 0 -1
    outer loop
      vertex -7.52046 -0.333529 0
      vertex -7.66647 -0.479538 0
      vertex -7.54657 -0.336962 0
    endloop
  endfacet
  facet normal 0 0 -1
    outer loop
      vertex -7.54657 -5.66304 0
      vertex -7.66304 -5.54657 0
      vertex -7.66647 -5.52046 0
    endloop
  endfacet
  facet normal 0 -0 -1
    outer loop
      vertex -7.66304 -0.45343 0
      vertex -7.54657 -0.336962 0
      vertex -7.66647 -0.479538 0
    endloop
  endfacet
  facet normal 0 0 -1
    outer loop
      vertex -7.54657 -0.336962 0
      vertex -7.66304 -0.45343 0
      vertex -7.6048 -0.352566 0
    endloop
  endfacet
  facet normal 0 0 -1
    outer loop
      vertex -7.6048 -0.352566 0
      vertex -7.66304 -0.45343 0
      vertex -7.64743 -0.395196 0
    endloop
  endfacet
  facet normal 0 0 -1
    outer loop
      vertex 4.72046 52.7335 0
      vertex 4.86647 52.8795 0
      vertex 4.86304 52.8534 0
    endloop
  endfacet
  facet normal -0 0 -1
    outer loop
      vertex 4.86647 52.8795 0
      vertex 4.72046 52.7335 0
      vertex 4.86647 53.2726 0
    endloop
  endfacet
  facet normal 0 0 -1
    outer loop
      vertex 4.74657 52.737 0
      vertex 4.86304 52.8534 0
      vertex 4.84743 52.7952 0
    endloop
  endfacet
  facet normal 0 0 -1
    outer loop
      vertex 3.66647 52.7335 0
      vertex 4.86647 53.2726 0
      vertex 4.72046 52.7335 0
    endloop
  endfacet
  facet normal 0 0 -1
    outer loop
      vertex 4.86647 53.2726 0
      vertex 4.84307 53.3774 0
      vertex 4.8613 53.3119 0
    endloop
  endfacet
  facet normal 0 0 -1
    outer loop
      vertex 4.74657 52.737 0
      vertex 4.84743 52.7952 0
      vertex 4.8048 52.7526 0
    endloop
  endfacet
  facet normal 0 0 -1
    outer loop
      vertex 4.86304 52.8534 0
      vertex 4.74657 52.737 0
      vertex 4.72046 52.7335 0
    endloop
  endfacet
  facet normal 0 0 -1
    outer loop
      vertex 4.8613 53.3119 0
      vertex 4.84307 53.3774 0
      vertex 4.84569 53.3701 0
    endloop
  endfacet
  facet normal -0 0 -1
    outer loop
      vertex 4.86647 53.2726 0
      vertex 3.66647 52.7335 0
      vertex 4.84307 53.3774 0
    endloop
  endfacet
  facet normal -0 0 -1
    outer loop
      vertex 4.84307 53.3774 0
      vertex 3.66647 52.7335 0
      vertex 3.66647 55.9548 0
    endloop
  endfacet
  facet normal 0 0 -1
    outer loop
      vertex 1.59519 57.6474 0
      vertex 1.53696 57.5466 0
      vertex 1.55256 57.6048 0
    endloop
  endfacet
  facet normal 0 0 -1
    outer loop
      vertex -3.52046 57.6665 0
      vertex -3.66647 57.5205 0
      vertex -3.54657 57.663 0
    endloop
  endfacet
  facet normal 0 0 -1
    outer loop
      vertex -3.54657 57.663 0
      vertex -3.66304 57.5466 0
      vertex -3.6048 57.6474 0
    endloop
  endfacet
  facet normal 0 0 -1
    outer loop
      vertex -3.6048 57.6474 0
      vertex -3.66304 57.5466 0
      vertex -3.64743 57.6048 0
    endloop
  endfacet
  facet normal 0.843611 0.226067 0.487045
    outer loop
      vertex 7.923 -0.236097 7.6511359
      vertex 7.82214 -0.294332 7.8528659
      vertex 7.98124 -0.45343 7.6511359
    endloop
  endfacet
  facet normal -0.113136 0.860465 0.496789
    outer loop
      vertex -7.52046 -0.0153313 7.6511359
      vertex -7.54657 -0.135233 7.8528659
      vertex -7.52046 -0.1318 7.8528659
    endloop
  endfacet
  facet normal -0.113142 0.860465 0.496788
    outer loop
      vertex -7.54657 -0.135233 7.8528659
      vertex -7.52046 -0.0153313 7.6511359
      vertex -7.54657 -0.0187645 7.6511359
    endloop
  endfacet
  facet normal -0.065596 0.498896 0.864176
    outer loop
      vertex -7.54657 -0.135233 7.8528659
      vertex -7.52046 -0.333529 7.9693259
      vertex -7.52046 -0.1318 7.8528659
    endloop
  endfacet
  facet normal -0.065596 0.498896 0.864176
    outer loop
      vertex -7.52046 -0.333529 7.9693259
      vertex -7.54657 -0.135233 7.8528659
      vertex -7.54657 -0.336962 7.9693259
    endloop
  endfacet
  facet normal -0.362759 0.362759 0.858377
    outer loop
      vertex -7.70567 -0.177863 7.8528659
      vertex -7.64743 -0.395196 7.9693259
      vertex -7.6048 -0.352566 7.9693259
    endloop
  endfacet
  facet normal -0.362757 0.36276 0.858378
    outer loop
      vertex -7.64743 -0.395196 7.9693259
      vertex -7.70567 -0.177863 7.8528659
      vertex -7.82214 -0.294332 7.8528659
    endloop
  endfacet
  facet normal 0.13279 0.495538 0.858376
    outer loop
      vertex 7.70567 -0.177863 7.8528659
      vertex 7.54657 -0.336962 7.9693259
      vertex 7.6048 -0.352566 7.9693259
    endloop
  endfacet
  facet normal 0.49551 0.132825 0.858387
    outer loop
      vertex 7.82214 -0.294332 7.8528659
      vertex 7.64743 -0.395196 7.9693259
      vertex 7.66304 -0.45343 7.9693259
    endloop
  endfacet
  facet normal -0.495544 0.13278 0.858374
    outer loop
      vertex -7.82214 -0.294332 7.8528659
      vertex -7.86477 -0.45343 7.8528659
      vertex -7.66304 -0.45343 7.9693259
    endloop
  endfacet
  facet normal -0.843608 0.226043 0.487062
    outer loop
      vertex -7.82214 -0.294332 7.8528659
      vertex -7.98124 -0.45343 7.6511359
      vertex -7.86477 -0.45343 7.8528659
    endloop
  endfacet
  facet normal 0.843608 0.226043 0.487062
    outer loop
      vertex 7.98124 -0.45343 7.6511359
      vertex 7.82214 -0.294332 7.8528659
      vertex 7.86477 -0.45343 7.8528659
    endloop
  endfacet
  facet normal -0.495531 -0.132839 -0.858372
    outer loop
      vertex -7.64743 -5.6048 0
      vertex -7.82214 -5.70567 0.1164689
      vertex -7.66304 -5.54657 0
    endloop
  endfacet
  facet normal -0.498925 0.0655474 -0.864163
    outer loop
      vertex -7.66647 -0.479538 0
      vertex -7.86477 -0.45343 0.1164689
      vertex -7.66304 -0.45343 0
    endloop
  endfacet
  facet normal -0.498925 0.0655474 -0.864163
    outer loop
      vertex -7.86477 -0.45343 0.1164689
      vertex -7.66647 -0.479538 0
      vertex -7.8682 -0.479538 0.1164689
    endloop
  endfacet
  facet normal -0.495572 0.132788 -0.858356
    outer loop
      vertex -7.66304 -0.45343 0
      vertex -7.86477 -0.45343 0.1164689
      vertex -7.82214 -0.294332 0.1164689
    endloop
  endfacet
  facet normal 0.495503 -0.132832 0.85839
    outer loop
      vertex 7.66304 -5.54657 7.9693259
      vertex 7.64743 -5.6048 7.9693259
      vertex 7.82214 -5.70567 7.8528659
    endloop
  endfacet
  facet normal 0.362757 0.36276 0.858378
    outer loop
      vertex 7.70567 -0.177863 7.8528659
      vertex 7.64743 -0.395196 7.9693259
      vertex 7.82214 -0.294332 7.8528659
    endloop
  endfacet
  facet normal 0.362759 0.362759 0.858377
    outer loop
      vertex 7.64743 -0.395196 7.9693259
      vertex 7.70567 -0.177863 7.8528659
      vertex 7.6048 -0.352566 7.9693259
    endloop
  endfacet
  facet normal 0.866023 -0 0.500004
    outer loop
      vertex 7.8682 -5.52046 7.8528659
      vertex 7.98467 -0.479538 7.6511359
      vertex 7.8682 -0.479538 7.8528659
    endloop
  endfacet
  facet normal 0.866023 0 0.500004
    outer loop
      vertex 7.98467 -0.479538 7.6511359
      vertex 7.8682 -5.52046 7.8528659
      vertex 7.98467 -5.52046 7.6511359
    endloop
  endfacet
  facet normal -0.498897 -0.0655387 0.86418
    outer loop
      vertex -7.66647 -5.52046 7.9693259
      vertex -7.86477 -5.54657 7.8528659
      vertex -7.66304 -5.54657 7.9693259
    endloop
  endfacet
  facet normal -0.498897 -0.0655387 0.86418
    outer loop
      vertex -7.86477 -5.54657 7.8528659
      vertex -7.66647 -5.52046 7.9693259
      vertex -7.8682 -5.52046 7.8528659
    endloop
  endfacet
  facet normal -0.226041 0.843611 0.487058
    outer loop
      vertex -7.54657 -0.0187645 7.6511359
      vertex -7.70567 -0.177863 7.8528659
      vertex -7.54657 -0.135233 7.8528659
    endloop
  endfacet
  facet normal -0.226048 0.843612 0.487053
    outer loop
      vertex -7.54657 -0.0187645 7.6511359
      vertex -7.7639 -0.0769987 7.6511359
      vertex -7.70567 -0.177863 7.8528659
    endloop
  endfacet
  facet normal 0.226048 0.843612 0.487053
    outer loop
      vertex 7.7639 -0.0769987 7.6511359
      vertex 7.54657 -0.0187645 7.6511359
      vertex 7.70567 -0.177863 7.8528659
    endloop
  endfacet
  facet normal 0.965919 0.258843 0
    outer loop
      vertex 7.98124 -0.45343 7.6511359
      vertex 7.923 -0.236097 0.3181969
      vertex 7.923 -0.236097 7.6511359
    endloop
  endfacet
  facet normal 0.965919 0.258843 0
    outer loop
      vertex 7.923 -0.236097 0.3181969
      vertex 7.98124 -0.45343 7.6511359
      vertex 7.98124 -0.45343 0.3181969
    endloop
  endfacet
  facet normal 0.707103 0.707111 0
    outer loop
      vertex 7.923 -0.236097 7.6511359
      vertex 7.7639 -0.0769987 0.3181969
      vertex 7.7639 -0.0769987 7.6511359
    endloop
  endfacet
  facet normal 0.707103 0.707111 0
    outer loop
      vertex 7.7639 -0.0769987 0.3181969
      vertex 7.923 -0.236097 7.6511359
      vertex 7.923 -0.236097 0.3181969
    endloop
  endfacet
  facet normal 0.065596 0.498896 0.864176
    outer loop
      vertex 7.52046 -0.333529 7.9693259
      vertex 7.54657 -0.135233 7.8528659
      vertex 7.52046 -0.1318 7.8528659
    endloop
  endfacet
  facet normal 0.065596 0.498896 0.864176
    outer loop
      vertex 7.54657 -0.135233 7.8528659
      vertex 7.52046 -0.333529 7.9693259
      vertex 7.54657 -0.336962 7.9693259
    endloop
  endfacet
  facet normal 0 0 1
    outer loop
      vertex -1.67953 57.6665 7.9693259
      vertex -1.53353 57.5205 7.9693259
      vertex -1.53696 57.5466 7.9693259
    endloop
  endfacet
  facet normal 0 0 1
    outer loop
      vertex 3.52046 57.6665 7.9693259
      vertex 3.66647 55.9548 7.9693259
      vertex 3.66647 57.5205 7.9693259
    endloop
  endfacet
  facet normal 0 0 1
    outer loop
      vertex 3.66647 55.9548 7.9693259
      vertex 1.53353 57.5205 7.9693259
      vertex 3.66647 52.7335 7.9693259
    endloop
  endfacet
  facet normal 0 0 1
    outer loop
      vertex 3.52046 57.6665 7.9693259
      vertex 3.66647 57.5205 7.9693259
      vertex 3.66304 57.5466 7.9693259
    endloop
  endfacet
  facet normal 0 0 1
    outer loop
      vertex 4.72046 52.7335 7.9693259
      vertex 4.86647 52.8795 7.9693259
      vertex 4.86647 53.2726 7.9693259
    endloop
  endfacet
  facet normal 0 0 1
    outer loop
      vertex 4.84307 53.3774 7.9693259
      vertex 4.86647 53.2726 7.9693259
      vertex 4.8613 53.3119 7.9693259
    endloop
  endfacet
  facet normal 0 0 1
    outer loop
      vertex 4.86647 52.8795 7.9693259
      vertex 4.72046 52.7335 7.9693259
      vertex 4.86304 52.8534 7.9693259
    endloop
  endfacet
  facet normal 0 0 1
    outer loop
      vertex 4.84307 53.3774 7.9693259
      vertex 4.8613 53.3119 7.9693259
      vertex 4.84569 53.3701 7.9693259
    endloop
  endfacet
  facet normal 0 0 1
    outer loop
      vertex 3.66647 52.7335 7.9693259
      vertex 4.86647 53.2726 7.9693259
      vertex 4.84307 53.3774 7.9693259
    endloop
  endfacet
  facet normal 0 -0 1
    outer loop
      vertex 4.74657 52.737 7.9693259
      vertex 4.86304 52.8534 7.9693259
      vertex 4.72046 52.7335 7.9693259
    endloop
  endfacet
  facet normal 0 0 1
    outer loop
      vertex 4.84743 52.7952 7.9693259
      vertex 4.74657 52.737 7.9693259
      vertex 4.8048 52.7526 7.9693259
    endloop
  endfacet
  facet normal 0 0 1
    outer loop
      vertex 4.86304 52.8534 7.9693259
      vertex 4.74657 52.737 7.9693259
      vertex 4.84743 52.7952 7.9693259
    endloop
  endfacet
  facet normal 0 0 1
    outer loop
      vertex 3.66647 52.7335 7.9693259
      vertex 4.84307 53.3774 7.9693259
      vertex 3.66647 55.9548 7.9693259
    endloop
  endfacet
  facet normal 0 0 1
    outer loop
      vertex 4.86647 53.2726 7.9693259
      vertex 3.66647 52.7335 7.9693259
      vertex 4.72046 52.7335 7.9693259
    endloop
  endfacet
  facet normal 0 0 1
    outer loop
      vertex 7.52046 -0.333529 7.9693259
      vertex 7.66647 -0.479538 7.9693259
      vertex 7.66304 -0.45343 7.9693259
    endloop
  endfacet
  facet normal 0 0 1
    outer loop
      vertex 7.66647 -0.479538 7.9693259
      vertex 3.66647 -0.333529 7.9693259
      vertex 7.66647 -5.52046 7.9693259
    endloop
  endfacet
  facet normal 0 0 1
    outer loop
      vertex 7.54657 -0.336962 7.9693259
      vertex 7.66304 -0.45343 7.9693259
      vertex 7.64743 -0.395196 7.9693259
    endloop
  endfacet
  facet normal 0 0 1
    outer loop
      vertex 7.66647 -0.479538 7.9693259
      vertex 7.52046 -0.333529 7.9693259
      vertex 3.66647 -0.333529 7.9693259
    endloop
  endfacet
  facet normal 0 0 1
    outer loop
      vertex 7.54657 -0.336962 7.9693259
      vertex 7.64743 -0.395196 7.9693259
      vertex 7.6048 -0.352566 7.9693259
    endloop
  endfacet
  facet normal 0 -0 1
    outer loop
      vertex 7.52046 -5.66647 7.9693259
      vertex 7.66647 -5.52046 7.9693259
      vertex 3.66647 -0.333529 7.9693259
    endloop
  endfacet
  facet normal 0 0 1
    outer loop
      vertex 7.66304 -0.45343 7.9693259
      vertex 7.54657 -0.336962 7.9693259
      vertex 7.52046 -0.333529 7.9693259
    endloop
  endfacet
  facet normal 0 -0 1
    outer loop
      vertex 7.54657 -5.66304 7.9693259
      vertex 7.66304 -5.54657 7.9693259
      vertex 7.52046 -5.66647 7.9693259
    endloop
  endfacet
  facet normal 0 0 1
    outer loop
      vertex 7.66304 -5.54657 7.9693259
      vertex 7.54657 -5.66304 7.9693259
      vertex 7.64743 -5.6048 7.9693259
    endloop
  endfacet
  facet normal 0 0 1
    outer loop
      vertex 7.64743 -5.6048 7.9693259
      vertex 7.54657 -5.66304 7.9693259
      vertex 7.6048 -5.64743 7.9693259
    endloop
  endfacet
  facet normal 0 0 1
    outer loop
      vertex 7.66647 -5.52046 7.9693259
      vertex 7.52046 -5.66647 7.9693259
      vertex 7.66304 -5.54657 7.9693259
    endloop
  endfacet
  facet normal 0 0 1
    outer loop
      vertex 3.54657 57.663 7.9693259
      vertex 3.66304 57.5466 7.9693259
      vertex 3.64743 57.6048 7.9693259
    endloop
  endfacet
  facet normal 0 0 1
    outer loop
      vertex 3.54657 57.663 7.9693259
      vertex 3.64743 57.6048 7.9693259
      vertex 3.6048 57.6474 7.9693259
    endloop
  endfacet
  facet normal 0 0 1
    outer loop
      vertex 3.66304 57.5466 7.9693259
      vertex 3.54657 57.663 7.9693259
      vertex 3.52046 57.6665 7.9693259
    endloop
  endfacet
  facet normal -0 0 1
    outer loop
      vertex 1.67953 57.6665 7.9693259
      vertex 3.66647 55.9548 7.9693259
      vertex 3.52046 57.6665 7.9693259
    endloop
  endfacet
  facet normal 0 0 1
    outer loop
      vertex 3.66647 55.9548 7.9693259
      vertex 1.67953 57.6665 7.9693259
      vertex 1.53353 57.5205 7.9693259
    endloop
  endfacet
  facet normal 0 0 1
    outer loop
      vertex 1.53353 57.5205 7.9693259
      vertex 1.67953 57.6665 7.9693259
      vertex 1.65343 57.663 7.9693259
    endloop
  endfacet
  facet normal 0 0 1
    outer loop
      vertex 1.53696 57.5466 7.9693259
      vertex 1.65343 57.663 7.9693259
      vertex 1.59519 57.6474 7.9693259
    endloop
  endfacet
  facet normal 0 0 1
    outer loop
      vertex 1.53696 57.5466 7.9693259
      vertex 1.59519 57.6474 7.9693259
      vertex 1.55256 57.6048 7.9693259
    endloop
  endfacet
  facet normal 0 0 1
    outer loop
      vertex 1.65343 57.663 7.9693259
      vertex 1.53696 57.5466 7.9693259
      vertex 1.53353 57.5205 7.9693259
    endloop
  endfacet
  facet normal 0 0 1
    outer loop
      vertex 3.66647 52.7335 7.9693259
      vertex 1.53353 57.5205 7.9693259
      vertex 1.53353 29.9705 7.9693259
    endloop
  endfacet
  facet normal 0 0 1
    outer loop
      vertex 3.66647 52.7335 7.9693259
      vertex 1.53353 29.9705 7.9693259
      vertex 3.66647 -0.333529 7.9693259
    endloop
  endfacet
  facet normal -0 0 1
    outer loop
      vertex 1.48502 29.6021 7.9693259
      vertex 3.66647 -0.333529 7.9693259
      vertex 1.53353 29.9705 7.9693259
    endloop
  endfacet
  facet normal -0 0 1
    outer loop
      vertex 1.33143 29.2313 7.9693259
      vertex 3.66647 -0.333529 7.9693259
      vertex 1.48502 29.6021 7.9693259
    endloop
  endfacet
  facet normal -0 0 1
    outer loop
      vertex 1.08711 28.9129 7.9693259
      vertex 3.66647 -0.333529 7.9693259
      vertex 1.33143 29.2313 7.9693259
    endloop
  endfacet
  facet normal -0 0 1
    outer loop
      vertex 0.768731 28.6686 7.9693259
      vertex 3.66647 -0.333529 7.9693259
      vertex 1.08711 28.9129 7.9693259
    endloop
  endfacet
  facet normal -0 0 1
    outer loop
      vertex 0.397911 28.515 7.9693259
      vertex 3.66647 -0.333529 7.9693259
      vertex 0.768731 28.6686 7.9693259
    endloop
  endfacet
  facet normal -0 0 1
    outer loop
      vertex 0 28.4626 7.9693259
      vertex 3.66647 -0.333529 7.9693259
      vertex 0.397911 28.515 7.9693259
    endloop
  endfacet
  facet normal 0 0 1
    outer loop
      vertex -3.66647 -0.333529 7.9693259
      vertex 0 28.4626 7.9693259
      vertex -0.397911 28.515 7.9693259
    endloop
  endfacet
  facet normal 0 0 1
    outer loop
      vertex -3.66647 -0.333529 7.9693259
      vertex -0.397911 28.515 7.9693259
      vertex -0.768731 28.6686 7.9693259
    endloop
  endfacet
  facet normal 0 0 1
    outer loop
      vertex -3.66647 -0.333529 7.9693259
      vertex -0.768731 28.6686 7.9693259
      vertex -1.08711 28.9129 7.9693259
    endloop
  endfacet
  facet normal 0 0 1
    outer loop
      vertex -3.66647 -0.333529 7.9693259
      vertex -1.08711 28.9129 7.9693259
      vertex -1.33143 29.2313 7.9693259
    endloop
  endfacet
  facet normal 0 0 1
    outer loop
      vertex -3.66647 -0.333529 7.9693259
      vertex -1.33143 29.2313 7.9693259
      vertex -1.48502 29.6021 7.9693259
    endloop
  endfacet
  facet normal 0 0 1
    outer loop
      vertex -1.65343 57.663 7.9693259
      vertex -1.53696 57.5466 7.9693259
      vertex -1.55256 57.6048 7.9693259
    endloop
  endfacet
  facet normal 0 0 1
    outer loop
      vertex -1.65343 57.663 7.9693259
      vertex -1.55256 57.6048 7.9693259
      vertex -1.59519 57.6474 7.9693259
    endloop
  endfacet
  facet normal 0 0 1
    outer loop
      vertex -1.53696 57.5466 7.9693259
      vertex -1.65343 57.663 7.9693259
      vertex -1.67953 57.6665 7.9693259
    endloop
  endfacet
  facet normal 0 0 1
    outer loop
      vertex -1.53353 57.5205 7.9693259
      vertex -1.67953 57.6665 7.9693259
      vertex -3.66647 55.9548 7.9693259
    endloop
  endfacet
  facet normal 0 0 1
    outer loop
      vertex -3.66647 55.9548 7.9693259
      vertex -1.67953 57.6665 7.9693259
      vertex -3.52046 57.6665 7.9693259
    endloop
  endfacet
  facet normal 0 0 1
    outer loop
      vertex -3.66647 57.5205 7.9693259
      vertex -3.52046 57.6665 7.9693259
      vertex -3.54657 57.663 7.9693259
    endloop
  endfacet
  facet normal 0 0 1
    outer loop
      vertex -3.66304 57.5466 7.9693259
      vertex -3.54657 57.663 7.9693259
      vertex -3.6048 57.6474 7.9693259
    endloop
  endfacet
  facet normal 0 0 1
    outer loop
      vertex -3.66304 57.5466 7.9693259
      vertex -3.6048 57.6474 7.9693259
      vertex -3.64743 57.6048 7.9693259
    endloop
  endfacet
  facet normal 0 0 1
    outer loop
      vertex -3.54657 57.663 7.9693259
      vertex -3.66304 57.5466 7.9693259
      vertex -3.66647 57.5205 7.9693259
    endloop
  endfacet
  facet normal 0 0 1
    outer loop
      vertex -3.52046 57.6665 7.9693259
      vertex -3.66647 57.5205 7.9693259
      vertex -3.66647 55.9548 7.9693259
    endloop
  endfacet
  facet normal 0 0 1
    outer loop
      vertex -1.53353 57.5205 7.9693259
      vertex -3.66647 55.9548 7.9693259
      vertex -3.66647 52.7335 7.9693259
    endloop
  endfacet
  facet normal 0 0 1
    outer loop
      vertex -1.53353 57.5205 7.9693259
      vertex -3.66647 52.7335 7.9693259
      vertex -1.53353 29.9705 7.9693259
    endloop
  endfacet
  facet normal 0 0 1
    outer loop
      vertex -3.66647 -0.333529 7.9693259
      vertex -1.53353 29.9705 7.9693259
      vertex -3.66647 52.7335 7.9693259
    endloop
  endfacet
  facet normal 0 0 1
    outer loop
      vertex -3.66647 -0.333529 7.9693259
      vertex -1.48502 29.6021 7.9693259
      vertex -1.53353 29.9705 7.9693259
    endloop
  endfacet
  facet normal 0 0 1
    outer loop
      vertex 0 28.4626 7.9693259
      vertex -3.66647 -0.333529 7.9693259
      vertex 3.66647 -0.333529 7.9693259
    endloop
  endfacet
  facet normal -0 0 1
    outer loop
      vertex -3.66647 -0.333529 7.9693259
      vertex 7.52046 -5.66647 7.9693259
      vertex 3.66647 -0.333529 7.9693259
    endloop
  endfacet
  facet normal 0 0 1
    outer loop
      vertex -7.66647 -0.479538 7.9693259
      vertex -3.66647 -0.333529 7.9693259
      vertex -7.52046 -0.333529 7.9693259
    endloop
  endfacet
  facet normal 0 0 1
    outer loop
      vertex -3.66647 -0.333529 7.9693259
      vertex -7.52046 -5.66647 7.9693259
      vertex 7.52046 -5.66647 7.9693259
    endloop
  endfacet
  facet normal 0 0 1
    outer loop
      vertex -7.66647 -0.479538 7.9693259
      vertex -7.52046 -0.333529 7.9693259
      vertex -7.54657 -0.336962 7.9693259
    endloop
  endfacet
  facet normal 0 0 1
    outer loop
      vertex -7.66647 -5.52046 7.9693259
      vertex -3.66647 -0.333529 7.9693259
      vertex -7.66647 -0.479538 7.9693259
    endloop
  endfacet
  facet normal 0 0 1
    outer loop
      vertex -7.66304 -0.45343 7.9693259
      vertex -7.54657 -0.336962 7.9693259
      vertex -7.6048 -0.352566 7.9693259
    endloop
  endfacet
  facet normal 0 0 1
    outer loop
      vertex -3.66647 -0.333529 7.9693259
      vertex -7.66647 -5.52046 7.9693259
      vertex -7.52046 -5.66647 7.9693259
    endloop
  endfacet
  facet normal 0 0 1
    outer loop
      vertex -7.66304 -0.45343 7.9693259
      vertex -7.6048 -0.352566 7.9693259
      vertex -7.64743 -0.395196 7.9693259
    endloop
  endfacet
  facet normal 0 0 1
    outer loop
      vertex -7.52046 -5.66647 7.9693259
      vertex -7.66647 -5.52046 7.9693259
      vertex -7.54657 -5.66304 7.9693259
    endloop
  endfacet
  facet normal 0 0 1
    outer loop
      vertex -7.54657 -0.336962 7.9693259
      vertex -7.66304 -0.45343 7.9693259
      vertex -7.66647 -0.479538 7.9693259
    endloop
  endfacet
  facet normal -0 -0 1
    outer loop
      vertex -7.66304 -5.54657 7.9693259
      vertex -7.54657 -5.66304 7.9693259
      vertex -7.66647 -5.52046 7.9693259
    endloop
  endfacet
  facet normal 0 0 1
    outer loop
      vertex -7.54657 -5.66304 7.9693259
      vertex -7.66304 -5.54657 7.9693259
      vertex -7.6048 -5.64743 7.9693259
    endloop
  endfacet
  facet normal 0 0 1
    outer loop
      vertex -7.6048 -5.64743 7.9693259
      vertex -7.66304 -5.54657 7.9693259
      vertex -7.64743 -5.6048 7.9693259
    endloop
  endfacet
  facet normal -0 0 1
    outer loop
      vertex -4.83864 53.3871 7.9693259
      vertex -3.66647 52.7335 7.9693259
      vertex -3.66647 55.9548 7.9693259
    endloop
  endfacet
  facet normal 0 0 1
    outer loop
      vertex -3.66647 52.7335 7.9693259
      vertex -4.83864 53.3871 7.9693259
      vertex -4.72046 52.7335 7.9693259
    endloop
  endfacet
  facet normal -0 0 1
    outer loop
      vertex -4.85022 53.3493 7.9693259
      vertex -4.72046 52.7335 7.9693259
      vertex -4.83864 53.3871 7.9693259
    endloop
  endfacet
  facet normal -0 0 1
    outer loop
      vertex -4.86647 53.2834 7.9693259
      vertex -4.72046 52.7335 7.9693259
      vertex -4.85022 53.3493 7.9693259
    endloop
  endfacet
  facet normal -0 0 1
    outer loop
      vertex -4.86647 52.8795 7.9693259
      vertex -4.72046 52.7335 7.9693259
      vertex -4.86647 53.2834 7.9693259
    endloop
  endfacet
  facet normal 0 0 1
    outer loop
      vertex -4.72046 52.7335 7.9693259
      vertex -4.86647 52.8795 7.9693259
      vertex -4.74657 52.737 7.9693259
    endloop
  endfacet
  facet normal 0 0 1
    outer loop
      vertex -4.74657 52.737 7.9693259
      vertex -4.86304 52.8534 7.9693259
      vertex -4.8048 52.7526 7.9693259
    endloop
  endfacet
  facet normal 0 0 1
    outer loop
      vertex -4.86647 53.2834 7.9693259
      vertex -4.85022 53.3493 7.9693259
      vertex -4.86583 53.2911 7.9693259
    endloop
  endfacet
  facet normal -0 -0 1
    outer loop
      vertex -4.86304 52.8534 7.9693259
      vertex -4.74657 52.737 7.9693259
      vertex -4.86647 52.8795 7.9693259
    endloop
  endfacet
  facet normal 0 0 1
    outer loop
      vertex -4.8048 52.7526 7.9693259
      vertex -4.86304 52.8534 7.9693259
      vertex -4.84743 52.7952 7.9693259
    endloop
  endfacet
  facet normal 0.498896 0.0655437 0.86418
    outer loop
      vertex 7.86477 -0.45343 7.8528659
      vertex 7.66647 -0.479538 7.9693259
      vertex 7.8682 -0.479538 7.8528659
    endloop
  endfacet
  facet normal 0.498896 0.0655437 0.86418
    outer loop
      vertex 7.66647 -0.479538 7.9693259
      vertex 7.86477 -0.45343 7.8528659
      vertex 7.66304 -0.45343 7.9693259
    endloop
  endfacet
  facet normal 0.617567 0.617573 0.487047
    outer loop
      vertex 7.70567 -0.177863 7.8528659
      vertex 7.923 -0.236097 7.6511359
      vertex 7.7639 -0.0769987 7.6511359
    endloop
  endfacet
  facet normal 0.617567 0.617572 0.487048
    outer loop
      vertex 7.923 -0.236097 7.6511359
      vertex 7.70567 -0.177863 7.8528659
      vertex 7.82214 -0.294332 7.8528659
    endloop
  endfacet
  facet normal 0.499971 0 0.866042
    outer loop
      vertex 3.66647 52.7335 7.9693259
      vertex 3.8682 -0.1318 7.8528659
      vertex 3.8682 52.5318 7.8528659
    endloop
  endfacet
  facet normal 0.499971 0 0.866042
    outer loop
      vertex 3.8682 -0.1318 7.8528659
      vertex 3.66647 52.7335 7.9693259
      vertex 3.66647 -0.333529 7.9693259
    endloop
  endfacet
  facet normal -0.499971 0 0.866042
    outer loop
      vertex -3.8682 52.5318 7.8528659
      vertex -3.66647 -0.333529 7.9693259
      vertex -3.66647 52.7335 7.9693259
    endloop
  endfacet
  facet normal -0.499971 0 0.866042
    outer loop
      vertex -3.66647 -0.333529 7.9693259
      vertex -3.8682 52.5318 7.8528659
      vertex -3.8682 -0.1318 7.8528659
    endloop
  endfacet
  facet normal 0.5 0 -0.866025
    outer loop
      vertex 3.66647 -0.333529 0
      vertex 3.8682 52.5318 0.1164689
      vertex 3.8682 -0.1318 0.1164689
    endloop
  endfacet
  facet normal 0.5 0 -0.866025
    outer loop
      vertex 3.8682 52.5318 0.1164689
      vertex 3.66647 -0.333529 0
      vertex 3.66647 52.7335 0
    endloop
  endfacet
  facet normal 1 -0 0
    outer loop
      vertex 3.98467 -0.0153313 7.6511359
      vertex 3.98467 52.4153 0.3181969
      vertex 3.98467 52.4153 7.6511359
    endloop
  endfacet
  facet normal 1 0 0
    outer loop
      vertex 3.98467 52.4153 0.3181969
      vertex 3.98467 -0.0153313 7.6511359
      vertex 3.98467 -0.0153313 0.3181969
    endloop
  endfacet
  facet normal 0.866021 0 -0.500007
    outer loop
      vertex 3.98467 -0.0153313 0.3181969
      vertex 3.8682 52.5318 0.1164689
      vertex 3.98467 52.4153 0.3181969
    endloop
  endfacet
  facet normal 0.866021 0 -0.500007
    outer loop
      vertex 3.8682 52.5318 0.1164689
      vertex 3.98467 -0.0153313 0.3181969
      vertex 3.8682 -0.1318 0.1164689
    endloop
  endfacet
  facet normal -1 0 0
    outer loop
      vertex -3.98467 -0.0153313 0.3181969
      vertex -3.98467 52.4153 7.6511359
      vertex -3.98467 52.4153 0.3181969
    endloop
  endfacet
  facet normal -1 -0 0
    outer loop
      vertex -3.98467 52.4153 7.6511359
      vertex -3.98467 -0.0153313 0.3181969
      vertex -3.98467 -0.0153313 7.6511359
    endloop
  endfacet
  facet normal 0.866023 0 0.500004
    outer loop
      vertex 3.8682 52.5318 7.8528659
      vertex 3.98467 -0.0153313 7.6511359
      vertex 3.98467 52.4153 7.6511359
    endloop
  endfacet
  facet normal 0.866023 0 0.500004
    outer loop
      vertex 3.98467 -0.0153313 7.6511359
      vertex 3.8682 52.5318 7.8528659
      vertex 3.8682 -0.1318 7.8528659
    endloop
  endfacet
  facet normal -0.866023 0 0.500004
    outer loop
      vertex -3.98467 -0.0153313 7.6511359
      vertex -3.8682 52.5318 7.8528659
      vertex -3.98467 52.4153 7.6511359
    endloop
  endfacet
  facet normal -0.866023 0 0.500004
    outer loop
      vertex -3.8682 52.5318 7.8528659
      vertex -3.98467 -0.0153313 7.6511359
      vertex -3.8682 -0.1318 7.8528659
    endloop
  endfacet
  facet normal -0.5 0 -0.866025
    outer loop
      vertex -3.8682 -0.1318 0.1164689
      vertex -3.66647 52.7335 0
      vertex -3.66647 -0.333529 0
    endloop
  endfacet
  facet normal -0.5 0 -0.866025
    outer loop
      vertex -3.66647 52.7335 0
      vertex -3.8682 -0.1318 0.1164689
      vertex -3.8682 52.5318 0.1164689
    endloop
  endfacet
  facet normal -0.866021 0 -0.500007
    outer loop
      vertex -3.8682 52.5318 0.1164689
      vertex -3.98467 -0.0153313 0.3181969
      vertex -3.98467 52.4153 0.3181969
    endloop
  endfacet
  facet normal -0.866021 0 -0.500007
    outer loop
      vertex -3.98467 -0.0153313 0.3181969
      vertex -3.8682 52.5318 0.1164689
      vertex -3.8682 -0.1318 0.1164689
    endloop
  endfacet
  facet normal 0.132769 0.495586 -0.858351
    outer loop
      vertex 3.6048 57.6474 0
      vertex 3.54657 57.663 0
      vertex 3.70567 57.8221 0.1164689
    endloop
  endfacet
  facet normal 0.0649751 0.498971 0.86418
    outer loop
      vertex 3.52046 57.6665 7.9693259
      vertex 3.54657 57.8648 7.8528659
      vertex 3.52046 57.8682 7.8528659
    endloop
  endfacet
  facet normal 0.066853 0.498723 0.864179
    outer loop
      vertex 3.54657 57.8648 7.8528659
      vertex 3.52046 57.6665 7.9693259
      vertex 3.54657 57.663 7.9693259
    endloop
  endfacet
  facet normal -0.225899 0.843589 -0.487163
    outer loop
      vertex 1.49433 57.8221 0.1164689
      vertex 1.43609 57.923 0.3181969
      vertex 1.65343 57.9812 0.3181969
    endloop
  endfacet
  facet normal 0.226425 0.843658 0.486798
    outer loop
      vertex 3.54657 57.9812 7.6511359
      vertex 3.54657 57.8648 7.8528659
      vertex 3.70567 57.8221 7.8528659
    endloop
  endfacet
  facet normal 0.13286 0.991135 -0
    outer loop
      vertex 3.54657 57.9812 0.3181969
      vertex 3.52046 57.9847 7.6511359
      vertex 3.54657 57.9812 7.6511359
    endloop
  endfacet
  facet normal 0.13286 0.991135 0
    outer loop
      vertex 3.52046 57.9847 7.6511359
      vertex 3.54657 57.9812 0.3181969
      vertex 3.52046 57.9847 0.3181969
    endloop
  endfacet
  facet normal -0.495545 0.132779 0.858374
    outer loop
      vertex 1.37786 57.7057 7.8528659
      vertex 1.33523 57.5466 7.8528659
      vertex 1.53696 57.5466 7.9693259
    endloop
  endfacet
  facet normal 0 0.865965 -0.500104
    outer loop
      vertex 3.52046 57.8682 0.1164689
      vertex 1.67953 57.9847 0.3181969
      vertex 3.52046 57.9847 0.3181969
    endloop
  endfacet
  facet normal 0 0.865965 -0.500104
    outer loop
      vertex 1.67953 57.9847 0.3181969
      vertex 3.52046 57.8682 0.1164689
      vertex 1.67953 57.8682 0.1164689
    endloop
  endfacet
  facet normal -0.226425 0.843658 0.486798
    outer loop
      vertex 1.65343 57.9812 7.6511359
      vertex 1.49433 57.8221 7.8528659
      vertex 1.65343 57.8648 7.8528659
    endloop
  endfacet
  facet normal -0.362639 0.362895 -0.858371
    outer loop
      vertex 1.55256 57.6048 0
      vertex 1.49433 57.8221 0.1164689
      vertex 1.59519 57.6474 0
    endloop
  endfacet
  facet normal -0.362666 0.362884 -0.858364
    outer loop
      vertex 1.49433 57.8221 0.1164689
      vertex 1.55256 57.6048 0
      vertex 1.37786 57.7057 0.1164689
    endloop
  endfacet
  facet normal 0.112078 0.860696 0.496629
    outer loop
      vertex 3.54657 57.9812 7.6511359
      vertex 3.52046 57.8682 7.8528659
      vertex 3.54657 57.8648 7.8528659
    endloop
  endfacet
  facet normal 0.115307 0.860191 0.496764
    outer loop
      vertex 3.52046 57.8682 7.8528659
      vertex 3.54657 57.9812 7.6511359
      vertex 3.52046 57.9847 7.6511359
    endloop
  endfacet
  facet normal -0.860466 0.11308 -0.4968
    outer loop
      vertex 1.3318 57.5205 0.1164689
      vertex 1.21876 57.5466 0.3181969
      vertex 1.33523 57.5466 0.1164689
    endloop
  endfacet
  facet normal -0.860466 0.11308 -0.4968
    outer loop
      vertex 1.21876 57.5466 0.3181969
      vertex 1.3318 57.5205 0.1164689
      vertex 1.21533 57.5205 0.3181969
    endloop
  endfacet
  facet normal -0.499971 0 0.866042
    outer loop
      vertex 1.3318 57.5205 7.8528659
      vertex 1.53353 29.9705 7.9693259
      vertex 1.53353 57.5205 7.9693259
    endloop
  endfacet
  facet normal -0.499971 0 0.866042
    outer loop
      vertex 1.53353 29.9705 7.9693259
      vertex 1.3318 57.5205 7.8528659
      vertex 1.3318 29.9705 7.8528659
    endloop
  endfacet
  facet normal 0.499971 0 0.866042
    outer loop
      vertex 3.66647 57.5205 7.9693259
      vertex 3.8682 55.9964 7.8528659
      vertex 3.8682 57.5205 7.8528659
    endloop
  endfacet
  facet normal 0.499971 0 0.866042
    outer loop
      vertex 3.8682 55.9964 7.8528659
      vertex 3.66647 57.5205 7.9693259
      vertex 3.66647 55.9548 7.9693259
    endloop
  endfacet
  facet normal -0.843617 0.226103 0.487019
    outer loop
      vertex 1.277 57.7639 7.6511359
      vertex 1.21876 57.5466 7.6511359
      vertex 1.37786 57.7057 7.8528659
    endloop
  endfacet
  facet normal 0.362636 0.362854 0.858389
    outer loop
      vertex 3.70567 57.8221 7.8528659
      vertex 3.64743 57.6048 7.9693259
      vertex 3.82214 57.7057 7.8528659
    endloop
  endfacet
  facet normal 0.362609 0.362865 0.858396
    outer loop
      vertex 3.64743 57.6048 7.9693259
      vertex 3.70567 57.8221 7.8528659
      vertex 3.6048 57.6474 7.9693259
    endloop
  endfacet
  facet normal -1 0 0
    outer loop
      vertex 1.21533 29.9705 0.3181969
      vertex 1.21533 57.5205 7.6511359
      vertex 1.21533 57.5205 0.3181969
    endloop
  endfacet
  facet normal -1 -0 0
    outer loop
      vertex 1.21533 57.5205 7.6511359
      vertex 1.21533 29.9705 0.3181969
      vertex 1.21533 29.9705 7.6511359
    endloop
  endfacet
  facet normal 0.617537 0.617537 0.48713
    outer loop
      vertex 3.70567 57.8221 7.8528659
      vertex 3.923 57.7639 7.6511359
      vertex 3.7639 57.923 7.6511359
    endloop
  endfacet
  facet normal 0.617428 0.617799 0.486936
    outer loop
      vertex 3.923 57.7639 7.6511359
      vertex 3.70567 57.8221 7.8528659
      vertex 3.82214 57.7057 7.8528659
    endloop
  endfacet
  facet normal 0.860466 0.11308 -0.4968
    outer loop
      vertex 3.98467 57.5205 0.3181969
      vertex 3.86477 57.5466 0.1164689
      vertex 3.98124 57.5466 0.3181969
    endloop
  endfacet
  facet normal 0.860466 0.11308 -0.4968
    outer loop
      vertex 3.86477 57.5466 0.1164689
      vertex 3.98467 57.5205 0.3181969
      vertex 3.8682 57.5205 0.1164689
    endloop
  endfacet
  facet normal -0.96591 0.25888 0
    outer loop
      vertex 1.21876 57.5466 0.3181969
      vertex 1.277 57.7639 7.6511359
      vertex 1.277 57.7639 0.3181969
    endloop
  endfacet
  facet normal -0.96591 0.25888 0
    outer loop
      vertex 1.277 57.7639 7.6511359
      vertex 1.21876 57.5466 0.3181969
      vertex 1.21876 57.5466 7.6511359
    endloop
  endfacet
  facet normal -0.866023 0 0.500004
    outer loop
      vertex 1.21533 29.9705 7.6511359
      vertex 1.3318 57.5205 7.8528659
      vertex 1.21533 57.5205 7.6511359
    endloop
  endfacet
  facet normal -0.866023 0 0.500004
    outer loop
      vertex 1.3318 57.5205 7.8528659
      vertex 1.21533 29.9705 7.6511359
      vertex 1.3318 29.9705 7.8528659
    endloop
  endfacet
  facet normal 0.991475 0.130297 0
    outer loop
      vertex 3.98467 57.5205 7.6511359
      vertex 3.98124 57.5466 0.3181969
      vertex 3.98124 57.5466 7.6511359
    endloop
  endfacet
  facet normal 0.991475 0.130297 0
    outer loop
      vertex 3.98124 57.5466 0.3181969
      vertex 3.98467 57.5205 7.6511359
      vertex 3.98467 57.5205 0.3181969
    endloop
  endfacet
  facet normal 0.843607 0.22604 -0.487066
    outer loop
      vertex 3.86477 57.5466 0.1164689
      vertex 3.82214 57.7057 0.1164689
      vertex 3.98124 57.5466 0.3181969
    endloop
  endfacet
  facet normal 0.5 0 -0.866025
    outer loop
      vertex 3.66647 57.5205 0
      vertex 3.8682 55.9964 0.1164689
      vertex 3.66647 55.9548 0
    endloop
  endfacet
  facet normal 0.5 0 -0.866025
    outer loop
      vertex 3.8682 55.9964 0.1164689
      vertex 3.66647 57.5205 0
      vertex 3.8682 57.5205 0.1164689
    endloop
  endfacet
  facet normal 0.843615 0.226103 -0.487023
    outer loop
      vertex 3.98124 57.5466 0.3181969
      vertex 3.82214 57.7057 0.1164689
      vertex 3.923 57.7639 0.3181969
    endloop
  endfacet
  facet normal 0.498924 0.0655674 -0.864162
    outer loop
      vertex 3.66647 57.5205 0
      vertex 3.86477 57.5466 0.1164689
      vertex 3.8682 57.5205 0.1164689
    endloop
  endfacet
  facet normal 0.498924 0.0655674 -0.864162
    outer loop
      vertex 3.86477 57.5466 0.1164689
      vertex 3.66647 57.5205 0
      vertex 3.66304 57.5466 0
    endloop
  endfacet
  facet normal -0.112097 0.86051 0.496948
    outer loop
      vertex 1.67953 57.9847 7.6511359
      vertex 1.65343 57.8648 7.8528659
      vertex 1.67953 57.8682 7.8528659
    endloop
  endfacet
  facet normal -0.115375 0.860369 0.496441
    outer loop
      vertex 1.65343 57.8648 7.8528659
      vertex 1.67953 57.9847 7.6511359
      vertex 1.65343 57.9812 7.6511359
    endloop
  endfacet
  facet normal -0.362619 0.362874 0.858388
    outer loop
      vertex 1.49433 57.8221 7.8528659
      vertex 1.55256 57.6048 7.9693259
      vertex 1.59519 57.6474 7.9693259
    endloop
  endfacet
  facet normal -0.362645 0.362864 0.858381
    outer loop
      vertex 1.55256 57.6048 7.9693259
      vertex 1.49433 57.8221 7.8528659
      vertex 1.37786 57.7057 7.8528659
    endloop
  endfacet
  facet normal -0.843607 0.22604 -0.487066
    outer loop
      vertex 1.33523 57.5466 0.1164689
      vertex 1.21876 57.5466 0.3181969
      vertex 1.37786 57.7057 0.1164689
    endloop
  endfacet
  facet normal 0 0.500056 -0.865993
    outer loop
      vertex 1.67953 57.6665 0
      vertex 3.52046 57.8682 0.1164689
      vertex 3.52046 57.6665 0
    endloop
  endfacet
  facet normal 0 0.500056 -0.865993
    outer loop
      vertex 3.52046 57.8682 0.1164689
      vertex 1.67953 57.6665 0
      vertex 1.67953 57.8682 0.1164689
    endloop
  endfacet
  facet normal -0.707129 0.707085 0
    outer loop
      vertex 1.277 57.7639 0.3181969
      vertex 1.43609 57.923 7.6511359
      vertex 1.43609 57.923 0.3181969
    endloop
  endfacet
  facet normal -0.707129 0.707085 0
    outer loop
      vertex 1.43609 57.923 7.6511359
      vertex 1.277 57.7639 0.3181969
      vertex 1.277 57.7639 7.6511359
    endloop
  endfacet
  facet normal 0 0.865968 0.5001
    outer loop
      vertex 3.52046 57.9847 7.6511359
      vertex 1.67953 57.8682 7.8528659
      vertex 3.52046 57.8682 7.8528659
    endloop
  endfacet
  facet normal 0 0.865968 0.5001
    outer loop
      vertex 1.67953 57.8682 7.8528659
      vertex 3.52046 57.9847 7.6511359
      vertex 1.67953 57.9847 7.6511359
    endloop
  endfacet
  facet normal 0.226424 0.843656 -0.486802
    outer loop
      vertex 3.70567 57.8221 0.1164689
      vertex 3.54657 57.8648 0.1164689
      vertex 3.54657 57.9812 0.3181969
    endloop
  endfacet
  facet normal 0.495486 0.132896 -0.858389
    outer loop
      vertex 3.66304 57.5466 0
      vertex 3.64743 57.6048 0
      vertex 3.82214 57.7057 0.1164689
    endloop
  endfacet
  facet normal 0.866021 0 -0.500007
    outer loop
      vertex 3.98467 56.0205 0.3181969
      vertex 3.8682 57.5205 0.1164689
      vertex 3.98467 57.5205 0.3181969
    endloop
  endfacet
  facet normal 0.866021 0 -0.500007
    outer loop
      vertex 3.8682 57.5205 0.1164689
      vertex 3.98467 56.0205 0.3181969
      vertex 3.8682 55.9964 0.1164689
    endloop
  endfacet
  facet normal -0.5 0 -0.866025
    outer loop
      vertex 1.3318 29.9705 0.1164689
      vertex 1.53353 57.5205 0
      vertex 1.53353 29.9705 0
    endloop
  endfacet
  facet normal -0.5 0 -0.866025
    outer loop
      vertex 1.53353 57.5205 0
      vertex 1.3318 29.9705 0.1164689
      vertex 1.3318 57.5205 0.1164689
    endloop
  endfacet
  facet normal -0.617549 0.61751 0.48715
    outer loop
      vertex 1.277 57.7639 7.6511359
      vertex 1.49433 57.8221 7.8528659
      vertex 1.43609 57.923 7.6511359
    endloop
  endfacet
  facet normal -0.617428 0.617799 0.486936
    outer loop
      vertex 1.49433 57.8221 7.8528659
      vertex 1.277 57.7639 7.6511359
      vertex 1.37786 57.7057 7.8528659
    endloop
  endfacet
  facet normal -0.226424 0.843656 -0.486802
    outer loop
      vertex 1.65343 57.8648 0.1164689
      vertex 1.49433 57.8221 0.1164689
      vertex 1.65343 57.9812 0.3181969
    endloop
  endfacet
  facet normal 0.22591 0.843592 0.487152
    outer loop
      vertex 3.7639 57.923 7.6511359
      vertex 3.54657 57.9812 7.6511359
      vertex 3.70567 57.8221 7.8528659
    endloop
  endfacet
  facet normal 0.843609 0.22604 0.487062
    outer loop
      vertex 3.98124 57.5466 7.6511359
      vertex 3.82214 57.7057 7.8528659
      vertex 3.86477 57.5466 7.8528659
    endloop
  endfacet
  facet normal -0 0.500027 0.86601
    outer loop
      vertex 1.67953 57.8682 7.8528659
      vertex 3.52046 57.6665 7.9693259
      vertex 3.52046 57.8682 7.8528659
    endloop
  endfacet
  facet normal 0 0.500027 0.86601
    outer loop
      vertex 3.52046 57.6665 7.9693259
      vertex 1.67953 57.8682 7.8528659
      vertex 1.67953 57.6665 7.9693259
    endloop
  endfacet
  facet normal 0.495459 0.132888 0.858406
    outer loop
      vertex 3.82214 57.7057 7.8528659
      vertex 3.64743 57.6048 7.9693259
      vertex 3.66304 57.5466 7.9693259
    endloop
  endfacet
  facet normal -0.495514 0.132818 0.858385
    outer loop
      vertex 1.55256 57.6048 7.9693259
      vertex 1.37786 57.7057 7.8528659
      vertex 1.53696 57.5466 7.9693259
    endloop
  endfacet
  facet normal -0.0649999 0.49897 0.864178
    outer loop
      vertex 1.65343 57.8648 7.8528659
      vertex 1.67953 57.6665 7.9693259
      vertex 1.67953 57.8682 7.8528659
    endloop
  endfacet
  facet normal -0.0668785 0.498722 0.864178
    outer loop
      vertex 1.67953 57.6665 7.9693259
      vertex 1.65343 57.8648 7.8528659
      vertex 1.65343 57.663 7.9693259
    endloop
  endfacet
  facet normal -0.498924 0.0655674 -0.864162
    outer loop
      vertex 1.53353 57.5205 0
      vertex 1.33523 57.5466 0.1164689
      vertex 1.53696 57.5466 0
    endloop
  endfacet
  facet normal -0.498924 0.0655674 -0.864162
    outer loop
      vertex 1.33523 57.5466 0.1164689
      vertex 1.53353 57.5205 0
      vertex 1.3318 57.5205 0.1164689
    endloop
  endfacet
  facet normal -0.0668823 0.498751 -0.864161
    outer loop
      vertex 1.65343 57.8648 0.1164689
      vertex 1.67953 57.6665 0
      vertex 1.65343 57.663 0
    endloop
  endfacet
  facet normal -0.0650036 0.498998 -0.864162
    outer loop
      vertex 1.67953 57.6665 0
      vertex 1.65343 57.8648 0.1164689
      vertex 1.67953 57.8682 0.1164689
    endloop
  endfacet
  facet normal 0.258681 0.965963 -0
    outer loop
      vertex 3.7639 57.923 0.3181969
      vertex 3.54657 57.9812 7.6511359
      vertex 3.7639 57.923 7.6511359
    endloop
  endfacet
  facet normal 0.258681 0.965963 0
    outer loop
      vertex 3.54657 57.9812 7.6511359
      vertex 3.7639 57.923 0.3181969
      vertex 3.54657 57.9812 0.3181969
    endloop
  endfacet
  facet normal 0 1 -0
    outer loop
      vertex 3.52046 57.9847 0.3181969
      vertex 1.67953 57.9847 7.6511359
      vertex 3.52046 57.9847 7.6511359
    endloop
  endfacet
  facet normal 0 1 0
    outer loop
      vertex 1.67953 57.9847 7.6511359
      vertex 3.52046 57.9847 0.3181969
      vertex 1.67953 57.9847 0.3181969
    endloop
  endfacet
  facet normal 0.707107 0.707107 0
    outer loop
      vertex 3.923 57.7639 7.6511359
      vertex 3.7639 57.923 0.3181969
      vertex 3.7639 57.923 7.6511359
    endloop
  endfacet
  facet normal 0.707107 0.707107 0
    outer loop
      vertex 3.7639 57.923 0.3181969
      vertex 3.923 57.7639 7.6511359
      vertex 3.923 57.7639 0.3181969
    endloop
  endfacet
  facet normal 0.617536 0.617536 -0.487134
    outer loop
      vertex 3.923 57.7639 0.3181969
      vertex 3.70567 57.8221 0.1164689
      vertex 3.7639 57.923 0.3181969
    endloop
  endfacet
  facet normal 0.617426 0.617798 -0.48694
    outer loop
      vertex 3.70567 57.8221 0.1164689
      vertex 3.923 57.7639 0.3181969
      vertex 3.82214 57.7057 0.1164689
    endloop
  endfacet
  facet normal -0.495572 0.132786 -0.858356
    outer loop
      vertex 1.53696 57.5466 0
      vertex 1.33523 57.5466 0.1164689
      vertex 1.37786 57.7057 0.1164689
    endloop
  endfacet
  facet normal 1 -0 0
    outer loop
      vertex 3.98467 56.0205 7.6511359
      vertex 3.98467 57.5205 0.3181969
      vertex 3.98467 57.5205 7.6511359
    endloop
  endfacet
  facet normal 1 0 0
    outer loop
      vertex 3.98467 57.5205 0.3181969
      vertex 3.98467 56.0205 7.6511359
      vertex 3.98467 56.0205 0.3181969
    endloop
  endfacet
  facet normal 0.362656 0.362874 -0.858372
    outer loop
      vertex 3.64743 57.6048 0
      vertex 3.70567 57.8221 0.1164689
      vertex 3.82214 57.7057 0.1164689
    endloop
  endfacet
  facet normal 0.36263 0.362885 -0.858379
    outer loop
      vertex 3.70567 57.8221 0.1164689
      vertex 3.64743 57.6048 0
      vertex 3.6048 57.6474 0
    endloop
  endfacet
  facet normal -0.225899 0.843591 0.487159
    outer loop
      vertex 1.65343 57.9812 7.6511359
      vertex 1.43609 57.923 7.6511359
      vertex 1.49433 57.8221 7.8528659
    endloop
  endfacet
  facet normal 0.843617 0.226103 0.487019
    outer loop
      vertex 3.923 57.7639 7.6511359
      vertex 3.82214 57.7057 7.8528659
      vertex 3.98124 57.5466 7.6511359
    endloop
  endfacet
  facet normal 0.498896 0.0655637 0.864179
    outer loop
      vertex 3.86477 57.5466 7.8528659
      vertex 3.66647 57.5205 7.9693259
      vertex 3.8682 57.5205 7.8528659
    endloop
  endfacet
  facet normal 0.498896 0.0655637 0.864179
    outer loop
      vertex 3.66647 57.5205 7.9693259
      vertex 3.86477 57.5466 7.8528659
      vertex 3.66304 57.5466 7.9693259
    endloop
  endfacet
  facet normal 0.866023 0 0.500004
    outer loop
      vertex 3.8682 57.5205 7.8528659
      vertex 3.98467 56.0205 7.6511359
      vertex 3.98467 57.5205 7.6511359
    endloop
  endfacet
  facet normal 0.866023 0 0.500004
    outer loop
      vertex 3.98467 56.0205 7.6511359
      vertex 3.8682 57.5205 7.8528659
      vertex 3.8682 55.9964 7.8528659
    endloop
  endfacet
  facet normal -0.498896 0.0655637 0.864179
    outer loop
      vertex 1.33523 57.5466 7.8528659
      vertex 1.53353 57.5205 7.9693259
      vertex 1.53696 57.5466 7.9693259
    endloop
  endfacet
  facet normal -0.498896 0.0655637 0.864179
    outer loop
      vertex 1.53353 57.5205 7.9693259
      vertex 1.33523 57.5466 7.8528659
      vertex 1.3318 57.5205 7.8528659
    endloop
  endfacet
  facet normal -0.843609 0.22604 0.487062
    outer loop
      vertex 1.37786 57.7057 7.8528659
      vertex 1.21876 57.5466 7.6511359
      vertex 1.33523 57.5466 7.8528659
    endloop
  endfacet
  facet normal -0.860468 0.113081 0.496797
    outer loop
      vertex 1.21533 57.5205 7.6511359
      vertex 1.33523 57.5466 7.8528659
      vertex 1.21876 57.5466 7.6511359
    endloop
  endfacet
  facet normal -0.860468 0.113081 0.496797
    outer loop
      vertex 1.33523 57.5466 7.8528659
      vertex 1.21533 57.5205 7.6511359
      vertex 1.3318 57.5205 7.8528659
    endloop
  endfacet
  facet normal 0.495545 0.132779 0.858374
    outer loop
      vertex 3.82214 57.7057 7.8528659
      vertex 3.66304 57.5466 7.9693259
      vertex 3.86477 57.5466 7.8528659
    endloop
  endfacet
  facet normal -0.866021 0 -0.500007
    outer loop
      vertex 1.3318 29.9705 0.1164689
      vertex 1.21533 57.5205 0.3181969
      vertex 1.3318 57.5205 0.1164689
    endloop
  endfacet
  facet normal -0.866021 -0 -0.500007
    outer loop
      vertex 1.21533 57.5205 0.3181969
      vertex 1.3318 29.9705 0.1164689
      vertex 1.21533 29.9705 0.3181969
    endloop
  endfacet
  facet normal -0.991475 0.130297 0
    outer loop
      vertex 1.21533 57.5205 0.3181969
      vertex 1.21876 57.5466 7.6511359
      vertex 1.21876 57.5466 0.3181969
    endloop
  endfacet
  facet normal -0.991475 0.130297 0
    outer loop
      vertex 1.21876 57.5466 7.6511359
      vertex 1.21533 57.5205 0.3181969
      vertex 1.21533 57.5205 7.6511359
    endloop
  endfacet
  facet normal -0.495542 0.132826 -0.858368
    outer loop
      vertex 1.53696 57.5466 0
      vertex 1.37786 57.7057 0.1164689
      vertex 1.55256 57.6048 0
    endloop
  endfacet
  facet normal -0.11535 0.860185 -0.496766
    outer loop
      vertex 1.67953 57.8682 0.1164689
      vertex 1.65343 57.9812 0.3181969
      vertex 1.67953 57.9847 0.3181969
    endloop
  endfacet
  facet normal -0.112121 0.86069 -0.496631
    outer loop
      vertex 1.65343 57.9812 0.3181969
      vertex 1.67953 57.8682 0.1164689
      vertex 1.65343 57.8648 0.1164689
    endloop
  endfacet
  facet normal -0.843615 0.226103 -0.487023
    outer loop
      vertex 1.37786 57.7057 0.1164689
      vertex 1.21876 57.5466 0.3181969
      vertex 1.277 57.7639 0.3181969
    endloop
  endfacet
  facet normal -0.617547 0.617508 -0.487154
    outer loop
      vertex 1.49433 57.8221 0.1164689
      vertex 1.277 57.7639 0.3181969
      vertex 1.43609 57.923 0.3181969
    endloop
  endfacet
  facet normal -0.617426 0.617798 -0.48694
    outer loop
      vertex 1.277 57.7639 0.3181969
      vertex 1.49433 57.8221 0.1164689
      vertex 1.37786 57.7057 0.1164689
    endloop
  endfacet
  facet normal 0.495572 0.132786 -0.858356
    outer loop
      vertex 3.86477 57.5466 0.1164689
      vertex 3.66304 57.5466 0
      vertex 3.82214 57.7057 0.1164689
    endloop
  endfacet
  facet normal -0.132966 0.495431 -0.85841
    outer loop
      vertex 1.65343 57.663 0
      vertex 1.49433 57.8221 0.1164689
      vertex 1.65343 57.8648 0.1164689
    endloop
  endfacet
  facet normal -0.13275 0.495601 -0.858346
    outer loop
      vertex 1.59519 57.6474 0
      vertex 1.49433 57.8221 0.1164689
      vertex 1.65343 57.663 0
    endloop
  endfacet
  facet normal 0.115331 0.860372 -0.496447
    outer loop
      vertex 3.54657 57.8648 0.1164689
      vertex 3.52046 57.9847 0.3181969
      vertex 3.54657 57.9812 0.3181969
    endloop
  endfacet
  facet normal 0.112054 0.860512 -0.496954
    outer loop
      vertex 3.52046 57.9847 0.3181969
      vertex 3.54657 57.8648 0.1164689
      vertex 3.52046 57.8682 0.1164689
    endloop
  endfacet
  facet normal 0.22591 0.84359 -0.487156
    outer loop
      vertex 3.70567 57.8221 0.1164689
      vertex 3.54657 57.9812 0.3181969
      vertex 3.7639 57.923 0.3181969
    endloop
  endfacet
  facet normal -0.13291 0.991128 0
    outer loop
      vertex 1.67953 57.9847 0.3181969
      vertex 1.65343 57.9812 7.6511359
      vertex 1.67953 57.9847 7.6511359
    endloop
  endfacet
  facet normal -0.13291 0.991128 0
    outer loop
      vertex 1.65343 57.9812 7.6511359
      vertex 1.67953 57.9847 0.3181969
      vertex 1.65343 57.9812 0.3181969
    endloop
  endfacet
  facet normal -0.258669 0.965966 0
    outer loop
      vertex 1.65343 57.9812 0.3181969
      vertex 1.43609 57.923 7.6511359
      vertex 1.65343 57.9812 7.6511359
    endloop
  endfacet
  facet normal -0.258669 0.965966 0
    outer loop
      vertex 1.43609 57.923 7.6511359
      vertex 1.65343 57.9812 0.3181969
      vertex 1.43609 57.923 0.3181969
    endloop
  endfacet
  facet normal 0.96591 0.25888 0
    outer loop
      vertex 3.98124 57.5466 7.6511359
      vertex 3.923 57.7639 0.3181969
      vertex 3.923 57.7639 7.6511359
    endloop
  endfacet
  facet normal 0.96591 0.25888 0
    outer loop
      vertex 3.923 57.7639 0.3181969
      vertex 3.98124 57.5466 7.6511359
      vertex 3.98124 57.5466 0.3181969
    endloop
  endfacet
  facet normal 0.132762 0.495558 0.858369
    outer loop
      vertex 3.70567 57.8221 7.8528659
      vertex 3.54657 57.663 7.9693259
      vertex 3.6048 57.6474 7.9693259
    endloop
  endfacet
  facet normal -0.132959 0.495404 0.858427
    outer loop
      vertex 1.65343 57.8648 7.8528659
      vertex 1.49433 57.8221 7.8528659
      vertex 1.65343 57.663 7.9693259
    endloop
  endfacet
  facet normal -0.132743 0.495573 0.858363
    outer loop
      vertex 1.65343 57.663 7.9693259
      vertex 1.49433 57.8221 7.8528659
      vertex 1.59519 57.6474 7.9693259
    endloop
  endfacet
  facet normal 0.132966 0.495431 -0.85841
    outer loop
      vertex 3.70567 57.8221 0.1164689
      vertex 3.54657 57.663 0
      vertex 3.54657 57.8648 0.1164689
    endloop
  endfacet
  facet normal 0.0668568 0.498752 -0.864163
    outer loop
      vertex 3.52046 57.6665 0
      vertex 3.54657 57.8648 0.1164689
      vertex 3.54657 57.663 0
    endloop
  endfacet
  facet normal 0.0649788 0.498999 -0.864163
    outer loop
      vertex 3.54657 57.8648 0.1164689
      vertex 3.52046 57.6665 0
      vertex 3.52046 57.8682 0.1164689
    endloop
  endfacet
  facet normal 0.132959 0.495404 0.858427
    outer loop
      vertex 3.54657 57.8648 7.8528659
      vertex 3.54657 57.663 7.9693259
      vertex 3.70567 57.8221 7.8528659
    endloop
  endfacet
  facet normal 0.860468 0.113081 0.496797
    outer loop
      vertex 3.8682 57.5205 7.8528659
      vertex 3.98124 57.5466 7.6511359
      vertex 3.86477 57.5466 7.8528659
    endloop
  endfacet
  facet normal 0.860468 0.113081 0.496797
    outer loop
      vertex 3.98124 57.5466 7.6511359
      vertex 3.8682 57.5205 7.8528659
      vertex 3.98467 57.5205 7.6511359
    endloop
  endfacet
  facet normal 0.84361 0.226063 -0.487051
    outer loop
      vertex 5.17949 53.3119 0.3181969
      vertex 5.02039 53.471 0.1164689
      vertex 5.12126 53.5292 0.3181969
    endloop
  endfacet
  facet normal 0.991425 0.130676 0
    outer loop
      vertex 5.18467 53.2726 7.6511359
      vertex 5.17949 53.3119 0.3181969
      vertex 5.17949 53.3119 7.6511359
    endloop
  endfacet
  facet normal 0.991425 0.130676 0
    outer loop
      vertex 5.17949 53.3119 0.3181969
      vertex 5.18467 53.2726 7.6511359
      vertex 5.18467 53.2726 0.3181969
    endloop
  endfacet
  facet normal 0.495505 -0.132901 -0.858378
    outer loop
      vertex 5.02213 52.6943 0.1164689
      vertex 4.84743 52.7952 0
      vertex 4.86304 52.8534 0
    endloop
  endfacet
  facet normal -0 -0.865965 -0.500104
    outer loop
      vertex 4.72046 52.5318 0.1164689
      vertex 3.98467 52.4153 0.3181969
      vertex 3.8682 52.5318 0.1164689
    endloop
  endfacet
  facet normal 0 -0.865965 -0.500104
    outer loop
      vertex 3.98467 52.4153 0.3181969
      vertex 4.72046 52.5318 0.1164689
      vertex 4.72046 52.4153 0.3181969
    endloop
  endfacet
  facet normal 0.226424 -0.843656 -0.486802
    outer loop
      vertex 4.90567 52.5779 0.1164689
      vertex 4.74657 52.4188 0.3181969
      vertex 4.74657 52.5352 0.1164689
    endloop
  endfacet
  facet normal 0.0649788 -0.498999 -0.864163
    outer loop
      vertex 4.72046 52.7335 0
      vertex 4.74657 52.5352 0.1164689
      vertex 4.72046 52.5318 0.1164689
    endloop
  endfacet
  facet normal 0.0668568 -0.498752 -0.864163
    outer loop
      vertex 4.74657 52.5352 0.1164689
      vertex 4.72046 52.7335 0
      vertex 4.74657 52.737 0
    endloop
  endfacet
  facet normal 0.707107 -0.707107 0
    outer loop
      vertex 4.9639 52.477 7.6511359
      vertex 5.123 52.6361 0.3181969
      vertex 5.123 52.6361 7.6511359
    endloop
  endfacet
  facet normal 0.707107 -0.707107 0
    outer loop
      vertex 5.123 52.6361 0.3181969
      vertex 4.9639 52.477 7.6511359
      vertex 4.9639 52.477 0.3181969
    endloop
  endfacet
  facet normal 0.258681 -0.965963 0
    outer loop
      vertex 4.74657 52.4188 0.3181969
      vertex 4.9639 52.477 7.6511359
      vertex 4.74657 52.4188 7.6511359
    endloop
  endfacet
  facet normal 0.258681 -0.965963 0
    outer loop
      vertex 4.9639 52.477 7.6511359
      vertex 4.74657 52.4188 0.3181969
      vertex 4.9639 52.477 0.3181969
    endloop
  endfacet
  facet normal 0.498918 0.0657607 -0.864151
    outer loop
      vertex 4.86647 53.2726 0
      vertex 5.06302 53.3119 0.1164689
      vertex 5.0682 53.2726 0.1164689
    endloop
  endfacet
  facet normal 0.49894 0.0656367 -0.864147
    outer loop
      vertex 5.06302 53.3119 0.1164689
      vertex 4.86647 53.2726 0
      vertex 4.8613 53.3119 0
    endloop
  endfacet
  facet normal 0 -0.500027 0.86601
    outer loop
      vertex 4.72046 52.7335 7.9693259
      vertex 3.8682 52.5318 7.8528659
      vertex 4.72046 52.5318 7.8528659
    endloop
  endfacet
  facet normal 0 -0.500027 0.86601
    outer loop
      vertex 3.8682 52.5318 7.8528659
      vertex 4.72046 52.7335 7.9693259
      vertex 3.66647 52.7335 7.9693259
    endloop
  endfacet
  facet normal 0.132966 -0.495431 -0.85841
    outer loop
      vertex 4.90567 52.5779 0.1164689
      vertex 4.74657 52.5352 0.1164689
      vertex 4.74657 52.737 0
    endloop
  endfacet
  facet normal 0.965921 0.258838 0
    outer loop
      vertex 5.17949 53.3119 7.6511359
      vertex 5.12126 53.5292 0.3181969
      vertex 5.12126 53.5292 7.6511359
    endloop
  endfacet
  facet normal 0.965921 0.258838 0
    outer loop
      vertex 5.12126 53.5292 0.3181969
      vertex 5.17949 53.3119 7.6511359
      vertex 5.17949 53.3119 0.3181969
    endloop
  endfacet
  facet normal 0.788677 0.360036 0.49836
    outer loop
      vertex 3.8682 55.9964 7.8528659
      vertex 5.11863 53.5365 7.6511359
      vertex 3.98467 56.0205 7.6511359
    endloop
  endfacet
  facet normal 0.788738 0.360077 0.498233
    outer loop
      vertex 5.11863 53.5365 7.6511359
      vertex 3.8682 55.9964 7.8528659
      vertex 5.01777 53.4783 7.8528659
    endloop
  endfacet
  facet normal 1 -0 0
    outer loop
      vertex 5.18467 52.8795 7.6511359
      vertex 5.18467 53.2726 0.3181969
      vertex 5.18467 53.2726 7.6511359
    endloop
  endfacet
  facet normal 1 0 0
    outer loop
      vertex 5.18467 53.2726 0.3181969
      vertex 5.18467 52.8795 7.6511359
      vertex 5.18467 52.8795 0.3181969
    endloop
  endfacet
  facet normal 0.940805 0.338948 0
    outer loop
      vertex 5.12126 53.5292 7.6511359
      vertex 5.11863 53.5365 0.3181969
      vertex 5.11863 53.5365 7.6511359
    endloop
  endfacet
  facet normal 0.940805 0.338948 0
    outer loop
      vertex 5.11863 53.5365 0.3181969
      vertex 5.12126 53.5292 7.6511359
      vertex 5.12126 53.5292 0.3181969
    endloop
  endfacet
  facet normal 0.817992 0.294701 -0.494004
    outer loop
      vertex 5.12126 53.5292 0.3181969
      vertex 5.01777 53.4783 0.1164689
      vertex 5.11863 53.5365 0.3181969
    endloop
  endfacet
  facet normal 0.818377 0.293719 -0.493953
    outer loop
      vertex 5.01777 53.4783 0.1164689
      vertex 5.12126 53.5292 0.3181969
      vertex 5.02039 53.471 0.1164689
    endloop
  endfacet
  facet normal 0.456378 0.208347 -0.86505
    outer loop
      vertex 4.84307 53.3774 0
      vertex 3.8682 55.9964 0.1164689
      vertex 5.01777 53.4783 0.1164689
    endloop
  endfacet
  facet normal 0.456444 0.20837 -0.865009
    outer loop
      vertex 3.8682 55.9964 0.1164689
      vertex 4.84307 53.3774 0
      vertex 3.66647 55.9548 0
    endloop
  endfacet
  facet normal 0.965921 -0.258838 0
    outer loop
      vertex 5.123 52.6361 7.6511359
      vertex 5.18123 52.8534 0.3181969
      vertex 5.18123 52.8534 7.6511359
    endloop
  endfacet
  facet normal 0.965921 -0.258838 0
    outer loop
      vertex 5.18123 52.8534 0.3181969
      vertex 5.123 52.6361 7.6511359
      vertex 5.123 52.6361 0.3181969
    endloop
  endfacet
  facet normal 0.817994 0.294702 0.494
    outer loop
      vertex 5.01777 53.4783 7.8528659
      vertex 5.12126 53.5292 7.6511359
      vertex 5.11863 53.5365 7.6511359
    endloop
  endfacet
  facet normal 0.818379 0.293719 0.493949
    outer loop
      vertex 5.12126 53.5292 7.6511359
      vertex 5.01777 53.4783 7.8528659
      vertex 5.02039 53.471 7.8528659
    endloop
  endfacet
  facet normal 0.495591 -0.132791 -0.858345
    outer loop
      vertex 5.02213 52.6943 0.1164689
      vertex 4.86304 52.8534 0
      vertex 5.06476 52.8534 0.1164689
    endloop
  endfacet
  facet normal 0.843607 -0.22604 -0.487066
    outer loop
      vertex 5.18123 52.8534 0.3181969
      vertex 5.02213 52.6943 0.1164689
      vertex 5.06476 52.8534 0.1164689
    endloop
  endfacet
  facet normal 0.132959 -0.495404 0.858427
    outer loop
      vertex 4.74657 52.737 7.9693259
      vertex 4.74657 52.5352 7.8528659
      vertex 4.90567 52.5779 7.8528659
    endloop
  endfacet
  facet normal 0.860434 -0.113406 -0.496782
    outer loop
      vertex 5.18123 52.8534 0.3181969
      vertex 5.0682 52.8795 0.1164689
      vertex 5.18467 52.8795 0.3181969
    endloop
  endfacet
  facet normal 0.860434 -0.113406 -0.496782
    outer loop
      vertex 5.0682 52.8795 0.1164689
      vertex 5.18123 52.8534 0.3181969
      vertex 5.06476 52.8534 0.1164689
    endloop
  endfacet
  facet normal 0.617442 -0.61776 -0.486968
    outer loop
      vertex 5.123 52.6361 0.3181969
      vertex 4.90567 52.5779 0.1164689
      vertex 5.02213 52.6943 0.1164689
    endloop
  endfacet
  facet normal 0.617536 -0.617536 -0.487134
    outer loop
      vertex 4.90567 52.5779 0.1164689
      vertex 5.123 52.6361 0.3181969
      vertex 4.9639 52.477 0.3181969
    endloop
  endfacet
  facet normal 0.909694 0.41528 0
    outer loop
      vertex 5.11863 53.5365 7.6511359
      vertex 3.98467 56.0205 0.3181969
      vertex 3.98467 56.0205 7.6511359
    endloop
  endfacet
  facet normal 0.909694 0.41528 0
    outer loop
      vertex 3.98467 56.0205 0.3181969
      vertex 5.11863 53.5365 7.6511359
      vertex 5.11863 53.5365 0.3181969
    endloop
  endfacet
  facet normal 0.866021 0 -0.500007
    outer loop
      vertex 5.18467 52.8795 0.3181969
      vertex 5.0682 53.2726 0.1164689
      vertex 5.18467 53.2726 0.3181969
    endloop
  endfacet
  facet normal 0.866021 0 -0.500007
    outer loop
      vertex 5.0682 53.2726 0.1164689
      vertex 5.18467 52.8795 0.3181969
      vertex 5.0682 52.8795 0.1164689
    endloop
  endfacet
  facet normal 0.498918 -0.0657578 -0.864151
    outer loop
      vertex 5.06476 52.8534 0.1164689
      vertex 4.86647 52.8795 0
      vertex 5.0682 52.8795 0.1164689
    endloop
  endfacet
  facet normal 0.498943 -0.0655699 -0.864151
    outer loop
      vertex 4.86647 52.8795 0
      vertex 5.06476 52.8534 0.1164689
      vertex 4.86304 52.8534 0
    endloop
  endfacet
  facet normal 0.860434 0.113411 -0.496781
    outer loop
      vertex 5.18467 53.2726 0.3181969
      vertex 5.06302 53.3119 0.1164689
      vertex 5.17949 53.3119 0.3181969
    endloop
  endfacet
  facet normal 0.860434 0.113411 -0.496781
    outer loop
      vertex 5.06302 53.3119 0.1164689
      vertex 5.18467 53.2726 0.3181969
      vertex 5.0682 53.2726 0.1164689
    endloop
  endfacet
  facet normal 0.132769 -0.495586 -0.858351
    outer loop
      vertex 4.90567 52.5779 0.1164689
      vertex 4.74657 52.737 0
      vertex 4.8048 52.7526 0
    endloop
  endfacet
  facet normal 0 -1 0
    outer loop
      vertex 3.98467 52.4153 0.3181969
      vertex 4.72046 52.4153 7.6511359
      vertex 3.98467 52.4153 7.6511359
    endloop
  endfacet
  facet normal 0 -1 -0
    outer loop
      vertex 4.72046 52.4153 7.6511359
      vertex 3.98467 52.4153 0.3181969
      vertex 4.72046 52.4153 0.3181969
    endloop
  endfacet
  facet normal 0.788675 0.360035 -0.498363
    outer loop
      vertex 5.11863 53.5365 0.3181969
      vertex 3.8682 55.9964 0.1164689
      vertex 3.98467 56.0205 0.3181969
    endloop
  endfacet
  facet normal 0.788736 0.360076 -0.498237
    outer loop
      vertex 3.8682 55.9964 0.1164689
      vertex 5.11863 53.5365 0.3181969
      vertex 5.01777 53.4783 0.1164689
    endloop
  endfacet
  facet normal 0.132762 -0.495558 0.858369
    outer loop
      vertex 4.8048 52.7526 7.9693259
      vertex 4.74657 52.737 7.9693259
      vertex 4.90567 52.5779 7.8528659
    endloop
  endfacet
  facet normal 0.476289 0.170942 -0.862512
    outer loop
      vertex 4.84307 53.3774 0
      vertex 5.02039 53.471 0.1164689
      vertex 4.84569 53.3701 0
    endloop
  endfacet
  facet normal 0.476289 0.170942 -0.862512
    outer loop
      vertex 5.02039 53.471 0.1164689
      vertex 4.84307 53.3774 0
      vertex 5.01777 53.4783 0.1164689
    endloop
  endfacet
  facet normal 0.991426 -0.130671 0
    outer loop
      vertex 5.18123 52.8534 7.6511359
      vertex 5.18467 52.8795 0.3181969
      vertex 5.18467 52.8795 7.6511359
    endloop
  endfacet
  facet normal 0.991426 -0.130671 0
    outer loop
      vertex 5.18467 52.8795 0.3181969
      vertex 5.18123 52.8534 7.6511359
      vertex 5.18123 52.8534 0.3181969
    endloop
  endfacet
  facet normal 0.495591 0.132791 -0.858345
    outer loop
      vertex 5.06302 53.3119 0.1164689
      vertex 4.8613 53.3119 0
      vertex 5.02039 53.471 0.1164689
    endloop
  endfacet
  facet normal 0.843607 0.22604 -0.487066
    outer loop
      vertex 5.06302 53.3119 0.1164689
      vertex 5.02039 53.471 0.1164689
      vertex 5.17949 53.3119 0.3181969
    endloop
  endfacet
  facet normal 0.22591 -0.84359 -0.487156
    outer loop
      vertex 4.9639 52.477 0.3181969
      vertex 4.74657 52.4188 0.3181969
      vertex 4.90567 52.5779 0.1164689
    endloop
  endfacet
  facet normal 0.115307 -0.860189 -0.496768
    outer loop
      vertex 4.72046 52.5318 0.1164689
      vertex 4.74657 52.4188 0.3181969
      vertex 4.72046 52.4153 0.3181969
    endloop
  endfacet
  facet normal 0.112078 -0.860694 -0.496633
    outer loop
      vertex 4.74657 52.4188 0.3181969
      vertex 4.72046 52.5318 0.1164689
      vertex 4.74657 52.5352 0.1164689
    endloop
  endfacet
  facet normal 0.13286 -0.991135 0
    outer loop
      vertex 4.72046 52.4153 0.3181969
      vertex 4.74657 52.4188 7.6511359
      vertex 4.72046 52.4153 7.6511359
    endloop
  endfacet
  facet normal 0.13286 -0.991135 0
    outer loop
      vertex 4.74657 52.4188 7.6511359
      vertex 4.72046 52.4153 0.3181969
      vertex 4.74657 52.4188 0.3181969
    endloop
  endfacet
  facet normal 0 -0.500056 -0.865993
    outer loop
      vertex 3.8682 52.5318 0.1164689
      vertex 4.72046 52.7335 0
      vertex 4.72046 52.5318 0.1164689
    endloop
  endfacet
  facet normal -0 -0.500056 -0.865993
    outer loop
      vertex 4.72046 52.7335 0
      vertex 3.8682 52.5318 0.1164689
      vertex 3.66647 52.7335 0
    endloop
  endfacet
  facet normal 0.495505 0.132901 -0.858378
    outer loop
      vertex 4.8613 53.3119 0
      vertex 4.84569 53.3701 0
      vertex 5.02039 53.471 0.1164689
    endloop
  endfacet
  facet normal 0.84361 -0.226063 -0.487051
    outer loop
      vertex 5.123 52.6361 0.3181969
      vertex 5.02213 52.6943 0.1164689
      vertex 5.18123 52.8534 0.3181969
    endloop
  endfacet
  facet normal 0.22591 -0.843592 0.487152
    outer loop
      vertex 4.90567 52.5779 7.8528659
      vertex 4.74657 52.4188 7.6511359
      vertex 4.9639 52.477 7.6511359
    endloop
  endfacet
  facet normal 0.5 0 -0.866025
    outer loop
      vertex 4.86647 52.8795 0
      vertex 5.0682 53.2726 0.1164689
      vertex 5.0682 52.8795 0.1164689
    endloop
  endfacet
  facet normal 0.5 0 -0.866025
    outer loop
      vertex 5.0682 53.2726 0.1164689
      vertex 4.86647 52.8795 0
      vertex 4.86647 53.2726 0
    endloop
  endfacet
  facet normal 0.362678 -0.362865 -0.858367
    outer loop
      vertex 4.90567 52.5779 0.1164689
      vertex 4.84743 52.7952 0
      vertex 5.02213 52.6943 0.1164689
    endloop
  endfacet
  facet normal 0.36263 -0.362885 -0.858379
    outer loop
      vertex 4.84743 52.7952 0
      vertex 4.90567 52.5779 0.1164689
      vertex 4.8048 52.7526 0
    endloop
  endfacet
  facet normal 0.066853 -0.498723 0.864179
    outer loop
      vertex 4.72046 52.7335 7.9693259
      vertex 4.74657 52.5352 7.8528659
      vertex 4.74657 52.737 7.9693259
    endloop
  endfacet
  facet normal 0.0649751 -0.498971 0.86418
    outer loop
      vertex 4.74657 52.5352 7.8528659
      vertex 4.72046 52.7335 7.9693259
      vertex 4.72046 52.5318 7.8528659
    endloop
  endfacet
  facet normal 0.476262 0.170933 0.862529
    outer loop
      vertex 4.84307 53.3774 7.9693259
      vertex 5.02039 53.471 7.8528659
      vertex 5.01777 53.4783 7.8528659
    endloop
  endfacet
  facet normal 0.476262 0.170933 0.862529
    outer loop
      vertex 5.02039 53.471 7.8528659
      vertex 4.84307 53.3774 7.9693259
      vertex 4.84569 53.3701 7.9693259
    endloop
  endfacet
  facet normal 0.866023 -0 0.500004
    outer loop
      vertex 5.0682 52.8795 7.8528659
      vertex 5.18467 53.2726 7.6511359
      vertex 5.0682 53.2726 7.8528659
    endloop
  endfacet
  facet normal 0.866023 0 0.500004
    outer loop
      vertex 5.18467 53.2726 7.6511359
      vertex 5.0682 52.8795 7.8528659
      vertex 5.18467 52.8795 7.6511359
    endloop
  endfacet
  facet normal 0.843612 -0.226063 0.487047
    outer loop
      vertex 5.18123 52.8534 7.6511359
      vertex 5.02213 52.6943 7.8528659
      vertex 5.123 52.6361 7.6511359
    endloop
  endfacet
  facet normal 0.456352 0.208335 0.865066
    outer loop
      vertex 3.8682 55.9964 7.8528659
      vertex 4.84307 53.3774 7.9693259
      vertex 5.01777 53.4783 7.8528659
    endloop
  endfacet
  facet normal 0.456418 0.208358 0.865026
    outer loop
      vertex 4.84307 53.3774 7.9693259
      vertex 3.8682 55.9964 7.8528659
      vertex 3.66647 55.9548 7.9693259
    endloop
  endfacet
  facet normal 0.226425 -0.843658 0.486798
    outer loop
      vertex 4.74657 52.5352 7.8528659
      vertex 4.74657 52.4188 7.6511359
      vertex 4.90567 52.5779 7.8528659
    endloop
  endfacet
  facet normal 0.860436 -0.113406 0.496778
    outer loop
      vertex 5.06476 52.8534 7.8528659
      vertex 5.18467 52.8795 7.6511359
      vertex 5.0682 52.8795 7.8528659
    endloop
  endfacet
  facet normal 0.860436 -0.113406 0.496778
    outer loop
      vertex 5.18467 52.8795 7.6511359
      vertex 5.06476 52.8534 7.8528659
      vertex 5.18123 52.8534 7.6511359
    endloop
  endfacet
  facet normal 0.498889 0.0657569 0.864167
    outer loop
      vertex 5.06302 53.3119 7.8528659
      vertex 4.86647 53.2726 7.9693259
      vertex 5.0682 53.2726 7.8528659
    endloop
  endfacet
  facet normal 0.498912 0.0656329 0.864164
    outer loop
      vertex 4.86647 53.2726 7.9693259
      vertex 5.06302 53.3119 7.8528659
      vertex 4.8613 53.3119 7.9693259
    endloop
  endfacet
  facet normal 0.495563 -0.132783 0.858363
    outer loop
      vertex 5.06476 52.8534 7.8528659
      vertex 4.86304 52.8534 7.9693259
      vertex 5.02213 52.6943 7.8528659
    endloop
  endfacet
  facet normal 0.499971 0 0.866042
    outer loop
      vertex 4.86647 53.2726 7.9693259
      vertex 5.0682 52.8795 7.8528659
      vertex 5.0682 53.2726 7.8528659
    endloop
  endfacet
  facet normal 0.499971 0 0.866042
    outer loop
      vertex 5.0682 52.8795 7.8528659
      vertex 4.86647 53.2726 7.9693259
      vertex 4.86647 52.8795 7.9693259
    endloop
  endfacet
  facet normal 0.617443 -0.617762 0.486964
    outer loop
      vertex 4.90567 52.5779 7.8528659
      vertex 5.123 52.6361 7.6511359
      vertex 5.02213 52.6943 7.8528659
    endloop
  endfacet
  facet normal 0.617537 -0.617537 0.48713
    outer loop
      vertex 5.123 52.6361 7.6511359
      vertex 4.90567 52.5779 7.8528659
      vertex 4.9639 52.477 7.6511359
    endloop
  endfacet
  facet normal 0 -0.865968 0.5001
    outer loop
      vertex 3.98467 52.4153 7.6511359
      vertex 4.72046 52.5318 7.8528659
      vertex 3.8682 52.5318 7.8528659
    endloop
  endfacet
  facet normal 0 -0.865968 0.5001
    outer loop
      vertex 4.72046 52.5318 7.8528659
      vertex 3.98467 52.4153 7.6511359
      vertex 4.72046 52.4153 7.6511359
    endloop
  endfacet
  facet normal 0.860436 0.113411 0.496778
    outer loop
      vertex 5.0682 53.2726 7.8528659
      vertex 5.17949 53.3119 7.6511359
      vertex 5.06302 53.3119 7.8528659
    endloop
  endfacet
  facet normal 0.860436 0.113411 0.496778
    outer loop
      vertex 5.17949 53.3119 7.6511359
      vertex 5.0682 53.2726 7.8528659
      vertex 5.18467 53.2726 7.6511359
    endloop
  endfacet
  facet normal 0.498889 -0.065754 0.864168
    outer loop
      vertex 4.86647 52.8795 7.9693259
      vertex 5.06476 52.8534 7.8528659
      vertex 5.0682 52.8795 7.8528659
    endloop
  endfacet
  facet normal 0.498914 -0.0655661 0.864168
    outer loop
      vertex 5.06476 52.8534 7.8528659
      vertex 4.86647 52.8795 7.9693259
      vertex 4.86304 52.8534 7.9693259
    endloop
  endfacet
  facet normal 0.495477 0.132893 0.858395
    outer loop
      vertex 5.02039 53.471 7.8528659
      vertex 4.84569 53.3701 7.9693259
      vertex 4.8613 53.3119 7.9693259
    endloop
  endfacet
  facet normal 0.112055 -0.860514 0.496951
    outer loop
      vertex 4.72046 52.4153 7.6511359
      vertex 4.74657 52.5352 7.8528659
      vertex 4.72046 52.5318 7.8528659
    endloop
  endfacet
  facet normal 0.115332 -0.860374 0.496443
    outer loop
      vertex 4.74657 52.5352 7.8528659
      vertex 4.72046 52.4153 7.6511359
      vertex 4.74657 52.4188 7.6511359
    endloop
  endfacet
  facet normal 0.362658 -0.362845 0.858384
    outer loop
      vertex 4.84743 52.7952 7.9693259
      vertex 4.90567 52.5779 7.8528659
      vertex 5.02213 52.6943 7.8528659
    endloop
  endfacet
  facet normal 0.362609 -0.362865 0.858396
    outer loop
      vertex 4.90567 52.5779 7.8528659
      vertex 4.84743 52.7952 7.9693259
      vertex 4.8048 52.7526 7.9693259
    endloop
  endfacet
  facet normal 0.843609 0.22604 0.487062
    outer loop
      vertex 5.17949 53.3119 7.6511359
      vertex 5.02039 53.471 7.8528659
      vertex 5.06302 53.3119 7.8528659
    endloop
  endfacet
  facet normal 0.843612 0.226063 0.487047
    outer loop
      vertex 5.12126 53.5292 7.6511359
      vertex 5.02039 53.471 7.8528659
      vertex 5.17949 53.3119 7.6511359
    endloop
  endfacet
  facet normal 0.495563 0.132783 0.858363
    outer loop
      vertex 5.02039 53.471 7.8528659
      vertex 4.8613 53.3119 7.9693259
      vertex 5.06302 53.3119 7.8528659
    endloop
  endfacet
  facet normal 0.495477 -0.132893 0.858395
    outer loop
      vertex 4.86304 52.8534 7.9693259
      vertex 4.84743 52.7952 7.9693259
      vertex 5.02213 52.6943 7.8528659
    endloop
  endfacet
  facet normal 0.843609 -0.22604 0.487062
    outer loop
      vertex 5.06476 52.8534 7.8528659
      vertex 5.02213 52.6943 7.8528659
      vertex 5.18123 52.8534 7.6511359
    endloop
  endfacet
  facet normal -0.49892 0.0656965 -0.864154
    outer loop
      vertex 1.48502 29.6021 0
      vertex 1.3318 29.9705 0.1164689
      vertex 1.53353 29.9705 0
    endloop
  endfacet
  facet normal -0.498912 0.0657011 -0.864159
    outer loop
      vertex 1.3318 29.9705 0.1164689
      vertex 1.48502 29.6021 0
      vertex 1.29016 29.6543 0.1164689
    endloop
  endfacet
  facet normal -0.498891 0.0656928 0.864171
    outer loop
      vertex 1.3318 29.9705 7.8528659
      vertex 1.48502 29.6021 7.9693259
      vertex 1.53353 29.9705 7.9693259
    endloop
  endfacet
  facet normal -0.498884 0.0656974 0.864175
    outer loop
      vertex 1.48502 29.6021 7.9693259
      vertex 1.3318 29.9705 7.8528659
      vertex 1.29016 29.6543 7.8528659
    endloop
  endfacet
  facet normal -0.860445 0.113292 -0.496788
    outer loop
      vertex 1.3318 29.9705 0.1164689
      vertex 1.17766 29.6844 0.3181969
      vertex 1.21533 29.9705 0.3181969
    endloop
  endfacet
  facet normal -0.860455 0.113312 -0.496767
    outer loop
      vertex 1.17766 29.6844 0.3181969
      vertex 1.3318 29.9705 0.1164689
      vertex 1.29016 29.6543 0.1164689
    endloop
  endfacet
  facet normal -0.991443 0.130541 0
    outer loop
      vertex 1.17766 29.6844 0.3181969
      vertex 1.21533 29.9705 7.6511359
      vertex 1.21533 29.9705 0.3181969
    endloop
  endfacet
  facet normal -0.991443 0.130541 0
    outer loop
      vertex 1.21533 29.9705 7.6511359
      vertex 1.17766 29.6844 0.3181969
      vertex 1.17766 29.6844 7.6511359
    endloop
  endfacet
  facet normal -0.860448 0.113293 0.496784
    outer loop
      vertex 1.17766 29.6844 7.6511359
      vertex 1.3318 29.9705 7.8528659
      vertex 1.21533 29.9705 7.6511359
    endloop
  endfacet
  facet normal -0.860457 0.113313 0.496764
    outer loop
      vertex 1.3318 29.9705 7.8528659
      vertex 1.17766 29.6844 7.6511359
      vertex 1.29016 29.6543 7.8528659
    endloop
  endfacet
  facet normal -0.923867 0.382714 0
    outer loop
      vertex 1.05587 29.3904 0.3181969
      vertex 1.17766 29.6844 7.6511359
      vertex 1.17766 29.6844 0.3181969
    endloop
  endfacet
  facet normal -0.923867 0.382714 0
    outer loop
      vertex 1.17766 29.6844 7.6511359
      vertex 1.05587 29.3904 0.3181969
      vertex 1.05587 29.3904 7.6511359
    endloop
  endfacet
  facet normal -0.80183 0.33216 -0.496728
    outer loop
      vertex 1.29016 29.6543 0.1164689
      vertex 1.05587 29.3904 0.3181969
      vertex 1.17766 29.6844 0.3181969
    endloop
  endfacet
  facet normal -0.801804 0.332044 -0.496848
    outer loop
      vertex 1.05587 29.3904 0.3181969
      vertex 1.29016 29.6543 0.1164689
      vertex 1.15673 29.3321 0.1164689
    endloop
  endfacet
  facet normal -0.801832 0.33216 0.496724
    outer loop
      vertex 1.05587 29.3904 7.6511359
      vertex 1.29016 29.6543 7.8528659
      vertex 1.17766 29.6844 7.6511359
    endloop
  endfacet
  facet normal -0.801806 0.332045 0.496844
    outer loop
      vertex 1.29016 29.6543 7.8528659
      vertex 1.05587 29.3904 7.6511359
      vertex 1.15673 29.3321 7.8528659
    endloop
  endfacet
  facet normal -0.464921 0.192576 -0.864154
    outer loop
      vertex 1.33143 29.2313 0
      vertex 1.29016 29.6543 0.1164689
      vertex 1.48502 29.6021 0
    endloop
  endfacet
  facet normal -0.464987 0.192561 -0.864122
    outer loop
      vertex 1.29016 29.6543 0.1164689
      vertex 1.33143 29.2313 0
      vertex 1.15673 29.3321 0.1164689
    endloop
  endfacet
  facet normal -0.464895 0.192565 0.864171
    outer loop
      vertex 1.29016 29.6543 7.8528659
      vertex 1.33143 29.2313 7.9693259
      vertex 1.48502 29.6021 7.9693259
    endloop
  endfacet
  facet normal -0.46496 0.19255 0.864139
    outer loop
      vertex 1.33143 29.2313 7.9693259
      vertex 1.29016 29.6543 7.8528659
      vertex 1.15673 29.3321 7.8528659
    endloop
  endfacet
  facet normal -0.793343 0.608775 0
    outer loop
      vertex 0.862113 29.1379 0.3181969
      vertex 1.05587 29.3904 7.6511359
      vertex 1.05587 29.3904 0.3181969
    endloop
  endfacet
  facet normal -0.793343 0.608775 0
    outer loop
      vertex 1.05587 29.3904 7.6511359
      vertex 0.862113 29.1379 0.3181969
      vertex 0.862113 29.1379 7.6511359
    endloop
  endfacet
  facet normal -0.68847 0.528301 0.496897
    outer loop
      vertex 0.862113 29.1379 7.6511359
      vertex 1.15673 29.3321 7.8528659
      vertex 1.05587 29.3904 7.6511359
    endloop
  endfacet
  facet normal -0.688469 0.528332 0.496866
    outer loop
      vertex 1.15673 29.3321 7.8528659
      vertex 0.862113 29.1379 7.6511359
      vertex 0.944467 29.0555 7.8528659
    endloop
  endfacet
  facet normal -0.399274 0.306378 0.864126
    outer loop
      vertex 1.15673 29.3321 7.8528659
      vertex 1.08711 28.9129 7.9693259
      vertex 1.33143 29.2313 7.9693259
    endloop
  endfacet
  facet normal -0.399239 0.306376 0.864142
    outer loop
      vertex 1.08711 28.9129 7.9693259
      vertex 1.15673 29.3321 7.8528659
      vertex 0.944467 29.0555 7.8528659
    endloop
  endfacet
  facet normal -0.399297 0.306395 -0.864109
    outer loop
      vertex 1.08711 28.9129 0
      vertex 1.15673 29.3321 0.1164689
      vertex 1.33143 29.2313 0
    endloop
  endfacet
  facet normal -0.399262 0.306394 -0.864125
    outer loop
      vertex 1.15673 29.3321 0.1164689
      vertex 1.08711 28.9129 0
      vertex 0.944467 29.0555 0.1164689
    endloop
  endfacet
  facet normal -0.688469 0.5283 -0.496901
    outer loop
      vertex 1.15673 29.3321 0.1164689
      vertex 0.862113 29.1379 0.3181969
      vertex 1.05587 29.3904 0.3181969
    endloop
  endfacet
  facet normal -0.688468 0.52833 -0.496869
    outer loop
      vertex 0.862113 29.1379 0.3181969
      vertex 1.15673 29.3321 0.1164689
      vertex 0.944467 29.0555 0.1164689
    endloop
  endfacet
  facet normal -0.608889 0.793255 0
    outer loop
      vertex 0.862113 29.1379 0.3181969
      vertex 0.609632 28.9441 7.6511359
      vertex 0.862113 29.1379 7.6511359
    endloop
  endfacet
  facet normal -0.608889 0.793255 0
    outer loop
      vertex 0.609632 28.9441 7.6511359
      vertex 0.862113 29.1379 0.3181969
      vertex 0.609632 28.9441 0.3181969
    endloop
  endfacet
  facet normal -0.306368 0.399268 0.864132
    outer loop
      vertex 0.944467 29.0555 7.8528659
      vertex 0.768731 28.6686 7.9693259
      vertex 1.08711 28.9129 7.9693259
    endloop
  endfacet
  facet normal -0.306289 0.399244 0.864171
    outer loop
      vertex 0.768731 28.6686 7.9693259
      vertex 0.944467 29.0555 7.8528659
      vertex 0.667867 28.8433 7.8528659
    endloop
  endfacet
  facet normal -0.528226 0.688536 0.496886
    outer loop
      vertex 0.862113 29.1379 7.6511359
      vertex 0.667867 28.8433 7.8528659
      vertex 0.944467 29.0555 7.8528659
    endloop
  endfacet
  facet normal -0.528501 0.688526 0.496608
    outer loop
      vertex 0.667867 28.8433 7.8528659
      vertex 0.862113 29.1379 7.6511359
      vertex 0.609632 28.9441 7.6511359
    endloop
  endfacet
  facet normal -0.528225 0.688534 -0.49689
    outer loop
      vertex 0.667867 28.8433 0.1164689
      vertex 0.862113 29.1379 0.3181969
      vertex 0.944467 29.0555 0.1164689
    endloop
  endfacet
  facet normal -0.528499 0.688524 -0.496611
    outer loop
      vertex 0.862113 29.1379 0.3181969
      vertex 0.667867 28.8433 0.1164689
      vertex 0.609632 28.9441 0.3181969
    endloop
  endfacet
  facet normal -0.306385 0.39929 -0.864115
    outer loop
      vertex 0.768731 28.6686 0
      vertex 0.944467 29.0555 0.1164689
      vertex 1.08711 28.9129 0
    endloop
  endfacet
  facet normal -0.306306 0.399266 -0.864154
    outer loop
      vertex 0.944467 29.0555 0.1164689
      vertex 0.768731 28.6686 0
      vertex 0.667867 28.8433 0.1164689
    endloop
  endfacet
  facet normal -0.332276 0.801862 -0.496598
    outer loop
      vertex 0.345699 28.7098 0.1164689
      vertex 0.609632 28.9441 0.3181969
      vertex 0.667867 28.8433 0.1164689
    endloop
  endfacet
  facet normal -0.332097 0.801821 -0.496784
    outer loop
      vertex 0.609632 28.9441 0.3181969
      vertex 0.345699 28.7098 0.1164689
      vertex 0.315556 28.8223 0.3181969
    endloop
  endfacet
  facet normal -0.19258 0.464925 -0.864151
    outer loop
      vertex 0.397911 28.515 0
      vertex 0.667867 28.8433 0.1164689
      vertex 0.768731 28.6686 0
    endloop
  endfacet
  facet normal -0.192682 0.464989 -0.864094
    outer loop
      vertex 0.667867 28.8433 0.1164689
      vertex 0.397911 28.515 0
      vertex 0.345699 28.7098 0.1164689
    endloop
  endfacet
  facet normal -0.382656 0.923891 0
    outer loop
      vertex 0.609632 28.9441 0.3181969
      vertex 0.315556 28.8223 7.6511359
      vertex 0.609632 28.9441 7.6511359
    endloop
  endfacet
  facet normal -0.382656 0.923891 0
    outer loop
      vertex 0.315556 28.8223 7.6511359
      vertex 0.609632 28.9441 0.3181969
      vertex 0.315556 28.8223 0.3181969
    endloop
  endfacet
  facet normal -0.332277 0.801864 0.496595
    outer loop
      vertex 0.609632 28.9441 7.6511359
      vertex 0.345699 28.7098 7.8528659
      vertex 0.667867 28.8433 7.8528659
    endloop
  endfacet
  facet normal -0.332098 0.801823 0.49678
    outer loop
      vertex 0.345699 28.7098 7.8528659
      vertex 0.609632 28.9441 7.6511359
      vertex 0.315556 28.8223 7.6511359
    endloop
  endfacet
  facet normal -0.192569 0.464898 0.864168
    outer loop
      vertex 0.667867 28.8433 7.8528659
      vertex 0.397911 28.515 7.9693259
      vertex 0.768731 28.6686 7.9693259
    endloop
  endfacet
  facet normal -0.192671 0.464962 0.864111
    outer loop
      vertex 0.397911 28.515 7.9693259
      vertex 0.667867 28.8433 7.8528659
      vertex 0.345699 28.7098 7.8528659
    endloop
  endfacet
  facet normal -0.0657148 0.49902 -0.864095
    outer loop
      vertex 0 28.4626 0
      vertex 0.345699 28.7098 0.1164689
      vertex 0.397911 28.515 0
    endloop
  endfacet
  facet normal -0.065674 0.498976 -0.864124
    outer loop
      vertex 0.345699 28.7098 0.1164689
      vertex 0 28.4626 0
      vertex 0 28.6643 0.1164689
    endloop
  endfacet
  facet normal -0.130391 0.991463 0
    outer loop
      vertex 0.315556 28.8223 0.3181969
      vertex 0 28.7808 7.6511359
      vertex 0.315556 28.8223 7.6511359
    endloop
  endfacet
  facet normal -0.130391 0.991463 0
    outer loop
      vertex 0 28.7808 7.6511359
      vertex 0.315556 28.8223 0.3181969
      vertex 0 28.7808 0.3181969
    endloop
  endfacet
  facet normal -0.113251 0.860454 -0.496782
    outer loop
      vertex 0 28.6643 0.1164689
      vertex 0.315556 28.8223 0.3181969
      vertex 0.345699 28.7098 0.1164689
    endloop
  endfacet
  facet normal -0.113155 0.860404 -0.496892
    outer loop
      vertex 0.315556 28.8223 0.3181969
      vertex 0 28.6643 0.1164689
      vertex 0 28.7808 0.3181969
    endloop
  endfacet
  facet normal -0.113251 0.860457 0.496778
    outer loop
      vertex 0.315556 28.8223 7.6511359
      vertex 0 28.6643 7.8528659
      vertex 0.345699 28.7098 7.8528659
    endloop
  endfacet
  facet normal -0.113155 0.860406 0.496888
    outer loop
      vertex 0 28.6643 7.8528659
      vertex 0.315556 28.8223 7.6511359
      vertex 0 28.7808 7.6511359
    endloop
  endfacet
  facet normal -0.065677 0.499 0.86411
    outer loop
      vertex 0 28.6643 7.8528659
      vertex 0.397911 28.515 7.9693259
      vertex 0.345699 28.7098 7.8528659
    endloop
  endfacet
  facet normal -0.0657052 0.498947 0.864138
    outer loop
      vertex 0.397911 28.515 7.9693259
      vertex 0 28.6643 7.8528659
      vertex 0 28.4626 7.9693259
    endloop
  endfacet
  facet normal 0.130391 0.991463 -0
    outer loop
      vertex 0 28.7808 0.3181969
      vertex -0.315556 28.8223 7.6511359
      vertex 0 28.7808 7.6511359
    endloop
  endfacet
  facet normal 0.130391 0.991463 0
    outer loop
      vertex -0.315556 28.8223 7.6511359
      vertex 0 28.7808 0.3181969
      vertex -0.315556 28.8223 0.3181969
    endloop
  endfacet
  facet normal 0.0656702 0.498948 0.86414
    outer loop
      vertex -0.345699 28.7098 7.8528659
      vertex 0 28.4626 7.9693259
      vertex 0 28.6643 7.8528659
    endloop
  endfacet
  facet normal 0.0657111 0.498992 0.864112
    outer loop
      vertex 0 28.4626 7.9693259
      vertex -0.345699 28.7098 7.8528659
      vertex -0.397911 28.515 7.9693259
    endloop
  endfacet
  facet normal 0.113155 0.860406 0.496888
    outer loop
      vertex -0.315556 28.8223 7.6511359
      vertex 0 28.6643 7.8528659
      vertex 0 28.7808 7.6511359
    endloop
  endfacet
  facet normal 0.113251 0.860457 0.496778
    outer loop
      vertex 0 28.6643 7.8528659
      vertex -0.315556 28.8223 7.6511359
      vertex -0.345699 28.7098 7.8528659
    endloop
  endfacet
  facet normal 0.065674 0.498976 -0.864124
    outer loop
      vertex 0 28.4626 0
      vertex -0.345699 28.7098 0.1164689
      vertex 0 28.6643 0.1164689
    endloop
  endfacet
  facet normal 0.0657148 0.49902 -0.864095
    outer loop
      vertex -0.345699 28.7098 0.1164689
      vertex 0 28.4626 0
      vertex -0.397911 28.515 0
    endloop
  endfacet
  facet normal 0.113155 0.860404 -0.496892
    outer loop
      vertex 0 28.6643 0.1164689
      vertex -0.315556 28.8223 0.3181969
      vertex 0 28.7808 0.3181969
    endloop
  endfacet
  facet normal 0.113251 0.860454 -0.496782
    outer loop
      vertex -0.315556 28.8223 0.3181969
      vertex 0 28.6643 0.1164689
      vertex -0.345699 28.7098 0.1164689
    endloop
  endfacet
  facet normal 0.192671 0.464962 0.864111
    outer loop
      vertex -0.667867 28.8433 7.8528659
      vertex -0.397911 28.515 7.9693259
      vertex -0.345699 28.7098 7.8528659
    endloop
  endfacet
  facet normal 0.192569 0.464898 0.864168
    outer loop
      vertex -0.397911 28.515 7.9693259
      vertex -0.667867 28.8433 7.8528659
      vertex -0.768731 28.6686 7.9693259
    endloop
  endfacet
  facet normal 0.332098 0.801823 0.49678
    outer loop
      vertex -0.609632 28.9441 7.6511359
      vertex -0.345699 28.7098 7.8528659
      vertex -0.315556 28.8223 7.6511359
    endloop
  endfacet
  facet normal 0.332277 0.801864 0.496595
    outer loop
      vertex -0.345699 28.7098 7.8528659
      vertex -0.609632 28.9441 7.6511359
      vertex -0.667867 28.8433 7.8528659
    endloop
  endfacet
  facet normal 0.382656 0.923891 -0
    outer loop
      vertex -0.315556 28.8223 0.3181969
      vertex -0.609632 28.9441 7.6511359
      vertex -0.315556 28.8223 7.6511359
    endloop
  endfacet
  facet normal 0.382656 0.923891 0
    outer loop
      vertex -0.609632 28.9441 7.6511359
      vertex -0.315556 28.8223 0.3181969
      vertex -0.609632 28.9441 0.3181969
    endloop
  endfacet
  facet normal 0.192682 0.464989 -0.864094
    outer loop
      vertex -0.397911 28.515 0
      vertex -0.667867 28.8433 0.1164689
      vertex -0.345699 28.7098 0.1164689
    endloop
  endfacet
  facet normal 0.19258 0.464925 -0.864151
    outer loop
      vertex -0.667867 28.8433 0.1164689
      vertex -0.397911 28.515 0
      vertex -0.768731 28.6686 0
    endloop
  endfacet
  facet normal 0.332097 0.801821 -0.496784
    outer loop
      vertex -0.345699 28.7098 0.1164689
      vertex -0.609632 28.9441 0.3181969
      vertex -0.315556 28.8223 0.3181969
    endloop
  endfacet
  facet normal 0.332276 0.801862 -0.496598
    outer loop
      vertex -0.609632 28.9441 0.3181969
      vertex -0.345699 28.7098 0.1164689
      vertex -0.667867 28.8433 0.1164689
    endloop
  endfacet
  facet normal 0.528499 0.688524 -0.496611
    outer loop
      vertex -0.667867 28.8433 0.1164689
      vertex -0.862113 29.1379 0.3181969
      vertex -0.609632 28.9441 0.3181969
    endloop
  endfacet
  facet normal 0.528225 0.688534 -0.49689
    outer loop
      vertex -0.862113 29.1379 0.3181969
      vertex -0.667867 28.8433 0.1164689
      vertex -0.944467 29.0555 0.1164689
    endloop
  endfacet
  facet normal 0.306289 0.399244 0.864171
    outer loop
      vertex -0.944467 29.0555 7.8528659
      vertex -0.768731 28.6686 7.9693259
      vertex -0.667867 28.8433 7.8528659
    endloop
  endfacet
  facet normal 0.306368 0.399268 0.864132
    outer loop
      vertex -0.768731 28.6686 7.9693259
      vertex -0.944467 29.0555 7.8528659
      vertex -1.08711 28.9129 7.9693259
    endloop
  endfacet
  facet normal 0.608889 0.793255 -0
    outer loop
      vertex -0.609632 28.9441 0.3181969
      vertex -0.862113 29.1379 7.6511359
      vertex -0.609632 28.9441 7.6511359
    endloop
  endfacet
  facet normal 0.608889 0.793255 0
    outer loop
      vertex -0.862113 29.1379 7.6511359
      vertex -0.609632 28.9441 0.3181969
      vertex -0.862113 29.1379 0.3181969
    endloop
  endfacet
  facet normal 0.528501 0.688526 0.496608
    outer loop
      vertex -0.862113 29.1379 7.6511359
      vertex -0.667867 28.8433 7.8528659
      vertex -0.609632 28.9441 7.6511359
    endloop
  endfacet
  facet normal 0.528226 0.688536 0.496886
    outer loop
      vertex -0.667867 28.8433 7.8528659
      vertex -0.862113 29.1379 7.6511359
      vertex -0.944467 29.0555 7.8528659
    endloop
  endfacet
  facet normal 0.306306 0.399266 -0.864154
    outer loop
      vertex -0.768731 28.6686 0
      vertex -0.944467 29.0555 0.1164689
      vertex -0.667867 28.8433 0.1164689
    endloop
  endfacet
  facet normal 0.306385 0.39929 -0.864115
    outer loop
      vertex -0.944467 29.0555 0.1164689
      vertex -0.768731 28.6686 0
      vertex -1.08711 28.9129 0
    endloop
  endfacet
  facet normal 0.399262 0.306394 -0.864125
    outer loop
      vertex -1.08711 28.9129 0
      vertex -1.15673 29.3321 0.1164689
      vertex -0.944467 29.0555 0.1164689
    endloop
  endfacet
  facet normal 0.399297 0.306395 -0.864109
    outer loop
      vertex -1.15673 29.3321 0.1164689
      vertex -1.08711 28.9129 0
      vertex -1.33143 29.2313 0
    endloop
  endfacet
  facet normal 0.793343 0.608775 0
    outer loop
      vertex -0.862113 29.1379 7.6511359
      vertex -1.05587 29.3904 0.3181969
      vertex -1.05587 29.3904 7.6511359
    endloop
  endfacet
  facet normal 0.793343 0.608775 0
    outer loop
      vertex -1.05587 29.3904 0.3181969
      vertex -0.862113 29.1379 7.6511359
      vertex -0.862113 29.1379 0.3181969
    endloop
  endfacet
  facet normal 0.688469 0.5283 -0.496901
    outer loop
      vertex -0.862113 29.1379 0.3181969
      vertex -1.15673 29.3321 0.1164689
      vertex -1.05587 29.3904 0.3181969
    endloop
  endfacet
  facet normal 0.688468 0.52833 -0.496869
    outer loop
      vertex -1.15673 29.3321 0.1164689
      vertex -0.862113 29.1379 0.3181969
      vertex -0.944467 29.0555 0.1164689
    endloop
  endfacet
  facet normal 0.68847 0.528301 0.496897
    outer loop
      vertex -1.15673 29.3321 7.8528659
      vertex -0.862113 29.1379 7.6511359
      vertex -1.05587 29.3904 7.6511359
    endloop
  endfacet
  facet normal 0.688469 0.528332 0.496866
    outer loop
      vertex -0.862113 29.1379 7.6511359
      vertex -1.15673 29.3321 7.8528659
      vertex -0.944467 29.0555 7.8528659
    endloop
  endfacet
  facet normal 0.399239 0.306376 0.864142
    outer loop
      vertex -1.15673 29.3321 7.8528659
      vertex -1.08711 28.9129 7.9693259
      vertex -0.944467 29.0555 7.8528659
    endloop
  endfacet
  facet normal 0.399274 0.306378 0.864126
    outer loop
      vertex -1.08711 28.9129 7.9693259
      vertex -1.15673 29.3321 7.8528659
      vertex -1.33143 29.2313 7.9693259
    endloop
  endfacet
  facet normal 0.46496 0.19255 0.864139
    outer loop
      vertex -1.29016 29.6543 7.8528659
      vertex -1.33143 29.2313 7.9693259
      vertex -1.15673 29.3321 7.8528659
    endloop
  endfacet
  facet normal 0.464895 0.192565 0.864171
    outer loop
      vertex -1.33143 29.2313 7.9693259
      vertex -1.29016 29.6543 7.8528659
      vertex -1.48502 29.6021 7.9693259
    endloop
  endfacet
  facet normal 0.464987 0.192561 -0.864122
    outer loop
      vertex -1.33143 29.2313 0
      vertex -1.29016 29.6543 0.1164689
      vertex -1.15673 29.3321 0.1164689
    endloop
  endfacet
  facet normal 0.464921 0.192576 -0.864154
    outer loop
      vertex -1.29016 29.6543 0.1164689
      vertex -1.33143 29.2313 0
      vertex -1.48502 29.6021 0
    endloop
  endfacet
  facet normal 0.80183 0.33216 -0.496728
    outer loop
      vertex -1.05587 29.3904 0.3181969
      vertex -1.29016 29.6543 0.1164689
      vertex -1.17766 29.6844 0.3181969
    endloop
  endfacet
  facet normal 0.801804 0.332044 -0.496848
    outer loop
      vertex -1.29016 29.6543 0.1164689
      vertex -1.05587 29.3904 0.3181969
      vertex -1.15673 29.3321 0.1164689
    endloop
  endfacet
  facet normal 0.923867 0.382714 0
    outer loop
      vertex -1.05587 29.3904 7.6511359
      vertex -1.17766 29.6844 0.3181969
      vertex -1.17766 29.6844 7.6511359
    endloop
  endfacet
  facet normal 0.923867 0.382714 0
    outer loop
      vertex -1.17766 29.6844 0.3181969
      vertex -1.05587 29.3904 7.6511359
      vertex -1.05587 29.3904 0.3181969
    endloop
  endfacet
  facet normal 0.801832 0.33216 0.496724
    outer loop
      vertex -1.29016 29.6543 7.8528659
      vertex -1.05587 29.3904 7.6511359
      vertex -1.17766 29.6844 7.6511359
    endloop
  endfacet
  facet normal 0.801806 0.332045 0.496844
    outer loop
      vertex -1.05587 29.3904 7.6511359
      vertex -1.29016 29.6543 7.8528659
      vertex -1.15673 29.3321 7.8528659
    endloop
  endfacet
  facet normal 0.991443 0.130541 0
    outer loop
      vertex -1.17766 29.6844 7.6511359
      vertex -1.21533 29.9705 0.3181969
      vertex -1.21533 29.9705 7.6511359
    endloop
  endfacet
  facet normal 0.991443 0.130541 0
    outer loop
      vertex -1.21533 29.9705 0.3181969
      vertex -1.17766 29.6844 7.6511359
      vertex -1.17766 29.6844 0.3181969
    endloop
  endfacet
  facet normal 0.860445 0.113292 -0.496788
    outer loop
      vertex -1.17766 29.6844 0.3181969
      vertex -1.3318 29.9705 0.1164689
      vertex -1.21533 29.9705 0.3181969
    endloop
  endfacet
  facet normal 0.860455 0.113312 -0.496767
    outer loop
      vertex -1.3318 29.9705 0.1164689
      vertex -1.17766 29.6844 0.3181969
      vertex -1.29016 29.6543 0.1164689
    endloop
  endfacet
  facet normal 0.498884 0.0656974 0.864175
    outer loop
      vertex -1.3318 29.9705 7.8528659
      vertex -1.48502 29.6021 7.9693259
      vertex -1.29016 29.6543 7.8528659
    endloop
  endfacet
  facet normal 0.498891 0.0656928 0.864171
    outer loop
      vertex -1.48502 29.6021 7.9693259
      vertex -1.3318 29.9705 7.8528659
      vertex -1.53353 29.9705 7.9693259
    endloop
  endfacet
  facet normal 0.498912 0.0657011 -0.864159
    outer loop
      vertex -1.48502 29.6021 0
      vertex -1.3318 29.9705 0.1164689
      vertex -1.29016 29.6543 0.1164689
    endloop
  endfacet
  facet normal 0.49892 0.0656965 -0.864154
    outer loop
      vertex -1.3318 29.9705 0.1164689
      vertex -1.48502 29.6021 0
      vertex -1.53353 29.9705 0
    endloop
  endfacet
  facet normal 0.860448 0.113293 0.496784
    outer loop
      vertex -1.3318 29.9705 7.8528659
      vertex -1.17766 29.6844 7.6511359
      vertex -1.21533 29.9705 7.6511359
    endloop
  endfacet
  facet normal 0.860457 0.113313 0.496764
    outer loop
      vertex -1.17766 29.6844 7.6511359
      vertex -1.3318 29.9705 7.8528659
      vertex -1.29016 29.6543 7.8528659
    endloop
  endfacet
  facet normal -0.22591 -0.84359 -0.487156
    outer loop
      vertex -4.74657 52.4188 0.3181969
      vertex -4.9639 52.477 0.3181969
      vertex -4.90567 52.5779 0.1164689
    endloop
  endfacet
  facet normal -0.956139 0.292913 0
    outer loop
      vertex -5.12579 53.5084 0.3181969
      vertex -5.11421 53.5462 7.6511359
      vertex -5.11421 53.5462 0.3181969
    endloop
  endfacet
  facet normal -0.956139 0.292913 0
    outer loop
      vertex -5.11421 53.5462 7.6511359
      vertex -5.12579 53.5084 0.3181969
      vertex -5.12579 53.5084 7.6511359
    endloop
  endfacet
  facet normal -0.991426 -0.130671 0
    outer loop
      vertex -5.18123 52.8534 0.3181969
      vertex -5.18467 52.8795 7.6511359
      vertex -5.18467 52.8795 0.3181969
    endloop
  endfacet
  facet normal -0.991426 -0.130671 0
    outer loop
      vertex -5.18467 52.8795 7.6511359
      vertex -5.18123 52.8534 0.3181969
      vertex -5.18123 52.8534 7.6511359
    endloop
  endfacet
  facet normal -0.866021 0 -0.500007
    outer loop
      vertex -5.0682 52.8795 0.1164689
      vertex -5.18467 53.2834 0.3181969
      vertex -5.0682 53.2834 0.1164689
    endloop
  endfacet
  facet normal -0.866021 -0 -0.500007
    outer loop
      vertex -5.18467 53.2834 0.3181969
      vertex -5.0682 52.8795 0.1164689
      vertex -5.18467 52.8795 0.3181969
    endloop
  endfacet
  facet normal -0.843607 -0.22604 -0.487066
    outer loop
      vertex -5.02213 52.6943 0.1164689
      vertex -5.18123 52.8534 0.3181969
      vertex -5.06476 52.8534 0.1164689
    endloop
  endfacet
  facet normal -0.13286 -0.991135 0
    outer loop
      vertex -4.74657 52.4188 0.3181969
      vertex -4.72046 52.4153 7.6511359
      vertex -4.74657 52.4188 7.6511359
    endloop
  endfacet
  facet normal -0.13286 -0.991135 -0
    outer loop
      vertex -4.72046 52.4153 7.6511359
      vertex -4.74657 52.4188 0.3181969
      vertex -4.72046 52.4153 0.3181969
    endloop
  endfacet
  facet normal -0.495545 0.132779 0.858374
    outer loop
      vertex -5.02493 53.4502 7.8528659
      vertex -5.06756 53.2911 7.8528659
      vertex -4.86583 53.2911 7.9693259
    endloop
  endfacet
  facet normal 1 -0 0
    outer loop
      vertex -1.21533 29.9705 7.6511359
      vertex -1.21533 57.5205 0.3181969
      vertex -1.21533 57.5205 7.6511359
    endloop
  endfacet
  facet normal 1 0 0
    outer loop
      vertex -1.21533 57.5205 0.3181969
      vertex -1.21533 29.9705 7.6511359
      vertex -1.21533 29.9705 0.3181969
    endloop
  endfacet
  facet normal 0.5 0 -0.866025
    outer loop
      vertex -1.53353 29.9705 0
      vertex -1.3318 57.5205 0.1164689
      vertex -1.3318 29.9705 0.1164689
    endloop
  endfacet
  facet normal 0.5 0 -0.866025
    outer loop
      vertex -1.3318 57.5205 0.1164689
      vertex -1.53353 29.9705 0
      vertex -1.53353 57.5205 0
    endloop
  endfacet
  facet normal -0.788676 0.360038 0.498359
    outer loop
      vertex -5.11421 53.5462 7.6511359
      vertex -3.8682 55.9964 7.8528659
      vertex -3.98467 56.0205 7.6511359
    endloop
  endfacet
  facet normal -0.788723 0.36007 0.498263
    outer loop
      vertex -3.8682 55.9964 7.8528659
      vertex -5.11421 53.5462 7.6511359
      vertex -5.01334 53.488 7.8528659
    endloop
  endfacet
  facet normal 0.866021 0 -0.500007
    outer loop
      vertex -1.21533 29.9705 0.3181969
      vertex -1.3318 57.5205 0.1164689
      vertex -1.21533 57.5205 0.3181969
    endloop
  endfacet
  facet normal 0.866021 0 -0.500007
    outer loop
      vertex -1.3318 57.5205 0.1164689
      vertex -1.21533 29.9705 0.3181969
      vertex -1.3318 29.9705 0.1164689
    endloop
  endfacet
  facet normal -0.965921 0.258838 0
    outer loop
      vertex -5.18402 53.2911 0.3181969
      vertex -5.12579 53.5084 7.6511359
      vertex -5.12579 53.5084 0.3181969
    endloop
  endfacet
  facet normal -0.965921 0.258838 0
    outer loop
      vertex -5.12579 53.5084 7.6511359
      vertex -5.18402 53.2911 0.3181969
      vertex -5.18402 53.2911 7.6511359
    endloop
  endfacet
  facet normal -0.456418 0.208358 0.865026
    outer loop
      vertex -3.8682 55.9964 7.8528659
      vertex -4.83864 53.3871 7.9693259
      vertex -3.66647 55.9548 7.9693259
    endloop
  endfacet
  facet normal -0.456352 0.208335 0.865066
    outer loop
      vertex -4.83864 53.3871 7.9693259
      vertex -3.8682 55.9964 7.8528659
      vertex -5.01334 53.488 7.8528659
    endloop
  endfacet
  facet normal -0.0649788 -0.498999 -0.864163
    outer loop
      vertex -4.74657 52.5352 0.1164689
      vertex -4.72046 52.7335 0
      vertex -4.72046 52.5318 0.1164689
    endloop
  endfacet
  facet normal -0.0668568 -0.498752 -0.864163
    outer loop
      vertex -4.72046 52.7335 0
      vertex -4.74657 52.5352 0.1164689
      vertex -4.74657 52.737 0
    endloop
  endfacet
  facet normal -0.860434 -0.113406 -0.496782
    outer loop
      vertex -5.06476 52.8534 0.1164689
      vertex -5.18467 52.8795 0.3181969
      vertex -5.0682 52.8795 0.1164689
    endloop
  endfacet
  facet normal -0.860434 -0.113406 -0.496782
    outer loop
      vertex -5.18467 52.8795 0.3181969
      vertex -5.06476 52.8534 0.1164689
      vertex -5.18123 52.8534 0.3181969
    endloop
  endfacet
  facet normal -0.498943 -0.0655699 -0.864151
    outer loop
      vertex -5.06476 52.8534 0.1164689
      vertex -4.86647 52.8795 0
      vertex -4.86304 52.8534 0
    endloop
  endfacet
  facet normal -0.498918 -0.0657578 -0.864151
    outer loop
      vertex -4.86647 52.8795 0
      vertex -5.06476 52.8534 0.1164689
      vertex -5.0682 52.8795 0.1164689
    endloop
  endfacet
  facet normal -0.833312 0.255284 0.490327
    outer loop
      vertex -5.12579 53.5084 7.6511359
      vertex -5.01334 53.488 7.8528659
      vertex -5.11421 53.5462 7.6511359
    endloop
  endfacet
  facet normal -0.833256 0.255488 0.490317
    outer loop
      vertex -5.01334 53.488 7.8528659
      vertex -5.12579 53.5084 7.6511359
      vertex -5.02493 53.4502 7.8528659
    endloop
  endfacet
  facet normal -1 0 0
    outer loop
      vertex -5.18467 52.8795 0.3181969
      vertex -5.18467 53.2834 7.6511359
      vertex -5.18467 53.2834 0.3181969
    endloop
  endfacet
  facet normal -1 -0 0
    outer loop
      vertex -5.18467 53.2834 7.6511359
      vertex -5.18467 52.8795 0.3181969
      vertex -5.18467 52.8795 7.6511359
    endloop
  endfacet
  facet normal -0.788675 0.360037 -0.498363
    outer loop
      vertex -3.8682 55.9964 0.1164689
      vertex -5.11421 53.5462 0.3181969
      vertex -3.98467 56.0205 0.3181969
    endloop
  endfacet
  facet normal -0.788721 0.360069 -0.498266
    outer loop
      vertex -5.11421 53.5462 0.3181969
      vertex -3.8682 55.9964 0.1164689
      vertex -5.01334 53.488 0.1164689
    endloop
  endfacet
  facet normal -0.909692 0.415283 0
    outer loop
      vertex -5.11421 53.5462 0.3181969
      vertex -3.98467 56.0205 7.6511359
      vertex -3.98467 56.0205 0.3181969
    endloop
  endfacet
  facet normal -0.909692 0.415283 0
    outer loop
      vertex -3.98467 56.0205 7.6511359
      vertex -5.11421 53.5462 0.3181969
      vertex -5.11421 53.5462 7.6511359
    endloop
  endfacet
  facet normal -0.866023 0 0.500004
    outer loop
      vertex -5.18467 52.8795 7.6511359
      vertex -5.0682 53.2834 7.8528659
      vertex -5.18467 53.2834 7.6511359
    endloop
  endfacet
  facet normal -0.866023 0 0.500004
    outer loop
      vertex -5.0682 53.2834 7.8528659
      vertex -5.18467 52.8795 7.6511359
      vertex -5.0682 52.8795 7.8528659
    endloop
  endfacet
  facet normal -0.843624 0.226045 -0.487034
    outer loop
      vertex -5.06756 53.2911 0.1164689
      vertex -5.18402 53.2911 0.3181969
      vertex -5.02493 53.4502 0.1164689
    endloop
  endfacet
  facet normal -0.707107 -0.707107 0
    outer loop
      vertex -4.9639 52.477 0.3181969
      vertex -5.123 52.6361 7.6511359
      vertex -5.123 52.6361 0.3181969
    endloop
  endfacet
  facet normal -0.707107 -0.707107 0
    outer loop
      vertex -5.123 52.6361 7.6511359
      vertex -4.9639 52.477 0.3181969
      vertex -4.9639 52.477 7.6511359
    endloop
  endfacet
  facet normal 0 -0.865968 0.5001
    outer loop
      vertex -3.98467 52.4153 7.6511359
      vertex -4.72046 52.5318 7.8528659
      vertex -4.72046 52.4153 7.6511359
    endloop
  endfacet
  facet normal 0 -0.865968 0.5001
    outer loop
      vertex -4.72046 52.5318 7.8528659
      vertex -3.98467 52.4153 7.6511359
      vertex -3.8682 52.5318 7.8528659
    endloop
  endfacet
  facet normal 0 -0.500056 -0.865993
    outer loop
      vertex -4.72046 52.7335 0
      vertex -3.8682 52.5318 0.1164689
      vertex -4.72046 52.5318 0.1164689
    endloop
  endfacet
  facet normal 0 -0.500056 -0.865993
    outer loop
      vertex -3.8682 52.5318 0.1164689
      vertex -4.72046 52.7335 0
      vertex -3.66647 52.7335 0
    endloop
  endfacet
  facet normal -0.495572 0.132786 -0.858356
    outer loop
      vertex -4.86583 53.2911 0
      vertex -5.06756 53.2911 0.1164689
      vertex -5.02493 53.4502 0.1164689
    endloop
  endfacet
  facet normal -0.843626 0.226045 0.487031
    outer loop
      vertex -5.02493 53.4502 7.8528659
      vertex -5.18402 53.2911 7.6511359
      vertex -5.06756 53.2911 7.8528659
    endloop
  endfacet
  facet normal 0 -0.865965 -0.500104
    outer loop
      vertex -4.72046 52.5318 0.1164689
      vertex -3.98467 52.4153 0.3181969
      vertex -4.72046 52.4153 0.3181969
    endloop
  endfacet
  facet normal 0 -0.865965 -0.500104
    outer loop
      vertex -3.98467 52.4153 0.3181969
      vertex -4.72046 52.5318 0.1164689
      vertex -3.8682 52.5318 0.1164689
    endloop
  endfacet
  facet normal -0.132966 -0.495431 -0.85841
    outer loop
      vertex -4.74657 52.5352 0.1164689
      vertex -4.90567 52.5779 0.1164689
      vertex -4.74657 52.737 0
    endloop
  endfacet
  facet normal -0.36263 -0.362885 -0.858379
    outer loop
      vertex -4.90567 52.5779 0.1164689
      vertex -4.84743 52.7952 0
      vertex -4.8048 52.7526 0
    endloop
  endfacet
  facet normal -0.362678 -0.362865 -0.858367
    outer loop
      vertex -4.84743 52.7952 0
      vertex -4.90567 52.5779 0.1164689
      vertex -5.02213 52.6943 0.1164689
    endloop
  endfacet
  facet normal -0.226424 -0.843656 -0.486802
    outer loop
      vertex -4.74657 52.4188 0.3181969
      vertex -4.90567 52.5779 0.1164689
      vertex -4.74657 52.5352 0.1164689
    endloop
  endfacet
  facet normal -0.226425 -0.843658 0.486798
    outer loop
      vertex -4.74657 52.5352 7.8528659
      vertex -4.90567 52.5779 7.8528659
      vertex -4.74657 52.4188 7.6511359
    endloop
  endfacet
  facet normal -0.84361 -0.226063 -0.487051
    outer loop
      vertex -5.123 52.6361 0.3181969
      vertex -5.18123 52.8534 0.3181969
      vertex -5.02213 52.6943 0.1164689
    endloop
  endfacet
  facet normal -0.965921 -0.258838 0
    outer loop
      vertex -5.123 52.6361 0.3181969
      vertex -5.18123 52.8534 7.6511359
      vertex -5.18123 52.8534 0.3181969
    endloop
  endfacet
  facet normal -0.965921 -0.258838 0
    outer loop
      vertex -5.18123 52.8534 7.6511359
      vertex -5.123 52.6361 0.3181969
      vertex -5.123 52.6361 7.6511359
    endloop
  endfacet
  facet normal -0.617442 -0.61776 -0.486968
    outer loop
      vertex -4.90567 52.5779 0.1164689
      vertex -5.123 52.6361 0.3181969
      vertex -5.02213 52.6943 0.1164689
    endloop
  endfacet
  facet normal -0.617536 -0.617536 -0.487134
    outer loop
      vertex -5.123 52.6361 0.3181969
      vertex -4.90567 52.5779 0.1164689
      vertex -4.9639 52.477 0.3181969
    endloop
  endfacet
  facet normal -0.258681 -0.965963 0
    outer loop
      vertex -4.9639 52.477 0.3181969
      vertex -4.74657 52.4188 7.6511359
      vertex -4.9639 52.477 7.6511359
    endloop
  endfacet
  facet normal -0.258681 -0.965963 -0
    outer loop
      vertex -4.74657 52.4188 7.6511359
      vertex -4.9639 52.477 0.3181969
      vertex -4.74657 52.4188 0.3181969
    endloop
  endfacet
  facet normal -0.495505 -0.132901 -0.858378
    outer loop
      vertex -4.84743 52.7952 0
      vertex -5.02213 52.6943 0.1164689
      vertex -4.86304 52.8534 0
    endloop
  endfacet
  facet normal -0.843627 0.226067 -0.487019
    outer loop
      vertex -5.02493 53.4502 0.1164689
      vertex -5.18402 53.2911 0.3181969
      vertex -5.12579 53.5084 0.3181969
    endloop
  endfacet
  facet normal -0.83331 0.255284 -0.490331
    outer loop
      vertex -5.01334 53.488 0.1164689
      vertex -5.12579 53.5084 0.3181969
      vertex -5.11421 53.5462 0.3181969
    endloop
  endfacet
  facet normal -0.833254 0.255487 -0.49032
    outer loop
      vertex -5.12579 53.5084 0.3181969
      vertex -5.01334 53.488 0.1164689
      vertex -5.02493 53.4502 0.1164689
    endloop
  endfacet
  facet normal -0.863805 0.0717968 -0.498685
    outer loop
      vertex -5.0682 53.2834 0.1164689
      vertex -5.18402 53.2911 0.3181969
      vertex -5.06756 53.2911 0.1164689
    endloop
  endfacet
  facet normal -0.863716 0.0729111 -0.498677
    outer loop
      vertex -5.18402 53.2911 0.3181969
      vertex -5.0682 53.2834 0.1164689
      vertex -5.18467 53.2834 0.3181969
    endloop
  endfacet
  facet normal -0.996456 0.0841164 0
    outer loop
      vertex -5.18467 53.2834 0.3181969
      vertex -5.18402 53.2911 7.6511359
      vertex -5.18402 53.2911 0.3181969
    endloop
  endfacet
  facet normal -0.996456 0.0841164 0
    outer loop
      vertex -5.18402 53.2911 7.6511359
      vertex -5.18467 53.2834 0.3181969
      vertex -5.18467 53.2834 7.6511359
    endloop
  endfacet
  facet normal 0 -1 0
    outer loop
      vertex -4.72046 52.4153 0.3181969
      vertex -3.98467 52.4153 7.6511359
      vertex -4.72046 52.4153 7.6511359
    endloop
  endfacet
  facet normal 0 -1 -0
    outer loop
      vertex -3.98467 52.4153 7.6511359
      vertex -4.72046 52.4153 0.3181969
      vertex -3.98467 52.4153 0.3181969
    endloop
  endfacet
  facet normal -0.456444 0.208369 -0.865009
    outer loop
      vertex -4.83864 53.3871 0
      vertex -3.8682 55.9964 0.1164689
      vertex -3.66647 55.9548 0
    endloop
  endfacet
  facet normal -0.456378 0.208347 -0.86505
    outer loop
      vertex -3.8682 55.9964 0.1164689
      vertex -4.83864 53.3871 0
      vertex -5.01334 53.488 0.1164689
    endloop
  endfacet
  facet normal -0.843629 0.226068 0.487015
    outer loop
      vertex -5.12579 53.5084 7.6511359
      vertex -5.18402 53.2911 7.6511359
      vertex -5.02493 53.4502 7.8528659
    endloop
  endfacet
  facet normal -0.495459 0.132888 0.858406
    outer loop
      vertex -4.85022 53.3493 7.9693259
      vertex -5.02493 53.4502 7.8528659
      vertex -4.86583 53.2911 7.9693259
    endloop
  endfacet
  facet normal -0.132769 -0.495586 -0.858351
    outer loop
      vertex -4.74657 52.737 0
      vertex -4.90567 52.5779 0.1164689
      vertex -4.8048 52.7526 0
    endloop
  endfacet
  facet normal -0.115331 -0.860372 -0.496447
    outer loop
      vertex -4.74657 52.5352 0.1164689
      vertex -4.72046 52.4153 0.3181969
      vertex -4.74657 52.4188 0.3181969
    endloop
  endfacet
  facet normal -0.112054 -0.860512 -0.496954
    outer loop
      vertex -4.72046 52.4153 0.3181969
      vertex -4.74657 52.5352 0.1164689
      vertex -4.72046 52.5318 0.1164689
    endloop
  endfacet
  facet normal -0.487331 0.149293 -0.860361
    outer loop
      vertex -5.02493 53.4502 0.1164689
      vertex -4.83864 53.3871 0
      vertex -4.85022 53.3493 0
    endloop
  endfacet
  facet normal -0.487292 0.14941 -0.860362
    outer loop
      vertex -4.83864 53.3871 0
      vertex -5.02493 53.4502 0.1164689
      vertex -5.01334 53.488 0.1164689
    endloop
  endfacet
  facet normal -0.495591 -0.132791 -0.858345
    outer loop
      vertex -5.02213 52.6943 0.1164689
      vertex -5.06476 52.8534 0.1164689
      vertex -4.86304 52.8534 0
    endloop
  endfacet
  facet normal -0.5 0 -0.866025
    outer loop
      vertex -5.0682 52.8795 0.1164689
      vertex -4.86647 53.2834 0
      vertex -4.86647 52.8795 0
    endloop
  endfacet
  facet normal -0.5 0 -0.866025
    outer loop
      vertex -4.86647 53.2834 0
      vertex -5.0682 52.8795 0.1164689
      vertex -5.0682 53.2834 0.1164689
    endloop
  endfacet
  facet normal -0.495486 0.132896 -0.858389
    outer loop
      vertex -4.86583 53.2911 0
      vertex -5.02493 53.4502 0.1164689
      vertex -4.85022 53.3493 0
    endloop
  endfacet
  facet normal 0.499971 0 0.866042
    outer loop
      vertex -1.53353 57.5205 7.9693259
      vertex -1.3318 29.9705 7.8528659
      vertex -1.3318 57.5205 7.8528659
    endloop
  endfacet
  facet normal 0.499971 0 0.866042
    outer loop
      vertex -1.3318 29.9705 7.8528659
      vertex -1.53353 57.5205 7.9693259
      vertex -1.53353 29.9705 7.9693259
    endloop
  endfacet
  facet normal -0.499569 0.0415226 -0.865278
    outer loop
      vertex -4.86647 53.2834 0
      vertex -5.06756 53.2911 0.1164689
      vertex -4.86583 53.2911 0
    endloop
  endfacet
  facet normal -0.499569 0.0415226 -0.865278
    outer loop
      vertex -5.06756 53.2911 0.1164689
      vertex -4.86647 53.2834 0
      vertex -5.0682 53.2834 0.1164689
    endloop
  endfacet
  facet normal -0.617443 -0.617762 0.486964
    outer loop
      vertex -5.123 52.6361 7.6511359
      vertex -4.90567 52.5779 7.8528659
      vertex -5.02213 52.6943 7.8528659
    endloop
  endfacet
  facet normal -0.617537 -0.617537 0.48713
    outer loop
      vertex -4.90567 52.5779 7.8528659
      vertex -5.123 52.6361 7.6511359
      vertex -4.9639 52.477 7.6511359
    endloop
  endfacet
  facet normal -0.132959 -0.495404 0.858427
    outer loop
      vertex -4.74657 52.737 7.9693259
      vertex -4.90567 52.5779 7.8528659
      vertex -4.74657 52.5352 7.8528659
    endloop
  endfacet
  facet normal -0.49954 0.0415202 0.865295
    outer loop
      vertex -5.06756 53.2911 7.8528659
      vertex -4.86647 53.2834 7.9693259
      vertex -4.86583 53.2911 7.9693259
    endloop
  endfacet
  facet normal -0.49954 0.0415202 0.865295
    outer loop
      vertex -4.86647 53.2834 7.9693259
      vertex -5.06756 53.2911 7.8528659
      vertex -5.0682 53.2834 7.8528659
    endloop
  endfacet
  facet normal -0.112078 -0.860696 0.496629
    outer loop
      vertex -4.74657 52.4188 7.6511359
      vertex -4.72046 52.5318 7.8528659
      vertex -4.74657 52.5352 7.8528659
    endloop
  endfacet
  facet normal -0.115307 -0.860191 0.496764
    outer loop
      vertex -4.72046 52.5318 7.8528659
      vertex -4.74657 52.4188 7.6511359
      vertex -4.72046 52.4153 7.6511359
    endloop
  endfacet
  facet normal 0 -0.500027 0.86601
    outer loop
      vertex -4.72046 52.7335 7.9693259
      vertex -3.8682 52.5318 7.8528659
      vertex -3.66647 52.7335 7.9693259
    endloop
  endfacet
  facet normal 0 -0.500027 0.86601
    outer loop
      vertex -3.8682 52.5318 7.8528659
      vertex -4.72046 52.7335 7.9693259
      vertex -4.72046 52.5318 7.8528659
    endloop
  endfacet
  facet normal -0.495477 -0.132893 0.858395
    outer loop
      vertex -4.86304 52.8534 7.9693259
      vertex -5.02213 52.6943 7.8528659
      vertex -4.84743 52.7952 7.9693259
    endloop
  endfacet
  facet normal -0.843609 -0.22604 0.487062
    outer loop
      vertex -5.06476 52.8534 7.8528659
      vertex -5.18123 52.8534 7.6511359
      vertex -5.02213 52.6943 7.8528659
    endloop
  endfacet
  facet normal -0.863737 0.0729128 0.498641
    outer loop
      vertex -5.18467 53.2834 7.6511359
      vertex -5.06756 53.2911 7.8528659
      vertex -5.18402 53.2911 7.6511359
    endloop
  endfacet
  facet normal -0.863788 0.0717954 0.498713
    outer loop
      vertex -5.06756 53.2911 7.8528659
      vertex -5.18467 53.2834 7.6511359
      vertex -5.0682 53.2834 7.8528659
    endloop
  endfacet
  facet normal -0.843612 -0.226063 0.487047
    outer loop
      vertex -5.02213 52.6943 7.8528659
      vertex -5.18123 52.8534 7.6511359
      vertex -5.123 52.6361 7.6511359
    endloop
  endfacet
  facet normal 0.866023 -0 0.500004
    outer loop
      vertex -1.3318 29.9705 7.8528659
      vertex -1.21533 57.5205 7.6511359
      vertex -1.3318 57.5205 7.8528659
    endloop
  endfacet
  facet normal 0.866023 0 0.500004
    outer loop
      vertex -1.21533 57.5205 7.6511359
      vertex -1.3318 29.9705 7.8528659
      vertex -1.21533 29.9705 7.6511359
    endloop
  endfacet
  facet normal -0.495563 -0.132783 0.858363
    outer loop
      vertex -4.86304 52.8534 7.9693259
      vertex -5.06476 52.8534 7.8528659
      vertex -5.02213 52.6943 7.8528659
    endloop
  endfacet
  facet normal -0.22591 -0.843592 0.487152
    outer loop
      vertex -4.90567 52.5779 7.8528659
      vertex -4.9639 52.477 7.6511359
      vertex -4.74657 52.4188 7.6511359
    endloop
  endfacet
  facet normal -0.362609 -0.362865 0.858396
    outer loop
      vertex -4.84743 52.7952 7.9693259
      vertex -4.90567 52.5779 7.8528659
      vertex -4.8048 52.7526 7.9693259
    endloop
  endfacet
  facet normal -0.362658 -0.362845 0.858384
    outer loop
      vertex -4.90567 52.5779 7.8528659
      vertex -4.84743 52.7952 7.9693259
      vertex -5.02213 52.6943 7.8528659
    endloop
  endfacet
  facet normal -0.487264 0.149402 0.860379
    outer loop
      vertex -5.02493 53.4502 7.8528659
      vertex -4.83864 53.3871 7.9693259
      vertex -5.01334 53.488 7.8528659
    endloop
  endfacet
  facet normal -0.487303 0.149285 0.860378
    outer loop
      vertex -4.83864 53.3871 7.9693259
      vertex -5.02493 53.4502 7.8528659
      vertex -4.85022 53.3493 7.9693259
    endloop
  endfacet
  facet normal -0.499971 0 0.866042
    outer loop
      vertex -5.0682 53.2834 7.8528659
      vertex -4.86647 52.8795 7.9693259
      vertex -4.86647 53.2834 7.9693259
    endloop
  endfacet
  facet normal -0.499971 0 0.866042
    outer loop
      vertex -4.86647 52.8795 7.9693259
      vertex -5.0682 53.2834 7.8528659
      vertex -5.0682 52.8795 7.8528659
    endloop
  endfacet
  facet normal -0.066853 -0.498723 0.864179
    outer loop
      vertex -4.74657 52.5352 7.8528659
      vertex -4.72046 52.7335 7.9693259
      vertex -4.74657 52.737 7.9693259
    endloop
  endfacet
  facet normal -0.0649751 -0.498971 0.86418
    outer loop
      vertex -4.72046 52.7335 7.9693259
      vertex -4.74657 52.5352 7.8528659
      vertex -4.72046 52.5318 7.8528659
    endloop
  endfacet
  facet normal -0.498914 -0.0655661 0.864168
    outer loop
      vertex -4.86647 52.8795 7.9693259
      vertex -5.06476 52.8534 7.8528659
      vertex -4.86304 52.8534 7.9693259
    endloop
  endfacet
  facet normal -0.498889 -0.065754 0.864168
    outer loop
      vertex -5.06476 52.8534 7.8528659
      vertex -4.86647 52.8795 7.9693259
      vertex -5.0682 52.8795 7.8528659
    endloop
  endfacet
  facet normal -0.860436 -0.113406 0.496778
    outer loop
      vertex -5.18123 52.8534 7.6511359
      vertex -5.0682 52.8795 7.8528659
      vertex -5.18467 52.8795 7.6511359
    endloop
  endfacet
  facet normal -0.860436 -0.113406 0.496778
    outer loop
      vertex -5.0682 52.8795 7.8528659
      vertex -5.18123 52.8534 7.6511359
      vertex -5.06476 52.8534 7.8528659
    endloop
  endfacet
  facet normal -0.132762 -0.495558 0.858369
    outer loop
      vertex -4.8048 52.7526 7.9693259
      vertex -4.90567 52.5779 7.8528659
      vertex -4.74657 52.737 7.9693259
    endloop
  endfacet
  facet normal 0.362645 0.362864 0.858381
    outer loop
      vertex -1.49433 57.8221 7.8528659
      vertex -1.55256 57.6048 7.9693259
      vertex -1.37786 57.7057 7.8528659
    endloop
  endfacet
  facet normal 0.362619 0.362874 0.858388
    outer loop
      vertex -1.55256 57.6048 7.9693259
      vertex -1.49433 57.8221 7.8528659
      vertex -1.59519 57.6474 7.9693259
    endloop
  endfacet
  facet normal 0.362666 0.362884 -0.858364
    outer loop
      vertex -1.55256 57.6048 0
      vertex -1.49433 57.8221 0.1164689
      vertex -1.37786 57.7057 0.1164689
    endloop
  endfacet
  facet normal 0.362639 0.362895 -0.858371
    outer loop
      vertex -1.49433 57.8221 0.1164689
      vertex -1.55256 57.6048 0
      vertex -1.59519 57.6474 0
    endloop
  endfacet
  facet normal -0.843607 0.22604 -0.487066
    outer loop
      vertex -3.86477 57.5466 0.1164689
      vertex -3.98124 57.5466 0.3181969
      vertex -3.82214 57.7057 0.1164689
    endloop
  endfacet
  facet normal 0.13275 0.495601 -0.858346
    outer loop
      vertex -1.59519 57.6474 0
      vertex -1.65343 57.663 0
      vertex -1.49433 57.8221 0.1164689
    endloop
  endfacet
  facet normal 0.132743 0.495573 0.858363
    outer loop
      vertex -1.49433 57.8221 7.8528659
      vertex -1.65343 57.663 7.9693259
      vertex -1.59519 57.6474 7.9693259
    endloop
  endfacet
  facet normal 0.843615 0.226103 -0.487023
    outer loop
      vertex -1.21876 57.5466 0.3181969
      vertex -1.37786 57.7057 0.1164689
      vertex -1.277 57.7639 0.3181969
    endloop
  endfacet
  facet normal -0.617536 0.617536 -0.487134
    outer loop
      vertex -3.70567 57.8221 0.1164689
      vertex -3.923 57.7639 0.3181969
      vertex -3.7639 57.923 0.3181969
    endloop
  endfacet
  facet normal -0.617426 0.617798 -0.48694
    outer loop
      vertex -3.923 57.7639 0.3181969
      vertex -3.70567 57.8221 0.1164689
      vertex -3.82214 57.7057 0.1164689
    endloop
  endfacet
  facet normal -0.991475 0.130297 0
    outer loop
      vertex -3.98467 57.5205 0.3181969
      vertex -3.98124 57.5466 7.6511359
      vertex -3.98124 57.5466 0.3181969
    endloop
  endfacet
  facet normal -0.991475 0.130297 0
    outer loop
      vertex -3.98124 57.5466 7.6511359
      vertex -3.98467 57.5205 0.3181969
      vertex -3.98467 57.5205 7.6511359
    endloop
  endfacet
  facet normal -0.5 0 -0.866025
    outer loop
      vertex -3.8682 55.9964 0.1164689
      vertex -3.66647 57.5205 0
      vertex -3.66647 55.9548 0
    endloop
  endfacet
  facet normal -0.5 0 -0.866025
    outer loop
      vertex -3.66647 57.5205 0
      vertex -3.8682 55.9964 0.1164689
      vertex -3.8682 57.5205 0.1164689
    endloop
  endfacet
  facet normal 0.495514 0.132818 0.858385
    outer loop
      vertex -1.37786 57.7057 7.8528659
      vertex -1.55256 57.6048 7.9693259
      vertex -1.53696 57.5466 7.9693259
    endloop
  endfacet
  facet normal -0.860468 0.113081 0.496797
    outer loop
      vertex -3.98467 57.5205 7.6511359
      vertex -3.86477 57.5466 7.8528659
      vertex -3.98124 57.5466 7.6511359
    endloop
  endfacet
  facet normal -0.860468 0.113081 0.496797
    outer loop
      vertex -3.86477 57.5466 7.8528659
      vertex -3.98467 57.5205 7.6511359
      vertex -3.8682 57.5205 7.8528659
    endloop
  endfacet
  facet normal 0.132959 0.495404 0.858427
    outer loop
      vertex -1.65343 57.8648 7.8528659
      vertex -1.65343 57.663 7.9693259
      vertex -1.49433 57.8221 7.8528659
    endloop
  endfacet
  facet normal 0.843617 0.226103 0.487019
    outer loop
      vertex -1.277 57.7639 7.6511359
      vertex -1.37786 57.7057 7.8528659
      vertex -1.21876 57.5466 7.6511359
    endloop
  endfacet
  facet normal 0.96591 0.25888 0
    outer loop
      vertex -1.21876 57.5466 7.6511359
      vertex -1.277 57.7639 0.3181969
      vertex -1.277 57.7639 7.6511359
    endloop
  endfacet
  facet normal 0.96591 0.25888 0
    outer loop
      vertex -1.277 57.7639 0.3181969
      vertex -1.21876 57.5466 7.6511359
      vertex -1.21876 57.5466 0.3181969
    endloop
  endfacet
  facet normal -1 0 0
    outer loop
      vertex -3.98467 56.0205 0.3181969
      vertex -3.98467 57.5205 7.6511359
      vertex -3.98467 57.5205 0.3181969
    endloop
  endfacet
  facet normal -1 -0 0
    outer loop
      vertex -3.98467 57.5205 7.6511359
      vertex -3.98467 56.0205 0.3181969
      vertex -3.98467 56.0205 7.6511359
    endloop
  endfacet
  facet normal 0 0.865968 0.5001
    outer loop
      vertex -1.67953 57.9847 7.6511359
      vertex -3.52046 57.8682 7.8528659
      vertex -1.67953 57.8682 7.8528659
    endloop
  endfacet
  facet normal 0 0.865968 0.5001
    outer loop
      vertex -3.52046 57.8682 7.8528659
      vertex -1.67953 57.9847 7.6511359
      vertex -3.52046 57.9847 7.6511359
    endloop
  endfacet
  facet normal -0.13286 0.991135 0
    outer loop
      vertex -3.52046 57.9847 0.3181969
      vertex -3.54657 57.9812 7.6511359
      vertex -3.52046 57.9847 7.6511359
    endloop
  endfacet
  facet normal -0.13286 0.991135 0
    outer loop
      vertex -3.54657 57.9812 7.6511359
      vertex -3.52046 57.9847 0.3181969
      vertex -3.54657 57.9812 0.3181969
    endloop
  endfacet
  facet normal -0.112055 0.860514 0.496951
    outer loop
      vertex -3.52046 57.9847 7.6511359
      vertex -3.54657 57.8648 7.8528659
      vertex -3.52046 57.8682 7.8528659
    endloop
  endfacet
  facet normal -0.115332 0.860374 0.496443
    outer loop
      vertex -3.54657 57.8648 7.8528659
      vertex -3.52046 57.9847 7.6511359
      vertex -3.54657 57.9812 7.6511359
    endloop
  endfacet
  facet normal -0.617537 0.617537 0.48713
    outer loop
      vertex -3.923 57.7639 7.6511359
      vertex -3.70567 57.8221 7.8528659
      vertex -3.7639 57.923 7.6511359
    endloop
  endfacet
  facet normal -0.617428 0.617799 0.486936
    outer loop
      vertex -3.70567 57.8221 7.8528659
      vertex -3.923 57.7639 7.6511359
      vertex -3.82214 57.7057 7.8528659
    endloop
  endfacet
  facet normal 0.617549 0.61751 0.48715
    outer loop
      vertex -1.49433 57.8221 7.8528659
      vertex -1.277 57.7639 7.6511359
      vertex -1.43609 57.923 7.6511359
    endloop
  endfacet
  facet normal 0.617428 0.617799 0.486936
    outer loop
      vertex -1.277 57.7639 7.6511359
      vertex -1.49433 57.8221 7.8528659
      vertex -1.37786 57.7057 7.8528659
    endloop
  endfacet
  facet normal 0.843609 0.22604 0.487062
    outer loop
      vertex -1.21876 57.5466 7.6511359
      vertex -1.37786 57.7057 7.8528659
      vertex -1.33523 57.5466 7.8528659
    endloop
  endfacet
  facet normal 0.495545 0.132779 0.858374
    outer loop
      vertex -1.37786 57.7057 7.8528659
      vertex -1.53696 57.5466 7.9693259
      vertex -1.33523 57.5466 7.8528659
    endloop
  endfacet
  facet normal 0.860466 0.11308 -0.4968
    outer loop
      vertex -1.21533 57.5205 0.3181969
      vertex -1.33523 57.5466 0.1164689
      vertex -1.21876 57.5466 0.3181969
    endloop
  endfacet
  facet normal 0.860466 0.11308 -0.4968
    outer loop
      vertex -1.33523 57.5466 0.1164689
      vertex -1.21533 57.5205 0.3181969
      vertex -1.3318 57.5205 0.1164689
    endloop
  endfacet
  facet normal -0.860466 0.11308 -0.4968
    outer loop
      vertex -3.8682 57.5205 0.1164689
      vertex -3.98124 57.5466 0.3181969
      vertex -3.86477 57.5466 0.1164689
    endloop
  endfacet
  facet normal -0.860466 0.11308 -0.4968
    outer loop
      vertex -3.98124 57.5466 0.3181969
      vertex -3.8682 57.5205 0.1164689
      vertex -3.98467 57.5205 0.3181969
    endloop
  endfacet
  facet normal -0.866021 0 -0.500007
    outer loop
      vertex -3.8682 57.5205 0.1164689
      vertex -3.98467 56.0205 0.3181969
      vertex -3.98467 57.5205 0.3181969
    endloop
  endfacet
  facet normal -0.866021 0 -0.500007
    outer loop
      vertex -3.98467 56.0205 0.3181969
      vertex -3.8682 57.5205 0.1164689
      vertex -3.8682 55.9964 0.1164689
    endloop
  endfacet
  facet normal 0.991475 0.130297 0
    outer loop
      vertex -1.21533 57.5205 7.6511359
      vertex -1.21876 57.5466 0.3181969
      vertex -1.21876 57.5466 7.6511359
    endloop
  endfacet
  facet normal 0.991475 0.130297 0
    outer loop
      vertex -1.21876 57.5466 0.3181969
      vertex -1.21533 57.5205 7.6511359
      vertex -1.21533 57.5205 0.3181969
    endloop
  endfacet
  facet normal -0.22591 0.84359 -0.487156
    outer loop
      vertex -3.70567 57.8221 0.1164689
      vertex -3.7639 57.923 0.3181969
      vertex -3.54657 57.9812 0.3181969
    endloop
  endfacet
  facet normal -0.132769 0.495586 -0.858351
    outer loop
      vertex -3.6048 57.6474 0
      vertex -3.70567 57.8221 0.1164689
      vertex -3.54657 57.663 0
    endloop
  endfacet
  facet normal -0.498896 0.0655637 0.864179
    outer loop
      vertex -3.86477 57.5466 7.8528659
      vertex -3.66647 57.5205 7.9693259
      vertex -3.66304 57.5466 7.9693259
    endloop
  endfacet
  facet normal -0.498896 0.0655637 0.864179
    outer loop
      vertex -3.66647 57.5205 7.9693259
      vertex -3.86477 57.5466 7.8528659
      vertex -3.8682 57.5205 7.8528659
    endloop
  endfacet
  facet normal 0.0649999 0.49897 0.864178
    outer loop
      vertex -1.67953 57.6665 7.9693259
      vertex -1.65343 57.8648 7.8528659
      vertex -1.67953 57.8682 7.8528659
    endloop
  endfacet
  facet normal 0.0668785 0.498722 0.864178
    outer loop
      vertex -1.65343 57.8648 7.8528659
      vertex -1.67953 57.6665 7.9693259
      vertex -1.65343 57.663 7.9693259
    endloop
  endfacet
  facet normal 0.226424 0.843656 -0.486802
    outer loop
      vertex -1.49433 57.8221 0.1164689
      vertex -1.65343 57.8648 0.1164689
      vertex -1.65343 57.9812 0.3181969
    endloop
  endfacet
  facet normal -0.258681 0.965963 0
    outer loop
      vertex -3.54657 57.9812 0.3181969
      vertex -3.7639 57.923 7.6511359
      vertex -3.54657 57.9812 7.6511359
    endloop
  endfacet
  facet normal -0.258681 0.965963 0
    outer loop
      vertex -3.7639 57.923 7.6511359
      vertex -3.54657 57.9812 0.3181969
      vertex -3.7639 57.923 0.3181969
    endloop
  endfacet
  facet normal -0.132762 0.495558 0.858369
    outer loop
      vertex -3.54657 57.663 7.9693259
      vertex -3.70567 57.8221 7.8528659
      vertex -3.6048 57.6474 7.9693259
    endloop
  endfacet
  facet normal -0.36263 0.362885 -0.858379
    outer loop
      vertex -3.64743 57.6048 0
      vertex -3.70567 57.8221 0.1164689
      vertex -3.6048 57.6474 0
    endloop
  endfacet
  facet normal -0.362656 0.362874 -0.858372
    outer loop
      vertex -3.70567 57.8221 0.1164689
      vertex -3.64743 57.6048 0
      vertex -3.82214 57.7057 0.1164689
    endloop
  endfacet
  facet normal -0.0649751 0.498971 0.86418
    outer loop
      vertex -3.54657 57.8648 7.8528659
      vertex -3.52046 57.6665 7.9693259
      vertex -3.52046 57.8682 7.8528659
    endloop
  endfacet
  facet normal -0.066853 0.498723 0.864179
    outer loop
      vertex -3.52046 57.6665 7.9693259
      vertex -3.54657 57.8648 7.8528659
      vertex -3.54657 57.663 7.9693259
    endloop
  endfacet
  facet normal -0.499971 0 0.866042
    outer loop
      vertex -3.8682 55.9964 7.8528659
      vertex -3.66647 57.5205 7.9693259
      vertex -3.8682 57.5205 7.8528659
    endloop
  endfacet
  facet normal -0.499971 0 0.866042
    outer loop
      vertex -3.66647 57.5205 7.9693259
      vertex -3.8682 55.9964 7.8528659
      vertex -3.66647 55.9548 7.9693259
    endloop
  endfacet
  facet normal 0.860468 0.113081 0.496797
    outer loop
      vertex -1.3318 57.5205 7.8528659
      vertex -1.21876 57.5466 7.6511359
      vertex -1.33523 57.5466 7.8528659
    endloop
  endfacet
  facet normal 0.860468 0.113081 0.496797
    outer loop
      vertex -1.21876 57.5466 7.6511359
      vertex -1.3318 57.5205 7.8528659
      vertex -1.21533 57.5205 7.6511359
    endloop
  endfacet
  facet normal 0.498896 0.0655637 0.864179
    outer loop
      vertex -1.33523 57.5466 7.8528659
      vertex -1.53353 57.5205 7.9693259
      vertex -1.3318 57.5205 7.8528659
    endloop
  endfacet
  facet normal 0.498896 0.0655637 0.864179
    outer loop
      vertex -1.53353 57.5205 7.9693259
      vertex -1.33523 57.5466 7.8528659
      vertex -1.53696 57.5466 7.9693259
    endloop
  endfacet
  facet normal -0.0668568 0.498752 -0.864163
    outer loop
      vertex -3.54657 57.8648 0.1164689
      vertex -3.52046 57.6665 0
      vertex -3.54657 57.663 0
    endloop
  endfacet
  facet normal -0.0649788 0.498999 -0.864163
    outer loop
      vertex -3.52046 57.6665 0
      vertex -3.54657 57.8648 0.1164689
      vertex -3.52046 57.8682 0.1164689
    endloop
  endfacet
  facet normal 0.13291 0.991128 -0
    outer loop
      vertex -1.65343 57.9812 0.3181969
      vertex -1.67953 57.9847 7.6511359
      vertex -1.65343 57.9812 7.6511359
    endloop
  endfacet
  facet normal 0.13291 0.991128 0
    outer loop
      vertex -1.67953 57.9847 7.6511359
      vertex -1.65343 57.9812 0.3181969
      vertex -1.67953 57.9847 0.3181969
    endloop
  endfacet
  facet normal -0 0.500027 0.86601
    outer loop
      vertex -3.52046 57.8682 7.8528659
      vertex -1.67953 57.6665 7.9693259
      vertex -1.67953 57.8682 7.8528659
    endloop
  endfacet
  facet normal 0 0.500027 0.86601
    outer loop
      vertex -1.67953 57.6665 7.9693259
      vertex -3.52046 57.8682 7.8528659
      vertex -3.52046 57.6665 7.9693259
    endloop
  endfacet
  facet normal -0.866023 0 0.500004
    outer loop
      vertex -3.98467 56.0205 7.6511359
      vertex -3.8682 57.5205 7.8528659
      vertex -3.98467 57.5205 7.6511359
    endloop
  endfacet
  facet normal -0.866023 0 0.500004
    outer loop
      vertex -3.8682 57.5205 7.8528659
      vertex -3.98467 56.0205 7.6511359
      vertex -3.8682 55.9964 7.8528659
    endloop
  endfacet
  facet normal 0.112121 0.860692 0.496627
    outer loop
      vertex -1.65343 57.9812 7.6511359
      vertex -1.67953 57.8682 7.8528659
      vertex -1.65343 57.8648 7.8528659
    endloop
  endfacet
  facet normal 0.115351 0.860187 0.496762
    outer loop
      vertex -1.67953 57.8682 7.8528659
      vertex -1.65343 57.9812 7.6511359
      vertex -1.67953 57.9847 7.6511359
    endloop
  endfacet
  facet normal 0.225899 0.843591 0.487159
    outer loop
      vertex -1.43609 57.923 7.6511359
      vertex -1.65343 57.9812 7.6511359
      vertex -1.49433 57.8221 7.8528659
    endloop
  endfacet
  facet normal -0.22591 0.843592 0.487152
    outer loop
      vertex -3.54657 57.9812 7.6511359
      vertex -3.7639 57.923 7.6511359
      vertex -3.70567 57.8221 7.8528659
    endloop
  endfacet
  facet normal -0.843617 0.226103 0.487019
    outer loop
      vertex -3.923 57.7639 7.6511359
      vertex -3.98124 57.5466 7.6511359
      vertex -3.82214 57.7057 7.8528659
    endloop
  endfacet
  facet normal -0.362609 0.362865 0.858396
    outer loop
      vertex -3.70567 57.8221 7.8528659
      vertex -3.64743 57.6048 7.9693259
      vertex -3.6048 57.6474 7.9693259
    endloop
  endfacet
  facet normal -0.362636 0.362854 0.858389
    outer loop
      vertex -3.64743 57.6048 7.9693259
      vertex -3.70567 57.8221 7.8528659
      vertex -3.82214 57.7057 7.8528659
    endloop
  endfacet
  facet normal -0.226425 0.843658 0.486798
    outer loop
      vertex -3.54657 57.9812 7.6511359
      vertex -3.70567 57.8221 7.8528659
      vertex -3.54657 57.8648 7.8528659
    endloop
  endfacet
  facet normal -0.132959 0.495404 0.858427
    outer loop
      vertex -3.54657 57.8648 7.8528659
      vertex -3.70567 57.8221 7.8528659
      vertex -3.54657 57.663 7.9693259
    endloop
  endfacet
  facet normal -0.495459 0.132888 0.858406
    outer loop
      vertex -3.64743 57.6048 7.9693259
      vertex -3.82214 57.7057 7.8528659
      vertex -3.66304 57.5466 7.9693259
    endloop
  endfacet
  facet normal 0.258669 0.965966 -0
    outer loop
      vertex -1.43609 57.923 0.3181969
      vertex -1.65343 57.9812 7.6511359
      vertex -1.43609 57.923 7.6511359
    endloop
  endfacet
  facet normal 0.258669 0.965966 0
    outer loop
      vertex -1.65343 57.9812 7.6511359
      vertex -1.43609 57.923 0.3181969
      vertex -1.65343 57.9812 0.3181969
    endloop
  endfacet
  facet normal 0.0668823 0.498751 -0.864161
    outer loop
      vertex -1.67953 57.6665 0
      vertex -1.65343 57.8648 0.1164689
      vertex -1.65343 57.663 0
    endloop
  endfacet
  facet normal 0.0650036 0.498998 -0.864162
    outer loop
      vertex -1.65343 57.8648 0.1164689
      vertex -1.67953 57.6665 0
      vertex -1.67953 57.8682 0.1164689
    endloop
  endfacet
  facet normal 0.707129 0.707085 0
    outer loop
      vertex -1.277 57.7639 7.6511359
      vertex -1.43609 57.923 0.3181969
      vertex -1.43609 57.923 7.6511359
    endloop
  endfacet
  facet normal 0.707129 0.707085 0
    outer loop
      vertex -1.43609 57.923 0.3181969
      vertex -1.277 57.7639 7.6511359
      vertex -1.277 57.7639 0.3181969
    endloop
  endfacet
  facet normal 0.843607 0.22604 -0.487066
    outer loop
      vertex -1.33523 57.5466 0.1164689
      vertex -1.37786 57.7057 0.1164689
      vertex -1.21876 57.5466 0.3181969
    endloop
  endfacet
  facet normal 0.226425 0.843658 0.486798
    outer loop
      vertex -1.65343 57.9812 7.6511359
      vertex -1.65343 57.8648 7.8528659
      vertex -1.49433 57.8221 7.8528659
    endloop
  endfacet
  facet normal -0.495545 0.132779 0.858374
    outer loop
      vertex -3.82214 57.7057 7.8528659
      vertex -3.86477 57.5466 7.8528659
      vertex -3.66304 57.5466 7.9693259
    endloop
  endfacet
  facet normal -0.843609 0.22604 0.487062
    outer loop
      vertex -3.82214 57.7057 7.8528659
      vertex -3.98124 57.5466 7.6511359
      vertex -3.86477 57.5466 7.8528659
    endloop
  endfacet
  facet normal 0 0.865965 -0.500104
    outer loop
      vertex -1.67953 57.8682 0.1164689
      vertex -3.52046 57.9847 0.3181969
      vertex -1.67953 57.9847 0.3181969
    endloop
  endfacet
  facet normal 0 0.865965 -0.500104
    outer loop
      vertex -3.52046 57.9847 0.3181969
      vertex -1.67953 57.8682 0.1164689
      vertex -3.52046 57.8682 0.1164689
    endloop
  endfacet
  facet normal 0.225899 0.843589 -0.487163
    outer loop
      vertex -1.49433 57.8221 0.1164689
      vertex -1.65343 57.9812 0.3181969
      vertex -1.43609 57.923 0.3181969
    endloop
  endfacet
  facet normal -0.498924 0.0655674 -0.864162
    outer loop
      vertex -3.66647 57.5205 0
      vertex -3.86477 57.5466 0.1164689
      vertex -3.66304 57.5466 0
    endloop
  endfacet
  facet normal -0.498924 0.0655674 -0.864162
    outer loop
      vertex -3.86477 57.5466 0.1164689
      vertex -3.66647 57.5205 0
      vertex -3.8682 57.5205 0.1164689
    endloop
  endfacet
  facet normal 0 0.500056 -0.865993
    outer loop
      vertex -3.52046 57.6665 0
      vertex -1.67953 57.8682 0.1164689
      vertex -1.67953 57.6665 0
    endloop
  endfacet
  facet normal 0 0.500056 -0.865993
    outer loop
      vertex -1.67953 57.8682 0.1164689
      vertex -3.52046 57.6665 0
      vertex -3.52046 57.8682 0.1164689
    endloop
  endfacet
  facet normal 0.495542 0.132826 -0.858368
    outer loop
      vertex -1.53696 57.5466 0
      vertex -1.55256 57.6048 0
      vertex -1.37786 57.7057 0.1164689
    endloop
  endfacet
  facet normal 0.495572 0.132786 -0.858356
    outer loop
      vertex -1.33523 57.5466 0.1164689
      vertex -1.53696 57.5466 0
      vertex -1.37786 57.7057 0.1164689
    endloop
  endfacet
  facet normal 0.498924 0.0655674 -0.864162
    outer loop
      vertex -1.53353 57.5205 0
      vertex -1.33523 57.5466 0.1164689
      vertex -1.3318 57.5205 0.1164689
    endloop
  endfacet
  facet normal 0.498924 0.0655674 -0.864162
    outer loop
      vertex -1.33523 57.5466 0.1164689
      vertex -1.53353 57.5205 0
      vertex -1.53696 57.5466 0
    endloop
  endfacet
  facet normal -0.115307 0.860189 -0.496768
    outer loop
      vertex -3.52046 57.8682 0.1164689
      vertex -3.54657 57.9812 0.3181969
      vertex -3.52046 57.9847 0.3181969
    endloop
  endfacet
  facet normal -0.112078 0.860694 -0.496633
    outer loop
      vertex -3.54657 57.9812 0.3181969
      vertex -3.52046 57.8682 0.1164689
      vertex -3.54657 57.8648 0.1164689
    endloop
  endfacet
  facet normal 0 1 -0
    outer loop
      vertex -1.67953 57.9847 0.3181969
      vertex -3.52046 57.9847 7.6511359
      vertex -1.67953 57.9847 7.6511359
    endloop
  endfacet
  facet normal 0 1 0
    outer loop
      vertex -3.52046 57.9847 7.6511359
      vertex -1.67953 57.9847 0.3181969
      vertex -3.52046 57.9847 0.3181969
    endloop
  endfacet
  facet normal 0.115375 0.860367 -0.496444
    outer loop
      vertex -1.65343 57.8648 0.1164689
      vertex -1.67953 57.9847 0.3181969
      vertex -1.65343 57.9812 0.3181969
    endloop
  endfacet
  facet normal 0.112097 0.860507 -0.496952
    outer loop
      vertex -1.67953 57.9847 0.3181969
      vertex -1.65343 57.8648 0.1164689
      vertex -1.67953 57.8682 0.1164689
    endloop
  endfacet
  facet normal 0.617547 0.617508 -0.487154
    outer loop
      vertex -1.277 57.7639 0.3181969
      vertex -1.49433 57.8221 0.1164689
      vertex -1.43609 57.923 0.3181969
    endloop
  endfacet
  facet normal 0.617426 0.617798 -0.48694
    outer loop
      vertex -1.49433 57.8221 0.1164689
      vertex -1.277 57.7639 0.3181969
      vertex -1.37786 57.7057 0.1164689
    endloop
  endfacet
  facet normal -0.843615 0.226103 -0.487023
    outer loop
      vertex -3.82214 57.7057 0.1164689
      vertex -3.98124 57.5466 0.3181969
      vertex -3.923 57.7639 0.3181969
    endloop
  endfacet
  facet normal -0.495486 0.132896 -0.858389
    outer loop
      vertex -3.66304 57.5466 0
      vertex -3.82214 57.7057 0.1164689
      vertex -3.64743 57.6048 0
    endloop
  endfacet
  facet normal -0.96591 0.25888 0
    outer loop
      vertex -3.98124 57.5466 0.3181969
      vertex -3.923 57.7639 7.6511359
      vertex -3.923 57.7639 0.3181969
    endloop
  endfacet
  facet normal -0.96591 0.25888 0
    outer loop
      vertex -3.923 57.7639 7.6511359
      vertex -3.98124 57.5466 0.3181969
      vertex -3.98124 57.5466 7.6511359
    endloop
  endfacet
  facet normal -0.132966 0.495431 -0.85841
    outer loop
      vertex -3.54657 57.663 0
      vertex -3.70567 57.8221 0.1164689
      vertex -3.54657 57.8648 0.1164689
    endloop
  endfacet
  facet normal -0.226424 0.843656 -0.486802
    outer loop
      vertex -3.54657 57.8648 0.1164689
      vertex -3.70567 57.8221 0.1164689
      vertex -3.54657 57.9812 0.3181969
    endloop
  endfacet
  facet normal 0.132966 0.495431 -0.85841
    outer loop
      vertex -1.49433 57.8221 0.1164689
      vertex -1.65343 57.663 0
      vertex -1.65343 57.8648 0.1164689
    endloop
  endfacet
  facet normal -0.495572 0.132786 -0.858356
    outer loop
      vertex -3.66304 57.5466 0
      vertex -3.86477 57.5466 0.1164689
      vertex -3.82214 57.7057 0.1164689
    endloop
  endfacet
  facet normal -0.707107 0.707107 0
    outer loop
      vertex -3.923 57.7639 0.3181969
      vertex -3.7639 57.923 7.6511359
      vertex -3.7639 57.923 0.3181969
    endloop
  endfacet
  facet normal -0.707107 0.707107 0
    outer loop
      vertex -3.7639 57.923 7.6511359
      vertex -3.923 57.7639 0.3181969
      vertex -3.923 57.7639 7.6511359
    endloop
  endfacet
endsolid OpenSCAD_Model
