solid OpenSCAD_Model
  facet normal -0.130686 0.991424 0
    outer loop
      vertex -61.3671 -22.2693 0.2615707
      vertex -61.6 -22.3 15.6615707
      vertex -61.3671 -22.2693 15.6615707
    endloop
  endfacet
  facet normal -0.130686 0.991424 0
    outer loop
      vertex -61.6 -22.3 15.6615707
      vertex -61.3671 -22.2693 0.2615707
      vertex -61.6 -22.3 0.2615707
    endloop
  endfacet
  facet normal 0 -1 0
    outer loop
      vertex -68.4 -13.7 0.2615707
      vertex -61.6 -13.7 15.6615707
      vertex -68.4 -13.7 15.6615707
    endloop
  endfacet
  facet normal 0 -1 -0
    outer loop
      vertex -61.6 -13.7 15.6615707
      vertex -68.4 -13.7 0.2615707
      vertex -61.6 -13.7 0.2615707
    endloop
  endfacet
  facet normal 0.130686 0.991424 -0
    outer loop
      vertex -68.4 -22.3 0.2615707
      vertex -68.6329 -22.2693 15.6615707
      vertex -68.4 -22.3 15.6615707
    endloop
  endfacet
  facet normal 0.130686 0.991424 0
    outer loop
      vertex -68.6329 -22.2693 15.6615707
      vertex -68.4 -22.3 0.2615707
      vertex -68.6329 -22.2693 0.2615707
    endloop
  endfacet
  facet normal 1 -0 0
    outer loop
      vertex -69.3 -21.4 15.6615707
      vertex -69.3 -14.6 0.2615707
      vertex -69.3 -14.6 15.6615707
    endloop
  endfacet
  facet normal 1 0 0
    outer loop
      vertex -69.3 -14.6 0.2615707
      vertex -69.3 -21.4 15.6615707
      vertex -69.3 -21.4 0.2615707
    endloop
  endfacet
  facet normal -0.130686 -0.991424 0
    outer loop
      vertex -61.6 -13.7 0.2615707
      vertex -61.3671 -13.7307 15.6615707
      vertex -61.6 -13.7 15.6615707
    endloop
  endfacet
  facet normal -0.130686 -0.991424 -0
    outer loop
      vertex -61.3671 -13.7307 15.6615707
      vertex -61.6 -13.7 0.2615707
      vertex -61.3671 -13.7307 0.2615707
    endloop
  endfacet
  facet normal 0.991424 -0.130686 0
    outer loop
      vertex -69.3 -14.6 15.6615707
      vertex -69.2693 -14.3671 0.2615707
      vertex -69.2693 -14.3671 15.6615707
    endloop
  endfacet
  facet normal 0.991424 -0.130686 0
    outer loop
      vertex -69.2693 -14.3671 0.2615707
      vertex -69.3 -14.6 15.6615707
      vertex -69.3 -14.6 0.2615707
    endloop
  endfacet
  facet normal -0.991424 0.130686 0
    outer loop
      vertex -60.7307 -21.6329 0.2615707
      vertex -60.7 -21.4 15.6615707
      vertex -60.7 -21.4 0.2615707
    endloop
  endfacet
  facet normal -0.991424 0.130686 0
    outer loop
      vertex -60.7 -21.4 15.6615707
      vertex -60.7307 -21.6329 0.2615707
      vertex -60.7307 -21.6329 15.6615707
    endloop
  endfacet
  facet normal 0 1 -0
    outer loop
      vertex -61.6 -22.3 0.2615707
      vertex -68.4 -22.3 15.6615707
      vertex -61.6 -22.3 15.6615707
    endloop
  endfacet
  facet normal 0 1 0
    outer loop
      vertex -68.4 -22.3 15.6615707
      vertex -61.6 -22.3 0.2615707
      vertex -68.4 -22.3 0.2615707
    endloop
  endfacet
  facet normal 0.38259 -0.923918 0
    outer loop
      vertex -68.85 -13.8206 0.2615707
      vertex -68.6329 -13.7307 15.6615707
      vertex -68.85 -13.8206 15.6615707
    endloop
  endfacet
  facet normal 0.38259 -0.923918 0
    outer loop
      vertex -68.6329 -13.7307 15.6615707
      vertex -68.85 -13.8206 0.2615707
      vertex -68.6329 -13.7307 0.2615707
    endloop
  endfacet
  facet normal -0.608682 0.793414 0
    outer loop
      vertex -60.9636 -22.0364 0.2615707
      vertex -61.15 -22.1794 15.6615707
      vertex -60.9636 -22.0364 15.6615707
    endloop
  endfacet
  facet normal -0.608682 0.793414 0
    outer loop
      vertex -61.15 -22.1794 15.6615707
      vertex -60.9636 -22.0364 0.2615707
      vertex -61.15 -22.1794 0.2615707
    endloop
  endfacet
  facet normal 0.130686 -0.991424 0
    outer loop
      vertex -68.6329 -13.7307 0.2615707
      vertex -68.4 -13.7 15.6615707
      vertex -68.6329 -13.7307 15.6615707
    endloop
  endfacet
  facet normal 0.130686 -0.991424 0
    outer loop
      vertex -68.4 -13.7 15.6615707
      vertex -68.6329 -13.7307 0.2615707
      vertex -68.4 -13.7 0.2615707
    endloop
  endfacet
  facet normal 0.608682 0.793414 -0
    outer loop
      vertex -68.85 -22.1794 0.2615707
      vertex -69.0364 -22.0364 15.6615707
      vertex -68.85 -22.1794 15.6615707
    endloop
  endfacet
  facet normal 0.608682 0.793414 0
    outer loop
      vertex -69.0364 -22.0364 15.6615707
      vertex -68.85 -22.1794 0.2615707
      vertex -69.0364 -22.0364 0.2615707
    endloop
  endfacet
  facet normal -0.793414 -0.608682 0
    outer loop
      vertex -60.8206 -14.15 0.2615707
      vertex -60.9636 -13.9636 15.6615707
      vertex -60.9636 -13.9636 0.2615707
    endloop
  endfacet
  facet normal -0.793414 -0.608682 0
    outer loop
      vertex -60.9636 -13.9636 15.6615707
      vertex -60.8206 -14.15 0.2615707
      vertex -60.8206 -14.15 15.6615707
    endloop
  endfacet
  facet normal 0.608682 -0.793414 0
    outer loop
      vertex -69.0364 -13.9636 0.2615707
      vertex -68.85 -13.8206 15.6615707
      vertex -69.0364 -13.9636 15.6615707
    endloop
  endfacet
  facet normal 0.608682 -0.793414 0
    outer loop
      vertex -68.85 -13.8206 15.6615707
      vertex -69.0364 -13.9636 0.2615707
      vertex -68.85 -13.8206 0.2615707
    endloop
  endfacet
  facet normal 0.923918 0.38259 0
    outer loop
      vertex -69.1794 -21.85 15.6615707
      vertex -69.2693 -21.6329 0.2615707
      vertex -69.2693 -21.6329 15.6615707
    endloop
  endfacet
  facet normal 0.923918 0.38259 0
    outer loop
      vertex -69.2693 -21.6329 0.2615707
      vertex -69.1794 -21.85 15.6615707
      vertex -69.1794 -21.85 0.2615707
    endloop
  endfacet
  facet normal 0.38259 0.923918 -0
    outer loop
      vertex -68.6329 -22.2693 0.2615707
      vertex -68.85 -22.1794 15.6615707
      vertex -68.6329 -22.2693 15.6615707
    endloop
  endfacet
  facet normal 0.38259 0.923918 0
    outer loop
      vertex -68.85 -22.1794 15.6615707
      vertex -68.6329 -22.2693 0.2615707
      vertex -68.85 -22.1794 0.2615707
    endloop
  endfacet
  facet normal 0.793414 -0.608682 0
    outer loop
      vertex -69.1794 -14.15 15.6615707
      vertex -69.0364 -13.9636 0.2615707
      vertex -69.0364 -13.9636 15.6615707
    endloop
  endfacet
  facet normal 0.793414 -0.608682 0
    outer loop
      vertex -69.0364 -13.9636 0.2615707
      vertex -69.1794 -14.15 15.6615707
      vertex -69.1794 -14.15 0.2615707
    endloop
  endfacet
  facet normal -0.38259 -0.923918 0
    outer loop
      vertex -61.3671 -13.7307 0.2615707
      vertex -61.15 -13.8206 15.6615707
      vertex -61.3671 -13.7307 15.6615707
    endloop
  endfacet
  facet normal -0.38259 -0.923918 -0
    outer loop
      vertex -61.15 -13.8206 15.6615707
      vertex -61.3671 -13.7307 0.2615707
      vertex -61.15 -13.8206 0.2615707
    endloop
  endfacet
  facet normal -0.923918 -0.38259 0
    outer loop
      vertex -60.7307 -14.3671 0.2615707
      vertex -60.8206 -14.15 15.6615707
      vertex -60.8206 -14.15 0.2615707
    endloop
  endfacet
  facet normal -0.923918 -0.38259 0
    outer loop
      vertex -60.8206 -14.15 15.6615707
      vertex -60.7307 -14.3671 0.2615707
      vertex -60.7307 -14.3671 15.6615707
    endloop
  endfacet
  facet normal 0.923918 -0.38259 0
    outer loop
      vertex -69.2693 -14.3671 15.6615707
      vertex -69.1794 -14.15 0.2615707
      vertex -69.1794 -14.15 15.6615707
    endloop
  endfacet
  facet normal 0.923918 -0.38259 0
    outer loop
      vertex -69.1794 -14.15 0.2615707
      vertex -69.2693 -14.3671 15.6615707
      vertex -69.2693 -14.3671 0.2615707
    endloop
  endfacet
  facet normal -0.608682 -0.793414 0
    outer loop
      vertex -61.15 -13.8206 0.2615707
      vertex -60.9636 -13.9636 15.6615707
      vertex -61.15 -13.8206 15.6615707
    endloop
  endfacet
  facet normal -0.608682 -0.793414 -0
    outer loop
      vertex -60.9636 -13.9636 15.6615707
      vertex -61.15 -13.8206 0.2615707
      vertex -60.9636 -13.9636 0.2615707
    endloop
  endfacet
  facet normal -0.38259 0.923918 0
    outer loop
      vertex -61.15 -22.1794 0.2615707
      vertex -61.3671 -22.2693 15.6615707
      vertex -61.15 -22.1794 15.6615707
    endloop
  endfacet
  facet normal -0.38259 0.923918 0
    outer loop
      vertex -61.3671 -22.2693 15.6615707
      vertex -61.15 -22.1794 0.2615707
      vertex -61.3671 -22.2693 0.2615707
    endloop
  endfacet
  facet normal 0.991424 0.130686 0
    outer loop
      vertex -69.2693 -21.6329 15.6615707
      vertex -69.3 -21.4 0.2615707
      vertex -69.3 -21.4 15.6615707
    endloop
  endfacet
  facet normal 0.991424 0.130686 0
    outer loop
      vertex -69.3 -21.4 0.2615707
      vertex -69.2693 -21.6329 15.6615707
      vertex -69.2693 -21.6329 0.2615707
    endloop
  endfacet
  facet normal -1 0 0
    outer loop
      vertex -60.7 -21.4 0.2615707
      vertex -60.7 -14.6 15.6615707
      vertex -60.7 -14.6 0.2615707
    endloop
  endfacet
  facet normal -1 -0 0
    outer loop
      vertex -60.7 -14.6 15.6615707
      vertex -60.7 -21.4 0.2615707
      vertex -60.7 -21.4 15.6615707
    endloop
  endfacet
  facet normal 0.793414 0.608682 0
    outer loop
      vertex -69.0364 -22.0364 15.6615707
      vertex -69.1794 -21.85 0.2615707
      vertex -69.1794 -21.85 15.6615707
    endloop
  endfacet
  facet normal 0.793414 0.608682 0
    outer loop
      vertex -69.1794 -21.85 0.2615707
      vertex -69.0364 -22.0364 15.6615707
      vertex -69.0364 -22.0364 0.2615707
    endloop
  endfacet
  facet normal -0.923918 0.38259 0
    outer loop
      vertex -60.8206 -21.85 0.2615707
      vertex -60.7307 -21.6329 15.6615707
      vertex -60.7307 -21.6329 0.2615707
    endloop
  endfacet
  facet normal -0.923918 0.38259 0
    outer loop
      vertex -60.7307 -21.6329 15.6615707
      vertex -60.8206 -21.85 0.2615707
      vertex -60.8206 -21.85 15.6615707
    endloop
  endfacet
  facet normal -0.793414 0.608682 0
    outer loop
      vertex -60.9636 -22.0364 0.2615707
      vertex -60.8206 -21.85 15.6615707
      vertex -60.8206 -21.85 0.2615707
    endloop
  endfacet
  facet normal -0.793414 0.608682 0
    outer loop
      vertex -60.8206 -21.85 15.6615707
      vertex -60.9636 -22.0364 0.2615707
      vertex -60.9636 -22.0364 15.6615707
    endloop
  endfacet
  facet normal -0.991424 -0.130686 0
    outer loop
      vertex -60.7 -14.6 0.2615707
      vertex -60.7307 -14.3671 15.6615707
      vertex -60.7307 -14.3671 0.2615707
    endloop
  endfacet
  facet normal -0.991424 -0.130686 0
    outer loop
      vertex -60.7307 -14.3671 15.6615707
      vertex -60.7 -14.6 0.2615707
      vertex -60.7 -14.6 15.6615707
    endloop
  endfacet
  facet normal 0.0896904 -0.68042 -0.727313
    outer loop
      vertex -68.6329 -13.7307 0.2615707
      vertex -68.8104 -13.4745 0
      vertex -68.4 -13.7 0.2615707
    endloop
  endfacet
  facet normal 0.0897239 -0.680406 -0.727322
    outer loop
      vertex -68.8104 -13.4745 0
      vertex -68.6329 -13.7307 0.2615707
      vertex -68.8468 -13.4793 0
    endloop
  endfacet
  facet normal -0.0896471 0.680606 -0.727145
    outer loop
      vertex -61.1896 -22.5254 0
      vertex -61.3999 -22.5531 0
      vertex -61.6 -22.3 0.2615707
    endloop
  endfacet
  facet normal 0.244858 0.59131 -0.768373
    outer loop
      vertex -69.0427 -22.4395 0
      vertex -68.85 -22.1794 0.2615707
      vertex -68.6329 -22.2693 0.2615707
    endloop
  endfacet
  facet normal 0.245727 0.59079 -0.768496
    outer loop
      vertex -68.85 -22.1794 0.2615707
      vertex -69.0427 -22.4395 0
      vertex -69.0766 -22.4254 0
    endloop
  endfacet
  facet normal -0.087967 0.681276 -0.726722
    outer loop
      vertex -61.1896 -22.5254 0
      vertex -61.3671 -22.2693 0.2615707
      vertex -61.1532 -22.5207 0
    endloop
  endfacet
  facet normal -0.0897074 0.680549 -0.72719
    outer loop
      vertex -61.3671 -22.2693 0.2615707
      vertex -61.1896 -22.5254 0
      vertex -61.6 -22.3 0.2615707
    endloop
  endfacet
  facet normal -0.245012 0.591106 -0.768481
    outer loop
      vertex -60.9573 -22.4395 0
      vertex -61.1532 -22.5207 0
      vertex -61.3671 -22.2693 0.2615707
    endloop
  endfacet
  facet normal -0.245727 -0.59079 -0.768496
    outer loop
      vertex -61.15 -13.8206 0.2615707
      vertex -60.9573 -13.5605 0
      vertex -60.9234 -13.5746 0
    endloop
  endfacet
  facet normal -0.244858 -0.59131 -0.768373
    outer loop
      vertex -60.9573 -13.5605 0
      vertex -61.15 -13.8206 0.2615707
      vertex -61.3671 -13.7307 0.2615707
    endloop
  endfacet
  facet normal 0.0897074 0.680549 -0.72719
    outer loop
      vertex -68.8104 -22.5254 0
      vertex -68.6329 -22.2693 0.2615707
      vertex -68.4 -22.3 0.2615707
    endloop
  endfacet
  facet normal 0.087967 0.681276 -0.726722
    outer loop
      vertex -68.6329 -22.2693 0.2615707
      vertex -68.8104 -22.5254 0
      vertex -68.8468 -22.5207 0
    endloop
  endfacet
  facet normal 0.718647 0 -0.695375
    outer loop
      vertex -69.3 -21.4 0.2615707
      vertex -69.5531 -14.3999 0
      vertex -69.3 -14.6 0.2615707
    endloop
  endfacet
  facet normal 0.718647 0 -0.695375
    outer loop
      vertex -69.5531 -14.3999 0
      vertex -69.3 -21.4 0.2615707
      vertex -69.5531 -21.6001 0
    endloop
  endfacet
  facet normal 0.0893421 -0.680748 -0.727049
    outer loop
      vertex -68.6001 -13.4469 0
      vertex -68.4 -13.7 0.2615707
      vertex -68.8104 -13.4745 0
    endloop
  endfacet
  facet normal -0.376644 -0.489302 -0.786589
    outer loop
      vertex -60.9636 -13.9636 0.2615707
      vertex -60.7551 -13.7036 0
      vertex -60.726 -13.726 0
    endloop
  endfacet
  facet normal -0.375854 -0.489925 -0.786579
    outer loop
      vertex -60.7551 -13.7036 0
      vertex -60.9636 -13.9636 0.2615707
      vertex -61.15 -13.8206 0.2615707
    endloop
  endfacet
  facet normal -0.49018 0.375717 -0.786486
    outer loop
      vertex -60.5746 -22.0766 0
      vertex -60.7036 -22.2449 0
      vertex -60.8206 -21.85 0.2615707
    endloop
  endfacet
  facet normal 0.375854 -0.489925 -0.786579
    outer loop
      vertex -69.0364 -13.9636 0.2615707
      vertex -69.2449 -13.7036 0
      vertex -68.85 -13.8206 0.2615707
    endloop
  endfacet
  facet normal 0.376644 -0.489302 -0.786589
    outer loop
      vertex -69.2449 -13.7036 0
      vertex -69.0364 -13.9636 0.2615707
      vertex -69.274 -13.726 0
    endloop
  endfacet
  facet normal -0.680748 -0.0893421 -0.727049
    outer loop
      vertex -60.4745 -14.1896 0
      vertex -60.4469 -14.3999 0
      vertex -60.7 -14.6 0.2615707
    endloop
  endfacet
  facet normal 0.4902 0.375652 -0.786504
    outer loop
      vertex -69.2963 -22.2449 0
      vertex -69.0364 -22.0364 0.2615707
      vertex -69.274 -22.274 0
    endloop
  endfacet
  facet normal 0.489997 0.37591 -0.786508
    outer loop
      vertex -69.0364 -22.0364 0.2615707
      vertex -69.2963 -22.2449 0
      vertex -69.1794 -21.85 0.2615707
    endloop
  endfacet
  facet normal 0.244858 -0.59131 -0.768373
    outer loop
      vertex -68.85 -13.8206 0.2615707
      vertex -69.0427 -13.5605 0
      vertex -68.6329 -13.7307 0.2615707
    endloop
  endfacet
  facet normal 0.245727 -0.59079 -0.768496
    outer loop
      vertex -69.0427 -13.5605 0
      vertex -68.85 -13.8206 0.2615707
      vertex -69.0766 -13.5746 0
    endloop
  endfacet
  facet normal -0.375717 -0.49018 -0.786486
    outer loop
      vertex -60.9234 -13.5746 0
      vertex -60.7551 -13.7036 0
      vertex -61.15 -13.8206 0.2615707
    endloop
  endfacet
  facet normal 0 -0.718647 -0.695375
    outer loop
      vertex -68.6001 -13.4469 0
      vertex -61.6 -13.7 0.2615707
      vertex -68.4 -13.7 0.2615707
    endloop
  endfacet
  facet normal 0 -0.718647 -0.695375
    outer loop
      vertex -61.6 -13.7 0.2615707
      vertex -68.6001 -13.4469 0
      vertex -61.3999 -13.4469 0
    endloop
  endfacet
  facet normal 0.680748 -0.0893421 -0.727049
    outer loop
      vertex -69.5255 -14.1896 0
      vertex -69.3 -14.6 0.2615707
      vertex -69.5531 -14.3999 0
    endloop
  endfacet
  facet normal 0.0896471 0.680606 -0.727145
    outer loop
      vertex -68.4 -22.3 0.2615707
      vertex -68.6001 -22.5531 0
      vertex -68.8104 -22.5254 0
    endloop
  endfacet
  facet normal 0 0.718647 -0.695375
    outer loop
      vertex -61.3999 -22.5531 0
      vertex -68.4 -22.3 0.2615707
      vertex -61.6 -22.3 0.2615707
    endloop
  endfacet
  facet normal 0 0.718647 -0.695375
    outer loop
      vertex -68.4 -22.3 0.2615707
      vertex -61.3999 -22.5531 0
      vertex -68.6001 -22.5531 0
    endloop
  endfacet
  facet normal 0.245012 0.591106 -0.768481
    outer loop
      vertex -68.6329 -22.2693 0.2615707
      vertex -68.8468 -22.5207 0
      vertex -69.0427 -22.4395 0
    endloop
  endfacet
  facet normal -0.68042 -0.0896904 -0.727313
    outer loop
      vertex -60.7307 -14.3671 0.2615707
      vertex -60.4745 -14.1896 0
      vertex -60.7 -14.6 0.2615707
    endloop
  endfacet
  facet normal -0.680406 -0.0897239 -0.727322
    outer loop
      vertex -60.4745 -14.1896 0
      vertex -60.7307 -14.3671 0.2615707
      vertex -60.4793 -14.1532 0
    endloop
  endfacet
  facet normal -0.680406 0.0897239 -0.727322
    outer loop
      vertex -60.7307 -21.6329 0.2615707
      vertex -60.4745 -21.8104 0
      vertex -60.4793 -21.8468 0
    endloop
  endfacet
  facet normal -0.68042 0.0896904 -0.727313
    outer loop
      vertex -60.4745 -21.8104 0
      vertex -60.7307 -21.6329 0.2615707
      vertex -60.7 -21.4 0.2615707
    endloop
  endfacet
  facet normal 0.245012 -0.591106 -0.768481
    outer loop
      vertex -68.8468 -13.4793 0
      vertex -68.6329 -13.7307 0.2615707
      vertex -69.0427 -13.5605 0
    endloop
  endfacet
  facet normal -0.0893421 -0.680748 -0.727049
    outer loop
      vertex -61.3999 -13.4469 0
      vertex -61.1896 -13.4745 0
      vertex -61.6 -13.7 0.2615707
    endloop
  endfacet
  facet normal 0.680748 0.0893421 -0.727049
    outer loop
      vertex -69.3 -21.4 0.2615707
      vertex -69.5255 -21.8104 0
      vertex -69.5531 -21.6001 0
    endloop
  endfacet
  facet normal 0.68042 -0.0896904 -0.727313
    outer loop
      vertex -69.5255 -14.1896 0
      vertex -69.2693 -14.3671 0.2615707
      vertex -69.3 -14.6 0.2615707
    endloop
  endfacet
  facet normal 0.680406 -0.0897239 -0.727322
    outer loop
      vertex -69.2693 -14.3671 0.2615707
      vertex -69.5255 -14.1896 0
      vertex -69.5207 -14.1532 0
    endloop
  endfacet
  facet normal -0.0897239 -0.680406 -0.727322
    outer loop
      vertex -61.3671 -13.7307 0.2615707
      vertex -61.1896 -13.4745 0
      vertex -61.1532 -13.4793 0
    endloop
  endfacet
  facet normal -0.0896904 -0.68042 -0.727313
    outer loop
      vertex -61.1896 -13.4745 0
      vertex -61.3671 -13.7307 0.2615707
      vertex -61.6 -13.7 0.2615707
    endloop
  endfacet
  facet normal -0.718647 0 -0.695375
    outer loop
      vertex -60.4469 -14.3999 0
      vertex -60.7 -21.4 0.2615707
      vertex -60.7 -14.6 0.2615707
    endloop
  endfacet
  facet normal -0.718647 0 -0.695375
    outer loop
      vertex -60.7 -21.4 0.2615707
      vertex -60.4469 -14.3999 0
      vertex -60.4469 -21.6001 0
    endloop
  endfacet
  facet normal 0.591106 0.245012 -0.768481
    outer loop
      vertex -69.2693 -21.6329 0.2615707
      vertex -69.4395 -22.0427 0
      vertex -69.5207 -21.8468 0
    endloop
  endfacet
  facet normal 0.375854 0.489925 -0.786579
    outer loop
      vertex -69.2449 -22.2964 0
      vertex -69.0364 -22.0364 0.2615707
      vertex -68.85 -22.1794 0.2615707
    endloop
  endfacet
  facet normal 0.376644 0.489302 -0.786589
    outer loop
      vertex -69.0364 -22.0364 0.2615707
      vertex -69.2449 -22.2964 0
      vertex -69.274 -22.274 0
    endloop
  endfacet
  facet normal 0.375717 0.49018 -0.786486
    outer loop
      vertex -68.85 -22.1794 0.2615707
      vertex -69.0766 -22.4254 0
      vertex -69.2449 -22.2964 0
    endloop
  endfacet
  facet normal 0.59131 -0.244858 -0.768373
    outer loop
      vertex -69.4395 -13.9573 0
      vertex -69.1794 -14.15 0.2615707
      vertex -69.2693 -14.3671 0.2615707
    endloop
  endfacet
  facet normal 0.59079 -0.245727 -0.768496
    outer loop
      vertex -69.1794 -14.15 0.2615707
      vertex -69.4395 -13.9573 0
      vertex -69.4254 -13.9234 0
    endloop
  endfacet
  facet normal -0.680748 0.0893421 -0.727049
    outer loop
      vertex -60.4469 -21.6001 0
      vertex -60.4745 -21.8104 0
      vertex -60.7 -21.4 0.2615707
    endloop
  endfacet
  facet normal 0.591106 -0.245012 -0.768481
    outer loop
      vertex -69.4395 -13.9573 0
      vertex -69.2693 -14.3671 0.2615707
      vertex -69.5207 -14.1532 0
    endloop
  endfacet
  facet normal -0.59131 -0.244858 -0.768373
    outer loop
      vertex -60.8206 -14.15 0.2615707
      vertex -60.5605 -13.9573 0
      vertex -60.7307 -14.3671 0.2615707
    endloop
  endfacet
  facet normal -0.59079 -0.245727 -0.768496
    outer loop
      vertex -60.5605 -13.9573 0
      vertex -60.8206 -14.15 0.2615707
      vertex -60.5746 -13.9234 0
    endloop
  endfacet
  facet normal -0.245012 -0.591106 -0.768481
    outer loop
      vertex -61.1532 -13.4793 0
      vertex -60.9573 -13.5605 0
      vertex -61.3671 -13.7307 0.2615707
    endloop
  endfacet
  facet normal 0.490029 0.375893 -0.786496
    outer loop
      vertex -69.1794 -21.85 0.2615707
      vertex -69.2963 -22.2449 0
      vertex -69.4254 -22.0766 0
    endloop
  endfacet
  facet normal -0.59079 0.245727 -0.768496
    outer loop
      vertex -60.8206 -21.85 0.2615707
      vertex -60.5605 -22.0427 0
      vertex -60.5746 -22.0766 0
    endloop
  endfacet
  facet normal -0.59131 0.244858 -0.768373
    outer loop
      vertex -60.5605 -22.0427 0
      vertex -60.8206 -21.85 0.2615707
      vertex -60.7307 -21.6329 0.2615707
    endloop
  endfacet
  facet normal 0.375717 -0.49018 -0.786486
    outer loop
      vertex -69.0766 -13.5746 0
      vertex -68.85 -13.8206 0.2615707
      vertex -69.2449 -13.7036 0
    endloop
  endfacet
  facet normal -0.49018 -0.375717 -0.786486
    outer loop
      vertex -60.7036 -13.7551 0
      vertex -60.5746 -13.9234 0
      vertex -60.8206 -14.15 0.2615707
    endloop
  endfacet
  facet normal -0.591106 0.245012 -0.768481
    outer loop
      vertex -60.4793 -21.8468 0
      vertex -60.5605 -22.0427 0
      vertex -60.7307 -21.6329 0.2615707
    endloop
  endfacet
  facet normal -0.591106 -0.245012 -0.768481
    outer loop
      vertex -60.5605 -13.9573 0
      vertex -60.4793 -14.1532 0
      vertex -60.7307 -14.3671 0.2615707
    endloop
  endfacet
  facet normal -0.375717 0.49018 -0.786486
    outer loop
      vertex -60.7551 -22.2964 0
      vertex -60.9234 -22.4254 0
      vertex -61.15 -22.1794 0.2615707
    endloop
  endfacet
  facet normal 0.489997 -0.37591 -0.786508
    outer loop
      vertex -69.2963 -13.7551 0
      vertex -69.0364 -13.9636 0.2615707
      vertex -69.1794 -14.15 0.2615707
    endloop
  endfacet
  facet normal 0.4902 -0.375652 -0.786504
    outer loop
      vertex -69.0364 -13.9636 0.2615707
      vertex -69.2963 -13.7551 0
      vertex -69.274 -13.726 0
    endloop
  endfacet
  facet normal 0.490029 -0.375893 -0.786496
    outer loop
      vertex -69.2963 -13.7551 0
      vertex -69.1794 -14.15 0.2615707
      vertex -69.4254 -13.9234 0
    endloop
  endfacet
  facet normal -0.489925 -0.375854 -0.786579
    outer loop
      vertex -60.9636 -13.9636 0.2615707
      vertex -60.7036 -13.7551 0
      vertex -60.8206 -14.15 0.2615707
    endloop
  endfacet
  facet normal -0.489302 -0.376644 -0.786589
    outer loop
      vertex -60.7036 -13.7551 0
      vertex -60.9636 -13.9636 0.2615707
      vertex -60.726 -13.726 0
    endloop
  endfacet
  facet normal 0.680406 0.0897239 -0.727322
    outer loop
      vertex -69.5255 -21.8104 0
      vertex -69.2693 -21.6329 0.2615707
      vertex -69.5207 -21.8468 0
    endloop
  endfacet
  facet normal 0.68042 0.0896904 -0.727313
    outer loop
      vertex -69.2693 -21.6329 0.2615707
      vertex -69.5255 -21.8104 0
      vertex -69.3 -21.4 0.2615707
    endloop
  endfacet
  facet normal -0.489302 0.376644 -0.786589
    outer loop
      vertex -60.9636 -22.0364 0.2615707
      vertex -60.7036 -22.2449 0
      vertex -60.726 -22.274 0
    endloop
  endfacet
  facet normal -0.489925 0.375854 -0.786579
    outer loop
      vertex -60.7036 -22.2449 0
      vertex -60.9636 -22.0364 0.2615707
      vertex -60.8206 -21.85 0.2615707
    endloop
  endfacet
  facet normal -0.376644 0.489302 -0.786589
    outer loop
      vertex -60.7551 -22.2964 0
      vertex -60.9636 -22.0364 0.2615707
      vertex -60.726 -22.274 0
    endloop
  endfacet
  facet normal -0.375854 0.489925 -0.786579
    outer loop
      vertex -60.9636 -22.0364 0.2615707
      vertex -60.7551 -22.2964 0
      vertex -61.15 -22.1794 0.2615707
    endloop
  endfacet
  facet normal 0.59079 0.245727 -0.768496
    outer loop
      vertex -69.4395 -22.0427 0
      vertex -69.1794 -21.85 0.2615707
      vertex -69.4254 -22.0766 0
    endloop
  endfacet
  facet normal 0.59131 0.244858 -0.768373
    outer loop
      vertex -69.1794 -21.85 0.2615707
      vertex -69.4395 -22.0427 0
      vertex -69.2693 -21.6329 0.2615707
    endloop
  endfacet
  facet normal -0.245727 0.59079 -0.768496
    outer loop
      vertex -60.9573 -22.4395 0
      vertex -61.15 -22.1794 0.2615707
      vertex -60.9234 -22.4254 0
    endloop
  endfacet
  facet normal -0.244858 0.59131 -0.768373
    outer loop
      vertex -61.15 -22.1794 0.2615707
      vertex -60.9573 -22.4395 0
      vertex -61.3671 -22.2693 0.2615707
    endloop
  endfacet
  facet normal 0 0.718686 0.695334
    outer loop
      vertex -61.6 -22.3 15.6615707
      vertex -68.6001 -22.5531 15.9231707
      vertex -61.3999 -22.5531 15.9231707
    endloop
  endfacet
  facet normal 0 0.718686 0.695334
    outer loop
      vertex -68.6001 -22.5531 15.9231707
      vertex -61.6 -22.3 15.6615707
      vertex -68.4 -22.3 15.6615707
    endloop
  endfacet
  facet normal 0.680461 0.0896957 0.727274
    outer loop
      vertex -69.5255 -21.8104 15.9231707
      vertex -69.2693 -21.6329 15.6615707
      vertex -69.3 -21.4 15.6615707
    endloop
  endfacet
  facet normal 0.680447 0.0897292 0.727283
    outer loop
      vertex -69.2693 -21.6329 15.6615707
      vertex -69.5255 -21.8104 15.9231707
      vertex -69.5207 -21.8468 15.9231707
    endloop
  endfacet
  facet normal -0.245028 0.591145 0.768446
    outer loop
      vertex -61.1532 -22.5207 15.9231707
      vertex -60.9573 -22.4395 15.9231707
      vertex -61.3671 -22.2693 15.6615707
    endloop
  endfacet
  facet normal -0.245743 0.590829 0.768461
    outer loop
      vertex -61.15 -22.1794 15.6615707
      vertex -60.9573 -22.4395 15.9231707
      vertex -60.9234 -22.4254 15.9231707
    endloop
  endfacet
  facet normal -0.244875 0.591349 0.768338
    outer loop
      vertex -60.9573 -22.4395 15.9231707
      vertex -61.15 -22.1794 15.6615707
      vertex -61.3671 -22.2693 15.6615707
    endloop
  endfacet
  facet normal 0.490031 0.375936 0.786474
    outer loop
      vertex -69.2963 -22.2449 15.9231707
      vertex -69.0364 -22.0364 15.6615707
      vertex -69.1794 -21.85 15.6615707
    endloop
  endfacet
  facet normal 0.490234 0.375678 0.786471
    outer loop
      vertex -69.0364 -22.0364 15.6615707
      vertex -69.2963 -22.2449 15.9231707
      vertex -69.274 -22.274 15.9231707
    endloop
  endfacet
  facet normal 0.591145 0.245028 0.768446
    outer loop
      vertex -69.4395 -22.0427 15.9231707
      vertex -69.2693 -21.6329 15.6615707
      vertex -69.5207 -21.8468 15.9231707
    endloop
  endfacet
  facet normal -0.0896524 0.680646 0.727106
    outer loop
      vertex -61.3999 -22.5531 15.9231707
      vertex -61.1896 -22.5254 15.9231707
      vertex -61.6 -22.3 15.6615707
    endloop
  endfacet
  facet normal -0.0879722 0.681317 0.726683
    outer loop
      vertex -61.3671 -22.2693 15.6615707
      vertex -61.1896 -22.5254 15.9231707
      vertex -61.1532 -22.5207 15.9231707
    endloop
  endfacet
  facet normal -0.0897127 0.680589 0.727152
    outer loop
      vertex -61.1896 -22.5254 15.9231707
      vertex -61.3671 -22.2693 15.6615707
      vertex -61.6 -22.3 15.6615707
    endloop
  endfacet
  facet normal 0.375743 -0.490214 0.786453
    outer loop
      vertex -68.85 -13.8206 15.6615707
      vertex -69.0766 -13.5746 15.9231707
      vertex -69.2449 -13.7036 15.9231707
    endloop
  endfacet
  facet normal -0.375743 -0.490214 0.786453
    outer loop
      vertex -60.7551 -13.7036 15.9231707
      vertex -60.9234 -13.5746 15.9231707
      vertex -61.15 -13.8206 15.6615707
    endloop
  endfacet
  facet normal 0.680788 0.0893474 0.72701
    outer loop
      vertex -69.5255 -21.8104 15.9231707
      vertex -69.3 -21.4 15.6615707
      vertex -69.5531 -21.6001 15.9231707
    endloop
  endfacet
  facet normal 0.0897127 -0.680589 0.727152
    outer loop
      vertex -68.8104 -13.4746 15.9231707
      vertex -68.6329 -13.7307 15.6615707
      vertex -68.4 -13.7 15.6615707
    endloop
  endfacet
  facet normal 0.0879722 -0.681317 0.726683
    outer loop
      vertex -68.6329 -13.7307 15.6615707
      vertex -68.8104 -13.4746 15.9231707
      vertex -68.8468 -13.4793 15.9231707
    endloop
  endfacet
  facet normal 0.680447 -0.0897292 0.727283
    outer loop
      vertex -69.5255 -14.1896 15.9231707
      vertex -69.2693 -14.3671 15.6615707
      vertex -69.5207 -14.1532 15.9231707
    endloop
  endfacet
  facet normal 0.680461 -0.0896957 0.727274
    outer loop
      vertex -69.2693 -14.3671 15.6615707
      vertex -69.5255 -14.1896 15.9231707
      vertex -69.3 -14.6 15.6615707
    endloop
  endfacet
  facet normal -0.591145 -0.245028 0.768446
    outer loop
      vertex -60.4793 -14.1532 15.9231707
      vertex -60.5605 -13.9573 15.9231707
      vertex -60.7307 -14.3671 15.6615707
    endloop
  endfacet
  facet normal -0.0896524 -0.680646 0.727106
    outer loop
      vertex -61.1896 -13.4746 15.9231707
      vertex -61.3999 -13.4469 15.9231707
      vertex -61.6 -13.7 15.6615707
    endloop
  endfacet
  facet normal 0.244875 -0.591349 0.768338
    outer loop
      vertex -69.0427 -13.5605 15.9231707
      vertex -68.85 -13.8206 15.6615707
      vertex -68.6329 -13.7307 15.6615707
    endloop
  endfacet
  facet normal 0.245743 -0.590829 0.768461
    outer loop
      vertex -68.85 -13.8206 15.6615707
      vertex -69.0427 -13.5605 15.9231707
      vertex -69.0766 -13.5746 15.9231707
    endloop
  endfacet
  facet normal 0.245028 -0.591145 0.768446
    outer loop
      vertex -68.6329 -13.7307 15.6615707
      vertex -68.8468 -13.4793 15.9231707
      vertex -69.0427 -13.5605 15.9231707
    endloop
  endfacet
  facet normal -0.376671 -0.489335 0.786556
    outer loop
      vertex -60.7551 -13.7036 15.9231707
      vertex -60.9636 -13.9636 15.6615707
      vertex -60.726 -13.726 15.9231707
    endloop
  endfacet
  facet normal -0.37588 -0.489959 0.786546
    outer loop
      vertex -60.9636 -13.9636 15.6615707
      vertex -60.7551 -13.7036 15.9231707
      vertex -61.15 -13.8206 15.6615707
    endloop
  endfacet
  facet normal 0.375743 0.490214 0.786453
    outer loop
      vertex -69.0766 -22.4254 15.9231707
      vertex -68.85 -22.1794 15.6615707
      vertex -69.2449 -22.2964 15.9231707
    endloop
  endfacet
  facet normal 0.245028 0.591145 0.768446
    outer loop
      vertex -68.8468 -22.5207 15.9231707
      vertex -68.6329 -22.2693 15.6615707
      vertex -69.0427 -22.4395 15.9231707
    endloop
  endfacet
  facet normal -0.245743 -0.590829 0.768461
    outer loop
      vertex -60.9573 -13.5605 15.9231707
      vertex -61.15 -13.8206 15.6615707
      vertex -60.9234 -13.5746 15.9231707
    endloop
  endfacet
  facet normal -0.244875 -0.591349 0.768338
    outer loop
      vertex -61.15 -13.8206 15.6615707
      vertex -60.9573 -13.5605 15.9231707
      vertex -61.3671 -13.7307 15.6615707
    endloop
  endfacet
  facet normal 0 -0.718686 0.695334
    outer loop
      vertex -68.4 -13.7 15.6615707
      vertex -61.3999 -13.4469 15.9231707
      vertex -68.6001 -13.4469 15.9231707
    endloop
  endfacet
  facet normal 0 -0.718686 0.695334
    outer loop
      vertex -61.3999 -13.4469 15.9231707
      vertex -68.4 -13.7 15.6615707
      vertex -61.6 -13.7 15.6615707
    endloop
  endfacet
  facet normal 0.0896524 -0.680646 0.727106
    outer loop
      vertex -68.4 -13.7 15.6615707
      vertex -68.6001 -13.4469 15.9231707
      vertex -68.8104 -13.4746 15.9231707
    endloop
  endfacet
  facet normal 0.680788 -0.0893474 0.72701
    outer loop
      vertex -69.3 -14.6 15.6615707
      vertex -69.5255 -14.1896 15.9231707
      vertex -69.5531 -14.3999 15.9231707
    endloop
  endfacet
  facet normal 0.591145 -0.245028 0.768446
    outer loop
      vertex -69.2693 -14.3671 15.6615707
      vertex -69.4395 -13.9573 15.9231707
      vertex -69.5207 -14.1532 15.9231707
    endloop
  endfacet
  facet normal -0.680646 0.0896524 0.727106
    outer loop
      vertex -60.4746 -21.8104 15.9231707
      vertex -60.4469 -21.6001 15.9231707
      vertex -60.7 -21.4 15.6615707
    endloop
  endfacet
  facet normal 0.591349 0.244875 0.768338
    outer loop
      vertex -69.4395 -22.0427 15.9231707
      vertex -69.1794 -21.85 15.6615707
      vertex -69.2693 -21.6329 15.6615707
    endloop
  endfacet
  facet normal 0.590829 0.245743 0.768461
    outer loop
      vertex -69.1794 -21.85 15.6615707
      vertex -69.4395 -22.0427 15.9231707
      vertex -69.4254 -22.0766 15.9231707
    endloop
  endfacet
  facet normal 0.244875 0.591349 0.768338
    outer loop
      vertex -68.85 -22.1794 15.6615707
      vertex -69.0427 -22.4395 15.9231707
      vertex -68.6329 -22.2693 15.6615707
    endloop
  endfacet
  facet normal 0.245743 0.590829 0.768461
    outer loop
      vertex -69.0427 -22.4395 15.9231707
      vertex -68.85 -22.1794 15.6615707
      vertex -69.0766 -22.4254 15.9231707
    endloop
  endfacet
  facet normal -0.680646 -0.0896524 0.727106
    outer loop
      vertex -60.4469 -14.3999 15.9231707
      vertex -60.4746 -14.1896 15.9231707
      vertex -60.7 -14.6 15.6615707
    endloop
  endfacet
  facet normal 0.0896524 0.680646 0.727106
    outer loop
      vertex -68.6001 -22.5531 15.9231707
      vertex -68.4 -22.3 15.6615707
      vertex -68.8104 -22.5254 15.9231707
    endloop
  endfacet
  facet normal -0.490063 -0.375919 0.786463
    outer loop
      vertex -60.5746 -13.9234 15.9231707
      vertex -60.7037 -13.7551 15.9231707
      vertex -60.8206 -14.15 15.6615707
    endloop
  endfacet
  facet normal -0.718686 0 0.695334
    outer loop
      vertex -60.7 -21.4 15.6615707
      vertex -60.4469 -14.3999 15.9231707
      vertex -60.7 -14.6 15.6615707
    endloop
  endfacet
  facet normal -0.718686 0 0.695334
    outer loop
      vertex -60.4469 -14.3999 15.9231707
      vertex -60.7 -21.4 15.6615707
      vertex -60.4469 -21.6001 15.9231707
    endloop
  endfacet
  facet normal -0.490063 0.375919 0.786463
    outer loop
      vertex -60.7037 -22.2449 15.9231707
      vertex -60.5746 -22.0766 15.9231707
      vertex -60.8206 -21.85 15.6615707
    endloop
  endfacet
  facet normal 0.490234 -0.375678 0.786471
    outer loop
      vertex -69.2963 -13.7551 15.9231707
      vertex -69.0364 -13.9636 15.6615707
      vertex -69.274 -13.726 15.9231707
    endloop
  endfacet
  facet normal 0.490031 -0.375936 0.786474
    outer loop
      vertex -69.0364 -13.9636 15.6615707
      vertex -69.2963 -13.7551 15.9231707
      vertex -69.1794 -14.15 15.6615707
    endloop
  endfacet
  facet normal -0.680589 0.0897127 0.727152
    outer loop
      vertex -60.7307 -21.6329 15.6615707
      vertex -60.4746 -21.8104 15.9231707
      vertex -60.7 -21.4 15.6615707
    endloop
  endfacet
  facet normal -0.681317 0.0879722 0.726683
    outer loop
      vertex -60.4746 -21.8104 15.9231707
      vertex -60.7307 -21.6329 15.6615707
      vertex -60.4793 -21.8468 15.9231707
    endloop
  endfacet
  facet normal -0.0879722 -0.681317 0.726683
    outer loop
      vertex -61.1896 -13.4746 15.9231707
      vertex -61.3671 -13.7307 15.6615707
      vertex -61.1532 -13.4793 15.9231707
    endloop
  endfacet
  facet normal -0.0897127 -0.680589 0.727152
    outer loop
      vertex -61.3671 -13.7307 15.6615707
      vertex -61.1896 -13.4746 15.9231707
      vertex -61.6 -13.7 15.6615707
    endloop
  endfacet
  facet normal -0.591145 0.245028 0.768446
    outer loop
      vertex -60.5605 -22.0427 15.9231707
      vertex -60.4793 -21.8468 15.9231707
      vertex -60.7307 -21.6329 15.6615707
    endloop
  endfacet
  facet normal -0.245028 -0.591145 0.768446
    outer loop
      vertex -60.9573 -13.5605 15.9231707
      vertex -61.1532 -13.4793 15.9231707
      vertex -61.3671 -13.7307 15.6615707
    endloop
  endfacet
  facet normal 0.37588 -0.489959 0.786546
    outer loop
      vertex -69.2449 -13.7036 15.9231707
      vertex -69.0364 -13.9636 15.6615707
      vertex -68.85 -13.8206 15.6615707
    endloop
  endfacet
  facet normal 0.376671 -0.489335 0.786556
    outer loop
      vertex -69.0364 -13.9636 15.6615707
      vertex -69.2449 -13.7036 15.9231707
      vertex -69.274 -13.726 15.9231707
    endloop
  endfacet
  facet normal -0.375743 0.490214 0.786453
    outer loop
      vertex -60.9234 -22.4254 15.9231707
      vertex -60.7551 -22.2964 15.9231707
      vertex -61.15 -22.1794 15.6615707
    endloop
  endfacet
  facet normal -0.591349 0.244875 0.768338
    outer loop
      vertex -60.8206 -21.85 15.6615707
      vertex -60.5605 -22.0427 15.9231707
      vertex -60.7307 -21.6329 15.6615707
    endloop
  endfacet
  facet normal -0.590829 0.245743 0.768461
    outer loop
      vertex -60.5605 -22.0427 15.9231707
      vertex -60.8206 -21.85 15.6615707
      vertex -60.5746 -22.0766 15.9231707
    endloop
  endfacet
  facet normal 0.718686 0 0.695334
    outer loop
      vertex -69.5531 -14.3999 15.9231707
      vertex -69.3 -21.4 15.6615707
      vertex -69.3 -14.6 15.6615707
    endloop
  endfacet
  facet normal 0.718686 0 0.695334
    outer loop
      vertex -69.3 -21.4 15.6615707
      vertex -69.5531 -14.3999 15.9231707
      vertex -69.5531 -21.6001 15.9231707
    endloop
  endfacet
  facet normal 0.37588 0.489959 0.786546
    outer loop
      vertex -69.0364 -22.0364 15.6615707
      vertex -69.2449 -22.2964 15.9231707
      vertex -68.85 -22.1794 15.6615707
    endloop
  endfacet
  facet normal 0.376671 0.489335 0.786556
    outer loop
      vertex -69.2449 -22.2964 15.9231707
      vertex -69.0364 -22.0364 15.6615707
      vertex -69.274 -22.274 15.9231707
    endloop
  endfacet
  facet normal 0.490063 -0.375919 0.786463
    outer loop
      vertex -69.1794 -14.15 15.6615707
      vertex -69.2963 -13.7551 15.9231707
      vertex -69.4254 -13.9234 15.9231707
    endloop
  endfacet
  facet normal -0.681317 -0.0879722 0.726683
    outer loop
      vertex -60.7307 -14.3671 15.6615707
      vertex -60.4746 -14.1896 15.9231707
      vertex -60.4793 -14.1532 15.9231707
    endloop
  endfacet
  facet normal -0.680589 -0.0897127 0.727152
    outer loop
      vertex -60.4746 -14.1896 15.9231707
      vertex -60.7307 -14.3671 15.6615707
      vertex -60.7 -14.6 15.6615707
    endloop
  endfacet
  facet normal 0.590829 -0.245743 0.768461
    outer loop
      vertex -69.4395 -13.9573 15.9231707
      vertex -69.1794 -14.15 15.6615707
      vertex -69.4254 -13.9234 15.9231707
    endloop
  endfacet
  facet normal 0.591349 -0.244875 0.768338
    outer loop
      vertex -69.1794 -14.15 15.6615707
      vertex -69.4395 -13.9573 15.9231707
      vertex -69.2693 -14.3671 15.6615707
    endloop
  endfacet
  facet normal 0.490063 0.375919 0.786463
    outer loop
      vertex -69.2963 -22.2449 15.9231707
      vertex -69.1794 -21.85 15.6615707
      vertex -69.4254 -22.0766 15.9231707
    endloop
  endfacet
  facet normal 0.0897127 0.680589 0.727152
    outer loop
      vertex -68.6329 -22.2693 15.6615707
      vertex -68.8104 -22.5254 15.9231707
      vertex -68.4 -22.3 15.6615707
    endloop
  endfacet
  facet normal 0.0879722 0.681317 0.726683
    outer loop
      vertex -68.8104 -22.5254 15.9231707
      vertex -68.6329 -22.2693 15.6615707
      vertex -68.8468 -22.5207 15.9231707
    endloop
  endfacet
  facet normal -0.490031 0.375936 0.786474
    outer loop
      vertex -60.9636 -22.0364 15.6615707
      vertex -60.7037 -22.2449 15.9231707
      vertex -60.8206 -21.85 15.6615707
    endloop
  endfacet
  facet normal -0.490234 0.375678 0.786471
    outer loop
      vertex -60.7037 -22.2449 15.9231707
      vertex -60.9636 -22.0364 15.6615707
      vertex -60.726 -22.274 15.9231707
    endloop
  endfacet
  facet normal -0.376671 0.489335 0.786556
    outer loop
      vertex -60.9636 -22.0364 15.6615707
      vertex -60.7551 -22.2964 15.9231707
      vertex -60.726 -22.274 15.9231707
    endloop
  endfacet
  facet normal -0.37588 0.489959 0.786546
    outer loop
      vertex -60.7551 -22.2964 15.9231707
      vertex -60.9636 -22.0364 15.6615707
      vertex -61.15 -22.1794 15.6615707
    endloop
  endfacet
  facet normal -0.490234 -0.375678 0.786471
    outer loop
      vertex -60.9636 -13.9636 15.6615707
      vertex -60.7037 -13.7551 15.9231707
      vertex -60.726 -13.726 15.9231707
    endloop
  endfacet
  facet normal -0.490031 -0.375936 0.786474
    outer loop
      vertex -60.7037 -13.7551 15.9231707
      vertex -60.9636 -13.9636 15.6615707
      vertex -60.8206 -14.15 15.6615707
    endloop
  endfacet
  facet normal -0.590829 -0.245743 0.768461
    outer loop
      vertex -60.8206 -14.15 15.6615707
      vertex -60.5605 -13.9573 15.9231707
      vertex -60.5746 -13.9234 15.9231707
    endloop
  endfacet
  facet normal -0.591349 -0.244875 0.768338
    outer loop
      vertex -60.5605 -13.9573 15.9231707
      vertex -60.8206 -14.15 15.6615707
      vertex -60.7307 -14.3671 15.6615707
    endloop
  endfacet
  facet normal -0.130686 0.991424 0
    outer loop
      vertex -61.3671 -36.2693 0.2615707
      vertex -61.6 -36.3 15.6615707
      vertex -61.3671 -36.2693 15.6615707
    endloop
  endfacet
  facet normal -0.130686 0.991424 0
    outer loop
      vertex -61.6 -36.3 15.6615707
      vertex -61.3671 -36.2693 0.2615707
      vertex -61.6 -36.3 0.2615707
    endloop
  endfacet
  facet normal 0 -1 0
    outer loop
      vertex -68.4 -27.7 0.2615707
      vertex -61.6 -27.7 15.6615707
      vertex -68.4 -27.7 15.6615707
    endloop
  endfacet
  facet normal 0 -1 -0
    outer loop
      vertex -61.6 -27.7 15.6615707
      vertex -68.4 -27.7 0.2615707
      vertex -61.6 -27.7 0.2615707
    endloop
  endfacet
  facet normal 0.130686 0.991424 -0
    outer loop
      vertex -68.4 -36.3 0.2615707
      vertex -68.6329 -36.2693 15.6615707
      vertex -68.4 -36.3 15.6615707
    endloop
  endfacet
  facet normal 0.130686 0.991424 0
    outer loop
      vertex -68.6329 -36.2693 15.6615707
      vertex -68.4 -36.3 0.2615707
      vertex -68.6329 -36.2693 0.2615707
    endloop
  endfacet
  facet normal 0.923918 -0.38259 0
    outer loop
      vertex -69.2693 -28.3671 15.6615707
      vertex -69.1794 -28.15 0.2615707
      vertex -69.1794 -28.15 15.6615707
    endloop
  endfacet
  facet normal 0.923918 -0.38259 0
    outer loop
      vertex -69.1794 -28.15 0.2615707
      vertex -69.2693 -28.3671 15.6615707
      vertex -69.2693 -28.3671 0.2615707
    endloop
  endfacet
  facet normal 1 -0 0
    outer loop
      vertex -69.3 -35.4 15.6615707
      vertex -69.3 -28.6 0.2615707
      vertex -69.3 -28.6 15.6615707
    endloop
  endfacet
  facet normal 1 0 0
    outer loop
      vertex -69.3 -28.6 0.2615707
      vertex -69.3 -35.4 15.6615707
      vertex -69.3 -35.4 0.2615707
    endloop
  endfacet
  facet normal -0.130686 -0.991424 0
    outer loop
      vertex -61.6 -27.7 0.2615707
      vertex -61.3671 -27.7307 15.6615707
      vertex -61.6 -27.7 15.6615707
    endloop
  endfacet
  facet normal -0.130686 -0.991424 -0
    outer loop
      vertex -61.3671 -27.7307 15.6615707
      vertex -61.6 -27.7 0.2615707
      vertex -61.3671 -27.7307 0.2615707
    endloop
  endfacet
  facet normal -1 0 0
    outer loop
      vertex -60.7 -35.4 0.2615707
      vertex -60.7 -28.6 15.6615707
      vertex -60.7 -28.6 0.2615707
    endloop
  endfacet
  facet normal -1 -0 0
    outer loop
      vertex -60.7 -28.6 15.6615707
      vertex -60.7 -35.4 0.2615707
      vertex -60.7 -35.4 15.6615707
    endloop
  endfacet
  facet normal 0.991424 -0.130686 0
    outer loop
      vertex -69.3 -28.6 15.6615707
      vertex -69.2693 -28.3671 0.2615707
      vertex -69.2693 -28.3671 15.6615707
    endloop
  endfacet
  facet normal 0.991424 -0.130686 0
    outer loop
      vertex -69.2693 -28.3671 0.2615707
      vertex -69.3 -28.6 15.6615707
      vertex -69.3 -28.6 0.2615707
    endloop
  endfacet
  facet normal 0 1 -0
    outer loop
      vertex -61.6 -36.3 0.2615707
      vertex -68.4 -36.3 15.6615707
      vertex -61.6 -36.3 15.6615707
    endloop
  endfacet
  facet normal 0 1 0
    outer loop
      vertex -68.4 -36.3 15.6615707
      vertex -61.6 -36.3 0.2615707
      vertex -68.4 -36.3 0.2615707
    endloop
  endfacet
  facet normal 0.130686 -0.991424 0
    outer loop
      vertex -68.6329 -27.7307 0.2615707
      vertex -68.4 -27.7 15.6615707
      vertex -68.6329 -27.7307 15.6615707
    endloop
  endfacet
  facet normal 0.130686 -0.991424 0
    outer loop
      vertex -68.4 -27.7 15.6615707
      vertex -68.6329 -27.7307 0.2615707
      vertex -68.4 -27.7 0.2615707
    endloop
  endfacet
  facet normal 0.608682 0.793414 -0
    outer loop
      vertex -68.85 -36.1794 0.2615707
      vertex -69.0364 -36.0364 15.6615707
      vertex -68.85 -36.1794 15.6615707
    endloop
  endfacet
  facet normal 0.608682 0.793414 0
    outer loop
      vertex -69.0364 -36.0364 15.6615707
      vertex -68.85 -36.1794 0.2615707
      vertex -69.0364 -36.0364 0.2615707
    endloop
  endfacet
  facet normal -0.923918 -0.38259 0
    outer loop
      vertex -60.7307 -28.3671 0.2615707
      vertex -60.8206 -28.15 15.6615707
      vertex -60.8206 -28.15 0.2615707
    endloop
  endfacet
  facet normal -0.923918 -0.38259 0
    outer loop
      vertex -60.8206 -28.15 15.6615707
      vertex -60.7307 -28.3671 0.2615707
      vertex -60.7307 -28.3671 15.6615707
    endloop
  endfacet
  facet normal 0.793414 -0.608682 0
    outer loop
      vertex -69.1794 -28.15 15.6615707
      vertex -69.0364 -27.9636 0.2615707
      vertex -69.0364 -27.9636 15.6615707
    endloop
  endfacet
  facet normal 0.793414 -0.608682 0
    outer loop
      vertex -69.0364 -27.9636 0.2615707
      vertex -69.1794 -28.15 15.6615707
      vertex -69.1794 -28.15 0.2615707
    endloop
  endfacet
  facet normal 0.608682 -0.793414 0
    outer loop
      vertex -69.0364 -27.9636 0.2615707
      vertex -68.85 -27.8206 15.6615707
      vertex -69.0364 -27.9636 15.6615707
    endloop
  endfacet
  facet normal 0.608682 -0.793414 0
    outer loop
      vertex -68.85 -27.8206 15.6615707
      vertex -69.0364 -27.9636 0.2615707
      vertex -68.85 -27.8206 0.2615707
    endloop
  endfacet
  facet normal -0.991424 -0.130686 0
    outer loop
      vertex -60.7 -28.6 0.2615707
      vertex -60.7307 -28.3671 15.6615707
      vertex -60.7307 -28.3671 0.2615707
    endloop
  endfacet
  facet normal -0.991424 -0.130686 0
    outer loop
      vertex -60.7307 -28.3671 15.6615707
      vertex -60.7 -28.6 0.2615707
      vertex -60.7 -28.6 15.6615707
    endloop
  endfacet
  facet normal 0.38259 0.923918 -0
    outer loop
      vertex -68.6329 -36.2693 0.2615707
      vertex -68.85 -36.1794 15.6615707
      vertex -68.6329 -36.2693 15.6615707
    endloop
  endfacet
  facet normal 0.38259 0.923918 0
    outer loop
      vertex -68.85 -36.1794 15.6615707
      vertex -68.6329 -36.2693 0.2615707
      vertex -68.85 -36.1794 0.2615707
    endloop
  endfacet
  facet normal -0.793414 0.608682 0
    outer loop
      vertex -60.9636 -36.0364 0.2615707
      vertex -60.8206 -35.85 15.6615707
      vertex -60.8206 -35.85 0.2615707
    endloop
  endfacet
  facet normal -0.793414 0.608682 0
    outer loop
      vertex -60.8206 -35.85 15.6615707
      vertex -60.9636 -36.0364 0.2615707
      vertex -60.9636 -36.0364 15.6615707
    endloop
  endfacet
  facet normal -0.38259 -0.923918 0
    outer loop
      vertex -61.3671 -27.7307 0.2615707
      vertex -61.15 -27.8206 15.6615707
      vertex -61.3671 -27.7307 15.6615707
    endloop
  endfacet
  facet normal -0.38259 -0.923918 -0
    outer loop
      vertex -61.15 -27.8206 15.6615707
      vertex -61.3671 -27.7307 0.2615707
      vertex -61.15 -27.8206 0.2615707
    endloop
  endfacet
  facet normal -0.608682 -0.793414 0
    outer loop
      vertex -61.15 -27.8206 0.2615707
      vertex -60.9636 -27.9636 15.6615707
      vertex -61.15 -27.8206 15.6615707
    endloop
  endfacet
  facet normal -0.608682 -0.793414 -0
    outer loop
      vertex -60.9636 -27.9636 15.6615707
      vertex -61.15 -27.8206 0.2615707
      vertex -60.9636 -27.9636 0.2615707
    endloop
  endfacet
  facet normal -0.38259 0.923918 0
    outer loop
      vertex -61.15 -36.1794 0.2615707
      vertex -61.3671 -36.2693 15.6615707
      vertex -61.15 -36.1794 15.6615707
    endloop
  endfacet
  facet normal -0.38259 0.923918 0
    outer loop
      vertex -61.3671 -36.2693 15.6615707
      vertex -61.15 -36.1794 0.2615707
      vertex -61.3671 -36.2693 0.2615707
    endloop
  endfacet
  facet normal 0.991424 0.130686 0
    outer loop
      vertex -69.2693 -35.6329 15.6615707
      vertex -69.3 -35.4 0.2615707
      vertex -69.3 -35.4 15.6615707
    endloop
  endfacet
  facet normal 0.991424 0.130686 0
    outer loop
      vertex -69.3 -35.4 0.2615707
      vertex -69.2693 -35.6329 15.6615707
      vertex -69.2693 -35.6329 0.2615707
    endloop
  endfacet
  facet normal 0.38259 -0.923918 0
    outer loop
      vertex -68.85 -27.8206 0.2615707
      vertex -68.6329 -27.7307 15.6615707
      vertex -68.85 -27.8206 15.6615707
    endloop
  endfacet
  facet normal 0.38259 -0.923918 0
    outer loop
      vertex -68.6329 -27.7307 15.6615707
      vertex -68.85 -27.8206 0.2615707
      vertex -68.6329 -27.7307 0.2615707
    endloop
  endfacet
  facet normal -0.991424 0.130686 0
    outer loop
      vertex -60.7307 -35.6329 0.2615707
      vertex -60.7 -35.4 15.6615707
      vertex -60.7 -35.4 0.2615707
    endloop
  endfacet
  facet normal -0.991424 0.130686 0
    outer loop
      vertex -60.7 -35.4 15.6615707
      vertex -60.7307 -35.6329 0.2615707
      vertex -60.7307 -35.6329 15.6615707
    endloop
  endfacet
  facet normal -0.793414 -0.608682 0
    outer loop
      vertex -60.8206 -28.15 0.2615707
      vertex -60.9636 -27.9636 15.6615707
      vertex -60.9636 -27.9636 0.2615707
    endloop
  endfacet
  facet normal -0.793414 -0.608682 0
    outer loop
      vertex -60.9636 -27.9636 15.6615707
      vertex -60.8206 -28.15 0.2615707
      vertex -60.8206 -28.15 15.6615707
    endloop
  endfacet
  facet normal -0.923918 0.38259 0
    outer loop
      vertex -60.8206 -35.85 0.2615707
      vertex -60.7307 -35.6329 15.6615707
      vertex -60.7307 -35.6329 0.2615707
    endloop
  endfacet
  facet normal -0.923918 0.38259 0
    outer loop
      vertex -60.7307 -35.6329 15.6615707
      vertex -60.8206 -35.85 0.2615707
      vertex -60.8206 -35.85 15.6615707
    endloop
  endfacet
  facet normal 0.923918 0.38259 0
    outer loop
      vertex -69.1794 -35.85 15.6615707
      vertex -69.2693 -35.6329 0.2615707
      vertex -69.2693 -35.6329 15.6615707
    endloop
  endfacet
  facet normal 0.923918 0.38259 0
    outer loop
      vertex -69.2693 -35.6329 0.2615707
      vertex -69.1794 -35.85 15.6615707
      vertex -69.1794 -35.85 0.2615707
    endloop
  endfacet
  facet normal -0.608682 0.793414 0
    outer loop
      vertex -60.9636 -36.0364 0.2615707
      vertex -61.15 -36.1794 15.6615707
      vertex -60.9636 -36.0364 15.6615707
    endloop
  endfacet
  facet normal -0.608682 0.793414 0
    outer loop
      vertex -61.15 -36.1794 15.6615707
      vertex -60.9636 -36.0364 0.2615707
      vertex -61.15 -36.1794 0.2615707
    endloop
  endfacet
  facet normal 0.793414 0.608682 0
    outer loop
      vertex -69.0364 -36.0364 15.6615707
      vertex -69.1794 -35.85 0.2615707
      vertex -69.1794 -35.85 15.6615707
    endloop
  endfacet
  facet normal 0.793414 0.608682 0
    outer loop
      vertex -69.1794 -35.85 0.2615707
      vertex -69.0364 -36.0364 15.6615707
      vertex -69.0364 -36.0364 0.2615707
    endloop
  endfacet
  facet normal 0.0897074 -0.680549 -0.72719
    outer loop
      vertex -68.6329 -27.7307 0.2615707
      vertex -68.8104 -27.4746 0
      vertex -68.4 -27.7 0.2615707
    endloop
  endfacet
  facet normal 0.087967 -0.681276 -0.726722
    outer loop
      vertex -68.8104 -27.4746 0
      vertex -68.6329 -27.7307 0.2615707
      vertex -68.8468 -27.4793 0
    endloop
  endfacet
  facet normal -0.0893421 0.680748 -0.727049
    outer loop
      vertex -61.1896 -36.5255 0
      vertex -61.3999 -36.5531 0
      vertex -61.6 -36.3 0.2615707
    endloop
  endfacet
  facet normal 0.244858 0.59131 -0.768373
    outer loop
      vertex -69.0427 -36.4395 0
      vertex -68.85 -36.1794 0.2615707
      vertex -68.6329 -36.2693 0.2615707
    endloop
  endfacet
  facet normal 0.245727 0.59079 -0.768496
    outer loop
      vertex -68.85 -36.1794 0.2615707
      vertex -69.0427 -36.4395 0
      vertex -69.0766 -36.4254 0
    endloop
  endfacet
  facet normal -0.0897239 0.680406 -0.727322
    outer loop
      vertex -61.1896 -36.5255 0
      vertex -61.3671 -36.2693 0.2615707
      vertex -61.1532 -36.5207 0
    endloop
  endfacet
  facet normal -0.0896904 0.68042 -0.727313
    outer loop
      vertex -61.3671 -36.2693 0.2615707
      vertex -61.1896 -36.5255 0
      vertex -61.6 -36.3 0.2615707
    endloop
  endfacet
  facet normal -0.245012 0.591106 -0.768481
    outer loop
      vertex -60.9573 -36.4395 0
      vertex -61.1532 -36.5207 0
      vertex -61.3671 -36.2693 0.2615707
    endloop
  endfacet
  facet normal -0.245727 -0.59079 -0.768496
    outer loop
      vertex -61.15 -27.8206 0.2615707
      vertex -60.9573 -27.5605 0
      vertex -60.9234 -27.5746 0
    endloop
  endfacet
  facet normal -0.244858 -0.59131 -0.768373
    outer loop
      vertex -60.9573 -27.5605 0
      vertex -61.15 -27.8206 0.2615707
      vertex -61.3671 -27.7307 0.2615707
    endloop
  endfacet
  facet normal 0.0896904 0.68042 -0.727313
    outer loop
      vertex -68.8104 -36.5255 0
      vertex -68.6329 -36.2693 0.2615707
      vertex -68.4 -36.3 0.2615707
    endloop
  endfacet
  facet normal 0.0897239 0.680406 -0.727322
    outer loop
      vertex -68.6329 -36.2693 0.2615707
      vertex -68.8104 -36.5255 0
      vertex -68.8468 -36.5207 0
    endloop
  endfacet
  facet normal 0.718647 0 -0.695375
    outer loop
      vertex -69.3 -35.4 0.2615707
      vertex -69.5531 -28.3999 0
      vertex -69.3 -28.6 0.2615707
    endloop
  endfacet
  facet normal 0.718647 0 -0.695375
    outer loop
      vertex -69.5531 -28.3999 0
      vertex -69.3 -35.4 0.2615707
      vertex -69.5531 -35.6001 0
    endloop
  endfacet
  facet normal 0.0896471 -0.680606 -0.727145
    outer loop
      vertex -68.6001 -27.4469 0
      vertex -68.4 -27.7 0.2615707
      vertex -68.8104 -27.4746 0
    endloop
  endfacet
  facet normal -0.376644 -0.489302 -0.786589
    outer loop
      vertex -60.9636 -27.9636 0.2615707
      vertex -60.7551 -27.7036 0
      vertex -60.726 -27.726 0
    endloop
  endfacet
  facet normal -0.375854 -0.489925 -0.786579
    outer loop
      vertex -60.7551 -27.7036 0
      vertex -60.9636 -27.9636 0.2615707
      vertex -61.15 -27.8206 0.2615707
    endloop
  endfacet
  facet normal -0.49018 0.375717 -0.786486
    outer loop
      vertex -60.5746 -36.0766 0
      vertex -60.7036 -36.2449 0
      vertex -60.8206 -35.85 0.2615707
    endloop
  endfacet
  facet normal 0.375854 -0.489925 -0.786579
    outer loop
      vertex -69.0364 -27.9636 0.2615707
      vertex -69.2449 -27.7036 0
      vertex -68.85 -27.8206 0.2615707
    endloop
  endfacet
  facet normal 0.376644 -0.489302 -0.786589
    outer loop
      vertex -69.2449 -27.7036 0
      vertex -69.0364 -27.9636 0.2615707
      vertex -69.274 -27.726 0
    endloop
  endfacet
  facet normal -0.680748 -0.0893421 -0.727049
    outer loop
      vertex -60.4745 -28.1896 0
      vertex -60.4469 -28.3999 0
      vertex -60.7 -28.6 0.2615707
    endloop
  endfacet
  facet normal 0.4902 0.375652 -0.786504
    outer loop
      vertex -69.2963 -36.2449 0
      vertex -69.0364 -36.0364 0.2615707
      vertex -69.274 -36.274 0
    endloop
  endfacet
  facet normal 0.489997 0.37591 -0.786508
    outer loop
      vertex -69.0364 -36.0364 0.2615707
      vertex -69.2963 -36.2449 0
      vertex -69.1794 -35.85 0.2615707
    endloop
  endfacet
  facet normal 0.244858 -0.59131 -0.768373
    outer loop
      vertex -68.85 -27.8206 0.2615707
      vertex -69.0427 -27.5605 0
      vertex -68.6329 -27.7307 0.2615707
    endloop
  endfacet
  facet normal 0.245727 -0.59079 -0.768496
    outer loop
      vertex -69.0427 -27.5605 0
      vertex -68.85 -27.8206 0.2615707
      vertex -69.0766 -27.5746 0
    endloop
  endfacet
  facet normal -0.375717 -0.49018 -0.786486
    outer loop
      vertex -60.9234 -27.5746 0
      vertex -60.7551 -27.7036 0
      vertex -61.15 -27.8206 0.2615707
    endloop
  endfacet
  facet normal 0 -0.718647 -0.695375
    outer loop
      vertex -68.6001 -27.4469 0
      vertex -61.6 -27.7 0.2615707
      vertex -68.4 -27.7 0.2615707
    endloop
  endfacet
  facet normal 0 -0.718647 -0.695375
    outer loop
      vertex -61.6 -27.7 0.2615707
      vertex -68.6001 -27.4469 0
      vertex -61.3999 -27.4469 0
    endloop
  endfacet
  facet normal 0.680748 -0.0893421 -0.727049
    outer loop
      vertex -69.5255 -28.1896 0
      vertex -69.3 -28.6 0.2615707
      vertex -69.5531 -28.3999 0
    endloop
  endfacet
  facet normal 0.0893421 0.680748 -0.727049
    outer loop
      vertex -68.4 -36.3 0.2615707
      vertex -68.6001 -36.5531 0
      vertex -68.8104 -36.5255 0
    endloop
  endfacet
  facet normal 0 0.718647 -0.695375
    outer loop
      vertex -61.3999 -36.5531 0
      vertex -68.4 -36.3 0.2615707
      vertex -61.6 -36.3 0.2615707
    endloop
  endfacet
  facet normal 0 0.718647 -0.695375
    outer loop
      vertex -68.4 -36.3 0.2615707
      vertex -61.3999 -36.5531 0
      vertex -68.6001 -36.5531 0
    endloop
  endfacet
  facet normal 0.245012 0.591106 -0.768481
    outer loop
      vertex -68.6329 -36.2693 0.2615707
      vertex -68.8468 -36.5207 0
      vertex -69.0427 -36.4395 0
    endloop
  endfacet
  facet normal -0.68042 -0.0896904 -0.727313
    outer loop
      vertex -60.7307 -28.3671 0.2615707
      vertex -60.4745 -28.1896 0
      vertex -60.7 -28.6 0.2615707
    endloop
  endfacet
  facet normal -0.680406 -0.0897239 -0.727322
    outer loop
      vertex -60.4745 -28.1896 0
      vertex -60.7307 -28.3671 0.2615707
      vertex -60.4793 -28.1532 0
    endloop
  endfacet
  facet normal -0.680406 0.0897239 -0.727322
    outer loop
      vertex -60.7307 -35.6329 0.2615707
      vertex -60.4745 -35.8104 0
      vertex -60.4793 -35.8468 0
    endloop
  endfacet
  facet normal -0.68042 0.0896904 -0.727313
    outer loop
      vertex -60.4745 -35.8104 0
      vertex -60.7307 -35.6329 0.2615707
      vertex -60.7 -35.4 0.2615707
    endloop
  endfacet
  facet normal 0.245012 -0.591106 -0.768481
    outer loop
      vertex -68.8468 -27.4793 0
      vertex -68.6329 -27.7307 0.2615707
      vertex -69.0427 -27.5605 0
    endloop
  endfacet
  facet normal -0.0896471 -0.680606 -0.727145
    outer loop
      vertex -61.3999 -27.4469 0
      vertex -61.1896 -27.4746 0
      vertex -61.6 -27.7 0.2615707
    endloop
  endfacet
  facet normal 0.680748 0.0893421 -0.727049
    outer loop
      vertex -69.3 -35.4 0.2615707
      vertex -69.5255 -35.8104 0
      vertex -69.5531 -35.6001 0
    endloop
  endfacet
  facet normal 0.68042 -0.0896904 -0.727313
    outer loop
      vertex -69.5255 -28.1896 0
      vertex -69.2693 -28.3671 0.2615707
      vertex -69.3 -28.6 0.2615707
    endloop
  endfacet
  facet normal 0.680406 -0.0897239 -0.727322
    outer loop
      vertex -69.2693 -28.3671 0.2615707
      vertex -69.5255 -28.1896 0
      vertex -69.5207 -28.1532 0
    endloop
  endfacet
  facet normal -0.087967 -0.681276 -0.726722
    outer loop
      vertex -61.3671 -27.7307 0.2615707
      vertex -61.1896 -27.4746 0
      vertex -61.1532 -27.4793 0
    endloop
  endfacet
  facet normal -0.0897074 -0.680549 -0.72719
    outer loop
      vertex -61.1896 -27.4746 0
      vertex -61.3671 -27.7307 0.2615707
      vertex -61.6 -27.7 0.2615707
    endloop
  endfacet
  facet normal -0.718647 0 -0.695375
    outer loop
      vertex -60.4469 -28.3999 0
      vertex -60.7 -35.4 0.2615707
      vertex -60.7 -28.6 0.2615707
    endloop
  endfacet
  facet normal -0.718647 0 -0.695375
    outer loop
      vertex -60.7 -35.4 0.2615707
      vertex -60.4469 -28.3999 0
      vertex -60.4469 -35.6001 0
    endloop
  endfacet
  facet normal 0.591106 0.245012 -0.768481
    outer loop
      vertex -69.2693 -35.6329 0.2615707
      vertex -69.4395 -36.0427 0
      vertex -69.5207 -35.8468 0
    endloop
  endfacet
  facet normal 0.37591 0.489997 -0.786508
    outer loop
      vertex -69.2449 -36.2963 0
      vertex -69.0364 -36.0364 0.2615707
      vertex -68.85 -36.1794 0.2615707
    endloop
  endfacet
  facet normal 0.375652 0.4902 -0.786504
    outer loop
      vertex -69.0364 -36.0364 0.2615707
      vertex -69.2449 -36.2963 0
      vertex -69.274 -36.274 0
    endloop
  endfacet
  facet normal 0.375893 0.490029 -0.786496
    outer loop
      vertex -68.85 -36.1794 0.2615707
      vertex -69.0766 -36.4254 0
      vertex -69.2449 -36.2963 0
    endloop
  endfacet
  facet normal 0.59131 -0.244858 -0.768373
    outer loop
      vertex -69.4395 -27.9573 0
      vertex -69.1794 -28.15 0.2615707
      vertex -69.2693 -28.3671 0.2615707
    endloop
  endfacet
  facet normal 0.59079 -0.245727 -0.768496
    outer loop
      vertex -69.1794 -28.15 0.2615707
      vertex -69.4395 -27.9573 0
      vertex -69.4254 -27.9234 0
    endloop
  endfacet
  facet normal -0.680748 0.0893421 -0.727049
    outer loop
      vertex -60.4469 -35.6001 0
      vertex -60.4745 -35.8104 0
      vertex -60.7 -35.4 0.2615707
    endloop
  endfacet
  facet normal 0.591106 -0.245012 -0.768481
    outer loop
      vertex -69.4395 -27.9573 0
      vertex -69.2693 -28.3671 0.2615707
      vertex -69.5207 -28.1532 0
    endloop
  endfacet
  facet normal -0.59131 -0.244858 -0.768373
    outer loop
      vertex -60.8206 -28.15 0.2615707
      vertex -60.5605 -27.9573 0
      vertex -60.7307 -28.3671 0.2615707
    endloop
  endfacet
  facet normal -0.59079 -0.245727 -0.768496
    outer loop
      vertex -60.5605 -27.9573 0
      vertex -60.8206 -28.15 0.2615707
      vertex -60.5746 -27.9234 0
    endloop
  endfacet
  facet normal -0.245012 -0.591106 -0.768481
    outer loop
      vertex -61.1532 -27.4793 0
      vertex -60.9573 -27.5605 0
      vertex -61.3671 -27.7307 0.2615707
    endloop
  endfacet
  facet normal 0.490029 0.375893 -0.786496
    outer loop
      vertex -69.1794 -35.85 0.2615707
      vertex -69.2963 -36.2449 0
      vertex -69.4254 -36.0766 0
    endloop
  endfacet
  facet normal -0.59079 0.245727 -0.768496
    outer loop
      vertex -60.8206 -35.85 0.2615707
      vertex -60.5605 -36.0427 0
      vertex -60.5746 -36.0766 0
    endloop
  endfacet
  facet normal -0.59131 0.244858 -0.768373
    outer loop
      vertex -60.5605 -36.0427 0
      vertex -60.8206 -35.85 0.2615707
      vertex -60.7307 -35.6329 0.2615707
    endloop
  endfacet
  facet normal 0.375717 -0.49018 -0.786486
    outer loop
      vertex -69.0766 -27.5746 0
      vertex -68.85 -27.8206 0.2615707
      vertex -69.2449 -27.7036 0
    endloop
  endfacet
  facet normal -0.49018 -0.375717 -0.786486
    outer loop
      vertex -60.7036 -27.7551 0
      vertex -60.5746 -27.9234 0
      vertex -60.8206 -28.15 0.2615707
    endloop
  endfacet
  facet normal -0.591106 0.245012 -0.768481
    outer loop
      vertex -60.4793 -35.8468 0
      vertex -60.5605 -36.0427 0
      vertex -60.7307 -35.6329 0.2615707
    endloop
  endfacet
  facet normal -0.591106 -0.245012 -0.768481
    outer loop
      vertex -60.5605 -27.9573 0
      vertex -60.4793 -28.1532 0
      vertex -60.7307 -28.3671 0.2615707
    endloop
  endfacet
  facet normal -0.375893 0.490029 -0.786496
    outer loop
      vertex -60.7551 -36.2963 0
      vertex -60.9234 -36.4254 0
      vertex -61.15 -36.1794 0.2615707
    endloop
  endfacet
  facet normal 0.489997 -0.37591 -0.786508
    outer loop
      vertex -69.2963 -27.7551 0
      vertex -69.0364 -27.9636 0.2615707
      vertex -69.1794 -28.15 0.2615707
    endloop
  endfacet
  facet normal 0.4902 -0.375652 -0.786504
    outer loop
      vertex -69.0364 -27.9636 0.2615707
      vertex -69.2963 -27.7551 0
      vertex -69.274 -27.726 0
    endloop
  endfacet
  facet normal 0.490029 -0.375893 -0.786496
    outer loop
      vertex -69.2963 -27.7551 0
      vertex -69.1794 -28.15 0.2615707
      vertex -69.4254 -27.9234 0
    endloop
  endfacet
  facet normal -0.489925 -0.375854 -0.786579
    outer loop
      vertex -60.9636 -27.9636 0.2615707
      vertex -60.7036 -27.7551 0
      vertex -60.8206 -28.15 0.2615707
    endloop
  endfacet
  facet normal -0.489302 -0.376644 -0.786589
    outer loop
      vertex -60.7036 -27.7551 0
      vertex -60.9636 -27.9636 0.2615707
      vertex -60.726 -27.726 0
    endloop
  endfacet
  facet normal 0.680406 0.0897239 -0.727322
    outer loop
      vertex -69.5255 -35.8104 0
      vertex -69.2693 -35.6329 0.2615707
      vertex -69.5207 -35.8468 0
    endloop
  endfacet
  facet normal 0.68042 0.0896904 -0.727313
    outer loop
      vertex -69.2693 -35.6329 0.2615707
      vertex -69.5255 -35.8104 0
      vertex -69.3 -35.4 0.2615707
    endloop
  endfacet
  facet normal -0.489302 0.376644 -0.786589
    outer loop
      vertex -60.9636 -36.0364 0.2615707
      vertex -60.7036 -36.2449 0
      vertex -60.726 -36.274 0
    endloop
  endfacet
  facet normal -0.489925 0.375854 -0.786579
    outer loop
      vertex -60.7036 -36.2449 0
      vertex -60.9636 -36.0364 0.2615707
      vertex -60.8206 -35.85 0.2615707
    endloop
  endfacet
  facet normal -0.375652 0.4902 -0.786504
    outer loop
      vertex -60.7551 -36.2963 0
      vertex -60.9636 -36.0364 0.2615707
      vertex -60.726 -36.274 0
    endloop
  endfacet
  facet normal -0.37591 0.489997 -0.786508
    outer loop
      vertex -60.9636 -36.0364 0.2615707
      vertex -60.7551 -36.2963 0
      vertex -61.15 -36.1794 0.2615707
    endloop
  endfacet
  facet normal 0.59079 0.245727 -0.768496
    outer loop
      vertex -69.4395 -36.0427 0
      vertex -69.1794 -35.85 0.2615707
      vertex -69.4254 -36.0766 0
    endloop
  endfacet
  facet normal 0.59131 0.244858 -0.768373
    outer loop
      vertex -69.1794 -35.85 0.2615707
      vertex -69.4395 -36.0427 0
      vertex -69.2693 -35.6329 0.2615707
    endloop
  endfacet
  facet normal -0.245727 0.59079 -0.768496
    outer loop
      vertex -60.9573 -36.4395 0
      vertex -61.15 -36.1794 0.2615707
      vertex -60.9234 -36.4254 0
    endloop
  endfacet
  facet normal -0.244858 0.59131 -0.768373
    outer loop
      vertex -61.15 -36.1794 0.2615707
      vertex -60.9573 -36.4395 0
      vertex -61.3671 -36.2693 0.2615707
    endloop
  endfacet
  facet normal 0 0.718686 0.695334
    outer loop
      vertex -61.6 -36.3 15.6615707
      vertex -68.6001 -36.5531 15.9231707
      vertex -61.3999 -36.5531 15.9231707
    endloop
  endfacet
  facet normal 0 0.718686 0.695334
    outer loop
      vertex -68.6001 -36.5531 15.9231707
      vertex -61.6 -36.3 15.6615707
      vertex -68.4 -36.3 15.6615707
    endloop
  endfacet
  facet normal 0.680461 0.0896957 0.727274
    outer loop
      vertex -69.5255 -35.8104 15.9231707
      vertex -69.2693 -35.6329 15.6615707
      vertex -69.3 -35.4 15.6615707
    endloop
  endfacet
  facet normal 0.680447 0.0897292 0.727283
    outer loop
      vertex -69.2693 -35.6329 15.6615707
      vertex -69.5255 -35.8104 15.9231707
      vertex -69.5207 -35.8468 15.9231707
    endloop
  endfacet
  facet normal -0.245028 0.591145 0.768446
    outer loop
      vertex -61.1532 -36.5207 15.9231707
      vertex -60.9573 -36.4395 15.9231707
      vertex -61.3671 -36.2693 15.6615707
    endloop
  endfacet
  facet normal -0.245743 0.590829 0.768461
    outer loop
      vertex -61.15 -36.1794 15.6615707
      vertex -60.9573 -36.4395 15.9231707
      vertex -60.9234 -36.4254 15.9231707
    endloop
  endfacet
  facet normal -0.244875 0.591349 0.768338
    outer loop
      vertex -60.9573 -36.4395 15.9231707
      vertex -61.15 -36.1794 15.6615707
      vertex -61.3671 -36.2693 15.6615707
    endloop
  endfacet
  facet normal 0.490031 0.375936 0.786474
    outer loop
      vertex -69.2963 -36.2449 15.9231707
      vertex -69.0364 -36.0364 15.6615707
      vertex -69.1794 -35.85 15.6615707
    endloop
  endfacet
  facet normal 0.490234 0.375678 0.786471
    outer loop
      vertex -69.0364 -36.0364 15.6615707
      vertex -69.2963 -36.2449 15.9231707
      vertex -69.274 -36.274 15.9231707
    endloop
  endfacet
  facet normal 0.591145 0.245028 0.768446
    outer loop
      vertex -69.4395 -36.0427 15.9231707
      vertex -69.2693 -35.6329 15.6615707
      vertex -69.5207 -35.8468 15.9231707
    endloop
  endfacet
  facet normal -0.0896524 0.680646 0.727106
    outer loop
      vertex -61.3999 -36.5531 15.9231707
      vertex -61.1896 -36.5254 15.9231707
      vertex -61.6 -36.3 15.6615707
    endloop
  endfacet
  facet normal -0.0879722 0.681317 0.726683
    outer loop
      vertex -61.3671 -36.2693 15.6615707
      vertex -61.1896 -36.5254 15.9231707
      vertex -61.1532 -36.5207 15.9231707
    endloop
  endfacet
  facet normal -0.0897127 0.680589 0.727152
    outer loop
      vertex -61.1896 -36.5254 15.9231707
      vertex -61.3671 -36.2693 15.6615707
      vertex -61.6 -36.3 15.6615707
    endloop
  endfacet
  facet normal 0.375743 -0.490214 0.786453
    outer loop
      vertex -68.85 -27.8206 15.6615707
      vertex -69.0766 -27.5746 15.9231707
      vertex -69.2449 -27.7036 15.9231707
    endloop
  endfacet
  facet normal -0.375743 -0.490214 0.786453
    outer loop
      vertex -60.7551 -27.7036 15.9231707
      vertex -60.9234 -27.5746 15.9231707
      vertex -61.15 -27.8206 15.6615707
    endloop
  endfacet
  facet normal 0.680788 0.0893474 0.72701
    outer loop
      vertex -69.5255 -35.8104 15.9231707
      vertex -69.3 -35.4 15.6615707
      vertex -69.5531 -35.6001 15.9231707
    endloop
  endfacet
  facet normal 0.0897127 -0.680589 0.727152
    outer loop
      vertex -68.8104 -27.4746 15.9231707
      vertex -68.6329 -27.7307 15.6615707
      vertex -68.4 -27.7 15.6615707
    endloop
  endfacet
  facet normal 0.0879722 -0.681317 0.726683
    outer loop
      vertex -68.6329 -27.7307 15.6615707
      vertex -68.8104 -27.4746 15.9231707
      vertex -68.8468 -27.4793 15.9231707
    endloop
  endfacet
  facet normal 0.680447 -0.0897292 0.727283
    outer loop
      vertex -69.5255 -28.1896 15.9231707
      vertex -69.2693 -28.3671 15.6615707
      vertex -69.5207 -28.1532 15.9231707
    endloop
  endfacet
  facet normal 0.680461 -0.0896957 0.727274
    outer loop
      vertex -69.2693 -28.3671 15.6615707
      vertex -69.5255 -28.1896 15.9231707
      vertex -69.3 -28.6 15.6615707
    endloop
  endfacet
  facet normal -0.591145 -0.245028 0.768446
    outer loop
      vertex -60.4793 -28.1532 15.9231707
      vertex -60.5605 -27.9573 15.9231707
      vertex -60.7307 -28.3671 15.6615707
    endloop
  endfacet
  facet normal -0.0896524 -0.680646 0.727106
    outer loop
      vertex -61.1896 -27.4746 15.9231707
      vertex -61.3999 -27.4469 15.9231707
      vertex -61.6 -27.7 15.6615707
    endloop
  endfacet
  facet normal 0.244875 -0.591349 0.768338
    outer loop
      vertex -69.0427 -27.5605 15.9231707
      vertex -68.85 -27.8206 15.6615707
      vertex -68.6329 -27.7307 15.6615707
    endloop
  endfacet
  facet normal 0.245743 -0.590829 0.768461
    outer loop
      vertex -68.85 -27.8206 15.6615707
      vertex -69.0427 -27.5605 15.9231707
      vertex -69.0766 -27.5746 15.9231707
    endloop
  endfacet
  facet normal 0.245028 -0.591145 0.768446
    outer loop
      vertex -68.6329 -27.7307 15.6615707
      vertex -68.8468 -27.4793 15.9231707
      vertex -69.0427 -27.5605 15.9231707
    endloop
  endfacet
  facet normal -0.376671 -0.489335 0.786556
    outer loop
      vertex -60.7551 -27.7036 15.9231707
      vertex -60.9636 -27.9636 15.6615707
      vertex -60.726 -27.726 15.9231707
    endloop
  endfacet
  facet normal -0.37588 -0.489959 0.786546
    outer loop
      vertex -60.9636 -27.9636 15.6615707
      vertex -60.7551 -27.7036 15.9231707
      vertex -61.15 -27.8206 15.6615707
    endloop
  endfacet
  facet normal 0.375919 0.490063 0.786463
    outer loop
      vertex -69.0766 -36.4254 15.9231707
      vertex -68.85 -36.1794 15.6615707
      vertex -69.2449 -36.2963 15.9231707
    endloop
  endfacet
  facet normal 0.245028 0.591145 0.768446
    outer loop
      vertex -68.8468 -36.5207 15.9231707
      vertex -68.6329 -36.2693 15.6615707
      vertex -69.0427 -36.4395 15.9231707
    endloop
  endfacet
  facet normal -0.245743 -0.590829 0.768461
    outer loop
      vertex -60.9573 -27.5605 15.9231707
      vertex -61.15 -27.8206 15.6615707
      vertex -60.9234 -27.5746 15.9231707
    endloop
  endfacet
  facet normal -0.244875 -0.591349 0.768338
    outer loop
      vertex -61.15 -27.8206 15.6615707
      vertex -60.9573 -27.5605 15.9231707
      vertex -61.3671 -27.7307 15.6615707
    endloop
  endfacet
  facet normal 0 -0.718686 0.695334
    outer loop
      vertex -68.4 -27.7 15.6615707
      vertex -61.3999 -27.4469 15.9231707
      vertex -68.6001 -27.4469 15.9231707
    endloop
  endfacet
  facet normal 0 -0.718686 0.695334
    outer loop
      vertex -61.3999 -27.4469 15.9231707
      vertex -68.4 -27.7 15.6615707
      vertex -61.6 -27.7 15.6615707
    endloop
  endfacet
  facet normal 0.0896524 -0.680646 0.727106
    outer loop
      vertex -68.4 -27.7 15.6615707
      vertex -68.6001 -27.4469 15.9231707
      vertex -68.8104 -27.4746 15.9231707
    endloop
  endfacet
  facet normal 0.680788 -0.0893474 0.72701
    outer loop
      vertex -69.3 -28.6 15.6615707
      vertex -69.5255 -28.1896 15.9231707
      vertex -69.5531 -28.3999 15.9231707
    endloop
  endfacet
  facet normal 0.591145 -0.245028 0.768446
    outer loop
      vertex -69.2693 -28.3671 15.6615707
      vertex -69.4395 -27.9573 15.9231707
      vertex -69.5207 -28.1532 15.9231707
    endloop
  endfacet
  facet normal -0.680646 0.0896524 0.727106
    outer loop
      vertex -60.4746 -35.8104 15.9231707
      vertex -60.4469 -35.6001 15.9231707
      vertex -60.7 -35.4 15.6615707
    endloop
  endfacet
  facet normal 0.591349 0.244875 0.768338
    outer loop
      vertex -69.4395 -36.0427 15.9231707
      vertex -69.1794 -35.85 15.6615707
      vertex -69.2693 -35.6329 15.6615707
    endloop
  endfacet
  facet normal 0.590829 0.245743 0.768461
    outer loop
      vertex -69.1794 -35.85 15.6615707
      vertex -69.4395 -36.0427 15.9231707
      vertex -69.4254 -36.0766 15.9231707
    endloop
  endfacet
  facet normal 0.244875 0.591349 0.768338
    outer loop
      vertex -68.85 -36.1794 15.6615707
      vertex -69.0427 -36.4395 15.9231707
      vertex -68.6329 -36.2693 15.6615707
    endloop
  endfacet
  facet normal 0.245743 0.590829 0.768461
    outer loop
      vertex -69.0427 -36.4395 15.9231707
      vertex -68.85 -36.1794 15.6615707
      vertex -69.0766 -36.4254 15.9231707
    endloop
  endfacet
  facet normal -0.680646 -0.0896524 0.727106
    outer loop
      vertex -60.4469 -28.3999 15.9231707
      vertex -60.4746 -28.1896 15.9231707
      vertex -60.7 -28.6 15.6615707
    endloop
  endfacet
  facet normal 0.0896524 0.680646 0.727106
    outer loop
      vertex -68.6001 -36.5531 15.9231707
      vertex -68.4 -36.3 15.6615707
      vertex -68.8104 -36.5254 15.9231707
    endloop
  endfacet
  facet normal -0.490063 -0.375919 0.786463
    outer loop
      vertex -60.5746 -27.9234 15.9231707
      vertex -60.7037 -27.7551 15.9231707
      vertex -60.8206 -28.15 15.6615707
    endloop
  endfacet
  facet normal -0.718686 0 0.695334
    outer loop
      vertex -60.7 -35.4 15.6615707
      vertex -60.4469 -28.3999 15.9231707
      vertex -60.7 -28.6 15.6615707
    endloop
  endfacet
  facet normal -0.718686 0 0.695334
    outer loop
      vertex -60.4469 -28.3999 15.9231707
      vertex -60.7 -35.4 15.6615707
      vertex -60.4469 -35.6001 15.9231707
    endloop
  endfacet
  facet normal -0.490063 0.375919 0.786463
    outer loop
      vertex -60.7037 -36.2449 15.9231707
      vertex -60.5746 -36.0766 15.9231707
      vertex -60.8206 -35.85 15.6615707
    endloop
  endfacet
  facet normal 0.490234 -0.375678 0.786471
    outer loop
      vertex -69.2963 -27.7551 15.9231707
      vertex -69.0364 -27.9636 15.6615707
      vertex -69.274 -27.726 15.9231707
    endloop
  endfacet
  facet normal 0.490031 -0.375936 0.786474
    outer loop
      vertex -69.0364 -27.9636 15.6615707
      vertex -69.2963 -27.7551 15.9231707
      vertex -69.1794 -28.15 15.6615707
    endloop
  endfacet
  facet normal -0.680589 0.0897127 0.727152
    outer loop
      vertex -60.7307 -35.6329 15.6615707
      vertex -60.4746 -35.8104 15.9231707
      vertex -60.7 -35.4 15.6615707
    endloop
  endfacet
  facet normal -0.681317 0.0879722 0.726683
    outer loop
      vertex -60.4746 -35.8104 15.9231707
      vertex -60.7307 -35.6329 15.6615707
      vertex -60.4793 -35.8468 15.9231707
    endloop
  endfacet
  facet normal -0.0879722 -0.681317 0.726683
    outer loop
      vertex -61.1896 -27.4746 15.9231707
      vertex -61.3671 -27.7307 15.6615707
      vertex -61.1532 -27.4793 15.9231707
    endloop
  endfacet
  facet normal -0.0897127 -0.680589 0.727152
    outer loop
      vertex -61.3671 -27.7307 15.6615707
      vertex -61.1896 -27.4746 15.9231707
      vertex -61.6 -27.7 15.6615707
    endloop
  endfacet
  facet normal -0.591145 0.245028 0.768446
    outer loop
      vertex -60.5605 -36.0427 15.9231707
      vertex -60.4793 -35.8468 15.9231707
      vertex -60.7307 -35.6329 15.6615707
    endloop
  endfacet
  facet normal -0.245028 -0.591145 0.768446
    outer loop
      vertex -60.9573 -27.5605 15.9231707
      vertex -61.1532 -27.4793 15.9231707
      vertex -61.3671 -27.7307 15.6615707
    endloop
  endfacet
  facet normal 0.37588 -0.489959 0.786546
    outer loop
      vertex -69.2449 -27.7036 15.9231707
      vertex -69.0364 -27.9636 15.6615707
      vertex -68.85 -27.8206 15.6615707
    endloop
  endfacet
  facet normal 0.376671 -0.489335 0.786556
    outer loop
      vertex -69.0364 -27.9636 15.6615707
      vertex -69.2449 -27.7036 15.9231707
      vertex -69.274 -27.726 15.9231707
    endloop
  endfacet
  facet normal -0.375919 0.490063 0.786463
    outer loop
      vertex -60.9234 -36.4254 15.9231707
      vertex -60.7551 -36.2963 15.9231707
      vertex -61.15 -36.1794 15.6615707
    endloop
  endfacet
  facet normal -0.591349 0.244875 0.768338
    outer loop
      vertex -60.8206 -35.85 15.6615707
      vertex -60.5605 -36.0427 15.9231707
      vertex -60.7307 -35.6329 15.6615707
    endloop
  endfacet
  facet normal -0.590829 0.245743 0.768461
    outer loop
      vertex -60.5605 -36.0427 15.9231707
      vertex -60.8206 -35.85 15.6615707
      vertex -60.5746 -36.0766 15.9231707
    endloop
  endfacet
  facet normal 0.718686 0 0.695334
    outer loop
      vertex -69.5531 -28.3999 15.9231707
      vertex -69.3 -35.4 15.6615707
      vertex -69.3 -28.6 15.6615707
    endloop
  endfacet
  facet normal 0.718686 0 0.695334
    outer loop
      vertex -69.3 -35.4 15.6615707
      vertex -69.5531 -28.3999 15.9231707
      vertex -69.5531 -35.6001 15.9231707
    endloop
  endfacet
  facet normal 0.375936 0.490031 0.786474
    outer loop
      vertex -69.0364 -36.0364 15.6615707
      vertex -69.2449 -36.2963 15.9231707
      vertex -68.85 -36.1794 15.6615707
    endloop
  endfacet
  facet normal 0.375678 0.490234 0.786471
    outer loop
      vertex -69.2449 -36.2963 15.9231707
      vertex -69.0364 -36.0364 15.6615707
      vertex -69.274 -36.274 15.9231707
    endloop
  endfacet
  facet normal 0.490063 -0.375919 0.786463
    outer loop
      vertex -69.1794 -28.15 15.6615707
      vertex -69.2963 -27.7551 15.9231707
      vertex -69.4254 -27.9234 15.9231707
    endloop
  endfacet
  facet normal -0.681317 -0.0879722 0.726683
    outer loop
      vertex -60.7307 -28.3671 15.6615707
      vertex -60.4746 -28.1896 15.9231707
      vertex -60.4793 -28.1532 15.9231707
    endloop
  endfacet
  facet normal -0.680589 -0.0897127 0.727152
    outer loop
      vertex -60.4746 -28.1896 15.9231707
      vertex -60.7307 -28.3671 15.6615707
      vertex -60.7 -28.6 15.6615707
    endloop
  endfacet
  facet normal 0.590829 -0.245743 0.768461
    outer loop
      vertex -69.4395 -27.9573 15.9231707
      vertex -69.1794 -28.15 15.6615707
      vertex -69.4254 -27.9234 15.9231707
    endloop
  endfacet
  facet normal 0.591349 -0.244875 0.768338
    outer loop
      vertex -69.1794 -28.15 15.6615707
      vertex -69.4395 -27.9573 15.9231707
      vertex -69.2693 -28.3671 15.6615707
    endloop
  endfacet
  facet normal 0.490063 0.375919 0.786463
    outer loop
      vertex -69.2963 -36.2449 15.9231707
      vertex -69.1794 -35.85 15.6615707
      vertex -69.4254 -36.0766 15.9231707
    endloop
  endfacet
  facet normal 0.0897127 0.680589 0.727152
    outer loop
      vertex -68.6329 -36.2693 15.6615707
      vertex -68.8104 -36.5254 15.9231707
      vertex -68.4 -36.3 15.6615707
    endloop
  endfacet
  facet normal 0.0879722 0.681317 0.726683
    outer loop
      vertex -68.8104 -36.5254 15.9231707
      vertex -68.6329 -36.2693 15.6615707
      vertex -68.8468 -36.5207 15.9231707
    endloop
  endfacet
  facet normal -0.490031 0.375936 0.786474
    outer loop
      vertex -60.9636 -36.0364 15.6615707
      vertex -60.7037 -36.2449 15.9231707
      vertex -60.8206 -35.85 15.6615707
    endloop
  endfacet
  facet normal -0.490234 0.375678 0.786471
    outer loop
      vertex -60.7037 -36.2449 15.9231707
      vertex -60.9636 -36.0364 15.6615707
      vertex -60.726 -36.274 15.9231707
    endloop
  endfacet
  facet normal -0.375678 0.490234 0.786471
    outer loop
      vertex -60.9636 -36.0364 15.6615707
      vertex -60.7551 -36.2963 15.9231707
      vertex -60.726 -36.274 15.9231707
    endloop
  endfacet
  facet normal -0.375936 0.490031 0.786474
    outer loop
      vertex -60.7551 -36.2963 15.9231707
      vertex -60.9636 -36.0364 15.6615707
      vertex -61.15 -36.1794 15.6615707
    endloop
  endfacet
  facet normal -0.490234 -0.375678 0.786471
    outer loop
      vertex -60.9636 -27.9636 15.6615707
      vertex -60.7037 -27.7551 15.9231707
      vertex -60.726 -27.726 15.9231707
    endloop
  endfacet
  facet normal -0.490031 -0.375936 0.786474
    outer loop
      vertex -60.7037 -27.7551 15.9231707
      vertex -60.9636 -27.9636 15.6615707
      vertex -60.8206 -28.15 15.6615707
    endloop
  endfacet
  facet normal -0.590829 -0.245743 0.768461
    outer loop
      vertex -60.8206 -28.15 15.6615707
      vertex -60.5605 -27.9573 15.9231707
      vertex -60.5746 -27.9234 15.9231707
    endloop
  endfacet
  facet normal -0.591349 -0.244875 0.768338
    outer loop
      vertex -60.5605 -27.9573 15.9231707
      vertex -60.8206 -28.15 15.6615707
      vertex -60.7307 -28.3671 15.6615707
    endloop
  endfacet
  facet normal -0.130664 0.991427 0
    outer loop
      vertex 3.63293 -22.2693 15.6615707
      vertex 3.39999 -22.3 0.2615707
      vertex 3.39999 -22.3 15.6615707
    endloop
  endfacet
  facet normal -0.130664 0.991427 0
    outer loop
      vertex 3.63293 -22.2693 15.6615707
      vertex 3.63293 -22.2693 0.2615707
      vertex 3.39999 -22.3 0.2615707
    endloop
  endfacet
  facet normal 0 -1 0
    outer loop
      vertex -3.39999 -13.7 0.2615707
      vertex 3.39999 -13.7 15.6615707
      vertex -3.39999 -13.7 15.6615707
    endloop
  endfacet
  facet normal 0 -1 -0
    outer loop
      vertex 3.39999 -13.7 15.6615707
      vertex -3.39999 -13.7 0.2615707
      vertex 3.39999 -13.7 0.2615707
    endloop
  endfacet
  facet normal 0.130664 0.991427 -0
    outer loop
      vertex -3.39999 -22.3 0.2615707
      vertex -3.63293 -22.2693 15.6615707
      vertex -3.39999 -22.3 15.6615707
    endloop
  endfacet
  facet normal 0.130664 0.991427 -0
    outer loop
      vertex -3.63293 -22.2693 0.2615707
      vertex -3.63293 -22.2693 15.6615707
      vertex -3.39999 -22.3 0.2615707
    endloop
  endfacet
  facet normal 0.923888 -0.382662 0
    outer loop
      vertex -4.26933 -14.3671 15.6615707
      vertex -4.17941 -14.15 0.2615707
      vertex -4.17941 -14.15 15.6615707
    endloop
  endfacet
  facet normal 0.923888 -0.382662 0
    outer loop
      vertex -4.17941 -14.15 0.2615707
      vertex -4.26933 -14.3671 15.6615707
      vertex -4.26933 -14.3671 0.2615707
    endloop
  endfacet
  facet normal 1 -0 0
    outer loop
      vertex -4.29999 -21.4 15.6615707
      vertex -4.29999 -14.6 0.2615707
      vertex -4.29999 -14.6 15.6615707
    endloop
  endfacet
  facet normal 1 0 0
    outer loop
      vertex -4.29999 -14.6 0.2615707
      vertex -4.29999 -21.4 15.6615707
      vertex -4.29999 -21.4 0.2615707
    endloop
  endfacet
  facet normal -0.130664 -0.991427 0
    outer loop
      vertex 3.39999 -13.7 0.2615707
      vertex 3.63293 -13.7307 15.6615707
      vertex 3.39999 -13.7 15.6615707
    endloop
  endfacet
  facet normal -0.130664 -0.991427 0
    outer loop
      vertex 3.63293 -13.7307 0.2615707
      vertex 3.63293 -13.7307 15.6615707
      vertex 3.39999 -13.7 0.2615707
    endloop
  endfacet
  facet normal -1 0 0
    outer loop
      vertex 4.29999 -21.4 0.2615707
      vertex 4.29999 -14.6 15.6615707
      vertex 4.29999 -14.6 0.2615707
    endloop
  endfacet
  facet normal -1 -0 0
    outer loop
      vertex 4.29999 -14.6 15.6615707
      vertex 4.29999 -21.4 0.2615707
      vertex 4.29999 -21.4 15.6615707
    endloop
  endfacet
  facet normal 0.991446 -0.130518 0
    outer loop
      vertex -4.29999 -14.6 15.6615707
      vertex -4.26933 -14.3671 0.2615707
      vertex -4.26933 -14.3671 15.6615707
    endloop
  endfacet
  facet normal 0.991446 -0.130518 0
    outer loop
      vertex -4.26933 -14.3671 0.2615707
      vertex -4.29999 -14.6 15.6615707
      vertex -4.29999 -14.6 0.2615707
    endloop
  endfacet
  facet normal 0 1 -0
    outer loop
      vertex 3.39999 -22.3 0.2615707
      vertex -3.39999 -22.3 15.6615707
      vertex 3.39999 -22.3 15.6615707
    endloop
  endfacet
  facet normal 0 1 0
    outer loop
      vertex -3.39999 -22.3 15.6615707
      vertex 3.39999 -22.3 0.2615707
      vertex -3.39999 -22.3 0.2615707
    endloop
  endfacet
  facet normal 0.38265 -0.923893 0
    outer loop
      vertex -3.84999 -13.8206 15.6615707
      vertex -3.84999 -13.8206 0.2615707
      vertex -3.63293 -13.7307 15.6615707
    endloop
  endfacet
  facet normal 0.38265 -0.923893 0
    outer loop
      vertex -3.63293 -13.7307 15.6615707
      vertex -3.84999 -13.8206 0.2615707
      vertex -3.63293 -13.7307 0.2615707
    endloop
  endfacet
  facet normal 0.130664 -0.991427 0
    outer loop
      vertex -3.63293 -13.7307 15.6615707
      vertex -3.39999 -13.7 0.2615707
      vertex -3.39999 -13.7 15.6615707
    endloop
  endfacet
  facet normal 0.130664 -0.991427 0
    outer loop
      vertex -3.63293 -13.7307 15.6615707
      vertex -3.63293 -13.7307 0.2615707
      vertex -3.39999 -13.7 0.2615707
    endloop
  endfacet
  facet normal 0.608682 0.793414 0
    outer loop
      vertex -3.84999 -22.1794 15.6615707
      vertex -4.03639 -22.0364 0.2615707
      vertex -4.03639 -22.0364 15.6615707
    endloop
  endfacet
  facet normal 0.608682 0.793414 0
    outer loop
      vertex -4.03639 -22.0364 0.2615707
      vertex -3.84999 -22.1794 15.6615707
      vertex -3.84999 -22.1794 0.2615707
    endloop
  endfacet
  facet normal -0.923888 -0.382662 0
    outer loop
      vertex 4.26933 -14.3671 0.2615707
      vertex 4.17941 -14.15 15.6615707
      vertex 4.17941 -14.15 0.2615707
    endloop
  endfacet
  facet normal -0.923888 -0.382662 0
    outer loop
      vertex 4.17941 -14.15 15.6615707
      vertex 4.26933 -14.3671 0.2615707
      vertex 4.26933 -14.3671 15.6615707
    endloop
  endfacet
  facet normal 0.793373 -0.608735 0
    outer loop
      vertex -4.17941 -14.15 15.6615707
      vertex -4.03639 -13.9636 0.2615707
      vertex -4.03639 -13.9636 15.6615707
    endloop
  endfacet
  facet normal 0.793373 -0.608735 0
    outer loop
      vertex -4.03639 -13.9636 0.2615707
      vertex -4.17941 -14.15 15.6615707
      vertex -4.17941 -14.15 0.2615707
    endloop
  endfacet
  facet normal 0.608682 -0.793414 0
    outer loop
      vertex -4.03639 -13.9636 0.2615707
      vertex -3.84999 -13.8206 15.6615707
      vertex -4.03639 -13.9636 15.6615707
    endloop
  endfacet
  facet normal 0.608682 -0.793414 0
    outer loop
      vertex -3.84999 -13.8206 15.6615707
      vertex -4.03639 -13.9636 0.2615707
      vertex -3.84999 -13.8206 0.2615707
    endloop
  endfacet
  facet normal -0.991446 -0.130518 0
    outer loop
      vertex 4.29999 -14.6 0.2615707
      vertex 4.26933 -14.3671 15.6615707
      vertex 4.26933 -14.3671 0.2615707
    endloop
  endfacet
  facet normal -0.991446 -0.130518 0
    outer loop
      vertex 4.26933 -14.3671 15.6615707
      vertex 4.29999 -14.6 0.2615707
      vertex 4.29999 -14.6 15.6615707
    endloop
  endfacet
  facet normal 0.38265 0.923893 -0
    outer loop
      vertex -3.63293 -22.2693 0.2615707
      vertex -3.84999 -22.1794 15.6615707
      vertex -3.63293 -22.2693 15.6615707
    endloop
  endfacet
  facet normal 0.38265 0.923893 -0
    outer loop
      vertex -3.84999 -22.1794 0.2615707
      vertex -3.84999 -22.1794 15.6615707
      vertex -3.63293 -22.2693 0.2615707
    endloop
  endfacet
  facet normal -0.793373 0.608735 0
    outer loop
      vertex 4.03639 -22.0364 0.2615707
      vertex 4.17941 -21.85 15.6615707
      vertex 4.17941 -21.85 0.2615707
    endloop
  endfacet
  facet normal -0.793373 0.608735 0
    outer loop
      vertex 4.17941 -21.85 15.6615707
      vertex 4.03639 -22.0364 0.2615707
      vertex 4.03639 -22.0364 15.6615707
    endloop
  endfacet
  facet normal -0.38265 -0.923893 0
    outer loop
      vertex 3.63293 -13.7307 0.2615707
      vertex 3.84999 -13.8206 15.6615707
      vertex 3.63293 -13.7307 15.6615707
    endloop
  endfacet
  facet normal -0.38265 -0.923893 0
    outer loop
      vertex 3.84999 -13.8206 0.2615707
      vertex 3.84999 -13.8206 15.6615707
      vertex 3.63293 -13.7307 0.2615707
    endloop
  endfacet
  facet normal -0.608682 -0.793414 0
    outer loop
      vertex 3.84999 -13.8206 15.6615707
      vertex 4.03639 -13.9636 0.2615707
      vertex 4.03639 -13.9636 15.6615707
    endloop
  endfacet
  facet normal -0.608682 -0.793414 0
    outer loop
      vertex 4.03639 -13.9636 0.2615707
      vertex 3.84999 -13.8206 15.6615707
      vertex 3.84999 -13.8206 0.2615707
    endloop
  endfacet
  facet normal -0.38265 0.923893 0
    outer loop
      vertex 3.84999 -22.1794 15.6615707
      vertex 3.84999 -22.1794 0.2615707
      vertex 3.63293 -22.2693 15.6615707
    endloop
  endfacet
  facet normal -0.38265 0.923893 0
    outer loop
      vertex 3.63293 -22.2693 15.6615707
      vertex 3.84999 -22.1794 0.2615707
      vertex 3.63293 -22.2693 0.2615707
    endloop
  endfacet
  facet normal 0.991446 0.130518 0
    outer loop
      vertex -4.26933 -21.6329 15.6615707
      vertex -4.29999 -21.4 0.2615707
      vertex -4.29999 -21.4 15.6615707
    endloop
  endfacet
  facet normal 0.991446 0.130518 0
    outer loop
      vertex -4.29999 -21.4 0.2615707
      vertex -4.26933 -21.6329 15.6615707
      vertex -4.26933 -21.6329 0.2615707
    endloop
  endfacet
  facet normal -0.991446 0.130518 0
    outer loop
      vertex 4.26933 -21.6329 0.2615707
      vertex 4.29999 -21.4 15.6615707
      vertex 4.29999 -21.4 0.2615707
    endloop
  endfacet
  facet normal -0.991446 0.130518 0
    outer loop
      vertex 4.29999 -21.4 15.6615707
      vertex 4.26933 -21.6329 0.2615707
      vertex 4.26933 -21.6329 15.6615707
    endloop
  endfacet
  facet normal -0.793373 -0.608735 0
    outer loop
      vertex 4.17941 -14.15 0.2615707
      vertex 4.03639 -13.9636 15.6615707
      vertex 4.03639 -13.9636 0.2615707
    endloop
  endfacet
  facet normal -0.793373 -0.608735 0
    outer loop
      vertex 4.03639 -13.9636 15.6615707
      vertex 4.17941 -14.15 0.2615707
      vertex 4.17941 -14.15 15.6615707
    endloop
  endfacet
  facet normal -0.923888 0.382662 0
    outer loop
      vertex 4.17941 -21.85 0.2615707
      vertex 4.26933 -21.6329 15.6615707
      vertex 4.26933 -21.6329 0.2615707
    endloop
  endfacet
  facet normal -0.923888 0.382662 0
    outer loop
      vertex 4.26933 -21.6329 15.6615707
      vertex 4.17941 -21.85 0.2615707
      vertex 4.17941 -21.85 15.6615707
    endloop
  endfacet
  facet normal 0.923888 0.382662 0
    outer loop
      vertex -4.17941 -21.85 15.6615707
      vertex -4.26933 -21.6329 0.2615707
      vertex -4.26933 -21.6329 15.6615707
    endloop
  endfacet
  facet normal 0.923888 0.382662 0
    outer loop
      vertex -4.26933 -21.6329 0.2615707
      vertex -4.17941 -21.85 15.6615707
      vertex -4.17941 -21.85 0.2615707
    endloop
  endfacet
  facet normal -0.608682 0.793414 0
    outer loop
      vertex 4.03639 -22.0364 0.2615707
      vertex 3.84999 -22.1794 15.6615707
      vertex 4.03639 -22.0364 15.6615707
    endloop
  endfacet
  facet normal -0.608682 0.793414 0
    outer loop
      vertex 3.84999 -22.1794 15.6615707
      vertex 4.03639 -22.0364 0.2615707
      vertex 3.84999 -22.1794 0.2615707
    endloop
  endfacet
  facet normal 0.793373 0.608735 0
    outer loop
      vertex -4.03639 -22.0364 15.6615707
      vertex -4.17941 -21.85 0.2615707
      vertex -4.17941 -21.85 15.6615707
    endloop
  endfacet
  facet normal 0.793373 0.608735 0
    outer loop
      vertex -4.17941 -21.85 0.2615707
      vertex -4.03639 -22.0364 15.6615707
      vertex -4.03639 -22.0364 0.2615707
    endloop
  endfacet
  facet normal 0.0896763 -0.68043 -0.727306
    outer loop
      vertex -3.63293 -13.7307 0.2615707
      vertex -3.81041 -13.4745 0
      vertex -3.39999 -13.7 0.2615707
    endloop
  endfacet
  facet normal 0.0897477 -0.6804 -0.727325
    outer loop
      vertex -3.81041 -13.4745 0
      vertex -3.63293 -13.7307 0.2615707
      vertex -3.8468 -13.4793 0
    endloop
  endfacet
  facet normal -0.0896618 0.680588 -0.727159
    outer loop
      vertex 3.81041 -22.5254 0
      vertex 3.60015 -22.5531 0
      vertex 3.39999 -22.3 0.2615707
    endloop
  endfacet
  facet normal 0.375496 0.490333 -0.786496
    outer loop
      vertex -4.10575 -22.4031 0
      vertex -3.84999 -22.1794 0.2615707
      vertex -4.07663 -22.4254 0
    endloop
  endfacet
  facet normal 0.375879 0.489956 -0.786548
    outer loop
      vertex -3.84999 -22.1794 0.2615707
      vertex -4.10575 -22.4031 0
      vertex -4.03639 -22.0364 0.2615707
    endloop
  endfacet
  facet normal -0.0879904 0.68127 -0.726725
    outer loop
      vertex 3.81041 -22.5254 0
      vertex 3.63293 -22.2693 0.2615707
      vertex 3.8468 -22.5207 0
    endloop
  endfacet
  facet normal -0.0896933 0.680559 -0.727183
    outer loop
      vertex 3.63293 -22.2693 0.2615707
      vertex 3.81041 -22.5254 0
      vertex 3.39999 -22.3 0.2615707
    endloop
  endfacet
  facet normal -0.244997 0.591132 -0.768466
    outer loop
      vertex 3.8468 -22.5207 0
      vertex 3.63293 -22.2693 0.2615707
      vertex 4.04272 -22.4395 0
    endloop
  endfacet
  facet normal 0.244997 0.591132 -0.768466
    outer loop
      vertex -3.63293 -22.2693 0.2615707
      vertex -3.8468 -22.5207 0
      vertex -4.04272 -22.4395 0
    endloop
  endfacet
  facet normal 0.0896933 0.680559 -0.727183
    outer loop
      vertex -3.81041 -22.5254 0
      vertex -3.63293 -22.2693 0.2615707
      vertex -3.39999 -22.3 0.2615707
    endloop
  endfacet
  facet normal 0.0879904 0.68127 -0.726725
    outer loop
      vertex -3.63293 -22.2693 0.2615707
      vertex -3.81041 -22.5254 0
      vertex -3.8468 -22.5207 0
    endloop
  endfacet
  facet normal -0.68061 -0.0895505 -0.727153
    outer loop
      vertex 4.52545 -14.1896 0
      vertex 4.55312 -14.3999 0
      vertex 4.29999 -14.6 0.2615707
    endloop
  endfacet
  facet normal 0.718606 0 -0.695417
    outer loop
      vertex -4.29999 -21.4 0.2615707
      vertex -4.55312 -14.3999 0
      vertex -4.29999 -14.6 0.2615707
    endloop
  endfacet
  facet normal 0.718606 0 -0.695417
    outer loop
      vertex -4.55312 -14.3999 0
      vertex -4.29999 -21.4 0.2615707
      vertex -4.55312 -21.6001 0
    endloop
  endfacet
  facet normal 0.0893568 -0.68073 -0.727064
    outer loop
      vertex -3.60015 -13.4469 0
      vertex -3.39999 -13.7 0.2615707
      vertex -3.81041 -13.4745 0
    endloop
  endfacet
  facet normal -0.0893568 -0.68073 -0.727064
    outer loop
      vertex 3.60015 -13.4469 0
      vertex 3.81041 -13.4745 0
      vertex 3.39999 -13.7 0.2615707
    endloop
  endfacet
  facet normal -0.375916 -0.489943 -0.786539
    outer loop
      vertex 4.10575 -13.5969 0
      vertex 4.27401 -13.726 0
      vertex 4.03639 -13.9636 0.2615707
    endloop
  endfacet
  facet normal -0.49 0.37587 -0.786525
    outer loop
      vertex 4.42545 -22.0766 0
      vertex 4.29635 -22.2449 0
      vertex 4.17941 -21.85 0.2615707
    endloop
  endfacet
  facet normal -0.680583 0.0895603 -0.727176
    outer loop
      vertex 4.26933 -21.6329 0.2615707
      vertex 4.52545 -21.8104 0
      vertex 4.52066 -21.8468 0
    endloop
  endfacet
  facet normal -0.68057 0.0895932 -0.727185
    outer loop
      vertex 4.52545 -21.8104 0
      vertex 4.26933 -21.6329 0.2615707
      vertex 4.29999 -21.4 0.2615707
    endloop
  endfacet
  facet normal 0.244889 0.591275 -0.76839
    outer loop
      vertex -4.04272 -22.4395 0
      vertex -3.84999 -22.1794 0.2615707
      vertex -3.63293 -22.2693 0.2615707
    endloop
  endfacet
  facet normal 0.245663 0.590812 -0.768499
    outer loop
      vertex -3.84999 -22.1794 0.2615707
      vertex -4.04272 -22.4395 0
      vertex -4.07663 -22.4254 0
    endloop
  endfacet
  facet normal 0.68061 0.0895505 -0.727153
    outer loop
      vertex -4.29999 -21.4 0.2615707
      vertex -4.52545 -21.8104 0
      vertex -4.55312 -21.6001 0
    endloop
  endfacet
  facet normal 0 -0.718647 -0.695375
    outer loop
      vertex -3.60015 -13.4469 0
      vertex 3.39999 -13.7 0.2615707
      vertex -3.39999 -13.7 0.2615707
    endloop
  endfacet
  facet normal 0 -0.718647 -0.695375
    outer loop
      vertex 3.39999 -13.7 0.2615707
      vertex -3.60015 -13.4469 0
      vertex 3.60015 -13.4469 0
    endloop
  endfacet
  facet normal -0.718606 0 -0.695417
    outer loop
      vertex 4.55312 -14.3999 0
      vertex 4.29999 -21.4 0.2615707
      vertex 4.29999 -14.6 0.2615707
    endloop
  endfacet
  facet normal -0.718606 0 -0.695417
    outer loop
      vertex 4.29999 -21.4 0.2615707
      vertex 4.55312 -14.3999 0
      vertex 4.55312 -21.6001 0
    endloop
  endfacet
  facet normal 0.68061 -0.0895505 -0.727153
    outer loop
      vertex -4.52545 -14.1896 0
      vertex -4.29999 -14.6 0.2615707
      vertex -4.55312 -14.3999 0
    endloop
  endfacet
  facet normal 0.59124 -0.244947 -0.768398
    outer loop
      vertex -4.4395 -13.9573 0
      vertex -4.26933 -14.3671 0.2615707
      vertex -4.52066 -14.1532 0
    endloop
  endfacet
  facet normal 0.0896618 0.680588 -0.727159
    outer loop
      vertex -3.39999 -22.3 0.2615707
      vertex -3.60015 -22.5531 0
      vertex -3.81041 -22.5254 0
    endloop
  endfacet
  facet normal 0 0.718647 -0.695375
    outer loop
      vertex 3.60015 -22.5531 0
      vertex -3.39999 -22.3 0.2615707
      vertex 3.39999 -22.3 0.2615707
    endloop
  endfacet
  facet normal 0 0.718647 -0.695375
    outer loop
      vertex -3.39999 -22.3 0.2615707
      vertex 3.60015 -22.5531 0
      vertex -3.60015 -22.5531 0
    endloop
  endfacet
  facet normal 0.375916 0.489943 -0.786539
    outer loop
      vertex -4.03639 -22.0364 0.2615707
      vertex -4.10575 -22.4031 0
      vertex -4.27401 -22.274 0
    endloop
  endfacet
  facet normal 0.244997 -0.591132 -0.768466
    outer loop
      vertex -3.8468 -13.4793 0
      vertex -3.63293 -13.7307 0.2615707
      vertex -4.04272 -13.5605 0
    endloop
  endfacet
  facet normal -0.0897477 -0.6804 -0.727325
    outer loop
      vertex 3.63293 -13.7307 0.2615707
      vertex 3.81041 -13.4745 0
      vertex 3.8468 -13.4793 0
    endloop
  endfacet
  facet normal -0.0896763 -0.68043 -0.727306
    outer loop
      vertex 3.81041 -13.4745 0
      vertex 3.63293 -13.7307 0.2615707
      vertex 3.39999 -13.7 0.2615707
    endloop
  endfacet
  facet normal -0.68061 0.0895505 -0.727153
    outer loop
      vertex 4.55312 -21.6001 0
      vertex 4.52545 -21.8104 0
      vertex 4.29999 -21.4 0.2615707
    endloop
  endfacet
  facet normal 0.489826 0.376038 -0.786553
    outer loop
      vertex -4.29635 -22.2449 0
      vertex -4.03639 -22.0364 0.2615707
      vertex -4.27401 -22.274 0
    endloop
  endfacet
  facet normal 0.489928 0.375909 -0.786551
    outer loop
      vertex -4.03639 -22.0364 0.2615707
      vertex -4.29635 -22.2449 0
      vertex -4.17941 -21.85 0.2615707
    endloop
  endfacet
  facet normal 0.244889 -0.591275 -0.76839
    outer loop
      vertex -3.84999 -13.8206 0.2615707
      vertex -4.04272 -13.5605 0
      vertex -3.63293 -13.7307 0.2615707
    endloop
  endfacet
  facet normal 0.245663 -0.590812 -0.768499
    outer loop
      vertex -4.04272 -13.5605 0
      vertex -3.84999 -13.8206 0.2615707
      vertex -4.07663 -13.5746 0
    endloop
  endfacet
  facet normal 0.68057 -0.0895932 -0.727185
    outer loop
      vertex -4.52545 -14.1896 0
      vertex -4.26933 -14.3671 0.2615707
      vertex -4.29999 -14.6 0.2615707
    endloop
  endfacet
  facet normal 0.680583 -0.0895603 -0.727176
    outer loop
      vertex -4.26933 -14.3671 0.2615707
      vertex -4.52545 -14.1896 0
      vertex -4.52066 -14.1532 0
    endloop
  endfacet
  facet normal 0.489928 -0.375909 -0.786551
    outer loop
      vertex -4.29635 -13.7551 0
      vertex -4.03639 -13.9636 0.2615707
      vertex -4.17941 -14.15 0.2615707
    endloop
  endfacet
  facet normal 0.489826 -0.376038 -0.786553
    outer loop
      vertex -4.03639 -13.9636 0.2615707
      vertex -4.29635 -13.7551 0
      vertex -4.27401 -13.726 0
    endloop
  endfacet
  facet normal -0.244997 -0.591132 -0.768466
    outer loop
      vertex 3.63293 -13.7307 0.2615707
      vertex 3.8468 -13.4793 0
      vertex 4.04272 -13.5605 0
    endloop
  endfacet
  facet normal 0.680583 0.0895603 -0.727176
    outer loop
      vertex -4.52545 -21.8104 0
      vertex -4.26933 -21.6329 0.2615707
      vertex -4.52066 -21.8468 0
    endloop
  endfacet
  facet normal 0.68057 0.0895932 -0.727185
    outer loop
      vertex -4.26933 -21.6329 0.2615707
      vertex -4.52545 -21.8104 0
      vertex -4.29999 -21.4 0.2615707
    endloop
  endfacet
  facet normal -0.591218 0.245033 -0.768388
    outer loop
      vertex 4.17941 -21.85 0.2615707
      vertex 4.4395 -22.0427 0
      vertex 4.42545 -22.0766 0
    endloop
  endfacet
  facet normal -0.591294 0.244906 -0.76837
    outer loop
      vertex 4.4395 -22.0427 0
      vertex 4.17941 -21.85 0.2615707
      vertex 4.26933 -21.6329 0.2615707
    endloop
  endfacet
  facet normal 0.591218 0.245033 -0.768388
    outer loop
      vertex -4.4395 -22.0427 0
      vertex -4.17941 -21.85 0.2615707
      vertex -4.42545 -22.0766 0
    endloop
  endfacet
  facet normal 0.591294 0.244906 -0.76837
    outer loop
      vertex -4.17941 -21.85 0.2615707
      vertex -4.4395 -22.0427 0
      vertex -4.26933 -21.6329 0.2615707
    endloop
  endfacet
  facet normal -0.49 -0.37587 -0.786525
    outer loop
      vertex 4.29635 -13.7551 0
      vertex 4.42545 -13.9234 0
      vertex 4.17941 -14.15 0.2615707
    endloop
  endfacet
  facet normal -0.489928 -0.375909 -0.786551
    outer loop
      vertex 4.03639 -13.9636 0.2615707
      vertex 4.29635 -13.7551 0
      vertex 4.17941 -14.15 0.2615707
    endloop
  endfacet
  facet normal -0.489826 -0.376038 -0.786553
    outer loop
      vertex 4.29635 -13.7551 0
      vertex 4.03639 -13.9636 0.2615707
      vertex 4.27401 -13.726 0
    endloop
  endfacet
  facet normal -0.245663 -0.590812 -0.768499
    outer loop
      vertex 3.84999 -13.8206 0.2615707
      vertex 4.04272 -13.5605 0
      vertex 4.07663 -13.5746 0
    endloop
  endfacet
  facet normal -0.244889 -0.591275 -0.76839
    outer loop
      vertex 3.63293 -13.7307 0.2615707
      vertex 4.04272 -13.5605 0
      vertex 3.84999 -13.8206 0.2615707
    endloop
  endfacet
  facet normal 0.591294 -0.244906 -0.76837
    outer loop
      vertex -4.4395 -13.9573 0
      vertex -4.17941 -14.15 0.2615707
      vertex -4.26933 -14.3671 0.2615707
    endloop
  endfacet
  facet normal 0.591218 -0.245033 -0.768388
    outer loop
      vertex -4.17941 -14.15 0.2615707
      vertex -4.4395 -13.9573 0
      vertex -4.42545 -13.9234 0
    endloop
  endfacet
  facet normal 0.49 -0.37587 -0.786525
    outer loop
      vertex -4.29635 -13.7551 0
      vertex -4.17941 -14.15 0.2615707
      vertex -4.42545 -13.9234 0
    endloop
  endfacet
  facet normal -0.375496 0.490333 -0.786496
    outer loop
      vertex 3.84999 -22.1794 0.2615707
      vertex 4.10575 -22.4031 0
      vertex 4.07663 -22.4254 0
    endloop
  endfacet
  facet normal -0.375879 0.489956 -0.786548
    outer loop
      vertex 4.10575 -22.4031 0
      vertex 3.84999 -22.1794 0.2615707
      vertex 4.03639 -22.0364 0.2615707
    endloop
  endfacet
  facet normal 0.375916 -0.489943 -0.786539
    outer loop
      vertex -4.10575 -13.5969 0
      vertex -4.03639 -13.9636 0.2615707
      vertex -4.27401 -13.726 0
    endloop
  endfacet
  facet normal 0.375879 -0.489956 -0.786548
    outer loop
      vertex -4.10575 -13.5969 0
      vertex -3.84999 -13.8206 0.2615707
      vertex -4.03639 -13.9636 0.2615707
    endloop
  endfacet
  facet normal 0.375496 -0.490333 -0.786496
    outer loop
      vertex -3.84999 -13.8206 0.2615707
      vertex -4.10575 -13.5969 0
      vertex -4.07663 -13.5746 0
    endloop
  endfacet
  facet normal -0.375879 -0.489956 -0.786548
    outer loop
      vertex 3.84999 -13.8206 0.2615707
      vertex 4.10575 -13.5969 0
      vertex 4.03639 -13.9636 0.2615707
    endloop
  endfacet
  facet normal -0.375496 -0.490333 -0.786496
    outer loop
      vertex 4.10575 -13.5969 0
      vertex 3.84999 -13.8206 0.2615707
      vertex 4.07663 -13.5746 0
    endloop
  endfacet
  facet normal -0.68057 -0.0895932 -0.727185
    outer loop
      vertex 4.26933 -14.3671 0.2615707
      vertex 4.52545 -14.1896 0
      vertex 4.29999 -14.6 0.2615707
    endloop
  endfacet
  facet normal -0.680583 -0.0895603 -0.727176
    outer loop
      vertex 4.52545 -14.1896 0
      vertex 4.26933 -14.3671 0.2615707
      vertex 4.52066 -14.1532 0
    endloop
  endfacet
  facet normal -0.59124 0.244947 -0.768398
    outer loop
      vertex 4.52066 -21.8468 0
      vertex 4.4395 -22.0427 0
      vertex 4.26933 -21.6329 0.2615707
    endloop
  endfacet
  facet normal -0.489826 0.376038 -0.786553
    outer loop
      vertex 4.03639 -22.0364 0.2615707
      vertex 4.29635 -22.2449 0
      vertex 4.27401 -22.274 0
    endloop
  endfacet
  facet normal -0.489928 0.375909 -0.786551
    outer loop
      vertex 4.29635 -22.2449 0
      vertex 4.03639 -22.0364 0.2615707
      vertex 4.17941 -21.85 0.2615707
    endloop
  endfacet
  facet normal -0.375916 0.489943 -0.786539
    outer loop
      vertex 4.27401 -22.274 0
      vertex 4.10575 -22.4031 0
      vertex 4.03639 -22.0364 0.2615707
    endloop
  endfacet
  facet normal 0.49 0.37587 -0.786525
    outer loop
      vertex -4.17941 -21.85 0.2615707
      vertex -4.29635 -22.2449 0
      vertex -4.42545 -22.0766 0
    endloop
  endfacet
  facet normal -0.245663 0.590812 -0.768499
    outer loop
      vertex 4.04272 -22.4395 0
      vertex 3.84999 -22.1794 0.2615707
      vertex 4.07663 -22.4254 0
    endloop
  endfacet
  facet normal -0.244889 0.591275 -0.76839
    outer loop
      vertex 4.04272 -22.4395 0
      vertex 3.63293 -22.2693 0.2615707
      vertex 3.84999 -22.1794 0.2615707
    endloop
  endfacet
  facet normal 0.59124 0.244947 -0.768398
    outer loop
      vertex -4.26933 -21.6329 0.2615707
      vertex -4.4395 -22.0427 0
      vertex -4.52066 -21.8468 0
    endloop
  endfacet
  facet normal -0.59124 -0.244947 -0.768398
    outer loop
      vertex 4.4395 -13.9573 0
      vertex 4.52066 -14.1532 0
      vertex 4.26933 -14.3671 0.2615707
    endloop
  endfacet
  facet normal -0.591294 -0.244906 -0.76837
    outer loop
      vertex 4.17941 -14.15 0.2615707
      vertex 4.4395 -13.9573 0
      vertex 4.26933 -14.3671 0.2615707
    endloop
  endfacet
  facet normal -0.591218 -0.245033 -0.768388
    outer loop
      vertex 4.4395 -13.9573 0
      vertex 4.17941 -14.15 0.2615707
      vertex 4.42545 -13.9234 0
    endloop
  endfacet
  facet normal 0 0.718686 0.695334
    outer loop
      vertex 3.39999 -22.3 15.6615707
      vertex -3.60014 -22.5531 15.9231707
      vertex 3.60014 -22.5531 15.9231707
    endloop
  endfacet
  facet normal 0 0.718686 0.695334
    outer loop
      vertex -3.60014 -22.5531 15.9231707
      vertex 3.39999 -22.3 15.6615707
      vertex -3.39999 -22.3 15.6615707
    endloop
  endfacet
  facet normal 0.68061 0.0895985 0.727147
    outer loop
      vertex -4.52545 -21.8104 15.9231707
      vertex -4.26933 -21.6329 15.6615707
      vertex -4.29999 -21.4 15.6615707
    endloop
  endfacet
  facet normal 0.680624 0.0895656 0.727138
    outer loop
      vertex -4.26933 -21.6329 15.6615707
      vertex -4.52545 -21.8104 15.9231707
      vertex -4.52066 -21.8468 15.9231707
    endloop
  endfacet
  facet normal -0.245014 0.591171 0.76843
    outer loop
      vertex 3.8468 -22.5207 15.9231707
      vertex 4.04272 -22.4395 15.9231707
      vertex 3.63293 -22.2693 15.6615707
    endloop
  endfacet
  facet normal -0.24568 0.590851 0.768464
    outer loop
      vertex 3.84999 -22.1794 15.6615707
      vertex 4.04272 -22.4395 15.9231707
      vertex 4.07663 -22.4254 15.9231707
    endloop
  endfacet
  facet normal -0.244905 0.591314 0.768354
    outer loop
      vertex 4.04272 -22.4395 15.9231707
      vertex 3.84999 -22.1794 15.6615707
      vertex 3.63293 -22.2693 15.6615707
    endloop
  endfacet
  facet normal 0.489962 0.375935 0.786518
    outer loop
      vertex -4.29635 -22.2449 15.9231707
      vertex -4.03639 -22.0364 15.6615707
      vertex -4.17941 -21.85 15.6615707
    endloop
  endfacet
  facet normal 0.48986 0.376064 0.786519
    outer loop
      vertex -4.03639 -22.0364 15.6615707
      vertex -4.29635 -22.2449 15.9231707
      vertex -4.27401 -22.274 15.9231707
    endloop
  endfacet
  facet normal 0.591264 0.244987 0.768368
    outer loop
      vertex -4.43949 -22.0427 15.9231707
      vertex -4.26933 -21.6329 15.6615707
      vertex -4.52066 -21.8468 15.9231707
    endloop
  endfacet
  facet normal -0.0896633 0.680632 0.727118
    outer loop
      vertex 3.60014 -22.5531 15.9231707
      vertex 3.81041 -22.5254 15.9231707
      vertex 3.39999 -22.3 15.6615707
    endloop
  endfacet
  facet normal -0.0879956 0.681311 0.726686
    outer loop
      vertex 3.63293 -22.2693 15.6615707
      vertex 3.81041 -22.5254 15.9231707
      vertex 3.8468 -22.5207 15.9231707
    endloop
  endfacet
  facet normal -0.0896986 0.680599 0.727145
    outer loop
      vertex 3.81041 -22.5254 15.9231707
      vertex 3.63293 -22.2693 15.6615707
      vertex 3.39999 -22.3 15.6615707
    endloop
  endfacet
  facet normal 0.375793 -0.490134 0.786478
    outer loop
      vertex -3.84999 -13.8206 15.6615707
      vertex -4.07663 -13.5746 15.9231707
      vertex -4.24488 -13.7036 15.9231707
    endloop
  endfacet
  facet normal -0.375793 -0.490134 0.786478
    outer loop
      vertex 4.24488 -13.7036 15.9231707
      vertex 4.07663 -13.5746 15.9231707
      vertex 3.84999 -13.8206 15.6615707
    endloop
  endfacet
  facet normal 0.68065 0.0895558 0.727114
    outer loop
      vertex -4.52545 -21.8104 15.9231707
      vertex -4.29999 -21.4 15.6615707
      vertex -4.55312 -21.6001 15.9231707
    endloop
  endfacet
  facet normal 0.0896986 -0.680599 0.727145
    outer loop
      vertex -3.81041 -13.4746 15.9231707
      vertex -3.63293 -13.7307 15.6615707
      vertex -3.39999 -13.7 15.6615707
    endloop
  endfacet
  facet normal 0.0879956 -0.681311 0.726686
    outer loop
      vertex -3.63293 -13.7307 15.6615707
      vertex -3.81041 -13.4746 15.9231707
      vertex -3.8468 -13.4793 15.9231707
    endloop
  endfacet
  facet normal 0.680624 -0.0895656 0.727138
    outer loop
      vertex -4.52545 -14.1896 15.9231707
      vertex -4.26933 -14.3671 15.6615707
      vertex -4.52066 -14.1532 15.9231707
    endloop
  endfacet
  facet normal 0.68061 -0.0895985 0.727147
    outer loop
      vertex -4.26933 -14.3671 15.6615707
      vertex -4.52545 -14.1896 15.9231707
      vertex -4.29999 -14.6 15.6615707
    endloop
  endfacet
  facet normal -0.591264 -0.244987 0.768368
    outer loop
      vertex 4.52066 -14.1532 15.9231707
      vertex 4.43949 -13.9573 15.9231707
      vertex 4.26933 -14.3671 15.6615707
    endloop
  endfacet
  facet normal -0.0896633 -0.680632 0.727118
    outer loop
      vertex 3.81041 -13.4746 15.9231707
      vertex 3.60014 -13.4469 15.9231707
      vertex 3.39999 -13.7 15.6615707
    endloop
  endfacet
  facet normal 0.244905 -0.591314 0.768354
    outer loop
      vertex -4.04272 -13.5605 15.9231707
      vertex -3.84999 -13.8206 15.6615707
      vertex -3.63293 -13.7307 15.6615707
    endloop
  endfacet
  facet normal 0.24568 -0.590851 0.768464
    outer loop
      vertex -3.84999 -13.8206 15.6615707
      vertex -4.04272 -13.5605 15.9231707
      vertex -4.07663 -13.5746 15.9231707
    endloop
  endfacet
  facet normal 0.245014 -0.591171 0.76843
    outer loop
      vertex -3.63293 -13.7307 15.6615707
      vertex -3.8468 -13.4793 15.9231707
      vertex -4.04272 -13.5605 15.9231707
    endloop
  endfacet
  facet normal -0.376433 -0.489532 0.786547
    outer loop
      vertex 4.24488 -13.7036 15.9231707
      vertex 4.03639 -13.9636 15.6615707
      vertex 4.27401 -13.726 15.9231707
    endloop
  endfacet
  facet normal -0.375885 -0.489964 0.78654
    outer loop
      vertex 4.03639 -13.9636 15.6615707
      vertex 4.24488 -13.7036 15.9231707
      vertex 3.84999 -13.8206 15.6615707
    endloop
  endfacet
  facet normal 0.375793 0.490134 0.786478
    outer loop
      vertex -4.07663 -22.4254 15.9231707
      vertex -3.84999 -22.1794 15.6615707
      vertex -4.24488 -22.2964 15.9231707
    endloop
  endfacet
  facet normal 0.245014 0.591171 0.76843
    outer loop
      vertex -3.8468 -22.5207 15.9231707
      vertex -3.63293 -22.2693 15.6615707
      vertex -4.04272 -22.4395 15.9231707
    endloop
  endfacet
  facet normal -0.24568 -0.590851 0.768464
    outer loop
      vertex 4.04272 -13.5605 15.9231707
      vertex 3.84999 -13.8206 15.6615707
      vertex 4.07663 -13.5746 15.9231707
    endloop
  endfacet
  facet normal -0.244905 -0.591314 0.768354
    outer loop
      vertex 3.84999 -13.8206 15.6615707
      vertex 4.04272 -13.5605 15.9231707
      vertex 3.63293 -13.7307 15.6615707
    endloop
  endfacet
  facet normal 0 -0.718686 0.695334
    outer loop
      vertex -3.39999 -13.7 15.6615707
      vertex 3.60014 -13.4469 15.9231707
      vertex -3.60014 -13.4469 15.9231707
    endloop
  endfacet
  facet normal 0 -0.718686 0.695334
    outer loop
      vertex 3.60014 -13.4469 15.9231707
      vertex -3.39999 -13.7 15.6615707
      vertex 3.39999 -13.7 15.6615707
    endloop
  endfacet
  facet normal 0.0896633 -0.680632 0.727118
    outer loop
      vertex -3.39999 -13.7 15.6615707
      vertex -3.60014 -13.4469 15.9231707
      vertex -3.81041 -13.4746 15.9231707
    endloop
  endfacet
  facet normal 0.68065 -0.0895558 0.727114
    outer loop
      vertex -4.29999 -14.6 15.6615707
      vertex -4.52545 -14.1896 15.9231707
      vertex -4.55312 -14.3999 15.9231707
    endloop
  endfacet
  facet normal 0.591264 -0.244987 0.768368
    outer loop
      vertex -4.26933 -14.3671 15.6615707
      vertex -4.43949 -13.9573 15.9231707
      vertex -4.52066 -14.1532 15.9231707
    endloop
  endfacet
  facet normal -0.68065 0.0895558 0.727114
    outer loop
      vertex 4.52545 -21.8104 15.9231707
      vertex 4.55312 -21.6001 15.9231707
      vertex 4.29999 -21.4 15.6615707
    endloop
  endfacet
  facet normal 0.591343 0.244927 0.768325
    outer loop
      vertex -4.43949 -22.0427 15.9231707
      vertex -4.17941 -21.85 15.6615707
      vertex -4.26933 -21.6329 15.6615707
    endloop
  endfacet
  facet normal 0.591351 0.244914 0.768324
    outer loop
      vertex -4.17941 -21.85 15.6615707
      vertex -4.43949 -22.0427 15.9231707
      vertex -4.42545 -22.0766 15.9231707
    endloop
  endfacet
  facet normal 0.244905 0.591314 0.768354
    outer loop
      vertex -3.84999 -22.1794 15.6615707
      vertex -4.04272 -22.4395 15.9231707
      vertex -3.63293 -22.2693 15.6615707
    endloop
  endfacet
  facet normal 0.24568 0.590851 0.768464
    outer loop
      vertex -4.04272 -22.4395 15.9231707
      vertex -3.84999 -22.1794 15.6615707
      vertex -4.07663 -22.4254 15.9231707
    endloop
  endfacet
  facet normal -0.68065 -0.0895558 0.727114
    outer loop
      vertex 4.55312 -14.3999 15.9231707
      vertex 4.52545 -14.1896 15.9231707
      vertex 4.29999 -14.6 15.6615707
    endloop
  endfacet
  facet normal 0.0896633 0.680632 0.727118
    outer loop
      vertex -3.60014 -22.5531 15.9231707
      vertex -3.39999 -22.3 15.6615707
      vertex -3.81041 -22.5254 15.9231707
    endloop
  endfacet
  facet normal -0.490034 -0.375897 0.786491
    outer loop
      vertex 4.42545 -13.9234 15.9231707
      vertex 4.29635 -13.7551 15.9231707
      vertex 4.17941 -14.15 15.6615707
    endloop
  endfacet
  facet normal -0.718645 0 0.695377
    outer loop
      vertex 4.29999 -21.4 15.6615707
      vertex 4.55312 -14.3999 15.9231707
      vertex 4.29999 -14.6 15.6615707
    endloop
  endfacet
  facet normal -0.718645 0 0.695377
    outer loop
      vertex 4.55312 -14.3999 15.9231707
      vertex 4.29999 -21.4 15.6615707
      vertex 4.55312 -21.6001 15.9231707
    endloop
  endfacet
  facet normal -0.490034 0.375897 0.786491
    outer loop
      vertex 4.29635 -22.2449 15.9231707
      vertex 4.42545 -22.0766 15.9231707
      vertex 4.17941 -21.85 15.6615707
    endloop
  endfacet
  facet normal 0.48986 -0.376064 0.786519
    outer loop
      vertex -4.29635 -13.7551 15.9231707
      vertex -4.03639 -13.9636 15.6615707
      vertex -4.27401 -13.726 15.9231707
    endloop
  endfacet
  facet normal 0.489962 -0.375935 0.786518
    outer loop
      vertex -4.03639 -13.9636 15.6615707
      vertex -4.29635 -13.7551 15.9231707
      vertex -4.17941 -14.15 15.6615707
    endloop
  endfacet
  facet normal -0.68061 0.0895985 0.727147
    outer loop
      vertex 4.26933 -21.6329 15.6615707
      vertex 4.52545 -21.8104 15.9231707
      vertex 4.29999 -21.4 15.6615707
    endloop
  endfacet
  facet normal -0.680624 0.0895656 0.727138
    outer loop
      vertex 4.52545 -21.8104 15.9231707
      vertex 4.26933 -21.6329 15.6615707
      vertex 4.52066 -21.8468 15.9231707
    endloop
  endfacet
  facet normal -0.0879956 -0.681311 0.726686
    outer loop
      vertex 3.81041 -13.4746 15.9231707
      vertex 3.63293 -13.7307 15.6615707
      vertex 3.8468 -13.4793 15.9231707
    endloop
  endfacet
  facet normal -0.0896986 -0.680599 0.727145
    outer loop
      vertex 3.63293 -13.7307 15.6615707
      vertex 3.81041 -13.4746 15.9231707
      vertex 3.39999 -13.7 15.6615707
    endloop
  endfacet
  facet normal -0.591264 0.244987 0.768368
    outer loop
      vertex 4.43949 -22.0427 15.9231707
      vertex 4.52066 -21.8468 15.9231707
      vertex 4.26933 -21.6329 15.6615707
    endloop
  endfacet
  facet normal -0.245014 -0.591171 0.76843
    outer loop
      vertex 4.04272 -13.5605 15.9231707
      vertex 3.8468 -13.4793 15.9231707
      vertex 3.63293 -13.7307 15.6615707
    endloop
  endfacet
  facet normal 0.375885 -0.489964 0.78654
    outer loop
      vertex -4.24488 -13.7036 15.9231707
      vertex -4.03639 -13.9636 15.6615707
      vertex -3.84999 -13.8206 15.6615707
    endloop
  endfacet
  facet normal 0.376433 -0.489532 0.786547
    outer loop
      vertex -4.03639 -13.9636 15.6615707
      vertex -4.24488 -13.7036 15.9231707
      vertex -4.27401 -13.726 15.9231707
    endloop
  endfacet
  facet normal -0.375793 0.490134 0.786478
    outer loop
      vertex 4.07663 -22.4254 15.9231707
      vertex 4.24488 -22.2964 15.9231707
      vertex 3.84999 -22.1794 15.6615707
    endloop
  endfacet
  facet normal -0.591343 0.244927 0.768325
    outer loop
      vertex 4.17941 -21.85 15.6615707
      vertex 4.43949 -22.0427 15.9231707
      vertex 4.26933 -21.6329 15.6615707
    endloop
  endfacet
  facet normal -0.591351 0.244914 0.768324
    outer loop
      vertex 4.43949 -22.0427 15.9231707
      vertex 4.17941 -21.85 15.6615707
      vertex 4.42545 -22.0766 15.9231707
    endloop
  endfacet
  facet normal 0.718645 0 0.695377
    outer loop
      vertex -4.55312 -14.3999 15.9231707
      vertex -4.29999 -21.4 15.6615707
      vertex -4.29999 -14.6 15.6615707
    endloop
  endfacet
  facet normal 0.718645 0 0.695377
    outer loop
      vertex -4.29999 -21.4 15.6615707
      vertex -4.55312 -14.3999 15.9231707
      vertex -4.55312 -21.6001 15.9231707
    endloop
  endfacet
  facet normal 0.375885 0.489964 0.78654
    outer loop
      vertex -4.03639 -22.0364 15.6615707
      vertex -4.24488 -22.2964 15.9231707
      vertex -3.84999 -22.1794 15.6615707
    endloop
  endfacet
  facet normal 0.376433 0.489532 0.786547
    outer loop
      vertex -4.24488 -22.2964 15.9231707
      vertex -4.03639 -22.0364 15.6615707
      vertex -4.27401 -22.274 15.9231707
    endloop
  endfacet
  facet normal 0.490034 -0.375897 0.786491
    outer loop
      vertex -4.17941 -14.15 15.6615707
      vertex -4.29635 -13.7551 15.9231707
      vertex -4.42545 -13.9234 15.9231707
    endloop
  endfacet
  facet normal -0.680624 -0.0895656 0.727138
    outer loop
      vertex 4.26933 -14.3671 15.6615707
      vertex 4.52545 -14.1896 15.9231707
      vertex 4.52066 -14.1532 15.9231707
    endloop
  endfacet
  facet normal -0.68061 -0.0895985 0.727147
    outer loop
      vertex 4.52545 -14.1896 15.9231707
      vertex 4.26933 -14.3671 15.6615707
      vertex 4.29999 -14.6 15.6615707
    endloop
  endfacet
  facet normal 0.591351 -0.244914 0.768324
    outer loop
      vertex -4.43949 -13.9573 15.9231707
      vertex -4.17941 -14.15 15.6615707
      vertex -4.42545 -13.9234 15.9231707
    endloop
  endfacet
  facet normal 0.591343 -0.244927 0.768325
    outer loop
      vertex -4.17941 -14.15 15.6615707
      vertex -4.43949 -13.9573 15.9231707
      vertex -4.26933 -14.3671 15.6615707
    endloop
  endfacet
  facet normal 0.490034 0.375897 0.786491
    outer loop
      vertex -4.29635 -22.2449 15.9231707
      vertex -4.17941 -21.85 15.6615707
      vertex -4.42545 -22.0766 15.9231707
    endloop
  endfacet
  facet normal 0.0896986 0.680599 0.727145
    outer loop
      vertex -3.63293 -22.2693 15.6615707
      vertex -3.81041 -22.5254 15.9231707
      vertex -3.39999 -22.3 15.6615707
    endloop
  endfacet
  facet normal 0.0879956 0.681311 0.726686
    outer loop
      vertex -3.81041 -22.5254 15.9231707
      vertex -3.63293 -22.2693 15.6615707
      vertex -3.8468 -22.5207 15.9231707
    endloop
  endfacet
  facet normal -0.489962 0.375935 0.786518
    outer loop
      vertex 4.03639 -22.0364 15.6615707
      vertex 4.29635 -22.2449 15.9231707
      vertex 4.17941 -21.85 15.6615707
    endloop
  endfacet
  facet normal -0.48986 0.376064 0.786519
    outer loop
      vertex 4.29635 -22.2449 15.9231707
      vertex 4.03639 -22.0364 15.6615707
      vertex 4.27401 -22.274 15.9231707
    endloop
  endfacet
  facet normal -0.376433 0.489532 0.786547
    outer loop
      vertex 4.03639 -22.0364 15.6615707
      vertex 4.24488 -22.2964 15.9231707
      vertex 4.27401 -22.274 15.9231707
    endloop
  endfacet
  facet normal -0.375885 0.489964 0.78654
    outer loop
      vertex 4.24488 -22.2964 15.9231707
      vertex 4.03639 -22.0364 15.6615707
      vertex 3.84999 -22.1794 15.6615707
    endloop
  endfacet
  facet normal -0.48986 -0.376064 0.786519
    outer loop
      vertex 4.03639 -13.9636 15.6615707
      vertex 4.29635 -13.7551 15.9231707
      vertex 4.27401 -13.726 15.9231707
    endloop
  endfacet
  facet normal -0.489962 -0.375935 0.786518
    outer loop
      vertex 4.29635 -13.7551 15.9231707
      vertex 4.03639 -13.9636 15.6615707
      vertex 4.17941 -14.15 15.6615707
    endloop
  endfacet
  facet normal -0.591351 -0.244914 0.768324
    outer loop
      vertex 4.17941 -14.15 15.6615707
      vertex 4.43949 -13.9573 15.9231707
      vertex 4.42545 -13.9234 15.9231707
    endloop
  endfacet
  facet normal -0.591343 -0.244927 0.768325
    outer loop
      vertex 4.43949 -13.9573 15.9231707
      vertex 4.17941 -14.15 15.6615707
      vertex 4.26933 -14.3671 15.6615707
    endloop
  endfacet
  facet normal -0.130664 0.991427 0
    outer loop
      vertex 3.63293 -36.2693 15.6615707
      vertex 3.39999 -36.3 0.2615707
      vertex 3.39999 -36.3 15.6615707
    endloop
  endfacet
  facet normal -0.130664 0.991427 0
    outer loop
      vertex 3.63293 -36.2693 15.6615707
      vertex 3.63293 -36.2693 0.2615707
      vertex 3.39999 -36.3 0.2615707
    endloop
  endfacet
  facet normal 0 -1 0
    outer loop
      vertex -3.39999 -27.7 0.2615707
      vertex 3.39999 -27.7 15.6615707
      vertex -3.39999 -27.7 15.6615707
    endloop
  endfacet
  facet normal 0 -1 -0
    outer loop
      vertex 3.39999 -27.7 15.6615707
      vertex -3.39999 -27.7 0.2615707
      vertex 3.39999 -27.7 0.2615707
    endloop
  endfacet
  facet normal 0.130664 0.991427 -0
    outer loop
      vertex -3.39999 -36.3 0.2615707
      vertex -3.63293 -36.2693 15.6615707
      vertex -3.39999 -36.3 15.6615707
    endloop
  endfacet
  facet normal 0.130664 0.991427 -0
    outer loop
      vertex -3.63293 -36.2693 0.2615707
      vertex -3.63293 -36.2693 15.6615707
      vertex -3.39999 -36.3 0.2615707
    endloop
  endfacet
  facet normal 0.923888 -0.382662 0
    outer loop
      vertex -4.26933 -28.3671 15.6615707
      vertex -4.17941 -28.15 0.2615707
      vertex -4.17941 -28.15 15.6615707
    endloop
  endfacet
  facet normal 0.923888 -0.382662 0
    outer loop
      vertex -4.17941 -28.15 0.2615707
      vertex -4.26933 -28.3671 15.6615707
      vertex -4.26933 -28.3671 0.2615707
    endloop
  endfacet
  facet normal 1 -0 0
    outer loop
      vertex -4.29999 -35.4 15.6615707
      vertex -4.29999 -28.6 0.2615707
      vertex -4.29999 -28.6 15.6615707
    endloop
  endfacet
  facet normal 1 0 0
    outer loop
      vertex -4.29999 -28.6 0.2615707
      vertex -4.29999 -35.4 15.6615707
      vertex -4.29999 -35.4 0.2615707
    endloop
  endfacet
  facet normal -0.130664 -0.991427 0
    outer loop
      vertex 3.39999 -27.7 0.2615707
      vertex 3.63293 -27.7307 15.6615707
      vertex 3.39999 -27.7 15.6615707
    endloop
  endfacet
  facet normal -0.130664 -0.991427 0
    outer loop
      vertex 3.63293 -27.7307 0.2615707
      vertex 3.63293 -27.7307 15.6615707
      vertex 3.39999 -27.7 0.2615707
    endloop
  endfacet
  facet normal 0.991446 -0.130518 0
    outer loop
      vertex -4.29999 -28.6 15.6615707
      vertex -4.26933 -28.3671 0.2615707
      vertex -4.26933 -28.3671 15.6615707
    endloop
  endfacet
  facet normal 0.991446 -0.130518 0
    outer loop
      vertex -4.26933 -28.3671 0.2615707
      vertex -4.29999 -28.6 15.6615707
      vertex -4.29999 -28.6 0.2615707
    endloop
  endfacet
  facet normal -1 0 0
    outer loop
      vertex 4.29999 -35.4 0.2615707
      vertex 4.29999 -28.6 15.6615707
      vertex 4.29999 -28.6 0.2615707
    endloop
  endfacet
  facet normal -1 -0 0
    outer loop
      vertex 4.29999 -28.6 15.6615707
      vertex 4.29999 -35.4 0.2615707
      vertex 4.29999 -35.4 15.6615707
    endloop
  endfacet
  facet normal 0 1 -0
    outer loop
      vertex 3.39999 -36.3 0.2615707
      vertex -3.39999 -36.3 15.6615707
      vertex 3.39999 -36.3 15.6615707
    endloop
  endfacet
  facet normal 0 1 0
    outer loop
      vertex -3.39999 -36.3 15.6615707
      vertex 3.39999 -36.3 0.2615707
      vertex -3.39999 -36.3 0.2615707
    endloop
  endfacet
  facet normal 0.130664 -0.991427 0
    outer loop
      vertex -3.63293 -27.7307 15.6615707
      vertex -3.39999 -27.7 0.2615707
      vertex -3.39999 -27.7 15.6615707
    endloop
  endfacet
  facet normal 0.130664 -0.991427 0
    outer loop
      vertex -3.63293 -27.7307 15.6615707
      vertex -3.63293 -27.7307 0.2615707
      vertex -3.39999 -27.7 0.2615707
    endloop
  endfacet
  facet normal 0.608682 0.793414 0
    outer loop
      vertex -3.84999 -36.1794 15.6615707
      vertex -4.03639 -36.0364 0.2615707
      vertex -4.03639 -36.0364 15.6615707
    endloop
  endfacet
  facet normal 0.608682 0.793414 0
    outer loop
      vertex -4.03639 -36.0364 0.2615707
      vertex -3.84999 -36.1794 15.6615707
      vertex -3.84999 -36.1794 0.2615707
    endloop
  endfacet
  facet normal -0.923888 -0.382662 0
    outer loop
      vertex 4.26933 -28.3671 0.2615707
      vertex 4.17941 -28.15 15.6615707
      vertex 4.17941 -28.15 0.2615707
    endloop
  endfacet
  facet normal -0.923888 -0.382662 0
    outer loop
      vertex 4.17941 -28.15 15.6615707
      vertex 4.26933 -28.3671 0.2615707
      vertex 4.26933 -28.3671 15.6615707
    endloop
  endfacet
  facet normal 0.793373 -0.608735 0
    outer loop
      vertex -4.17941 -28.15 15.6615707
      vertex -4.03639 -27.9636 0.2615707
      vertex -4.03639 -27.9636 15.6615707
    endloop
  endfacet
  facet normal 0.793373 -0.608735 0
    outer loop
      vertex -4.03639 -27.9636 0.2615707
      vertex -4.17941 -28.15 15.6615707
      vertex -4.17941 -28.15 0.2615707
    endloop
  endfacet
  facet normal 0.608682 -0.793414 0
    outer loop
      vertex -4.03639 -27.9636 0.2615707
      vertex -3.84999 -27.8206 15.6615707
      vertex -4.03639 -27.9636 15.6615707
    endloop
  endfacet
  facet normal 0.608682 -0.793414 0
    outer loop
      vertex -3.84999 -27.8206 15.6615707
      vertex -4.03639 -27.9636 0.2615707
      vertex -3.84999 -27.8206 0.2615707
    endloop
  endfacet
  facet normal -0.991446 -0.130518 0
    outer loop
      vertex 4.29999 -28.6 0.2615707
      vertex 4.26933 -28.3671 15.6615707
      vertex 4.26933 -28.3671 0.2615707
    endloop
  endfacet
  facet normal -0.991446 -0.130518 0
    outer loop
      vertex 4.26933 -28.3671 15.6615707
      vertex 4.29999 -28.6 0.2615707
      vertex 4.29999 -28.6 15.6615707
    endloop
  endfacet
  facet normal 0.38265 0.923893 -0
    outer loop
      vertex -3.63293 -36.2693 0.2615707
      vertex -3.84999 -36.1794 15.6615707
      vertex -3.63293 -36.2693 15.6615707
    endloop
  endfacet
  facet normal 0.38265 0.923893 -0
    outer loop
      vertex -3.84999 -36.1794 0.2615707
      vertex -3.84999 -36.1794 15.6615707
      vertex -3.63293 -36.2693 0.2615707
    endloop
  endfacet
  facet normal -0.793373 0.608735 0
    outer loop
      vertex 4.03639 -36.0364 0.2615707
      vertex 4.17941 -35.85 15.6615707
      vertex 4.17941 -35.85 0.2615707
    endloop
  endfacet
  facet normal -0.793373 0.608735 0
    outer loop
      vertex 4.17941 -35.85 15.6615707
      vertex 4.03639 -36.0364 0.2615707
      vertex 4.03639 -36.0364 15.6615707
    endloop
  endfacet
  facet normal -0.38265 -0.923893 0
    outer loop
      vertex 3.63293 -27.7307 0.2615707
      vertex 3.84999 -27.8206 15.6615707
      vertex 3.63293 -27.7307 15.6615707
    endloop
  endfacet
  facet normal -0.38265 -0.923893 0
    outer loop
      vertex 3.84999 -27.8206 0.2615707
      vertex 3.84999 -27.8206 15.6615707
      vertex 3.63293 -27.7307 0.2615707
    endloop
  endfacet
  facet normal -0.608682 -0.793414 0
    outer loop
      vertex 3.84999 -27.8206 15.6615707
      vertex 4.03639 -27.9636 0.2615707
      vertex 4.03639 -27.9636 15.6615707
    endloop
  endfacet
  facet normal -0.608682 -0.793414 0
    outer loop
      vertex 4.03639 -27.9636 0.2615707
      vertex 3.84999 -27.8206 15.6615707
      vertex 3.84999 -27.8206 0.2615707
    endloop
  endfacet
  facet normal -0.38265 0.923893 0
    outer loop
      vertex 3.84999 -36.1794 15.6615707
      vertex 3.84999 -36.1794 0.2615707
      vertex 3.63293 -36.2693 15.6615707
    endloop
  endfacet
  facet normal -0.38265 0.923893 0
    outer loop
      vertex 3.63293 -36.2693 15.6615707
      vertex 3.84999 -36.1794 0.2615707
      vertex 3.63293 -36.2693 0.2615707
    endloop
  endfacet
  facet normal 0.991446 0.130518 0
    outer loop
      vertex -4.26933 -35.6329 15.6615707
      vertex -4.29999 -35.4 0.2615707
      vertex -4.29999 -35.4 15.6615707
    endloop
  endfacet
  facet normal 0.991446 0.130518 0
    outer loop
      vertex -4.29999 -35.4 0.2615707
      vertex -4.26933 -35.6329 15.6615707
      vertex -4.26933 -35.6329 0.2615707
    endloop
  endfacet
  facet normal 0.38265 -0.923893 0
    outer loop
      vertex -3.84999 -27.8206 15.6615707
      vertex -3.84999 -27.8206 0.2615707
      vertex -3.63293 -27.7307 15.6615707
    endloop
  endfacet
  facet normal 0.38265 -0.923893 0
    outer loop
      vertex -3.63293 -27.7307 15.6615707
      vertex -3.84999 -27.8206 0.2615707
      vertex -3.63293 -27.7307 0.2615707
    endloop
  endfacet
  facet normal -0.991446 0.130518 0
    outer loop
      vertex 4.26933 -35.6329 0.2615707
      vertex 4.29999 -35.4 15.6615707
      vertex 4.29999 -35.4 0.2615707
    endloop
  endfacet
  facet normal -0.991446 0.130518 0
    outer loop
      vertex 4.29999 -35.4 15.6615707
      vertex 4.26933 -35.6329 0.2615707
      vertex 4.26933 -35.6329 15.6615707
    endloop
  endfacet
  facet normal -0.793373 -0.608735 0
    outer loop
      vertex 4.17941 -28.15 0.2615707
      vertex 4.03639 -27.9636 15.6615707
      vertex 4.03639 -27.9636 0.2615707
    endloop
  endfacet
  facet normal -0.793373 -0.608735 0
    outer loop
      vertex 4.03639 -27.9636 15.6615707
      vertex 4.17941 -28.15 0.2615707
      vertex 4.17941 -28.15 15.6615707
    endloop
  endfacet
  facet normal -0.923888 0.382662 0
    outer loop
      vertex 4.17941 -35.85 0.2615707
      vertex 4.26933 -35.6329 15.6615707
      vertex 4.26933 -35.6329 0.2615707
    endloop
  endfacet
  facet normal -0.923888 0.382662 0
    outer loop
      vertex 4.26933 -35.6329 15.6615707
      vertex 4.17941 -35.85 0.2615707
      vertex 4.17941 -35.85 15.6615707
    endloop
  endfacet
  facet normal 0.923888 0.382662 0
    outer loop
      vertex -4.17941 -35.85 15.6615707
      vertex -4.26933 -35.6329 0.2615707
      vertex -4.26933 -35.6329 15.6615707
    endloop
  endfacet
  facet normal 0.923888 0.382662 0
    outer loop
      vertex -4.26933 -35.6329 0.2615707
      vertex -4.17941 -35.85 15.6615707
      vertex -4.17941 -35.85 0.2615707
    endloop
  endfacet
  facet normal -0.608682 0.793414 0
    outer loop
      vertex 4.03639 -36.0364 0.2615707
      vertex 3.84999 -36.1794 15.6615707
      vertex 4.03639 -36.0364 15.6615707
    endloop
  endfacet
  facet normal -0.608682 0.793414 0
    outer loop
      vertex 3.84999 -36.1794 15.6615707
      vertex 4.03639 -36.0364 0.2615707
      vertex 3.84999 -36.1794 0.2615707
    endloop
  endfacet
  facet normal 0.793373 0.608735 0
    outer loop
      vertex -4.03639 -36.0364 15.6615707
      vertex -4.17941 -35.85 0.2615707
      vertex -4.17941 -35.85 15.6615707
    endloop
  endfacet
  facet normal 0.793373 0.608735 0
    outer loop
      vertex -4.17941 -35.85 0.2615707
      vertex -4.03639 -36.0364 15.6615707
      vertex -4.03639 -36.0364 0.2615707
    endloop
  endfacet
  facet normal 0.0896933 -0.680559 -0.727183
    outer loop
      vertex -3.63293 -27.7307 0.2615707
      vertex -3.81041 -27.4746 0
      vertex -3.39999 -27.7 0.2615707
    endloop
  endfacet
  facet normal 0.0879904 -0.68127 -0.726725
    outer loop
      vertex -3.81041 -27.4746 0
      vertex -3.63293 -27.7307 0.2615707
      vertex -3.8468 -27.4793 0
    endloop
  endfacet
  facet normal -0.0893568 0.68073 -0.727064
    outer loop
      vertex 3.81041 -36.5255 0
      vertex 3.60015 -36.5531 0
      vertex 3.39999 -36.3 0.2615707
    endloop
  endfacet
  facet normal 0.375496 0.490333 -0.786496
    outer loop
      vertex -4.10575 -36.4031 0
      vertex -3.84999 -36.1794 0.2615707
      vertex -4.07663 -36.4254 0
    endloop
  endfacet
  facet normal 0.375879 0.489956 -0.786548
    outer loop
      vertex -3.84999 -36.1794 0.2615707
      vertex -4.10575 -36.4031 0
      vertex -4.03639 -36.0364 0.2615707
    endloop
  endfacet
  facet normal -0.0897477 0.6804 -0.727325
    outer loop
      vertex 3.81041 -36.5255 0
      vertex 3.63293 -36.2693 0.2615707
      vertex 3.8468 -36.5207 0
    endloop
  endfacet
  facet normal -0.0896763 0.68043 -0.727306
    outer loop
      vertex 3.63293 -36.2693 0.2615707
      vertex 3.81041 -36.5255 0
      vertex 3.39999 -36.3 0.2615707
    endloop
  endfacet
  facet normal -0.244997 0.591132 -0.768466
    outer loop
      vertex 3.8468 -36.5207 0
      vertex 3.63293 -36.2693 0.2615707
      vertex 4.04272 -36.4395 0
    endloop
  endfacet
  facet normal 0.244997 0.591132 -0.768466
    outer loop
      vertex -3.63293 -36.2693 0.2615707
      vertex -3.8468 -36.5207 0
      vertex -4.04272 -36.4395 0
    endloop
  endfacet
  facet normal 0.0896763 0.68043 -0.727306
    outer loop
      vertex -3.81041 -36.5255 0
      vertex -3.63293 -36.2693 0.2615707
      vertex -3.39999 -36.3 0.2615707
    endloop
  endfacet
  facet normal 0.0897477 0.6804 -0.727325
    outer loop
      vertex -3.63293 -36.2693 0.2615707
      vertex -3.81041 -36.5255 0
      vertex -3.8468 -36.5207 0
    endloop
  endfacet
  facet normal -0.68061 -0.0895505 -0.727153
    outer loop
      vertex 4.52545 -28.1896 0
      vertex 4.55312 -28.3999 0
      vertex 4.29999 -28.6 0.2615707
    endloop
  endfacet
  facet normal 0.718606 0 -0.695417
    outer loop
      vertex -4.29999 -35.4 0.2615707
      vertex -4.55312 -28.3999 0
      vertex -4.29999 -28.6 0.2615707
    endloop
  endfacet
  facet normal 0.718606 0 -0.695417
    outer loop
      vertex -4.55312 -28.3999 0
      vertex -4.29999 -35.4 0.2615707
      vertex -4.55312 -35.6001 0
    endloop
  endfacet
  facet normal 0.0896618 -0.680588 -0.727159
    outer loop
      vertex -3.60015 -27.4469 0
      vertex -3.39999 -27.7 0.2615707
      vertex -3.81041 -27.4746 0
    endloop
  endfacet
  facet normal -0.0896618 -0.680588 -0.727159
    outer loop
      vertex 3.60015 -27.4469 0
      vertex 3.81041 -27.4746 0
      vertex 3.39999 -27.7 0.2615707
    endloop
  endfacet
  facet normal -0.375916 -0.489943 -0.786539
    outer loop
      vertex 4.10575 -27.5969 0
      vertex 4.27401 -27.726 0
      vertex 4.03639 -27.9636 0.2615707
    endloop
  endfacet
  facet normal -0.49 0.37587 -0.786525
    outer loop
      vertex 4.42545 -36.0766 0
      vertex 4.29635 -36.2449 0
      vertex 4.17941 -35.85 0.2615707
    endloop
  endfacet
  facet normal -0.680583 0.0895603 -0.727176
    outer loop
      vertex 4.26933 -35.6329 0.2615707
      vertex 4.52545 -35.8104 0
      vertex 4.52066 -35.8468 0
    endloop
  endfacet
  facet normal -0.68057 0.0895932 -0.727185
    outer loop
      vertex 4.52545 -35.8104 0
      vertex 4.26933 -35.6329 0.2615707
      vertex 4.29999 -35.4 0.2615707
    endloop
  endfacet
  facet normal 0.244889 0.591275 -0.76839
    outer loop
      vertex -4.04272 -36.4395 0
      vertex -3.84999 -36.1794 0.2615707
      vertex -3.63293 -36.2693 0.2615707
    endloop
  endfacet
  facet normal 0.245663 0.590812 -0.768499
    outer loop
      vertex -3.84999 -36.1794 0.2615707
      vertex -4.04272 -36.4395 0
      vertex -4.07663 -36.4254 0
    endloop
  endfacet
  facet normal 0.68061 0.0895505 -0.727153
    outer loop
      vertex -4.29999 -35.4 0.2615707
      vertex -4.52545 -35.8104 0
      vertex -4.55312 -35.6001 0
    endloop
  endfacet
  facet normal 0 -0.718647 -0.695375
    outer loop
      vertex -3.60015 -27.4469 0
      vertex 3.39999 -27.7 0.2615707
      vertex -3.39999 -27.7 0.2615707
    endloop
  endfacet
  facet normal 0 -0.718647 -0.695375
    outer loop
      vertex 3.39999 -27.7 0.2615707
      vertex -3.60015 -27.4469 0
      vertex 3.60015 -27.4469 0
    endloop
  endfacet
  facet normal -0.718606 0 -0.695417
    outer loop
      vertex 4.55312 -28.3999 0
      vertex 4.29999 -35.4 0.2615707
      vertex 4.29999 -28.6 0.2615707
    endloop
  endfacet
  facet normal -0.718606 0 -0.695417
    outer loop
      vertex 4.29999 -35.4 0.2615707
      vertex 4.55312 -28.3999 0
      vertex 4.55312 -35.6001 0
    endloop
  endfacet
  facet normal 0.68061 -0.0895505 -0.727153
    outer loop
      vertex -4.52545 -28.1896 0
      vertex -4.29999 -28.6 0.2615707
      vertex -4.55312 -28.3999 0
    endloop
  endfacet
  facet normal 0.59124 -0.244947 -0.768398
    outer loop
      vertex -4.4395 -27.9573 0
      vertex -4.26933 -28.3671 0.2615707
      vertex -4.52066 -28.1532 0
    endloop
  endfacet
  facet normal 0.0893568 0.68073 -0.727064
    outer loop
      vertex -3.39999 -36.3 0.2615707
      vertex -3.60015 -36.5531 0
      vertex -3.81041 -36.5255 0
    endloop
  endfacet
  facet normal 0 0.718647 -0.695375
    outer loop
      vertex 3.60015 -36.5531 0
      vertex -3.39999 -36.3 0.2615707
      vertex 3.39999 -36.3 0.2615707
    endloop
  endfacet
  facet normal 0 0.718647 -0.695375
    outer loop
      vertex -3.39999 -36.3 0.2615707
      vertex 3.60015 -36.5531 0
      vertex -3.60015 -36.5531 0
    endloop
  endfacet
  facet normal 0.375916 0.489943 -0.786539
    outer loop
      vertex -4.03639 -36.0364 0.2615707
      vertex -4.10575 -36.4031 0
      vertex -4.27401 -36.274 0
    endloop
  endfacet
  facet normal 0.244997 -0.591132 -0.768466
    outer loop
      vertex -3.8468 -27.4793 0
      vertex -3.63293 -27.7307 0.2615707
      vertex -4.04272 -27.5605 0
    endloop
  endfacet
  facet normal -0.0879904 -0.68127 -0.726725
    outer loop
      vertex 3.63293 -27.7307 0.2615707
      vertex 3.81041 -27.4746 0
      vertex 3.8468 -27.4793 0
    endloop
  endfacet
  facet normal -0.0896933 -0.680559 -0.727183
    outer loop
      vertex 3.81041 -27.4746 0
      vertex 3.63293 -27.7307 0.2615707
      vertex 3.39999 -27.7 0.2615707
    endloop
  endfacet
  facet normal -0.68061 0.0895505 -0.727153
    outer loop
      vertex 4.55312 -35.6001 0
      vertex 4.52545 -35.8104 0
      vertex 4.29999 -35.4 0.2615707
    endloop
  endfacet
  facet normal 0.489826 0.376038 -0.786553
    outer loop
      vertex -4.29635 -36.2449 0
      vertex -4.03639 -36.0364 0.2615707
      vertex -4.27401 -36.274 0
    endloop
  endfacet
  facet normal 0.489928 0.375909 -0.786551
    outer loop
      vertex -4.03639 -36.0364 0.2615707
      vertex -4.29635 -36.2449 0
      vertex -4.17941 -35.85 0.2615707
    endloop
  endfacet
  facet normal 0.244889 -0.591275 -0.76839
    outer loop
      vertex -3.84999 -27.8206 0.2615707
      vertex -4.04272 -27.5605 0
      vertex -3.63293 -27.7307 0.2615707
    endloop
  endfacet
  facet normal 0.245663 -0.590812 -0.768499
    outer loop
      vertex -4.04272 -27.5605 0
      vertex -3.84999 -27.8206 0.2615707
      vertex -4.07663 -27.5746 0
    endloop
  endfacet
  facet normal 0.68057 -0.0895932 -0.727185
    outer loop
      vertex -4.52545 -28.1896 0
      vertex -4.26933 -28.3671 0.2615707
      vertex -4.29999 -28.6 0.2615707
    endloop
  endfacet
  facet normal 0.680583 -0.0895603 -0.727176
    outer loop
      vertex -4.26933 -28.3671 0.2615707
      vertex -4.52545 -28.1896 0
      vertex -4.52066 -28.1532 0
    endloop
  endfacet
  facet normal 0.489928 -0.375909 -0.786551
    outer loop
      vertex -4.29635 -27.7551 0
      vertex -4.03639 -27.9636 0.2615707
      vertex -4.17941 -28.15 0.2615707
    endloop
  endfacet
  facet normal 0.489826 -0.376038 -0.786553
    outer loop
      vertex -4.03639 -27.9636 0.2615707
      vertex -4.29635 -27.7551 0
      vertex -4.27401 -27.726 0
    endloop
  endfacet
  facet normal -0.244997 -0.591132 -0.768466
    outer loop
      vertex 3.63293 -27.7307 0.2615707
      vertex 3.8468 -27.4793 0
      vertex 4.04272 -27.5605 0
    endloop
  endfacet
  facet normal 0.680583 0.0895603 -0.727176
    outer loop
      vertex -4.52545 -35.8104 0
      vertex -4.26933 -35.6329 0.2615707
      vertex -4.52066 -35.8468 0
    endloop
  endfacet
  facet normal 0.68057 0.0895932 -0.727185
    outer loop
      vertex -4.26933 -35.6329 0.2615707
      vertex -4.52545 -35.8104 0
      vertex -4.29999 -35.4 0.2615707
    endloop
  endfacet
  facet normal -0.591218 0.245033 -0.768388
    outer loop
      vertex 4.17941 -35.85 0.2615707
      vertex 4.4395 -36.0427 0
      vertex 4.42545 -36.0766 0
    endloop
  endfacet
  facet normal -0.591294 0.244906 -0.76837
    outer loop
      vertex 4.4395 -36.0427 0
      vertex 4.17941 -35.85 0.2615707
      vertex 4.26933 -35.6329 0.2615707
    endloop
  endfacet
  facet normal 0.591218 0.245033 -0.768388
    outer loop
      vertex -4.4395 -36.0427 0
      vertex -4.17941 -35.85 0.2615707
      vertex -4.42545 -36.0766 0
    endloop
  endfacet
  facet normal 0.591294 0.244906 -0.76837
    outer loop
      vertex -4.17941 -35.85 0.2615707
      vertex -4.4395 -36.0427 0
      vertex -4.26933 -35.6329 0.2615707
    endloop
  endfacet
  facet normal -0.49 -0.37587 -0.786525
    outer loop
      vertex 4.29635 -27.7551 0
      vertex 4.42545 -27.9234 0
      vertex 4.17941 -28.15 0.2615707
    endloop
  endfacet
  facet normal -0.489928 -0.375909 -0.786551
    outer loop
      vertex 4.03639 -27.9636 0.2615707
      vertex 4.29635 -27.7551 0
      vertex 4.17941 -28.15 0.2615707
    endloop
  endfacet
  facet normal -0.489826 -0.376038 -0.786553
    outer loop
      vertex 4.29635 -27.7551 0
      vertex 4.03639 -27.9636 0.2615707
      vertex 4.27401 -27.726 0
    endloop
  endfacet
  facet normal -0.245663 -0.590812 -0.768499
    outer loop
      vertex 3.84999 -27.8206 0.2615707
      vertex 4.04272 -27.5605 0
      vertex 4.07663 -27.5746 0
    endloop
  endfacet
  facet normal -0.244889 -0.591275 -0.76839
    outer loop
      vertex 3.63293 -27.7307 0.2615707
      vertex 4.04272 -27.5605 0
      vertex 3.84999 -27.8206 0.2615707
    endloop
  endfacet
  facet normal 0.591294 -0.244906 -0.76837
    outer loop
      vertex -4.4395 -27.9573 0
      vertex -4.17941 -28.15 0.2615707
      vertex -4.26933 -28.3671 0.2615707
    endloop
  endfacet
  facet normal 0.591218 -0.245033 -0.768388
    outer loop
      vertex -4.17941 -28.15 0.2615707
      vertex -4.4395 -27.9573 0
      vertex -4.42545 -27.9234 0
    endloop
  endfacet
  facet normal 0.49 -0.37587 -0.786525
    outer loop
      vertex -4.29635 -27.7551 0
      vertex -4.17941 -28.15 0.2615707
      vertex -4.42545 -27.9234 0
    endloop
  endfacet
  facet normal -0.375496 0.490333 -0.786496
    outer loop
      vertex 3.84999 -36.1794 0.2615707
      vertex 4.10575 -36.4031 0
      vertex 4.07663 -36.4254 0
    endloop
  endfacet
  facet normal -0.375879 0.489956 -0.786548
    outer loop
      vertex 4.10575 -36.4031 0
      vertex 3.84999 -36.1794 0.2615707
      vertex 4.03639 -36.0364 0.2615707
    endloop
  endfacet
  facet normal 0.375916 -0.489943 -0.786539
    outer loop
      vertex -4.10575 -27.5969 0
      vertex -4.03639 -27.9636 0.2615707
      vertex -4.27401 -27.726 0
    endloop
  endfacet
  facet normal 0.375879 -0.489956 -0.786548
    outer loop
      vertex -4.10575 -27.5969 0
      vertex -3.84999 -27.8206 0.2615707
      vertex -4.03639 -27.9636 0.2615707
    endloop
  endfacet
  facet normal 0.375496 -0.490333 -0.786496
    outer loop
      vertex -3.84999 -27.8206 0.2615707
      vertex -4.10575 -27.5969 0
      vertex -4.07663 -27.5746 0
    endloop
  endfacet
  facet normal -0.375879 -0.489956 -0.786548
    outer loop
      vertex 3.84999 -27.8206 0.2615707
      vertex 4.10575 -27.5969 0
      vertex 4.03639 -27.9636 0.2615707
    endloop
  endfacet
  facet normal -0.375496 -0.490333 -0.786496
    outer loop
      vertex 4.10575 -27.5969 0
      vertex 3.84999 -27.8206 0.2615707
      vertex 4.07663 -27.5746 0
    endloop
  endfacet
  facet normal -0.68057 -0.0895932 -0.727185
    outer loop
      vertex 4.26933 -28.3671 0.2615707
      vertex 4.52545 -28.1896 0
      vertex 4.29999 -28.6 0.2615707
    endloop
  endfacet
  facet normal -0.680583 -0.0895603 -0.727176
    outer loop
      vertex 4.52545 -28.1896 0
      vertex 4.26933 -28.3671 0.2615707
      vertex 4.52066 -28.1532 0
    endloop
  endfacet
  facet normal -0.59124 0.244947 -0.768398
    outer loop
      vertex 4.52066 -35.8468 0
      vertex 4.4395 -36.0427 0
      vertex 4.26933 -35.6329 0.2615707
    endloop
  endfacet
  facet normal -0.489826 0.376038 -0.786553
    outer loop
      vertex 4.03639 -36.0364 0.2615707
      vertex 4.29635 -36.2449 0
      vertex 4.27401 -36.274 0
    endloop
  endfacet
  facet normal -0.489928 0.375909 -0.786551
    outer loop
      vertex 4.29635 -36.2449 0
      vertex 4.03639 -36.0364 0.2615707
      vertex 4.17941 -35.85 0.2615707
    endloop
  endfacet
  facet normal -0.375916 0.489943 -0.786539
    outer loop
      vertex 4.27401 -36.274 0
      vertex 4.10575 -36.4031 0
      vertex 4.03639 -36.0364 0.2615707
    endloop
  endfacet
  facet normal 0.49 0.37587 -0.786525
    outer loop
      vertex -4.17941 -35.85 0.2615707
      vertex -4.29635 -36.2449 0
      vertex -4.42545 -36.0766 0
    endloop
  endfacet
  facet normal -0.245663 0.590812 -0.768499
    outer loop
      vertex 4.04272 -36.4395 0
      vertex 3.84999 -36.1794 0.2615707
      vertex 4.07663 -36.4254 0
    endloop
  endfacet
  facet normal -0.244889 0.591275 -0.76839
    outer loop
      vertex 4.04272 -36.4395 0
      vertex 3.63293 -36.2693 0.2615707
      vertex 3.84999 -36.1794 0.2615707
    endloop
  endfacet
  facet normal 0.59124 0.244947 -0.768398
    outer loop
      vertex -4.26933 -35.6329 0.2615707
      vertex -4.4395 -36.0427 0
      vertex -4.52066 -35.8468 0
    endloop
  endfacet
  facet normal -0.59124 -0.244947 -0.768398
    outer loop
      vertex 4.4395 -27.9573 0
      vertex 4.52066 -28.1532 0
      vertex 4.26933 -28.3671 0.2615707
    endloop
  endfacet
  facet normal -0.591294 -0.244906 -0.76837
    outer loop
      vertex 4.17941 -28.15 0.2615707
      vertex 4.4395 -27.9573 0
      vertex 4.26933 -28.3671 0.2615707
    endloop
  endfacet
  facet normal -0.591218 -0.245033 -0.768388
    outer loop
      vertex 4.4395 -27.9573 0
      vertex 4.17941 -28.15 0.2615707
      vertex 4.42545 -27.9234 0
    endloop
  endfacet
  facet normal 0 0.718686 0.695334
    outer loop
      vertex 3.39999 -36.3 15.6615707
      vertex -3.60014 -36.5531 15.9231707
      vertex 3.60014 -36.5531 15.9231707
    endloop
  endfacet
  facet normal 0 0.718686 0.695334
    outer loop
      vertex -3.60014 -36.5531 15.9231707
      vertex 3.39999 -36.3 15.6615707
      vertex -3.39999 -36.3 15.6615707
    endloop
  endfacet
  facet normal 0.68061 0.0895985 0.727147
    outer loop
      vertex -4.52545 -35.8104 15.9231707
      vertex -4.26933 -35.6329 15.6615707
      vertex -4.29999 -35.4 15.6615707
    endloop
  endfacet
  facet normal 0.680624 0.0895656 0.727138
    outer loop
      vertex -4.26933 -35.6329 15.6615707
      vertex -4.52545 -35.8104 15.9231707
      vertex -4.52066 -35.8468 15.9231707
    endloop
  endfacet
  facet normal -0.245014 0.591171 0.76843
    outer loop
      vertex 3.8468 -36.5207 15.9231707
      vertex 4.04272 -36.4395 15.9231707
      vertex 3.63293 -36.2693 15.6615707
    endloop
  endfacet
  facet normal -0.24568 0.590851 0.768464
    outer loop
      vertex 3.84999 -36.1794 15.6615707
      vertex 4.04272 -36.4395 15.9231707
      vertex 4.07663 -36.4254 15.9231707
    endloop
  endfacet
  facet normal -0.244905 0.591314 0.768354
    outer loop
      vertex 4.04272 -36.4395 15.9231707
      vertex 3.84999 -36.1794 15.6615707
      vertex 3.63293 -36.2693 15.6615707
    endloop
  endfacet
  facet normal 0.489962 0.375935 0.786518
    outer loop
      vertex -4.29635 -36.2449 15.9231707
      vertex -4.03639 -36.0364 15.6615707
      vertex -4.17941 -35.85 15.6615707
    endloop
  endfacet
  facet normal 0.48986 0.376064 0.786519
    outer loop
      vertex -4.03639 -36.0364 15.6615707
      vertex -4.29635 -36.2449 15.9231707
      vertex -4.27401 -36.274 15.9231707
    endloop
  endfacet
  facet normal 0.591264 0.244987 0.768368
    outer loop
      vertex -4.43949 -36.0427 15.9231707
      vertex -4.26933 -35.6329 15.6615707
      vertex -4.52066 -35.8468 15.9231707
    endloop
  endfacet
  facet normal -0.0896633 0.680632 0.727118
    outer loop
      vertex 3.60014 -36.5531 15.9231707
      vertex 3.81041 -36.5254 15.9231707
      vertex 3.39999 -36.3 15.6615707
    endloop
  endfacet
  facet normal -0.0879956 0.681311 0.726686
    outer loop
      vertex 3.63293 -36.2693 15.6615707
      vertex 3.81041 -36.5254 15.9231707
      vertex 3.8468 -36.5207 15.9231707
    endloop
  endfacet
  facet normal -0.0896986 0.680599 0.727145
    outer loop
      vertex 3.81041 -36.5254 15.9231707
      vertex 3.63293 -36.2693 15.6615707
      vertex 3.39999 -36.3 15.6615707
    endloop
  endfacet
  facet normal 0.375793 -0.490134 0.786478
    outer loop
      vertex -3.84999 -27.8206 15.6615707
      vertex -4.07663 -27.5746 15.9231707
      vertex -4.24488 -27.7036 15.9231707
    endloop
  endfacet
  facet normal -0.375793 -0.490134 0.786478
    outer loop
      vertex 4.24488 -27.7036 15.9231707
      vertex 4.07663 -27.5746 15.9231707
      vertex 3.84999 -27.8206 15.6615707
    endloop
  endfacet
  facet normal 0.68065 0.0895558 0.727114
    outer loop
      vertex -4.52545 -35.8104 15.9231707
      vertex -4.29999 -35.4 15.6615707
      vertex -4.55312 -35.6001 15.9231707
    endloop
  endfacet
  facet normal 0.0896986 -0.680599 0.727145
    outer loop
      vertex -3.81041 -27.4746 15.9231707
      vertex -3.63293 -27.7307 15.6615707
      vertex -3.39999 -27.7 15.6615707
    endloop
  endfacet
  facet normal 0.0879956 -0.681311 0.726686
    outer loop
      vertex -3.63293 -27.7307 15.6615707
      vertex -3.81041 -27.4746 15.9231707
      vertex -3.8468 -27.4793 15.9231707
    endloop
  endfacet
  facet normal 0.680624 -0.0895656 0.727138
    outer loop
      vertex -4.52545 -28.1896 15.9231707
      vertex -4.26933 -28.3671 15.6615707
      vertex -4.52066 -28.1532 15.9231707
    endloop
  endfacet
  facet normal 0.68061 -0.0895985 0.727147
    outer loop
      vertex -4.26933 -28.3671 15.6615707
      vertex -4.52545 -28.1896 15.9231707
      vertex -4.29999 -28.6 15.6615707
    endloop
  endfacet
  facet normal -0.591264 -0.244987 0.768368
    outer loop
      vertex 4.52066 -28.1532 15.9231707
      vertex 4.43949 -27.9573 15.9231707
      vertex 4.26933 -28.3671 15.6615707
    endloop
  endfacet
  facet normal -0.0896633 -0.680632 0.727118
    outer loop
      vertex 3.81041 -27.4746 15.9231707
      vertex 3.60014 -27.4469 15.9231707
      vertex 3.39999 -27.7 15.6615707
    endloop
  endfacet
  facet normal 0.244905 -0.591314 0.768354
    outer loop
      vertex -4.04272 -27.5605 15.9231707
      vertex -3.84999 -27.8206 15.6615707
      vertex -3.63293 -27.7307 15.6615707
    endloop
  endfacet
  facet normal 0.24568 -0.590851 0.768464
    outer loop
      vertex -3.84999 -27.8206 15.6615707
      vertex -4.04272 -27.5605 15.9231707
      vertex -4.07663 -27.5746 15.9231707
    endloop
  endfacet
  facet normal 0.245014 -0.591171 0.76843
    outer loop
      vertex -3.63293 -27.7307 15.6615707
      vertex -3.8468 -27.4793 15.9231707
      vertex -4.04272 -27.5605 15.9231707
    endloop
  endfacet
  facet normal -0.376433 -0.489532 0.786547
    outer loop
      vertex 4.24488 -27.7036 15.9231707
      vertex 4.03639 -27.9636 15.6615707
      vertex 4.27401 -27.726 15.9231707
    endloop
  endfacet
  facet normal -0.375885 -0.489964 0.78654
    outer loop
      vertex 4.03639 -27.9636 15.6615707
      vertex 4.24488 -27.7036 15.9231707
      vertex 3.84999 -27.8206 15.6615707
    endloop
  endfacet
  facet normal 0.375969 0.489983 0.786488
    outer loop
      vertex -4.07663 -36.4254 15.9231707
      vertex -3.84999 -36.1794 15.6615707
      vertex -4.24488 -36.2963 15.9231707
    endloop
  endfacet
  facet normal 0.245014 0.591171 0.76843
    outer loop
      vertex -3.8468 -36.5207 15.9231707
      vertex -3.63293 -36.2693 15.6615707
      vertex -4.04272 -36.4395 15.9231707
    endloop
  endfacet
  facet normal -0.24568 -0.590851 0.768464
    outer loop
      vertex 4.04272 -27.5605 15.9231707
      vertex 3.84999 -27.8206 15.6615707
      vertex 4.07663 -27.5746 15.9231707
    endloop
  endfacet
  facet normal -0.244905 -0.591314 0.768354
    outer loop
      vertex 3.84999 -27.8206 15.6615707
      vertex 4.04272 -27.5605 15.9231707
      vertex 3.63293 -27.7307 15.6615707
    endloop
  endfacet
  facet normal 0 -0.718686 0.695334
    outer loop
      vertex -3.39999 -27.7 15.6615707
      vertex 3.60014 -27.4469 15.9231707
      vertex -3.60014 -27.4469 15.9231707
    endloop
  endfacet
  facet normal 0 -0.718686 0.695334
    outer loop
      vertex 3.60014 -27.4469 15.9231707
      vertex -3.39999 -27.7 15.6615707
      vertex 3.39999 -27.7 15.6615707
    endloop
  endfacet
  facet normal 0.0896633 -0.680632 0.727118
    outer loop
      vertex -3.39999 -27.7 15.6615707
      vertex -3.60014 -27.4469 15.9231707
      vertex -3.81041 -27.4746 15.9231707
    endloop
  endfacet
  facet normal 0.68065 -0.0895558 0.727114
    outer loop
      vertex -4.29999 -28.6 15.6615707
      vertex -4.52545 -28.1896 15.9231707
      vertex -4.55312 -28.3999 15.9231707
    endloop
  endfacet
  facet normal 0.591264 -0.244987 0.768368
    outer loop
      vertex -4.26933 -28.3671 15.6615707
      vertex -4.43949 -27.9573 15.9231707
      vertex -4.52066 -28.1532 15.9231707
    endloop
  endfacet
  facet normal -0.68065 0.0895558 0.727114
    outer loop
      vertex 4.52545 -35.8104 15.9231707
      vertex 4.55312 -35.6001 15.9231707
      vertex 4.29999 -35.4 15.6615707
    endloop
  endfacet
  facet normal 0.591343 0.244927 0.768325
    outer loop
      vertex -4.43949 -36.0427 15.9231707
      vertex -4.17941 -35.85 15.6615707
      vertex -4.26933 -35.6329 15.6615707
    endloop
  endfacet
  facet normal 0.591351 0.244914 0.768324
    outer loop
      vertex -4.17941 -35.85 15.6615707
      vertex -4.43949 -36.0427 15.9231707
      vertex -4.42545 -36.0766 15.9231707
    endloop
  endfacet
  facet normal 0.244905 0.591314 0.768354
    outer loop
      vertex -3.84999 -36.1794 15.6615707
      vertex -4.04272 -36.4395 15.9231707
      vertex -3.63293 -36.2693 15.6615707
    endloop
  endfacet
  facet normal 0.24568 0.590851 0.768464
    outer loop
      vertex -4.04272 -36.4395 15.9231707
      vertex -3.84999 -36.1794 15.6615707
      vertex -4.07663 -36.4254 15.9231707
    endloop
  endfacet
  facet normal -0.68065 -0.0895558 0.727114
    outer loop
      vertex 4.55312 -28.3999 15.9231707
      vertex 4.52545 -28.1896 15.9231707
      vertex 4.29999 -28.6 15.6615707
    endloop
  endfacet
  facet normal 0.0896633 0.680632 0.727118
    outer loop
      vertex -3.60014 -36.5531 15.9231707
      vertex -3.39999 -36.3 15.6615707
      vertex -3.81041 -36.5254 15.9231707
    endloop
  endfacet
  facet normal -0.490034 -0.375897 0.786491
    outer loop
      vertex 4.42545 -27.9234 15.9231707
      vertex 4.29635 -27.7551 15.9231707
      vertex 4.17941 -28.15 15.6615707
    endloop
  endfacet
  facet normal -0.718645 0 0.695377
    outer loop
      vertex 4.29999 -35.4 15.6615707
      vertex 4.55312 -28.3999 15.9231707
      vertex 4.29999 -28.6 15.6615707
    endloop
  endfacet
  facet normal -0.718645 0 0.695377
    outer loop
      vertex 4.55312 -28.3999 15.9231707
      vertex 4.29999 -35.4 15.6615707
      vertex 4.55312 -35.6001 15.9231707
    endloop
  endfacet
  facet normal -0.490034 0.375897 0.786491
    outer loop
      vertex 4.29635 -36.2449 15.9231707
      vertex 4.42545 -36.0766 15.9231707
      vertex 4.17941 -35.85 15.6615707
    endloop
  endfacet
  facet normal 0.48986 -0.376064 0.786519
    outer loop
      vertex -4.29635 -27.7551 15.9231707
      vertex -4.03639 -27.9636 15.6615707
      vertex -4.27401 -27.726 15.9231707
    endloop
  endfacet
  facet normal 0.489962 -0.375935 0.786518
    outer loop
      vertex -4.03639 -27.9636 15.6615707
      vertex -4.29635 -27.7551 15.9231707
      vertex -4.17941 -28.15 15.6615707
    endloop
  endfacet
  facet normal -0.68061 0.0895985 0.727147
    outer loop
      vertex 4.26933 -35.6329 15.6615707
      vertex 4.52545 -35.8104 15.9231707
      vertex 4.29999 -35.4 15.6615707
    endloop
  endfacet
  facet normal -0.680624 0.0895656 0.727138
    outer loop
      vertex 4.52545 -35.8104 15.9231707
      vertex 4.26933 -35.6329 15.6615707
      vertex 4.52066 -35.8468 15.9231707
    endloop
  endfacet
  facet normal -0.0879956 -0.681311 0.726686
    outer loop
      vertex 3.81041 -27.4746 15.9231707
      vertex 3.63293 -27.7307 15.6615707
      vertex 3.8468 -27.4793 15.9231707
    endloop
  endfacet
  facet normal -0.0896986 -0.680599 0.727145
    outer loop
      vertex 3.63293 -27.7307 15.6615707
      vertex 3.81041 -27.4746 15.9231707
      vertex 3.39999 -27.7 15.6615707
    endloop
  endfacet
  facet normal -0.591264 0.244987 0.768368
    outer loop
      vertex 4.43949 -36.0427 15.9231707
      vertex 4.52066 -35.8468 15.9231707
      vertex 4.26933 -35.6329 15.6615707
    endloop
  endfacet
  facet normal -0.245014 -0.591171 0.76843
    outer loop
      vertex 4.04272 -27.5605 15.9231707
      vertex 3.8468 -27.4793 15.9231707
      vertex 3.63293 -27.7307 15.6615707
    endloop
  endfacet
  facet normal 0.375885 -0.489964 0.78654
    outer loop
      vertex -4.24488 -27.7036 15.9231707
      vertex -4.03639 -27.9636 15.6615707
      vertex -3.84999 -27.8206 15.6615707
    endloop
  endfacet
  facet normal 0.376433 -0.489532 0.786547
    outer loop
      vertex -4.03639 -27.9636 15.6615707
      vertex -4.24488 -27.7036 15.9231707
      vertex -4.27401 -27.726 15.9231707
    endloop
  endfacet
  facet normal -0.375969 0.489983 0.786488
    outer loop
      vertex 4.07663 -36.4254 15.9231707
      vertex 4.24488 -36.2963 15.9231707
      vertex 3.84999 -36.1794 15.6615707
    endloop
  endfacet
  facet normal -0.591343 0.244927 0.768325
    outer loop
      vertex 4.17941 -35.85 15.6615707
      vertex 4.43949 -36.0427 15.9231707
      vertex 4.26933 -35.6329 15.6615707
    endloop
  endfacet
  facet normal -0.591351 0.244914 0.768324
    outer loop
      vertex 4.43949 -36.0427 15.9231707
      vertex 4.17941 -35.85 15.6615707
      vertex 4.42545 -36.0766 15.9231707
    endloop
  endfacet
  facet normal 0.718645 0 0.695377
    outer loop
      vertex -4.55312 -28.3999 15.9231707
      vertex -4.29999 -35.4 15.6615707
      vertex -4.29999 -28.6 15.6615707
    endloop
  endfacet
  facet normal 0.718645 0 0.695377
    outer loop
      vertex -4.29999 -35.4 15.6615707
      vertex -4.55312 -28.3999 15.9231707
      vertex -4.55312 -35.6001 15.9231707
    endloop
  endfacet
  facet normal 0.37594 0.490037 0.786469
    outer loop
      vertex -4.03639 -36.0364 15.6615707
      vertex -4.24488 -36.2963 15.9231707
      vertex -3.84999 -36.1794 15.6615707
    endloop
  endfacet
  facet normal 0.375441 0.49043 0.786462
    outer loop
      vertex -4.24488 -36.2963 15.9231707
      vertex -4.03639 -36.0364 15.6615707
      vertex -4.27401 -36.274 15.9231707
    endloop
  endfacet
  facet normal 0.490034 -0.375897 0.786491
    outer loop
      vertex -4.17941 -28.15 15.6615707
      vertex -4.29635 -27.7551 15.9231707
      vertex -4.42545 -27.9234 15.9231707
    endloop
  endfacet
  facet normal -0.680624 -0.0895656 0.727138
    outer loop
      vertex 4.26933 -28.3671 15.6615707
      vertex 4.52545 -28.1896 15.9231707
      vertex 4.52066 -28.1532 15.9231707
    endloop
  endfacet
  facet normal -0.68061 -0.0895985 0.727147
    outer loop
      vertex 4.52545 -28.1896 15.9231707
      vertex 4.26933 -28.3671 15.6615707
      vertex 4.29999 -28.6 15.6615707
    endloop
  endfacet
  facet normal 0.591351 -0.244914 0.768324
    outer loop
      vertex -4.43949 -27.9573 15.9231707
      vertex -4.17941 -28.15 15.6615707
      vertex -4.42545 -27.9234 15.9231707
    endloop
  endfacet
  facet normal 0.591343 -0.244927 0.768325
    outer loop
      vertex -4.17941 -28.15 15.6615707
      vertex -4.43949 -27.9573 15.9231707
      vertex -4.26933 -28.3671 15.6615707
    endloop
  endfacet
  facet normal 0.490034 0.375897 0.786491
    outer loop
      vertex -4.29635 -36.2449 15.9231707
      vertex -4.17941 -35.85 15.6615707
      vertex -4.42545 -36.0766 15.9231707
    endloop
  endfacet
  facet normal 0.0896986 0.680599 0.727145
    outer loop
      vertex -3.63293 -36.2693 15.6615707
      vertex -3.81041 -36.5254 15.9231707
      vertex -3.39999 -36.3 15.6615707
    endloop
  endfacet
  facet normal 0.0879956 0.681311 0.726686
    outer loop
      vertex -3.81041 -36.5254 15.9231707
      vertex -3.63293 -36.2693 15.6615707
      vertex -3.8468 -36.5207 15.9231707
    endloop
  endfacet
  facet normal -0.489962 0.375935 0.786518
    outer loop
      vertex 4.03639 -36.0364 15.6615707
      vertex 4.29635 -36.2449 15.9231707
      vertex 4.17941 -35.85 15.6615707
    endloop
  endfacet
  facet normal -0.48986 0.376064 0.786519
    outer loop
      vertex 4.29635 -36.2449 15.9231707
      vertex 4.03639 -36.0364 15.6615707
      vertex 4.27401 -36.274 15.9231707
    endloop
  endfacet
  facet normal -0.375441 0.49043 0.786462
    outer loop
      vertex 4.03639 -36.0364 15.6615707
      vertex 4.24488 -36.2963 15.9231707
      vertex 4.27401 -36.274 15.9231707
    endloop
  endfacet
  facet normal -0.37594 0.490037 0.786469
    outer loop
      vertex 4.24488 -36.2963 15.9231707
      vertex 4.03639 -36.0364 15.6615707
      vertex 3.84999 -36.1794 15.6615707
    endloop
  endfacet
  facet normal -0.48986 -0.376064 0.786519
    outer loop
      vertex 4.03639 -27.9636 15.6615707
      vertex 4.29635 -27.7551 15.9231707
      vertex 4.27401 -27.726 15.9231707
    endloop
  endfacet
  facet normal -0.489962 -0.375935 0.786518
    outer loop
      vertex 4.29635 -27.7551 15.9231707
      vertex 4.03639 -27.9636 15.6615707
      vertex 4.17941 -28.15 15.6615707
    endloop
  endfacet
  facet normal -0.591351 -0.244914 0.768324
    outer loop
      vertex 4.17941 -28.15 15.6615707
      vertex 4.43949 -27.9573 15.9231707
      vertex 4.42545 -27.9234 15.9231707
    endloop
  endfacet
  facet normal -0.591343 -0.244927 0.768325
    outer loop
      vertex 4.43949 -27.9573 15.9231707
      vertex 4.17941 -28.15 15.6615707
      vertex 4.26933 -28.3671 15.6615707
    endloop
  endfacet
  facet normal -0.130686 0.991424 0
    outer loop
      vertex 68.6329 -22.2693 0.2615707
      vertex 68.4 -22.3 15.6615707
      vertex 68.6329 -22.2693 15.6615707
    endloop
  endfacet
  facet normal -0.130686 0.991424 0
    outer loop
      vertex 68.4 -22.3 15.6615707
      vertex 68.6329 -22.2693 0.2615707
      vertex 68.4 -22.3 0.2615707
    endloop
  endfacet
  facet normal 0 -1 0
    outer loop
      vertex 61.6 -13.7 0.2615707
      vertex 68.4 -13.7 15.6615707
      vertex 61.6 -13.7 15.6615707
    endloop
  endfacet
  facet normal 0 -1 -0
    outer loop
      vertex 68.4 -13.7 15.6615707
      vertex 61.6 -13.7 0.2615707
      vertex 68.4 -13.7 0.2615707
    endloop
  endfacet
  facet normal 0.130686 0.991424 -0
    outer loop
      vertex 61.6 -22.3 0.2615707
      vertex 61.3671 -22.2693 15.6615707
      vertex 61.6 -22.3 15.6615707
    endloop
  endfacet
  facet normal 0.130686 0.991424 0
    outer loop
      vertex 61.3671 -22.2693 15.6615707
      vertex 61.6 -22.3 0.2615707
      vertex 61.3671 -22.2693 0.2615707
    endloop
  endfacet
  facet normal 0.923918 -0.38259 0
    outer loop
      vertex 60.7307 -14.3671 15.6615707
      vertex 60.8206 -14.15 0.2615707
      vertex 60.8206 -14.15 15.6615707
    endloop
  endfacet
  facet normal 0.923918 -0.38259 0
    outer loop
      vertex 60.8206 -14.15 0.2615707
      vertex 60.7307 -14.3671 15.6615707
      vertex 60.7307 -14.3671 0.2615707
    endloop
  endfacet
  facet normal 1 -0 0
    outer loop
      vertex 60.7 -21.4 15.6615707
      vertex 60.7 -14.6 0.2615707
      vertex 60.7 -14.6 15.6615707
    endloop
  endfacet
  facet normal 1 0 0
    outer loop
      vertex 60.7 -14.6 0.2615707
      vertex 60.7 -21.4 15.6615707
      vertex 60.7 -21.4 0.2615707
    endloop
  endfacet
  facet normal -0.130686 -0.991424 0
    outer loop
      vertex 68.4 -13.7 0.2615707
      vertex 68.6329 -13.7307 15.6615707
      vertex 68.4 -13.7 15.6615707
    endloop
  endfacet
  facet normal -0.130686 -0.991424 -0
    outer loop
      vertex 68.6329 -13.7307 15.6615707
      vertex 68.4 -13.7 0.2615707
      vertex 68.6329 -13.7307 0.2615707
    endloop
  endfacet
  facet normal -1 0 0
    outer loop
      vertex 69.3 -21.4 0.2615707
      vertex 69.3 -14.6 15.6615707
      vertex 69.3 -14.6 0.2615707
    endloop
  endfacet
  facet normal -1 -0 0
    outer loop
      vertex 69.3 -14.6 15.6615707
      vertex 69.3 -21.4 0.2615707
      vertex 69.3 -21.4 15.6615707
    endloop
  endfacet
  facet normal 0.991424 -0.130686 0
    outer loop
      vertex 60.7 -14.6 15.6615707
      vertex 60.7307 -14.3671 0.2615707
      vertex 60.7307 -14.3671 15.6615707
    endloop
  endfacet
  facet normal 0.991424 -0.130686 0
    outer loop
      vertex 60.7307 -14.3671 0.2615707
      vertex 60.7 -14.6 15.6615707
      vertex 60.7 -14.6 0.2615707
    endloop
  endfacet
  facet normal 0 1 -0
    outer loop
      vertex 68.4 -22.3 0.2615707
      vertex 61.6 -22.3 15.6615707
      vertex 68.4 -22.3 15.6615707
    endloop
  endfacet
  facet normal 0 1 0
    outer loop
      vertex 61.6 -22.3 15.6615707
      vertex 68.4 -22.3 0.2615707
      vertex 61.6 -22.3 0.2615707
    endloop
  endfacet
  facet normal 0.38259 -0.923918 0
    outer loop
      vertex 61.15 -13.8206 0.2615707
      vertex 61.3671 -13.7307 15.6615707
      vertex 61.15 -13.8206 15.6615707
    endloop
  endfacet
  facet normal 0.38259 -0.923918 0
    outer loop
      vertex 61.3671 -13.7307 15.6615707
      vertex 61.15 -13.8206 0.2615707
      vertex 61.3671 -13.7307 0.2615707
    endloop
  endfacet
  facet normal 0.130686 -0.991424 0
    outer loop
      vertex 61.3671 -13.7307 0.2615707
      vertex 61.6 -13.7 15.6615707
      vertex 61.3671 -13.7307 15.6615707
    endloop
  endfacet
  facet normal 0.130686 -0.991424 0
    outer loop
      vertex 61.6 -13.7 15.6615707
      vertex 61.3671 -13.7307 0.2615707
      vertex 61.6 -13.7 0.2615707
    endloop
  endfacet
  facet normal 0.608682 0.793414 -0
    outer loop
      vertex 61.15 -22.1794 0.2615707
      vertex 60.9636 -22.0364 15.6615707
      vertex 61.15 -22.1794 15.6615707
    endloop
  endfacet
  facet normal 0.608682 0.793414 0
    outer loop
      vertex 60.9636 -22.0364 15.6615707
      vertex 61.15 -22.1794 0.2615707
      vertex 60.9636 -22.0364 0.2615707
    endloop
  endfacet
  facet normal -0.923918 -0.38259 0
    outer loop
      vertex 69.2693 -14.3671 0.2615707
      vertex 69.1794 -14.15 15.6615707
      vertex 69.1794 -14.15 0.2615707
    endloop
  endfacet
  facet normal -0.923918 -0.38259 0
    outer loop
      vertex 69.1794 -14.15 15.6615707
      vertex 69.2693 -14.3671 0.2615707
      vertex 69.2693 -14.3671 15.6615707
    endloop
  endfacet
  facet normal 0.793414 -0.608682 0
    outer loop
      vertex 60.8206 -14.15 15.6615707
      vertex 60.9636 -13.9636 0.2615707
      vertex 60.9636 -13.9636 15.6615707
    endloop
  endfacet
  facet normal 0.793414 -0.608682 0
    outer loop
      vertex 60.9636 -13.9636 0.2615707
      vertex 60.8206 -14.15 15.6615707
      vertex 60.8206 -14.15 0.2615707
    endloop
  endfacet
  facet normal 0.608682 -0.793414 0
    outer loop
      vertex 60.9636 -13.9636 0.2615707
      vertex 61.15 -13.8206 15.6615707
      vertex 60.9636 -13.9636 15.6615707
    endloop
  endfacet
  facet normal 0.608682 -0.793414 0
    outer loop
      vertex 61.15 -13.8206 15.6615707
      vertex 60.9636 -13.9636 0.2615707
      vertex 61.15 -13.8206 0.2615707
    endloop
  endfacet
  facet normal -0.991424 -0.130686 0
    outer loop
      vertex 69.3 -14.6 0.2615707
      vertex 69.2693 -14.3671 15.6615707
      vertex 69.2693 -14.3671 0.2615707
    endloop
  endfacet
  facet normal -0.991424 -0.130686 0
    outer loop
      vertex 69.2693 -14.3671 15.6615707
      vertex 69.3 -14.6 0.2615707
      vertex 69.3 -14.6 15.6615707
    endloop
  endfacet
  facet normal 0.38259 0.923918 -0
    outer loop
      vertex 61.3671 -22.2693 0.2615707
      vertex 61.15 -22.1794 15.6615707
      vertex 61.3671 -22.2693 15.6615707
    endloop
  endfacet
  facet normal 0.38259 0.923918 0
    outer loop
      vertex 61.15 -22.1794 15.6615707
      vertex 61.3671 -22.2693 0.2615707
      vertex 61.15 -22.1794 0.2615707
    endloop
  endfacet
  facet normal -0.793414 0.608682 0
    outer loop
      vertex 69.0364 -22.0364 0.2615707
      vertex 69.1794 -21.85 15.6615707
      vertex 69.1794 -21.85 0.2615707
    endloop
  endfacet
  facet normal -0.793414 0.608682 0
    outer loop
      vertex 69.1794 -21.85 15.6615707
      vertex 69.0364 -22.0364 0.2615707
      vertex 69.0364 -22.0364 15.6615707
    endloop
  endfacet
  facet normal -0.38259 -0.923918 0
    outer loop
      vertex 68.6329 -13.7307 0.2615707
      vertex 68.85 -13.8206 15.6615707
      vertex 68.6329 -13.7307 15.6615707
    endloop
  endfacet
  facet normal -0.38259 -0.923918 -0
    outer loop
      vertex 68.85 -13.8206 15.6615707
      vertex 68.6329 -13.7307 0.2615707
      vertex 68.85 -13.8206 0.2615707
    endloop
  endfacet
  facet normal -0.608682 -0.793414 0
    outer loop
      vertex 68.85 -13.8206 0.2615707
      vertex 69.0364 -13.9636 15.6615707
      vertex 68.85 -13.8206 15.6615707
    endloop
  endfacet
  facet normal -0.608682 -0.793414 -0
    outer loop
      vertex 69.0364 -13.9636 15.6615707
      vertex 68.85 -13.8206 0.2615707
      vertex 69.0364 -13.9636 0.2615707
    endloop
  endfacet
  facet normal -0.38259 0.923918 0
    outer loop
      vertex 68.85 -22.1794 0.2615707
      vertex 68.6329 -22.2693 15.6615707
      vertex 68.85 -22.1794 15.6615707
    endloop
  endfacet
  facet normal -0.38259 0.923918 0
    outer loop
      vertex 68.6329 -22.2693 15.6615707
      vertex 68.85 -22.1794 0.2615707
      vertex 68.6329 -22.2693 0.2615707
    endloop
  endfacet
  facet normal 0.991424 0.130686 0
    outer loop
      vertex 60.7307 -21.6329 15.6615707
      vertex 60.7 -21.4 0.2615707
      vertex 60.7 -21.4 15.6615707
    endloop
  endfacet
  facet normal 0.991424 0.130686 0
    outer loop
      vertex 60.7 -21.4 0.2615707
      vertex 60.7307 -21.6329 15.6615707
      vertex 60.7307 -21.6329 0.2615707
    endloop
  endfacet
  facet normal -0.991424 0.130686 0
    outer loop
      vertex 69.2693 -21.6329 0.2615707
      vertex 69.3 -21.4 15.6615707
      vertex 69.3 -21.4 0.2615707
    endloop
  endfacet
  facet normal -0.991424 0.130686 0
    outer loop
      vertex 69.3 -21.4 15.6615707
      vertex 69.2693 -21.6329 0.2615707
      vertex 69.2693 -21.6329 15.6615707
    endloop
  endfacet
  facet normal -0.793414 -0.608682 0
    outer loop
      vertex 69.1794 -14.15 0.2615707
      vertex 69.0364 -13.9636 15.6615707
      vertex 69.0364 -13.9636 0.2615707
    endloop
  endfacet
  facet normal -0.793414 -0.608682 0
    outer loop
      vertex 69.0364 -13.9636 15.6615707
      vertex 69.1794 -14.15 0.2615707
      vertex 69.1794 -14.15 15.6615707
    endloop
  endfacet
  facet normal -0.923918 0.38259 0
    outer loop
      vertex 69.1794 -21.85 0.2615707
      vertex 69.2693 -21.6329 15.6615707
      vertex 69.2693 -21.6329 0.2615707
    endloop
  endfacet
  facet normal -0.923918 0.38259 0
    outer loop
      vertex 69.2693 -21.6329 15.6615707
      vertex 69.1794 -21.85 0.2615707
      vertex 69.1794 -21.85 15.6615707
    endloop
  endfacet
  facet normal 0.923918 0.38259 0
    outer loop
      vertex 60.8206 -21.85 15.6615707
      vertex 60.7307 -21.6329 0.2615707
      vertex 60.7307 -21.6329 15.6615707
    endloop
  endfacet
  facet normal 0.923918 0.38259 0
    outer loop
      vertex 60.7307 -21.6329 0.2615707
      vertex 60.8206 -21.85 15.6615707
      vertex 60.8206 -21.85 0.2615707
    endloop
  endfacet
  facet normal -0.608682 0.793414 0
    outer loop
      vertex 69.0364 -22.0364 0.2615707
      vertex 68.85 -22.1794 15.6615707
      vertex 69.0364 -22.0364 15.6615707
    endloop
  endfacet
  facet normal -0.608682 0.793414 0
    outer loop
      vertex 68.85 -22.1794 15.6615707
      vertex 69.0364 -22.0364 0.2615707
      vertex 68.85 -22.1794 0.2615707
    endloop
  endfacet
  facet normal 0.793414 0.608682 0
    outer loop
      vertex 60.9636 -22.0364 15.6615707
      vertex 60.8206 -21.85 0.2615707
      vertex 60.8206 -21.85 15.6615707
    endloop
  endfacet
  facet normal 0.793414 0.608682 0
    outer loop
      vertex 60.8206 -21.85 0.2615707
      vertex 60.9636 -22.0364 15.6615707
      vertex 60.9636 -22.0364 0.2615707
    endloop
  endfacet
  facet normal 0.0896904 -0.68042 -0.727313
    outer loop
      vertex 61.3671 -13.7307 0.2615707
      vertex 61.1896 -13.4745 0
      vertex 61.6 -13.7 0.2615707
    endloop
  endfacet
  facet normal 0.0897239 -0.680406 -0.727322
    outer loop
      vertex 61.1896 -13.4745 0
      vertex 61.3671 -13.7307 0.2615707
      vertex 61.1532 -13.4793 0
    endloop
  endfacet
  facet normal -0.0896471 0.680606 -0.727145
    outer loop
      vertex 68.8104 -22.5254 0
      vertex 68.6001 -22.5531 0
      vertex 68.4 -22.3 0.2615707
    endloop
  endfacet
  facet normal 0.244858 0.59131 -0.768373
    outer loop
      vertex 60.9573 -22.4395 0
      vertex 61.15 -22.1794 0.2615707
      vertex 61.3671 -22.2693 0.2615707
    endloop
  endfacet
  facet normal 0.245727 0.59079 -0.768496
    outer loop
      vertex 61.15 -22.1794 0.2615707
      vertex 60.9573 -22.4395 0
      vertex 60.9234 -22.4254 0
    endloop
  endfacet
  facet normal -0.087967 0.681276 -0.726722
    outer loop
      vertex 68.8104 -22.5254 0
      vertex 68.6329 -22.2693 0.2615707
      vertex 68.8468 -22.5207 0
    endloop
  endfacet
  facet normal -0.0897074 0.680549 -0.72719
    outer loop
      vertex 68.6329 -22.2693 0.2615707
      vertex 68.8104 -22.5254 0
      vertex 68.4 -22.3 0.2615707
    endloop
  endfacet
  facet normal -0.245012 0.591106 -0.768481
    outer loop
      vertex 69.0427 -22.4395 0
      vertex 68.8468 -22.5207 0
      vertex 68.6329 -22.2693 0.2615707
    endloop
  endfacet
  facet normal -0.245727 -0.59079 -0.768496
    outer loop
      vertex 68.85 -13.8206 0.2615707
      vertex 69.0427 -13.5605 0
      vertex 69.0766 -13.5746 0
    endloop
  endfacet
  facet normal -0.244858 -0.59131 -0.768373
    outer loop
      vertex 69.0427 -13.5605 0
      vertex 68.85 -13.8206 0.2615707
      vertex 68.6329 -13.7307 0.2615707
    endloop
  endfacet
  facet normal 0.0897074 0.680549 -0.72719
    outer loop
      vertex 61.1896 -22.5254 0
      vertex 61.3671 -22.2693 0.2615707
      vertex 61.6 -22.3 0.2615707
    endloop
  endfacet
  facet normal 0.087967 0.681276 -0.726722
    outer loop
      vertex 61.3671 -22.2693 0.2615707
      vertex 61.1896 -22.5254 0
      vertex 61.1532 -22.5207 0
    endloop
  endfacet
  facet normal 0.718647 0 -0.695375
    outer loop
      vertex 60.7 -21.4 0.2615707
      vertex 60.4469 -14.3999 0
      vertex 60.7 -14.6 0.2615707
    endloop
  endfacet
  facet normal 0.718647 0 -0.695375
    outer loop
      vertex 60.4469 -14.3999 0
      vertex 60.7 -21.4 0.2615707
      vertex 60.4469 -21.6001 0
    endloop
  endfacet
  facet normal 0.0893421 -0.680748 -0.727049
    outer loop
      vertex 61.3999 -13.4469 0
      vertex 61.6 -13.7 0.2615707
      vertex 61.1896 -13.4745 0
    endloop
  endfacet
  facet normal -0.376644 -0.489302 -0.786589
    outer loop
      vertex 69.0364 -13.9636 0.2615707
      vertex 69.2449 -13.7036 0
      vertex 69.274 -13.726 0
    endloop
  endfacet
  facet normal -0.375854 -0.489925 -0.786579
    outer loop
      vertex 69.2449 -13.7036 0
      vertex 69.0364 -13.9636 0.2615707
      vertex 68.85 -13.8206 0.2615707
    endloop
  endfacet
  facet normal -0.490029 0.375893 -0.786496
    outer loop
      vertex 69.4254 -22.0766 0
      vertex 69.2963 -22.2449 0
      vertex 69.1794 -21.85 0.2615707
    endloop
  endfacet
  facet normal 0.375854 -0.489925 -0.786579
    outer loop
      vertex 60.9636 -13.9636 0.2615707
      vertex 60.7551 -13.7036 0
      vertex 61.15 -13.8206 0.2615707
    endloop
  endfacet
  facet normal 0.376644 -0.489302 -0.786589
    outer loop
      vertex 60.7551 -13.7036 0
      vertex 60.9636 -13.9636 0.2615707
      vertex 60.726 -13.726 0
    endloop
  endfacet
  facet normal -0.680748 -0.0893421 -0.727049
    outer loop
      vertex 69.5255 -14.1896 0
      vertex 69.5531 -14.3999 0
      vertex 69.3 -14.6 0.2615707
    endloop
  endfacet
  facet normal 0.489302 0.376644 -0.786589
    outer loop
      vertex 60.7036 -22.2449 0
      vertex 60.9636 -22.0364 0.2615707
      vertex 60.726 -22.274 0
    endloop
  endfacet
  facet normal 0.489925 0.375854 -0.786579
    outer loop
      vertex 60.9636 -22.0364 0.2615707
      vertex 60.7036 -22.2449 0
      vertex 60.8206 -21.85 0.2615707
    endloop
  endfacet
  facet normal 0.244858 -0.59131 -0.768373
    outer loop
      vertex 61.15 -13.8206 0.2615707
      vertex 60.9573 -13.5605 0
      vertex 61.3671 -13.7307 0.2615707
    endloop
  endfacet
  facet normal 0.245727 -0.59079 -0.768496
    outer loop
      vertex 60.9573 -13.5605 0
      vertex 61.15 -13.8206 0.2615707
      vertex 60.9234 -13.5746 0
    endloop
  endfacet
  facet normal -0.375717 -0.49018 -0.786486
    outer loop
      vertex 69.0766 -13.5746 0
      vertex 69.2449 -13.7036 0
      vertex 68.85 -13.8206 0.2615707
    endloop
  endfacet
  facet normal 0 -0.718647 -0.695375
    outer loop
      vertex 61.3999 -13.4469 0
      vertex 68.4 -13.7 0.2615707
      vertex 61.6 -13.7 0.2615707
    endloop
  endfacet
  facet normal 0 -0.718647 -0.695375
    outer loop
      vertex 68.4 -13.7 0.2615707
      vertex 61.3999 -13.4469 0
      vertex 68.6001 -13.4469 0
    endloop
  endfacet
  facet normal 0.680748 -0.0893421 -0.727049
    outer loop
      vertex 60.4745 -14.1896 0
      vertex 60.7 -14.6 0.2615707
      vertex 60.4469 -14.3999 0
    endloop
  endfacet
  facet normal 0.0896471 0.680606 -0.727145
    outer loop
      vertex 61.6 -22.3 0.2615707
      vertex 61.3999 -22.5531 0
      vertex 61.1896 -22.5254 0
    endloop
  endfacet
  facet normal 0 0.718647 -0.695375
    outer loop
      vertex 68.6001 -22.5531 0
      vertex 61.6 -22.3 0.2615707
      vertex 68.4 -22.3 0.2615707
    endloop
  endfacet
  facet normal 0 0.718647 -0.695375
    outer loop
      vertex 61.6 -22.3 0.2615707
      vertex 68.6001 -22.5531 0
      vertex 61.3999 -22.5531 0
    endloop
  endfacet
  facet normal 0.245012 0.591106 -0.768481
    outer loop
      vertex 61.3671 -22.2693 0.2615707
      vertex 61.1532 -22.5207 0
      vertex 60.9573 -22.4395 0
    endloop
  endfacet
  facet normal -0.68042 -0.0896904 -0.727313
    outer loop
      vertex 69.2693 -14.3671 0.2615707
      vertex 69.5255 -14.1896 0
      vertex 69.3 -14.6 0.2615707
    endloop
  endfacet
  facet normal -0.680406 -0.0897239 -0.727322
    outer loop
      vertex 69.5255 -14.1896 0
      vertex 69.2693 -14.3671 0.2615707
      vertex 69.5207 -14.1532 0
    endloop
  endfacet
  facet normal -0.680406 0.0897239 -0.727322
    outer loop
      vertex 69.2693 -21.6329 0.2615707
      vertex 69.5255 -21.8104 0
      vertex 69.5207 -21.8468 0
    endloop
  endfacet
  facet normal -0.68042 0.0896904 -0.727313
    outer loop
      vertex 69.5255 -21.8104 0
      vertex 69.2693 -21.6329 0.2615707
      vertex 69.3 -21.4 0.2615707
    endloop
  endfacet
  facet normal 0.245012 -0.591106 -0.768481
    outer loop
      vertex 61.1532 -13.4793 0
      vertex 61.3671 -13.7307 0.2615707
      vertex 60.9573 -13.5605 0
    endloop
  endfacet
  facet normal -0.0893421 -0.680748 -0.727049
    outer loop
      vertex 68.6001 -13.4469 0
      vertex 68.8104 -13.4745 0
      vertex 68.4 -13.7 0.2615707
    endloop
  endfacet
  facet normal 0.680748 0.0893421 -0.727049
    outer loop
      vertex 60.7 -21.4 0.2615707
      vertex 60.4745 -21.8104 0
      vertex 60.4469 -21.6001 0
    endloop
  endfacet
  facet normal 0.68042 -0.0896904 -0.727313
    outer loop
      vertex 60.4745 -14.1896 0
      vertex 60.7307 -14.3671 0.2615707
      vertex 60.7 -14.6 0.2615707
    endloop
  endfacet
  facet normal 0.680406 -0.0897239 -0.727322
    outer loop
      vertex 60.7307 -14.3671 0.2615707
      vertex 60.4745 -14.1896 0
      vertex 60.4793 -14.1532 0
    endloop
  endfacet
  facet normal -0.0897239 -0.680406 -0.727322
    outer loop
      vertex 68.6329 -13.7307 0.2615707
      vertex 68.8104 -13.4745 0
      vertex 68.8468 -13.4793 0
    endloop
  endfacet
  facet normal -0.0896904 -0.68042 -0.727313
    outer loop
      vertex 68.8104 -13.4745 0
      vertex 68.6329 -13.7307 0.2615707
      vertex 68.4 -13.7 0.2615707
    endloop
  endfacet
  facet normal -0.718647 0 -0.695375
    outer loop
      vertex 69.5531 -14.3999 0
      vertex 69.3 -21.4 0.2615707
      vertex 69.3 -14.6 0.2615707
    endloop
  endfacet
  facet normal -0.718647 0 -0.695375
    outer loop
      vertex 69.3 -21.4 0.2615707
      vertex 69.5531 -14.3999 0
      vertex 69.5531 -21.6001 0
    endloop
  endfacet
  facet normal 0.591106 0.245012 -0.768481
    outer loop
      vertex 60.7307 -21.6329 0.2615707
      vertex 60.5605 -22.0427 0
      vertex 60.4793 -21.8468 0
    endloop
  endfacet
  facet normal 0.375854 0.489925 -0.786579
    outer loop
      vertex 60.7551 -22.2964 0
      vertex 60.9636 -22.0364 0.2615707
      vertex 61.15 -22.1794 0.2615707
    endloop
  endfacet
  facet normal 0.376644 0.489302 -0.786589
    outer loop
      vertex 60.9636 -22.0364 0.2615707
      vertex 60.7551 -22.2964 0
      vertex 60.726 -22.274 0
    endloop
  endfacet
  facet normal 0.375717 0.49018 -0.786486
    outer loop
      vertex 61.15 -22.1794 0.2615707
      vertex 60.9234 -22.4254 0
      vertex 60.7551 -22.2964 0
    endloop
  endfacet
  facet normal 0.59131 -0.244858 -0.768373
    outer loop
      vertex 60.5605 -13.9573 0
      vertex 60.8206 -14.15 0.2615707
      vertex 60.7307 -14.3671 0.2615707
    endloop
  endfacet
  facet normal 0.59079 -0.245727 -0.768496
    outer loop
      vertex 60.8206 -14.15 0.2615707
      vertex 60.5605 -13.9573 0
      vertex 60.5746 -13.9234 0
    endloop
  endfacet
  facet normal -0.680748 0.0893421 -0.727049
    outer loop
      vertex 69.5531 -21.6001 0
      vertex 69.5255 -21.8104 0
      vertex 69.3 -21.4 0.2615707
    endloop
  endfacet
  facet normal 0.591106 -0.245012 -0.768481
    outer loop
      vertex 60.5605 -13.9573 0
      vertex 60.7307 -14.3671 0.2615707
      vertex 60.4793 -14.1532 0
    endloop
  endfacet
  facet normal -0.59131 -0.244858 -0.768373
    outer loop
      vertex 69.1794 -14.15 0.2615707
      vertex 69.4395 -13.9573 0
      vertex 69.2693 -14.3671 0.2615707
    endloop
  endfacet
  facet normal -0.59079 -0.245727 -0.768496
    outer loop
      vertex 69.4395 -13.9573 0
      vertex 69.1794 -14.15 0.2615707
      vertex 69.4254 -13.9234 0
    endloop
  endfacet
  facet normal -0.245012 -0.591106 -0.768481
    outer loop
      vertex 68.8468 -13.4793 0
      vertex 69.0427 -13.5605 0
      vertex 68.6329 -13.7307 0.2615707
    endloop
  endfacet
  facet normal 0.49018 0.375717 -0.786486
    outer loop
      vertex 60.8206 -21.85 0.2615707
      vertex 60.7036 -22.2449 0
      vertex 60.5746 -22.0766 0
    endloop
  endfacet
  facet normal -0.59079 0.245727 -0.768496
    outer loop
      vertex 69.1794 -21.85 0.2615707
      vertex 69.4395 -22.0427 0
      vertex 69.4254 -22.0766 0
    endloop
  endfacet
  facet normal -0.59131 0.244858 -0.768373
    outer loop
      vertex 69.4395 -22.0427 0
      vertex 69.1794 -21.85 0.2615707
      vertex 69.2693 -21.6329 0.2615707
    endloop
  endfacet
  facet normal 0.375717 -0.49018 -0.786486
    outer loop
      vertex 60.9234 -13.5746 0
      vertex 61.15 -13.8206 0.2615707
      vertex 60.7551 -13.7036 0
    endloop
  endfacet
  facet normal -0.490029 -0.375893 -0.786496
    outer loop
      vertex 69.2963 -13.7551 0
      vertex 69.4254 -13.9234 0
      vertex 69.1794 -14.15 0.2615707
    endloop
  endfacet
  facet normal -0.591106 0.245012 -0.768481
    outer loop
      vertex 69.5207 -21.8468 0
      vertex 69.4395 -22.0427 0
      vertex 69.2693 -21.6329 0.2615707
    endloop
  endfacet
  facet normal -0.591106 -0.245012 -0.768481
    outer loop
      vertex 69.4395 -13.9573 0
      vertex 69.5207 -14.1532 0
      vertex 69.2693 -14.3671 0.2615707
    endloop
  endfacet
  facet normal -0.375717 0.49018 -0.786486
    outer loop
      vertex 69.2449 -22.2964 0
      vertex 69.0766 -22.4254 0
      vertex 68.85 -22.1794 0.2615707
    endloop
  endfacet
  facet normal 0.489925 -0.375854 -0.786579
    outer loop
      vertex 60.7036 -13.7551 0
      vertex 60.9636 -13.9636 0.2615707
      vertex 60.8206 -14.15 0.2615707
    endloop
  endfacet
  facet normal 0.489302 -0.376644 -0.786589
    outer loop
      vertex 60.9636 -13.9636 0.2615707
      vertex 60.7036 -13.7551 0
      vertex 60.726 -13.726 0
    endloop
  endfacet
  facet normal 0.49018 -0.375717 -0.786486
    outer loop
      vertex 60.7036 -13.7551 0
      vertex 60.8206 -14.15 0.2615707
      vertex 60.5746 -13.9234 0
    endloop
  endfacet
  facet normal -0.489997 -0.37591 -0.786508
    outer loop
      vertex 69.0364 -13.9636 0.2615707
      vertex 69.2963 -13.7551 0
      vertex 69.1794 -14.15 0.2615707
    endloop
  endfacet
  facet normal -0.4902 -0.375652 -0.786504
    outer loop
      vertex 69.2963 -13.7551 0
      vertex 69.0364 -13.9636 0.2615707
      vertex 69.274 -13.726 0
    endloop
  endfacet
  facet normal 0.680406 0.0897239 -0.727322
    outer loop
      vertex 60.4745 -21.8104 0
      vertex 60.7307 -21.6329 0.2615707
      vertex 60.4793 -21.8468 0
    endloop
  endfacet
  facet normal 0.68042 0.0896904 -0.727313
    outer loop
      vertex 60.7307 -21.6329 0.2615707
      vertex 60.4745 -21.8104 0
      vertex 60.7 -21.4 0.2615707
    endloop
  endfacet
  facet normal -0.4902 0.375652 -0.786504
    outer loop
      vertex 69.0364 -22.0364 0.2615707
      vertex 69.2963 -22.2449 0
      vertex 69.274 -22.274 0
    endloop
  endfacet
  facet normal -0.489997 0.37591 -0.786508
    outer loop
      vertex 69.2963 -22.2449 0
      vertex 69.0364 -22.0364 0.2615707
      vertex 69.1794 -21.85 0.2615707
    endloop
  endfacet
  facet normal -0.376644 0.489302 -0.786589
    outer loop
      vertex 69.2449 -22.2964 0
      vertex 69.0364 -22.0364 0.2615707
      vertex 69.274 -22.274 0
    endloop
  endfacet
  facet normal -0.375854 0.489925 -0.786579
    outer loop
      vertex 69.0364 -22.0364 0.2615707
      vertex 69.2449 -22.2964 0
      vertex 68.85 -22.1794 0.2615707
    endloop
  endfacet
  facet normal 0.59079 0.245727 -0.768496
    outer loop
      vertex 60.5605 -22.0427 0
      vertex 60.8206 -21.85 0.2615707
      vertex 60.5746 -22.0766 0
    endloop
  endfacet
  facet normal 0.59131 0.244858 -0.768373
    outer loop
      vertex 60.8206 -21.85 0.2615707
      vertex 60.5605 -22.0427 0
      vertex 60.7307 -21.6329 0.2615707
    endloop
  endfacet
  facet normal -0.245727 0.59079 -0.768496
    outer loop
      vertex 69.0427 -22.4395 0
      vertex 68.85 -22.1794 0.2615707
      vertex 69.0766 -22.4254 0
    endloop
  endfacet
  facet normal -0.244858 0.59131 -0.768373
    outer loop
      vertex 68.85 -22.1794 0.2615707
      vertex 69.0427 -22.4395 0
      vertex 68.6329 -22.2693 0.2615707
    endloop
  endfacet
  facet normal 0 0.718686 0.695334
    outer loop
      vertex 68.4 -22.3 15.6615707
      vertex 61.3999 -22.5531 15.9231707
      vertex 68.6001 -22.5531 15.9231707
    endloop
  endfacet
  facet normal 0 0.718686 0.695334
    outer loop
      vertex 61.3999 -22.5531 15.9231707
      vertex 68.4 -22.3 15.6615707
      vertex 61.6 -22.3 15.6615707
    endloop
  endfacet
  facet normal 0.680589 0.0897127 0.727152
    outer loop
      vertex 60.4746 -21.8104 15.9231707
      vertex 60.7307 -21.6329 15.6615707
      vertex 60.7 -21.4 15.6615707
    endloop
  endfacet
  facet normal 0.681317 0.0879722 0.726683
    outer loop
      vertex 60.7307 -21.6329 15.6615707
      vertex 60.4746 -21.8104 15.9231707
      vertex 60.4793 -21.8468 15.9231707
    endloop
  endfacet
  facet normal -0.245028 0.591145 0.768446
    outer loop
      vertex 68.8468 -22.5207 15.9231707
      vertex 69.0427 -22.4395 15.9231707
      vertex 68.6329 -22.2693 15.6615707
    endloop
  endfacet
  facet normal -0.245743 0.590829 0.768461
    outer loop
      vertex 68.85 -22.1794 15.6615707
      vertex 69.0427 -22.4395 15.9231707
      vertex 69.0766 -22.4254 15.9231707
    endloop
  endfacet
  facet normal -0.244875 0.591349 0.768338
    outer loop
      vertex 69.0427 -22.4395 15.9231707
      vertex 68.85 -22.1794 15.6615707
      vertex 68.6329 -22.2693 15.6615707
    endloop
  endfacet
  facet normal 0.490031 0.375936 0.786474
    outer loop
      vertex 60.7037 -22.2449 15.9231707
      vertex 60.9636 -22.0364 15.6615707
      vertex 60.8206 -21.85 15.6615707
    endloop
  endfacet
  facet normal 0.490234 0.375678 0.786471
    outer loop
      vertex 60.9636 -22.0364 15.6615707
      vertex 60.7037 -22.2449 15.9231707
      vertex 60.726 -22.274 15.9231707
    endloop
  endfacet
  facet normal 0.591145 0.245028 0.768446
    outer loop
      vertex 60.5605 -22.0427 15.9231707
      vertex 60.7307 -21.6329 15.6615707
      vertex 60.4793 -21.8468 15.9231707
    endloop
  endfacet
  facet normal -0.0896524 0.680646 0.727106
    outer loop
      vertex 68.6001 -22.5531 15.9231707
      vertex 68.8104 -22.5254 15.9231707
      vertex 68.4 -22.3 15.6615707
    endloop
  endfacet
  facet normal -0.0879722 0.681317 0.726683
    outer loop
      vertex 68.6329 -22.2693 15.6615707
      vertex 68.8104 -22.5254 15.9231707
      vertex 68.8468 -22.5207 15.9231707
    endloop
  endfacet
  facet normal -0.0897127 0.680589 0.727152
    outer loop
      vertex 68.8104 -22.5254 15.9231707
      vertex 68.6329 -22.2693 15.6615707
      vertex 68.4 -22.3 15.6615707
    endloop
  endfacet
  facet normal 0.375743 -0.490214 0.786453
    outer loop
      vertex 61.15 -13.8206 15.6615707
      vertex 60.9234 -13.5746 15.9231707
      vertex 60.7551 -13.7036 15.9231707
    endloop
  endfacet
  facet normal -0.375743 -0.490214 0.786453
    outer loop
      vertex 69.2449 -13.7036 15.9231707
      vertex 69.0766 -13.5746 15.9231707
      vertex 68.85 -13.8206 15.6615707
    endloop
  endfacet
  facet normal 0.680646 0.0896524 0.727106
    outer loop
      vertex 60.4746 -21.8104 15.9231707
      vertex 60.7 -21.4 15.6615707
      vertex 60.4469 -21.6001 15.9231707
    endloop
  endfacet
  facet normal 0.0897127 -0.680589 0.727152
    outer loop
      vertex 61.1896 -13.4746 15.9231707
      vertex 61.3671 -13.7307 15.6615707
      vertex 61.6 -13.7 15.6615707
    endloop
  endfacet
  facet normal 0.0879722 -0.681317 0.726683
    outer loop
      vertex 61.3671 -13.7307 15.6615707
      vertex 61.1896 -13.4746 15.9231707
      vertex 61.1532 -13.4793 15.9231707
    endloop
  endfacet
  facet normal 0.681317 -0.0879722 0.726683
    outer loop
      vertex 60.4746 -14.1896 15.9231707
      vertex 60.7307 -14.3671 15.6615707
      vertex 60.4793 -14.1532 15.9231707
    endloop
  endfacet
  facet normal 0.680589 -0.0897127 0.727152
    outer loop
      vertex 60.7307 -14.3671 15.6615707
      vertex 60.4746 -14.1896 15.9231707
      vertex 60.7 -14.6 15.6615707
    endloop
  endfacet
  facet normal -0.591145 -0.245028 0.768446
    outer loop
      vertex 69.5207 -14.1532 15.9231707
      vertex 69.4395 -13.9573 15.9231707
      vertex 69.2693 -14.3671 15.6615707
    endloop
  endfacet
  facet normal -0.0896524 -0.680646 0.727106
    outer loop
      vertex 68.8104 -13.4746 15.9231707
      vertex 68.6001 -13.4469 15.9231707
      vertex 68.4 -13.7 15.6615707
    endloop
  endfacet
  facet normal 0.244875 -0.591349 0.768338
    outer loop
      vertex 60.9573 -13.5605 15.9231707
      vertex 61.15 -13.8206 15.6615707
      vertex 61.3671 -13.7307 15.6615707
    endloop
  endfacet
  facet normal 0.245743 -0.590829 0.768461
    outer loop
      vertex 61.15 -13.8206 15.6615707
      vertex 60.9573 -13.5605 15.9231707
      vertex 60.9234 -13.5746 15.9231707
    endloop
  endfacet
  facet normal 0.245028 -0.591145 0.768446
    outer loop
      vertex 61.3671 -13.7307 15.6615707
      vertex 61.1532 -13.4793 15.9231707
      vertex 60.9573 -13.5605 15.9231707
    endloop
  endfacet
  facet normal -0.376671 -0.489335 0.786556
    outer loop
      vertex 69.2449 -13.7036 15.9231707
      vertex 69.0364 -13.9636 15.6615707
      vertex 69.274 -13.726 15.9231707
    endloop
  endfacet
  facet normal -0.37588 -0.489959 0.786546
    outer loop
      vertex 69.0364 -13.9636 15.6615707
      vertex 69.2449 -13.7036 15.9231707
      vertex 68.85 -13.8206 15.6615707
    endloop
  endfacet
  facet normal 0.375743 0.490214 0.786453
    outer loop
      vertex 60.9234 -22.4254 15.9231707
      vertex 61.15 -22.1794 15.6615707
      vertex 60.7551 -22.2964 15.9231707
    endloop
  endfacet
  facet normal 0.245028 0.591145 0.768446
    outer loop
      vertex 61.1532 -22.5207 15.9231707
      vertex 61.3671 -22.2693 15.6615707
      vertex 60.9573 -22.4395 15.9231707
    endloop
  endfacet
  facet normal -0.245743 -0.590829 0.768461
    outer loop
      vertex 69.0427 -13.5605 15.9231707
      vertex 68.85 -13.8206 15.6615707
      vertex 69.0766 -13.5746 15.9231707
    endloop
  endfacet
  facet normal -0.244875 -0.591349 0.768338
    outer loop
      vertex 68.85 -13.8206 15.6615707
      vertex 69.0427 -13.5605 15.9231707
      vertex 68.6329 -13.7307 15.6615707
    endloop
  endfacet
  facet normal 0 -0.718686 0.695334
    outer loop
      vertex 61.6 -13.7 15.6615707
      vertex 68.6001 -13.4469 15.9231707
      vertex 61.3999 -13.4469 15.9231707
    endloop
  endfacet
  facet normal 0 -0.718686 0.695334
    outer loop
      vertex 68.6001 -13.4469 15.9231707
      vertex 61.6 -13.7 15.6615707
      vertex 68.4 -13.7 15.6615707
    endloop
  endfacet
  facet normal 0.0896524 -0.680646 0.727106
    outer loop
      vertex 61.6 -13.7 15.6615707
      vertex 61.3999 -13.4469 15.9231707
      vertex 61.1896 -13.4746 15.9231707
    endloop
  endfacet
  facet normal 0.680646 -0.0896524 0.727106
    outer loop
      vertex 60.7 -14.6 15.6615707
      vertex 60.4746 -14.1896 15.9231707
      vertex 60.4469 -14.3999 15.9231707
    endloop
  endfacet
  facet normal 0.591145 -0.245028 0.768446
    outer loop
      vertex 60.7307 -14.3671 15.6615707
      vertex 60.5605 -13.9573 15.9231707
      vertex 60.4793 -14.1532 15.9231707
    endloop
  endfacet
  facet normal -0.680788 0.0893474 0.72701
    outer loop
      vertex 69.5255 -21.8104 15.9231707
      vertex 69.5531 -21.6001 15.9231707
      vertex 69.3 -21.4 15.6615707
    endloop
  endfacet
  facet normal 0.591349 0.244875 0.768338
    outer loop
      vertex 60.5605 -22.0427 15.9231707
      vertex 60.8206 -21.85 15.6615707
      vertex 60.7307 -21.6329 15.6615707
    endloop
  endfacet
  facet normal 0.590829 0.245743 0.768461
    outer loop
      vertex 60.8206 -21.85 15.6615707
      vertex 60.5605 -22.0427 15.9231707
      vertex 60.5746 -22.0766 15.9231707
    endloop
  endfacet
  facet normal 0.244875 0.591349 0.768338
    outer loop
      vertex 61.15 -22.1794 15.6615707
      vertex 60.9573 -22.4395 15.9231707
      vertex 61.3671 -22.2693 15.6615707
    endloop
  endfacet
  facet normal 0.245743 0.590829 0.768461
    outer loop
      vertex 60.9573 -22.4395 15.9231707
      vertex 61.15 -22.1794 15.6615707
      vertex 60.9234 -22.4254 15.9231707
    endloop
  endfacet
  facet normal -0.680788 -0.0893474 0.72701
    outer loop
      vertex 69.5531 -14.3999 15.9231707
      vertex 69.5255 -14.1896 15.9231707
      vertex 69.3 -14.6 15.6615707
    endloop
  endfacet
  facet normal 0.0896524 0.680646 0.727106
    outer loop
      vertex 61.3999 -22.5531 15.9231707
      vertex 61.6 -22.3 15.6615707
      vertex 61.1896 -22.5254 15.9231707
    endloop
  endfacet
  facet normal -0.490063 -0.375919 0.786463
    outer loop
      vertex 69.4254 -13.9234 15.9231707
      vertex 69.2963 -13.7551 15.9231707
      vertex 69.1794 -14.15 15.6615707
    endloop
  endfacet
  facet normal -0.718686 0 0.695334
    outer loop
      vertex 69.3 -21.4 15.6615707
      vertex 69.5531 -14.3999 15.9231707
      vertex 69.3 -14.6 15.6615707
    endloop
  endfacet
  facet normal -0.718686 0 0.695334
    outer loop
      vertex 69.5531 -14.3999 15.9231707
      vertex 69.3 -21.4 15.6615707
      vertex 69.5531 -21.6001 15.9231707
    endloop
  endfacet
  facet normal -0.490063 0.375919 0.786463
    outer loop
      vertex 69.2963 -22.2449 15.9231707
      vertex 69.4254 -22.0766 15.9231707
      vertex 69.1794 -21.85 15.6615707
    endloop
  endfacet
  facet normal 0.490234 -0.375678 0.786471
    outer loop
      vertex 60.7037 -13.7551 15.9231707
      vertex 60.9636 -13.9636 15.6615707
      vertex 60.726 -13.726 15.9231707
    endloop
  endfacet
  facet normal 0.490031 -0.375936 0.786474
    outer loop
      vertex 60.9636 -13.9636 15.6615707
      vertex 60.7037 -13.7551 15.9231707
      vertex 60.8206 -14.15 15.6615707
    endloop
  endfacet
  facet normal -0.680461 0.0896957 0.727274
    outer loop
      vertex 69.2693 -21.6329 15.6615707
      vertex 69.5255 -21.8104 15.9231707
      vertex 69.3 -21.4 15.6615707
    endloop
  endfacet
  facet normal -0.680447 0.0897292 0.727283
    outer loop
      vertex 69.5255 -21.8104 15.9231707
      vertex 69.2693 -21.6329 15.6615707
      vertex 69.5207 -21.8468 15.9231707
    endloop
  endfacet
  facet normal -0.0879722 -0.681317 0.726683
    outer loop
      vertex 68.8104 -13.4746 15.9231707
      vertex 68.6329 -13.7307 15.6615707
      vertex 68.8468 -13.4793 15.9231707
    endloop
  endfacet
  facet normal -0.0897127 -0.680589 0.727152
    outer loop
      vertex 68.6329 -13.7307 15.6615707
      vertex 68.8104 -13.4746 15.9231707
      vertex 68.4 -13.7 15.6615707
    endloop
  endfacet
  facet normal -0.591145 0.245028 0.768446
    outer loop
      vertex 69.4395 -22.0427 15.9231707
      vertex 69.5207 -21.8468 15.9231707
      vertex 69.2693 -21.6329 15.6615707
    endloop
  endfacet
  facet normal -0.245028 -0.591145 0.768446
    outer loop
      vertex 69.0427 -13.5605 15.9231707
      vertex 68.8468 -13.4793 15.9231707
      vertex 68.6329 -13.7307 15.6615707
    endloop
  endfacet
  facet normal 0.37588 -0.489959 0.786546
    outer loop
      vertex 60.7551 -13.7036 15.9231707
      vertex 60.9636 -13.9636 15.6615707
      vertex 61.15 -13.8206 15.6615707
    endloop
  endfacet
  facet normal 0.376671 -0.489335 0.786556
    outer loop
      vertex 60.9636 -13.9636 15.6615707
      vertex 60.7551 -13.7036 15.9231707
      vertex 60.726 -13.726 15.9231707
    endloop
  endfacet
  facet normal -0.375743 0.490214 0.786453
    outer loop
      vertex 69.0766 -22.4254 15.9231707
      vertex 69.2449 -22.2964 15.9231707
      vertex 68.85 -22.1794 15.6615707
    endloop
  endfacet
  facet normal -0.591349 0.244875 0.768338
    outer loop
      vertex 69.1794 -21.85 15.6615707
      vertex 69.4395 -22.0427 15.9231707
      vertex 69.2693 -21.6329 15.6615707
    endloop
  endfacet
  facet normal -0.590829 0.245743 0.768461
    outer loop
      vertex 69.4395 -22.0427 15.9231707
      vertex 69.1794 -21.85 15.6615707
      vertex 69.4254 -22.0766 15.9231707
    endloop
  endfacet
  facet normal 0.718686 0 0.695334
    outer loop
      vertex 60.4469 -14.3999 15.9231707
      vertex 60.7 -21.4 15.6615707
      vertex 60.7 -14.6 15.6615707
    endloop
  endfacet
  facet normal 0.718686 0 0.695334
    outer loop
      vertex 60.7 -21.4 15.6615707
      vertex 60.4469 -14.3999 15.9231707
      vertex 60.4469 -21.6001 15.9231707
    endloop
  endfacet
  facet normal 0.37588 0.489959 0.786546
    outer loop
      vertex 60.9636 -22.0364 15.6615707
      vertex 60.7551 -22.2964 15.9231707
      vertex 61.15 -22.1794 15.6615707
    endloop
  endfacet
  facet normal 0.376671 0.489335 0.786556
    outer loop
      vertex 60.7551 -22.2964 15.9231707
      vertex 60.9636 -22.0364 15.6615707
      vertex 60.726 -22.274 15.9231707
    endloop
  endfacet
  facet normal 0.490063 -0.375919 0.786463
    outer loop
      vertex 60.8206 -14.15 15.6615707
      vertex 60.7037 -13.7551 15.9231707
      vertex 60.5746 -13.9234 15.9231707
    endloop
  endfacet
  facet normal -0.680447 -0.0897292 0.727283
    outer loop
      vertex 69.2693 -14.3671 15.6615707
      vertex 69.5255 -14.1896 15.9231707
      vertex 69.5207 -14.1532 15.9231707
    endloop
  endfacet
  facet normal -0.680461 -0.0896957 0.727274
    outer loop
      vertex 69.5255 -14.1896 15.9231707
      vertex 69.2693 -14.3671 15.6615707
      vertex 69.3 -14.6 15.6615707
    endloop
  endfacet
  facet normal 0.590829 -0.245743 0.768461
    outer loop
      vertex 60.5605 -13.9573 15.9231707
      vertex 60.8206 -14.15 15.6615707
      vertex 60.5746 -13.9234 15.9231707
    endloop
  endfacet
  facet normal 0.591349 -0.244875 0.768338
    outer loop
      vertex 60.8206 -14.15 15.6615707
      vertex 60.5605 -13.9573 15.9231707
      vertex 60.7307 -14.3671 15.6615707
    endloop
  endfacet
  facet normal 0.490063 0.375919 0.786463
    outer loop
      vertex 60.7037 -22.2449 15.9231707
      vertex 60.8206 -21.85 15.6615707
      vertex 60.5746 -22.0766 15.9231707
    endloop
  endfacet
  facet normal 0.0897127 0.680589 0.727152
    outer loop
      vertex 61.3671 -22.2693 15.6615707
      vertex 61.1896 -22.5254 15.9231707
      vertex 61.6 -22.3 15.6615707
    endloop
  endfacet
  facet normal 0.0879722 0.681317 0.726683
    outer loop
      vertex 61.1896 -22.5254 15.9231707
      vertex 61.3671 -22.2693 15.6615707
      vertex 61.1532 -22.5207 15.9231707
    endloop
  endfacet
  facet normal -0.490031 0.375936 0.786474
    outer loop
      vertex 69.0364 -22.0364 15.6615707
      vertex 69.2963 -22.2449 15.9231707
      vertex 69.1794 -21.85 15.6615707
    endloop
  endfacet
  facet normal -0.490234 0.375678 0.786471
    outer loop
      vertex 69.2963 -22.2449 15.9231707
      vertex 69.0364 -22.0364 15.6615707
      vertex 69.274 -22.274 15.9231707
    endloop
  endfacet
  facet normal -0.376671 0.489335 0.786556
    outer loop
      vertex 69.0364 -22.0364 15.6615707
      vertex 69.2449 -22.2964 15.9231707
      vertex 69.274 -22.274 15.9231707
    endloop
  endfacet
  facet normal -0.37588 0.489959 0.786546
    outer loop
      vertex 69.2449 -22.2964 15.9231707
      vertex 69.0364 -22.0364 15.6615707
      vertex 68.85 -22.1794 15.6615707
    endloop
  endfacet
  facet normal -0.490234 -0.375678 0.786471
    outer loop
      vertex 69.0364 -13.9636 15.6615707
      vertex 69.2963 -13.7551 15.9231707
      vertex 69.274 -13.726 15.9231707
    endloop
  endfacet
  facet normal -0.490031 -0.375936 0.786474
    outer loop
      vertex 69.2963 -13.7551 15.9231707
      vertex 69.0364 -13.9636 15.6615707
      vertex 69.1794 -14.15 15.6615707
    endloop
  endfacet
  facet normal -0.590829 -0.245743 0.768461
    outer loop
      vertex 69.1794 -14.15 15.6615707
      vertex 69.4395 -13.9573 15.9231707
      vertex 69.4254 -13.9234 15.9231707
    endloop
  endfacet
  facet normal -0.591349 -0.244875 0.768338
    outer loop
      vertex 69.4395 -13.9573 15.9231707
      vertex 69.1794 -14.15 15.6615707
      vertex 69.2693 -14.3671 15.6615707
    endloop
  endfacet
  facet normal -0.130686 0.991424 0
    outer loop
      vertex 68.6329 -36.2693 0.2615707
      vertex 68.4 -36.3 15.6615707
      vertex 68.6329 -36.2693 15.6615707
    endloop
  endfacet
  facet normal -0.130686 0.991424 0
    outer loop
      vertex 68.4 -36.3 15.6615707
      vertex 68.6329 -36.2693 0.2615707
      vertex 68.4 -36.3 0.2615707
    endloop
  endfacet
  facet normal 0 -1 0
    outer loop
      vertex 61.6 -27.7 0.2615707
      vertex 68.4 -27.7 15.6615707
      vertex 61.6 -27.7 15.6615707
    endloop
  endfacet
  facet normal 0 -1 -0
    outer loop
      vertex 68.4 -27.7 15.6615707
      vertex 61.6 -27.7 0.2615707
      vertex 68.4 -27.7 0.2615707
    endloop
  endfacet
  facet normal 0.130686 0.991424 -0
    outer loop
      vertex 61.6 -36.3 0.2615707
      vertex 61.3671 -36.2693 15.6615707
      vertex 61.6 -36.3 15.6615707
    endloop
  endfacet
  facet normal 0.130686 0.991424 0
    outer loop
      vertex 61.3671 -36.2693 15.6615707
      vertex 61.6 -36.3 0.2615707
      vertex 61.3671 -36.2693 0.2615707
    endloop
  endfacet
  facet normal 0.923918 -0.38259 0
    outer loop
      vertex 60.7307 -28.3671 15.6615707
      vertex 60.8206 -28.15 0.2615707
      vertex 60.8206 -28.15 15.6615707
    endloop
  endfacet
  facet normal 0.923918 -0.38259 0
    outer loop
      vertex 60.8206 -28.15 0.2615707
      vertex 60.7307 -28.3671 15.6615707
      vertex 60.7307 -28.3671 0.2615707
    endloop
  endfacet
  facet normal 1 -0 0
    outer loop
      vertex 60.7 -35.4 15.6615707
      vertex 60.7 -28.6 0.2615707
      vertex 60.7 -28.6 15.6615707
    endloop
  endfacet
  facet normal 1 0 0
    outer loop
      vertex 60.7 -28.6 0.2615707
      vertex 60.7 -35.4 15.6615707
      vertex 60.7 -35.4 0.2615707
    endloop
  endfacet
  facet normal -0.130686 -0.991424 0
    outer loop
      vertex 68.4 -27.7 0.2615707
      vertex 68.6329 -27.7307 15.6615707
      vertex 68.4 -27.7 15.6615707
    endloop
  endfacet
  facet normal -0.130686 -0.991424 -0
    outer loop
      vertex 68.6329 -27.7307 15.6615707
      vertex 68.4 -27.7 0.2615707
      vertex 68.6329 -27.7307 0.2615707
    endloop
  endfacet
  facet normal -1 0 0
    outer loop
      vertex 69.3 -35.4 0.2615707
      vertex 69.3 -28.6 15.6615707
      vertex 69.3 -28.6 0.2615707
    endloop
  endfacet
  facet normal -1 -0 0
    outer loop
      vertex 69.3 -28.6 15.6615707
      vertex 69.3 -35.4 0.2615707
      vertex 69.3 -35.4 15.6615707
    endloop
  endfacet
  facet normal 0.991424 -0.130686 0
    outer loop
      vertex 60.7 -28.6 15.6615707
      vertex 60.7307 -28.3671 0.2615707
      vertex 60.7307 -28.3671 15.6615707
    endloop
  endfacet
  facet normal 0.991424 -0.130686 0
    outer loop
      vertex 60.7307 -28.3671 0.2615707
      vertex 60.7 -28.6 15.6615707
      vertex 60.7 -28.6 0.2615707
    endloop
  endfacet
  facet normal 0 1 -0
    outer loop
      vertex 68.4 -36.3 0.2615707
      vertex 61.6 -36.3 15.6615707
      vertex 68.4 -36.3 15.6615707
    endloop
  endfacet
  facet normal 0 1 0
    outer loop
      vertex 61.6 -36.3 15.6615707
      vertex 68.4 -36.3 0.2615707
      vertex 61.6 -36.3 0.2615707
    endloop
  endfacet
  facet normal 0.38259 -0.923918 0
    outer loop
      vertex 61.15 -27.8206 0.2615707
      vertex 61.3671 -27.7307 15.6615707
      vertex 61.15 -27.8206 15.6615707
    endloop
  endfacet
  facet normal 0.38259 -0.923918 0
    outer loop
      vertex 61.3671 -27.7307 15.6615707
      vertex 61.15 -27.8206 0.2615707
      vertex 61.3671 -27.7307 0.2615707
    endloop
  endfacet
  facet normal 0.130686 -0.991424 0
    outer loop
      vertex 61.3671 -27.7307 0.2615707
      vertex 61.6 -27.7 15.6615707
      vertex 61.3671 -27.7307 15.6615707
    endloop
  endfacet
  facet normal 0.130686 -0.991424 0
    outer loop
      vertex 61.6 -27.7 15.6615707
      vertex 61.3671 -27.7307 0.2615707
      vertex 61.6 -27.7 0.2615707
    endloop
  endfacet
  facet normal 0.608682 0.793414 -0
    outer loop
      vertex 61.15 -36.1794 0.2615707
      vertex 60.9636 -36.0364 15.6615707
      vertex 61.15 -36.1794 15.6615707
    endloop
  endfacet
  facet normal 0.608682 0.793414 0
    outer loop
      vertex 60.9636 -36.0364 15.6615707
      vertex 61.15 -36.1794 0.2615707
      vertex 60.9636 -36.0364 0.2615707
    endloop
  endfacet
  facet normal -0.923918 -0.38259 0
    outer loop
      vertex 69.2693 -28.3671 0.2615707
      vertex 69.1794 -28.15 15.6615707
      vertex 69.1794 -28.15 0.2615707
    endloop
  endfacet
  facet normal -0.923918 -0.38259 0
    outer loop
      vertex 69.1794 -28.15 15.6615707
      vertex 69.2693 -28.3671 0.2615707
      vertex 69.2693 -28.3671 15.6615707
    endloop
  endfacet
  facet normal 0.793414 -0.608682 0
    outer loop
      vertex 60.8206 -28.15 15.6615707
      vertex 60.9636 -27.9636 0.2615707
      vertex 60.9636 -27.9636 15.6615707
    endloop
  endfacet
  facet normal 0.793414 -0.608682 0
    outer loop
      vertex 60.9636 -27.9636 0.2615707
      vertex 60.8206 -28.15 15.6615707
      vertex 60.8206 -28.15 0.2615707
    endloop
  endfacet
  facet normal 0.608682 -0.793414 0
    outer loop
      vertex 60.9636 -27.9636 0.2615707
      vertex 61.15 -27.8206 15.6615707
      vertex 60.9636 -27.9636 15.6615707
    endloop
  endfacet
  facet normal 0.608682 -0.793414 0
    outer loop
      vertex 61.15 -27.8206 15.6615707
      vertex 60.9636 -27.9636 0.2615707
      vertex 61.15 -27.8206 0.2615707
    endloop
  endfacet
  facet normal -0.991424 -0.130686 0
    outer loop
      vertex 69.3 -28.6 0.2615707
      vertex 69.2693 -28.3671 15.6615707
      vertex 69.2693 -28.3671 0.2615707
    endloop
  endfacet
  facet normal -0.991424 -0.130686 0
    outer loop
      vertex 69.2693 -28.3671 15.6615707
      vertex 69.3 -28.6 0.2615707
      vertex 69.3 -28.6 15.6615707
    endloop
  endfacet
  facet normal 0.38259 0.923918 -0
    outer loop
      vertex 61.3671 -36.2693 0.2615707
      vertex 61.15 -36.1794 15.6615707
      vertex 61.3671 -36.2693 15.6615707
    endloop
  endfacet
  facet normal 0.38259 0.923918 0
    outer loop
      vertex 61.15 -36.1794 15.6615707
      vertex 61.3671 -36.2693 0.2615707
      vertex 61.15 -36.1794 0.2615707
    endloop
  endfacet
  facet normal -0.793414 0.608682 0
    outer loop
      vertex 69.0364 -36.0364 0.2615707
      vertex 69.1794 -35.85 15.6615707
      vertex 69.1794 -35.85 0.2615707
    endloop
  endfacet
  facet normal -0.793414 0.608682 0
    outer loop
      vertex 69.1794 -35.85 15.6615707
      vertex 69.0364 -36.0364 0.2615707
      vertex 69.0364 -36.0364 15.6615707
    endloop
  endfacet
  facet normal -0.38259 -0.923918 0
    outer loop
      vertex 68.6329 -27.7307 0.2615707
      vertex 68.85 -27.8206 15.6615707
      vertex 68.6329 -27.7307 15.6615707
    endloop
  endfacet
  facet normal -0.38259 -0.923918 -0
    outer loop
      vertex 68.85 -27.8206 15.6615707
      vertex 68.6329 -27.7307 0.2615707
      vertex 68.85 -27.8206 0.2615707
    endloop
  endfacet
  facet normal -0.608682 -0.793414 0
    outer loop
      vertex 68.85 -27.8206 0.2615707
      vertex 69.0364 -27.9636 15.6615707
      vertex 68.85 -27.8206 15.6615707
    endloop
  endfacet
  facet normal -0.608682 -0.793414 -0
    outer loop
      vertex 69.0364 -27.9636 15.6615707
      vertex 68.85 -27.8206 0.2615707
      vertex 69.0364 -27.9636 0.2615707
    endloop
  endfacet
  facet normal -0.38259 0.923918 0
    outer loop
      vertex 68.85 -36.1794 0.2615707
      vertex 68.6329 -36.2693 15.6615707
      vertex 68.85 -36.1794 15.6615707
    endloop
  endfacet
  facet normal -0.38259 0.923918 0
    outer loop
      vertex 68.6329 -36.2693 15.6615707
      vertex 68.85 -36.1794 0.2615707
      vertex 68.6329 -36.2693 0.2615707
    endloop
  endfacet
  facet normal 0.991424 0.130686 0
    outer loop
      vertex 60.7307 -35.6329 15.6615707
      vertex 60.7 -35.4 0.2615707
      vertex 60.7 -35.4 15.6615707
    endloop
  endfacet
  facet normal 0.991424 0.130686 0
    outer loop
      vertex 60.7 -35.4 0.2615707
      vertex 60.7307 -35.6329 15.6615707
      vertex 60.7307 -35.6329 0.2615707
    endloop
  endfacet
  facet normal -0.991424 0.130686 0
    outer loop
      vertex 69.2693 -35.6329 0.2615707
      vertex 69.3 -35.4 15.6615707
      vertex 69.3 -35.4 0.2615707
    endloop
  endfacet
  facet normal -0.991424 0.130686 0
    outer loop
      vertex 69.3 -35.4 15.6615707
      vertex 69.2693 -35.6329 0.2615707
      vertex 69.2693 -35.6329 15.6615707
    endloop
  endfacet
  facet normal -0.793414 -0.608682 0
    outer loop
      vertex 69.1794 -28.15 0.2615707
      vertex 69.0364 -27.9636 15.6615707
      vertex 69.0364 -27.9636 0.2615707
    endloop
  endfacet
  facet normal -0.793414 -0.608682 0
    outer loop
      vertex 69.0364 -27.9636 15.6615707
      vertex 69.1794 -28.15 0.2615707
      vertex 69.1794 -28.15 15.6615707
    endloop
  endfacet
  facet normal -0.923918 0.38259 0
    outer loop
      vertex 69.1794 -35.85 0.2615707
      vertex 69.2693 -35.6329 15.6615707
      vertex 69.2693 -35.6329 0.2615707
    endloop
  endfacet
  facet normal -0.923918 0.38259 0
    outer loop
      vertex 69.2693 -35.6329 15.6615707
      vertex 69.1794 -35.85 0.2615707
      vertex 69.1794 -35.85 15.6615707
    endloop
  endfacet
  facet normal 0.923918 0.38259 0
    outer loop
      vertex 60.8206 -35.85 15.6615707
      vertex 60.7307 -35.6329 0.2615707
      vertex 60.7307 -35.6329 15.6615707
    endloop
  endfacet
  facet normal 0.923918 0.38259 0
    outer loop
      vertex 60.7307 -35.6329 0.2615707
      vertex 60.8206 -35.85 15.6615707
      vertex 60.8206 -35.85 0.2615707
    endloop
  endfacet
  facet normal -0.608682 0.793414 0
    outer loop
      vertex 69.0364 -36.0364 0.2615707
      vertex 68.85 -36.1794 15.6615707
      vertex 69.0364 -36.0364 15.6615707
    endloop
  endfacet
  facet normal -0.608682 0.793414 0
    outer loop
      vertex 68.85 -36.1794 15.6615707
      vertex 69.0364 -36.0364 0.2615707
      vertex 68.85 -36.1794 0.2615707
    endloop
  endfacet
  facet normal 0.793414 0.608682 0
    outer loop
      vertex 60.9636 -36.0364 15.6615707
      vertex 60.8206 -35.85 0.2615707
      vertex 60.8206 -35.85 15.6615707
    endloop
  endfacet
  facet normal 0.793414 0.608682 0
    outer loop
      vertex 60.8206 -35.85 0.2615707
      vertex 60.9636 -36.0364 15.6615707
      vertex 60.9636 -36.0364 0.2615707
    endloop
  endfacet
  facet normal 0.0897074 -0.680549 -0.72719
    outer loop
      vertex 61.3671 -27.7307 0.2615707
      vertex 61.1896 -27.4746 0
      vertex 61.6 -27.7 0.2615707
    endloop
  endfacet
  facet normal 0.087967 -0.681276 -0.726722
    outer loop
      vertex 61.1896 -27.4746 0
      vertex 61.3671 -27.7307 0.2615707
      vertex 61.1532 -27.4793 0
    endloop
  endfacet
  facet normal -0.0893421 0.680748 -0.727049
    outer loop
      vertex 68.8104 -36.5255 0
      vertex 68.6001 -36.5531 0
      vertex 68.4 -36.3 0.2615707
    endloop
  endfacet
  facet normal 0.244858 0.59131 -0.768373
    outer loop
      vertex 60.9573 -36.4395 0
      vertex 61.15 -36.1794 0.2615707
      vertex 61.3671 -36.2693 0.2615707
    endloop
  endfacet
  facet normal 0.245727 0.59079 -0.768496
    outer loop
      vertex 61.15 -36.1794 0.2615707
      vertex 60.9573 -36.4395 0
      vertex 60.9234 -36.4254 0
    endloop
  endfacet
  facet normal -0.0897239 0.680406 -0.727322
    outer loop
      vertex 68.8104 -36.5255 0
      vertex 68.6329 -36.2693 0.2615707
      vertex 68.8468 -36.5207 0
    endloop
  endfacet
  facet normal -0.0896904 0.68042 -0.727313
    outer loop
      vertex 68.6329 -36.2693 0.2615707
      vertex 68.8104 -36.5255 0
      vertex 68.4 -36.3 0.2615707
    endloop
  endfacet
  facet normal -0.245012 0.591106 -0.768481
    outer loop
      vertex 69.0427 -36.4395 0
      vertex 68.8468 -36.5207 0
      vertex 68.6329 -36.2693 0.2615707
    endloop
  endfacet
  facet normal -0.245727 -0.59079 -0.768496
    outer loop
      vertex 68.85 -27.8206 0.2615707
      vertex 69.0427 -27.5605 0
      vertex 69.0766 -27.5746 0
    endloop
  endfacet
  facet normal -0.244858 -0.59131 -0.768373
    outer loop
      vertex 69.0427 -27.5605 0
      vertex 68.85 -27.8206 0.2615707
      vertex 68.6329 -27.7307 0.2615707
    endloop
  endfacet
  facet normal 0.0896904 0.68042 -0.727313
    outer loop
      vertex 61.1896 -36.5255 0
      vertex 61.3671 -36.2693 0.2615707
      vertex 61.6 -36.3 0.2615707
    endloop
  endfacet
  facet normal 0.0897239 0.680406 -0.727322
    outer loop
      vertex 61.3671 -36.2693 0.2615707
      vertex 61.1896 -36.5255 0
      vertex 61.1532 -36.5207 0
    endloop
  endfacet
  facet normal 0.718647 0 -0.695375
    outer loop
      vertex 60.7 -35.4 0.2615707
      vertex 60.4469 -28.3999 0
      vertex 60.7 -28.6 0.2615707
    endloop
  endfacet
  facet normal 0.718647 0 -0.695375
    outer loop
      vertex 60.4469 -28.3999 0
      vertex 60.7 -35.4 0.2615707
      vertex 60.4469 -35.6001 0
    endloop
  endfacet
  facet normal 0.0896471 -0.680606 -0.727145
    outer loop
      vertex 61.3999 -27.4469 0
      vertex 61.6 -27.7 0.2615707
      vertex 61.1896 -27.4746 0
    endloop
  endfacet
  facet normal -0.376644 -0.489302 -0.786589
    outer loop
      vertex 69.0364 -27.9636 0.2615707
      vertex 69.2449 -27.7036 0
      vertex 69.274 -27.726 0
    endloop
  endfacet
  facet normal -0.375854 -0.489925 -0.786579
    outer loop
      vertex 69.2449 -27.7036 0
      vertex 69.0364 -27.9636 0.2615707
      vertex 68.85 -27.8206 0.2615707
    endloop
  endfacet
  facet normal -0.490029 0.375893 -0.786496
    outer loop
      vertex 69.4254 -36.0766 0
      vertex 69.2963 -36.2449 0
      vertex 69.1794 -35.85 0.2615707
    endloop
  endfacet
  facet normal 0.375854 -0.489925 -0.786579
    outer loop
      vertex 60.9636 -27.9636 0.2615707
      vertex 60.7551 -27.7036 0
      vertex 61.15 -27.8206 0.2615707
    endloop
  endfacet
  facet normal 0.376644 -0.489302 -0.786589
    outer loop
      vertex 60.7551 -27.7036 0
      vertex 60.9636 -27.9636 0.2615707
      vertex 60.726 -27.726 0
    endloop
  endfacet
  facet normal -0.680748 -0.0893421 -0.727049
    outer loop
      vertex 69.5255 -28.1896 0
      vertex 69.5531 -28.3999 0
      vertex 69.3 -28.6 0.2615707
    endloop
  endfacet
  facet normal 0.489302 0.376644 -0.786589
    outer loop
      vertex 60.7036 -36.2449 0
      vertex 60.9636 -36.0364 0.2615707
      vertex 60.726 -36.274 0
    endloop
  endfacet
  facet normal 0.489925 0.375854 -0.786579
    outer loop
      vertex 60.9636 -36.0364 0.2615707
      vertex 60.7036 -36.2449 0
      vertex 60.8206 -35.85 0.2615707
    endloop
  endfacet
  facet normal 0.244858 -0.59131 -0.768373
    outer loop
      vertex 61.15 -27.8206 0.2615707
      vertex 60.9573 -27.5605 0
      vertex 61.3671 -27.7307 0.2615707
    endloop
  endfacet
  facet normal 0.245727 -0.59079 -0.768496
    outer loop
      vertex 60.9573 -27.5605 0
      vertex 61.15 -27.8206 0.2615707
      vertex 60.9234 -27.5746 0
    endloop
  endfacet
  facet normal -0.375717 -0.49018 -0.786486
    outer loop
      vertex 69.0766 -27.5746 0
      vertex 69.2449 -27.7036 0
      vertex 68.85 -27.8206 0.2615707
    endloop
  endfacet
  facet normal 0 -0.718647 -0.695375
    outer loop
      vertex 61.3999 -27.4469 0
      vertex 68.4 -27.7 0.2615707
      vertex 61.6 -27.7 0.2615707
    endloop
  endfacet
  facet normal 0 -0.718647 -0.695375
    outer loop
      vertex 68.4 -27.7 0.2615707
      vertex 61.3999 -27.4469 0
      vertex 68.6001 -27.4469 0
    endloop
  endfacet
  facet normal 0.680748 -0.0893421 -0.727049
    outer loop
      vertex 60.4745 -28.1896 0
      vertex 60.7 -28.6 0.2615707
      vertex 60.4469 -28.3999 0
    endloop
  endfacet
  facet normal 0.0893421 0.680748 -0.727049
    outer loop
      vertex 61.6 -36.3 0.2615707
      vertex 61.3999 -36.5531 0
      vertex 61.1896 -36.5255 0
    endloop
  endfacet
  facet normal 0 0.718647 -0.695375
    outer loop
      vertex 68.6001 -36.5531 0
      vertex 61.6 -36.3 0.2615707
      vertex 68.4 -36.3 0.2615707
    endloop
  endfacet
  facet normal 0 0.718647 -0.695375
    outer loop
      vertex 61.6 -36.3 0.2615707
      vertex 68.6001 -36.5531 0
      vertex 61.3999 -36.5531 0
    endloop
  endfacet
  facet normal 0.245012 0.591106 -0.768481
    outer loop
      vertex 61.3671 -36.2693 0.2615707
      vertex 61.1532 -36.5207 0
      vertex 60.9573 -36.4395 0
    endloop
  endfacet
  facet normal -0.68042 -0.0896904 -0.727313
    outer loop
      vertex 69.2693 -28.3671 0.2615707
      vertex 69.5255 -28.1896 0
      vertex 69.3 -28.6 0.2615707
    endloop
  endfacet
  facet normal -0.680406 -0.0897239 -0.727322
    outer loop
      vertex 69.5255 -28.1896 0
      vertex 69.2693 -28.3671 0.2615707
      vertex 69.5207 -28.1532 0
    endloop
  endfacet
  facet normal -0.680406 0.0897239 -0.727322
    outer loop
      vertex 69.2693 -35.6329 0.2615707
      vertex 69.5255 -35.8104 0
      vertex 69.5207 -35.8468 0
    endloop
  endfacet
  facet normal -0.68042 0.0896904 -0.727313
    outer loop
      vertex 69.5255 -35.8104 0
      vertex 69.2693 -35.6329 0.2615707
      vertex 69.3 -35.4 0.2615707
    endloop
  endfacet
  facet normal 0.245012 -0.591106 -0.768481
    outer loop
      vertex 61.1532 -27.4793 0
      vertex 61.3671 -27.7307 0.2615707
      vertex 60.9573 -27.5605 0
    endloop
  endfacet
  facet normal -0.0896471 -0.680606 -0.727145
    outer loop
      vertex 68.6001 -27.4469 0
      vertex 68.8104 -27.4746 0
      vertex 68.4 -27.7 0.2615707
    endloop
  endfacet
  facet normal 0.680748 0.0893421 -0.727049
    outer loop
      vertex 60.7 -35.4 0.2615707
      vertex 60.4745 -35.8104 0
      vertex 60.4469 -35.6001 0
    endloop
  endfacet
  facet normal 0.68042 -0.0896904 -0.727313
    outer loop
      vertex 60.4745 -28.1896 0
      vertex 60.7307 -28.3671 0.2615707
      vertex 60.7 -28.6 0.2615707
    endloop
  endfacet
  facet normal 0.680406 -0.0897239 -0.727322
    outer loop
      vertex 60.7307 -28.3671 0.2615707
      vertex 60.4745 -28.1896 0
      vertex 60.4793 -28.1532 0
    endloop
  endfacet
  facet normal -0.087967 -0.681276 -0.726722
    outer loop
      vertex 68.6329 -27.7307 0.2615707
      vertex 68.8104 -27.4746 0
      vertex 68.8468 -27.4793 0
    endloop
  endfacet
  facet normal -0.0897074 -0.680549 -0.72719
    outer loop
      vertex 68.8104 -27.4746 0
      vertex 68.6329 -27.7307 0.2615707
      vertex 68.4 -27.7 0.2615707
    endloop
  endfacet
  facet normal -0.718647 0 -0.695375
    outer loop
      vertex 69.5531 -28.3999 0
      vertex 69.3 -35.4 0.2615707
      vertex 69.3 -28.6 0.2615707
    endloop
  endfacet
  facet normal -0.718647 0 -0.695375
    outer loop
      vertex 69.3 -35.4 0.2615707
      vertex 69.5531 -28.3999 0
      vertex 69.5531 -35.6001 0
    endloop
  endfacet
  facet normal 0.591106 0.245012 -0.768481
    outer loop
      vertex 60.7307 -35.6329 0.2615707
      vertex 60.5605 -36.0427 0
      vertex 60.4793 -35.8468 0
    endloop
  endfacet
  facet normal 0.37591 0.489997 -0.786508
    outer loop
      vertex 60.7551 -36.2963 0
      vertex 60.9636 -36.0364 0.2615707
      vertex 61.15 -36.1794 0.2615707
    endloop
  endfacet
  facet normal 0.375652 0.4902 -0.786504
    outer loop
      vertex 60.9636 -36.0364 0.2615707
      vertex 60.7551 -36.2963 0
      vertex 60.726 -36.274 0
    endloop
  endfacet
  facet normal 0.375893 0.490029 -0.786496
    outer loop
      vertex 61.15 -36.1794 0.2615707
      vertex 60.9234 -36.4254 0
      vertex 60.7551 -36.2963 0
    endloop
  endfacet
  facet normal 0.59131 -0.244858 -0.768373
    outer loop
      vertex 60.5605 -27.9573 0
      vertex 60.8206 -28.15 0.2615707
      vertex 60.7307 -28.3671 0.2615707
    endloop
  endfacet
  facet normal 0.59079 -0.245727 -0.768496
    outer loop
      vertex 60.8206 -28.15 0.2615707
      vertex 60.5605 -27.9573 0
      vertex 60.5746 -27.9234 0
    endloop
  endfacet
  facet normal -0.680748 0.0893421 -0.727049
    outer loop
      vertex 69.5531 -35.6001 0
      vertex 69.5255 -35.8104 0
      vertex 69.3 -35.4 0.2615707
    endloop
  endfacet
  facet normal 0.591106 -0.245012 -0.768481
    outer loop
      vertex 60.5605 -27.9573 0
      vertex 60.7307 -28.3671 0.2615707
      vertex 60.4793 -28.1532 0
    endloop
  endfacet
  facet normal -0.59131 -0.244858 -0.768373
    outer loop
      vertex 69.1794 -28.15 0.2615707
      vertex 69.4395 -27.9573 0
      vertex 69.2693 -28.3671 0.2615707
    endloop
  endfacet
  facet normal -0.59079 -0.245727 -0.768496
    outer loop
      vertex 69.4395 -27.9573 0
      vertex 69.1794 -28.15 0.2615707
      vertex 69.4254 -27.9234 0
    endloop
  endfacet
  facet normal -0.245012 -0.591106 -0.768481
    outer loop
      vertex 68.8468 -27.4793 0
      vertex 69.0427 -27.5605 0
      vertex 68.6329 -27.7307 0.2615707
    endloop
  endfacet
  facet normal 0.49018 0.375717 -0.786486
    outer loop
      vertex 60.8206 -35.85 0.2615707
      vertex 60.7036 -36.2449 0
      vertex 60.5746 -36.0766 0
    endloop
  endfacet
  facet normal -0.59079 0.245727 -0.768496
    outer loop
      vertex 69.1794 -35.85 0.2615707
      vertex 69.4395 -36.0427 0
      vertex 69.4254 -36.0766 0
    endloop
  endfacet
  facet normal -0.59131 0.244858 -0.768373
    outer loop
      vertex 69.4395 -36.0427 0
      vertex 69.1794 -35.85 0.2615707
      vertex 69.2693 -35.6329 0.2615707
    endloop
  endfacet
  facet normal 0.375717 -0.49018 -0.786486
    outer loop
      vertex 60.9234 -27.5746 0
      vertex 61.15 -27.8206 0.2615707
      vertex 60.7551 -27.7036 0
    endloop
  endfacet
  facet normal -0.490029 -0.375893 -0.786496
    outer loop
      vertex 69.2963 -27.7551 0
      vertex 69.4254 -27.9234 0
      vertex 69.1794 -28.15 0.2615707
    endloop
  endfacet
  facet normal -0.591106 0.245012 -0.768481
    outer loop
      vertex 69.5207 -35.8468 0
      vertex 69.4395 -36.0427 0
      vertex 69.2693 -35.6329 0.2615707
    endloop
  endfacet
  facet normal -0.591106 -0.245012 -0.768481
    outer loop
      vertex 69.4395 -27.9573 0
      vertex 69.5207 -28.1532 0
      vertex 69.2693 -28.3671 0.2615707
    endloop
  endfacet
  facet normal -0.375893 0.490029 -0.786496
    outer loop
      vertex 69.2449 -36.2963 0
      vertex 69.0766 -36.4254 0
      vertex 68.85 -36.1794 0.2615707
    endloop
  endfacet
  facet normal 0.489925 -0.375854 -0.786579
    outer loop
      vertex 60.7036 -27.7551 0
      vertex 60.9636 -27.9636 0.2615707
      vertex 60.8206 -28.15 0.2615707
    endloop
  endfacet
  facet normal 0.489302 -0.376644 -0.786589
    outer loop
      vertex 60.9636 -27.9636 0.2615707
      vertex 60.7036 -27.7551 0
      vertex 60.726 -27.726 0
    endloop
  endfacet
  facet normal 0.49018 -0.375717 -0.786486
    outer loop
      vertex 60.7036 -27.7551 0
      vertex 60.8206 -28.15 0.2615707
      vertex 60.5746 -27.9234 0
    endloop
  endfacet
  facet normal -0.489997 -0.37591 -0.786508
    outer loop
      vertex 69.0364 -27.9636 0.2615707
      vertex 69.2963 -27.7551 0
      vertex 69.1794 -28.15 0.2615707
    endloop
  endfacet
  facet normal -0.4902 -0.375652 -0.786504
    outer loop
      vertex 69.2963 -27.7551 0
      vertex 69.0364 -27.9636 0.2615707
      vertex 69.274 -27.726 0
    endloop
  endfacet
  facet normal 0.680406 0.0897239 -0.727322
    outer loop
      vertex 60.4745 -35.8104 0
      vertex 60.7307 -35.6329 0.2615707
      vertex 60.4793 -35.8468 0
    endloop
  endfacet
  facet normal 0.68042 0.0896904 -0.727313
    outer loop
      vertex 60.7307 -35.6329 0.2615707
      vertex 60.4745 -35.8104 0
      vertex 60.7 -35.4 0.2615707
    endloop
  endfacet
  facet normal -0.4902 0.375652 -0.786504
    outer loop
      vertex 69.0364 -36.0364 0.2615707
      vertex 69.2963 -36.2449 0
      vertex 69.274 -36.274 0
    endloop
  endfacet
  facet normal -0.489997 0.37591 -0.786508
    outer loop
      vertex 69.2963 -36.2449 0
      vertex 69.0364 -36.0364 0.2615707
      vertex 69.1794 -35.85 0.2615707
    endloop
  endfacet
  facet normal -0.375652 0.4902 -0.786504
    outer loop
      vertex 69.2449 -36.2963 0
      vertex 69.0364 -36.0364 0.2615707
      vertex 69.274 -36.274 0
    endloop
  endfacet
  facet normal -0.37591 0.489997 -0.786508
    outer loop
      vertex 69.0364 -36.0364 0.2615707
      vertex 69.2449 -36.2963 0
      vertex 68.85 -36.1794 0.2615707
    endloop
  endfacet
  facet normal 0.59079 0.245727 -0.768496
    outer loop
      vertex 60.5605 -36.0427 0
      vertex 60.8206 -35.85 0.2615707
      vertex 60.5746 -36.0766 0
    endloop
  endfacet
  facet normal 0.59131 0.244858 -0.768373
    outer loop
      vertex 60.8206 -35.85 0.2615707
      vertex 60.5605 -36.0427 0
      vertex 60.7307 -35.6329 0.2615707
    endloop
  endfacet
  facet normal -0.245727 0.59079 -0.768496
    outer loop
      vertex 69.0427 -36.4395 0
      vertex 68.85 -36.1794 0.2615707
      vertex 69.0766 -36.4254 0
    endloop
  endfacet
  facet normal -0.244858 0.59131 -0.768373
    outer loop
      vertex 68.85 -36.1794 0.2615707
      vertex 69.0427 -36.4395 0
      vertex 68.6329 -36.2693 0.2615707
    endloop
  endfacet
  facet normal 0 0.718686 0.695334
    outer loop
      vertex 68.4 -36.3 15.6615707
      vertex 61.3999 -36.5531 15.9231707
      vertex 68.6001 -36.5531 15.9231707
    endloop
  endfacet
  facet normal 0 0.718686 0.695334
    outer loop
      vertex 61.3999 -36.5531 15.9231707
      vertex 68.4 -36.3 15.6615707
      vertex 61.6 -36.3 15.6615707
    endloop
  endfacet
  facet normal 0.680589 0.0897127 0.727152
    outer loop
      vertex 60.4746 -35.8104 15.9231707
      vertex 60.7307 -35.6329 15.6615707
      vertex 60.7 -35.4 15.6615707
    endloop
  endfacet
  facet normal 0.681317 0.0879722 0.726683
    outer loop
      vertex 60.7307 -35.6329 15.6615707
      vertex 60.4746 -35.8104 15.9231707
      vertex 60.4793 -35.8468 15.9231707
    endloop
  endfacet
  facet normal -0.245028 0.591145 0.768446
    outer loop
      vertex 68.8468 -36.5207 15.9231707
      vertex 69.0427 -36.4395 15.9231707
      vertex 68.6329 -36.2693 15.6615707
    endloop
  endfacet
  facet normal -0.245743 0.590829 0.768461
    outer loop
      vertex 68.85 -36.1794 15.6615707
      vertex 69.0427 -36.4395 15.9231707
      vertex 69.0766 -36.4254 15.9231707
    endloop
  endfacet
  facet normal -0.244875 0.591349 0.768338
    outer loop
      vertex 69.0427 -36.4395 15.9231707
      vertex 68.85 -36.1794 15.6615707
      vertex 68.6329 -36.2693 15.6615707
    endloop
  endfacet
  facet normal 0.490031 0.375936 0.786474
    outer loop
      vertex 60.7037 -36.2449 15.9231707
      vertex 60.9636 -36.0364 15.6615707
      vertex 60.8206 -35.85 15.6615707
    endloop
  endfacet
  facet normal 0.490234 0.375678 0.786471
    outer loop
      vertex 60.9636 -36.0364 15.6615707
      vertex 60.7037 -36.2449 15.9231707
      vertex 60.726 -36.274 15.9231707
    endloop
  endfacet
  facet normal 0.591145 0.245028 0.768446
    outer loop
      vertex 60.5605 -36.0427 15.9231707
      vertex 60.7307 -35.6329 15.6615707
      vertex 60.4793 -35.8468 15.9231707
    endloop
  endfacet
  facet normal -0.0896524 0.680646 0.727106
    outer loop
      vertex 68.6001 -36.5531 15.9231707
      vertex 68.8104 -36.5254 15.9231707
      vertex 68.4 -36.3 15.6615707
    endloop
  endfacet
  facet normal -0.0879722 0.681317 0.726683
    outer loop
      vertex 68.6329 -36.2693 15.6615707
      vertex 68.8104 -36.5254 15.9231707
      vertex 68.8468 -36.5207 15.9231707
    endloop
  endfacet
  facet normal -0.0897127 0.680589 0.727152
    outer loop
      vertex 68.8104 -36.5254 15.9231707
      vertex 68.6329 -36.2693 15.6615707
      vertex 68.4 -36.3 15.6615707
    endloop
  endfacet
  facet normal 0.375743 -0.490214 0.786453
    outer loop
      vertex 61.15 -27.8206 15.6615707
      vertex 60.9234 -27.5746 15.9231707
      vertex 60.7551 -27.7036 15.9231707
    endloop
  endfacet
  facet normal -0.375743 -0.490214 0.786453
    outer loop
      vertex 69.2449 -27.7036 15.9231707
      vertex 69.0766 -27.5746 15.9231707
      vertex 68.85 -27.8206 15.6615707
    endloop
  endfacet
  facet normal 0.680646 0.0896524 0.727106
    outer loop
      vertex 60.4746 -35.8104 15.9231707
      vertex 60.7 -35.4 15.6615707
      vertex 60.4469 -35.6001 15.9231707
    endloop
  endfacet
  facet normal 0.0897127 -0.680589 0.727152
    outer loop
      vertex 61.1896 -27.4746 15.9231707
      vertex 61.3671 -27.7307 15.6615707
      vertex 61.6 -27.7 15.6615707
    endloop
  endfacet
  facet normal 0.0879722 -0.681317 0.726683
    outer loop
      vertex 61.3671 -27.7307 15.6615707
      vertex 61.1896 -27.4746 15.9231707
      vertex 61.1532 -27.4793 15.9231707
    endloop
  endfacet
  facet normal 0.681317 -0.0879722 0.726683
    outer loop
      vertex 60.4746 -28.1896 15.9231707
      vertex 60.7307 -28.3671 15.6615707
      vertex 60.4793 -28.1532 15.9231707
    endloop
  endfacet
  facet normal 0.680589 -0.0897127 0.727152
    outer loop
      vertex 60.7307 -28.3671 15.6615707
      vertex 60.4746 -28.1896 15.9231707
      vertex 60.7 -28.6 15.6615707
    endloop
  endfacet
  facet normal -0.591145 -0.245028 0.768446
    outer loop
      vertex 69.5207 -28.1532 15.9231707
      vertex 69.4395 -27.9573 15.9231707
      vertex 69.2693 -28.3671 15.6615707
    endloop
  endfacet
  facet normal -0.0896524 -0.680646 0.727106
    outer loop
      vertex 68.8104 -27.4746 15.9231707
      vertex 68.6001 -27.4469 15.9231707
      vertex 68.4 -27.7 15.6615707
    endloop
  endfacet
  facet normal 0.244875 -0.591349 0.768338
    outer loop
      vertex 60.9573 -27.5605 15.9231707
      vertex 61.15 -27.8206 15.6615707
      vertex 61.3671 -27.7307 15.6615707
    endloop
  endfacet
  facet normal 0.245743 -0.590829 0.768461
    outer loop
      vertex 61.15 -27.8206 15.6615707
      vertex 60.9573 -27.5605 15.9231707
      vertex 60.9234 -27.5746 15.9231707
    endloop
  endfacet
  facet normal 0.245028 -0.591145 0.768446
    outer loop
      vertex 61.3671 -27.7307 15.6615707
      vertex 61.1532 -27.4793 15.9231707
      vertex 60.9573 -27.5605 15.9231707
    endloop
  endfacet
  facet normal -0.376671 -0.489335 0.786556
    outer loop
      vertex 69.2449 -27.7036 15.9231707
      vertex 69.0364 -27.9636 15.6615707
      vertex 69.274 -27.726 15.9231707
    endloop
  endfacet
  facet normal -0.37588 -0.489959 0.786546
    outer loop
      vertex 69.0364 -27.9636 15.6615707
      vertex 69.2449 -27.7036 15.9231707
      vertex 68.85 -27.8206 15.6615707
    endloop
  endfacet
  facet normal 0.375919 0.490063 0.786463
    outer loop
      vertex 60.9234 -36.4254 15.9231707
      vertex 61.15 -36.1794 15.6615707
      vertex 60.7551 -36.2963 15.9231707
    endloop
  endfacet
  facet normal 0.245028 0.591145 0.768446
    outer loop
      vertex 61.1532 -36.5207 15.9231707
      vertex 61.3671 -36.2693 15.6615707
      vertex 60.9573 -36.4395 15.9231707
    endloop
  endfacet
  facet normal -0.245743 -0.590829 0.768461
    outer loop
      vertex 69.0427 -27.5605 15.9231707
      vertex 68.85 -27.8206 15.6615707
      vertex 69.0766 -27.5746 15.9231707
    endloop
  endfacet
  facet normal -0.244875 -0.591349 0.768338
    outer loop
      vertex 68.85 -27.8206 15.6615707
      vertex 69.0427 -27.5605 15.9231707
      vertex 68.6329 -27.7307 15.6615707
    endloop
  endfacet
  facet normal 0 -0.718686 0.695334
    outer loop
      vertex 61.6 -27.7 15.6615707
      vertex 68.6001 -27.4469 15.9231707
      vertex 61.3999 -27.4469 15.9231707
    endloop
  endfacet
  facet normal 0 -0.718686 0.695334
    outer loop
      vertex 68.6001 -27.4469 15.9231707
      vertex 61.6 -27.7 15.6615707
      vertex 68.4 -27.7 15.6615707
    endloop
  endfacet
  facet normal 0.0896524 -0.680646 0.727106
    outer loop
      vertex 61.6 -27.7 15.6615707
      vertex 61.3999 -27.4469 15.9231707
      vertex 61.1896 -27.4746 15.9231707
    endloop
  endfacet
  facet normal 0.680646 -0.0896524 0.727106
    outer loop
      vertex 60.7 -28.6 15.6615707
      vertex 60.4746 -28.1896 15.9231707
      vertex 60.4469 -28.3999 15.9231707
    endloop
  endfacet
  facet normal 0.591145 -0.245028 0.768446
    outer loop
      vertex 60.7307 -28.3671 15.6615707
      vertex 60.5605 -27.9573 15.9231707
      vertex 60.4793 -28.1532 15.9231707
    endloop
  endfacet
  facet normal -0.680788 0.0893474 0.72701
    outer loop
      vertex 69.5255 -35.8104 15.9231707
      vertex 69.5531 -35.6001 15.9231707
      vertex 69.3 -35.4 15.6615707
    endloop
  endfacet
  facet normal 0.591349 0.244875 0.768338
    outer loop
      vertex 60.5605 -36.0427 15.9231707
      vertex 60.8206 -35.85 15.6615707
      vertex 60.7307 -35.6329 15.6615707
    endloop
  endfacet
  facet normal 0.590829 0.245743 0.768461
    outer loop
      vertex 60.8206 -35.85 15.6615707
      vertex 60.5605 -36.0427 15.9231707
      vertex 60.5746 -36.0766 15.9231707
    endloop
  endfacet
  facet normal 0.244875 0.591349 0.768338
    outer loop
      vertex 61.15 -36.1794 15.6615707
      vertex 60.9573 -36.4395 15.9231707
      vertex 61.3671 -36.2693 15.6615707
    endloop
  endfacet
  facet normal 0.245743 0.590829 0.768461
    outer loop
      vertex 60.9573 -36.4395 15.9231707
      vertex 61.15 -36.1794 15.6615707
      vertex 60.9234 -36.4254 15.9231707
    endloop
  endfacet
  facet normal -0.680788 -0.0893474 0.72701
    outer loop
      vertex 69.5531 -28.3999 15.9231707
      vertex 69.5255 -28.1896 15.9231707
      vertex 69.3 -28.6 15.6615707
    endloop
  endfacet
  facet normal 0.0896524 0.680646 0.727106
    outer loop
      vertex 61.3999 -36.5531 15.9231707
      vertex 61.6 -36.3 15.6615707
      vertex 61.1896 -36.5254 15.9231707
    endloop
  endfacet
  facet normal -0.490063 -0.375919 0.786463
    outer loop
      vertex 69.4254 -27.9234 15.9231707
      vertex 69.2963 -27.7551 15.9231707
      vertex 69.1794 -28.15 15.6615707
    endloop
  endfacet
  facet normal -0.718686 0 0.695334
    outer loop
      vertex 69.3 -35.4 15.6615707
      vertex 69.5531 -28.3999 15.9231707
      vertex 69.3 -28.6 15.6615707
    endloop
  endfacet
  facet normal -0.718686 0 0.695334
    outer loop
      vertex 69.5531 -28.3999 15.9231707
      vertex 69.3 -35.4 15.6615707
      vertex 69.5531 -35.6001 15.9231707
    endloop
  endfacet
  facet normal -0.490063 0.375919 0.786463
    outer loop
      vertex 69.2963 -36.2449 15.9231707
      vertex 69.4254 -36.0766 15.9231707
      vertex 69.1794 -35.85 15.6615707
    endloop
  endfacet
  facet normal 0.490234 -0.375678 0.786471
    outer loop
      vertex 60.7037 -27.7551 15.9231707
      vertex 60.9636 -27.9636 15.6615707
      vertex 60.726 -27.726 15.9231707
    endloop
  endfacet
  facet normal 0.490031 -0.375936 0.786474
    outer loop
      vertex 60.9636 -27.9636 15.6615707
      vertex 60.7037 -27.7551 15.9231707
      vertex 60.8206 -28.15 15.6615707
    endloop
  endfacet
  facet normal -0.680461 0.0896957 0.727274
    outer loop
      vertex 69.2693 -35.6329 15.6615707
      vertex 69.5255 -35.8104 15.9231707
      vertex 69.3 -35.4 15.6615707
    endloop
  endfacet
  facet normal -0.680447 0.0897292 0.727283
    outer loop
      vertex 69.5255 -35.8104 15.9231707
      vertex 69.2693 -35.6329 15.6615707
      vertex 69.5207 -35.8468 15.9231707
    endloop
  endfacet
  facet normal -0.0879722 -0.681317 0.726683
    outer loop
      vertex 68.8104 -27.4746 15.9231707
      vertex 68.6329 -27.7307 15.6615707
      vertex 68.8468 -27.4793 15.9231707
    endloop
  endfacet
  facet normal -0.0897127 -0.680589 0.727152
    outer loop
      vertex 68.6329 -27.7307 15.6615707
      vertex 68.8104 -27.4746 15.9231707
      vertex 68.4 -27.7 15.6615707
    endloop
  endfacet
  facet normal -0.591145 0.245028 0.768446
    outer loop
      vertex 69.4395 -36.0427 15.9231707
      vertex 69.5207 -35.8468 15.9231707
      vertex 69.2693 -35.6329 15.6615707
    endloop
  endfacet
  facet normal -0.245028 -0.591145 0.768446
    outer loop
      vertex 69.0427 -27.5605 15.9231707
      vertex 68.8468 -27.4793 15.9231707
      vertex 68.6329 -27.7307 15.6615707
    endloop
  endfacet
  facet normal 0.37588 -0.489959 0.786546
    outer loop
      vertex 60.7551 -27.7036 15.9231707
      vertex 60.9636 -27.9636 15.6615707
      vertex 61.15 -27.8206 15.6615707
    endloop
  endfacet
  facet normal 0.376671 -0.489335 0.786556
    outer loop
      vertex 60.9636 -27.9636 15.6615707
      vertex 60.7551 -27.7036 15.9231707
      vertex 60.726 -27.726 15.9231707
    endloop
  endfacet
  facet normal -0.375919 0.490063 0.786463
    outer loop
      vertex 69.0766 -36.4254 15.9231707
      vertex 69.2449 -36.2963 15.9231707
      vertex 68.85 -36.1794 15.6615707
    endloop
  endfacet
  facet normal -0.591349 0.244875 0.768338
    outer loop
      vertex 69.1794 -35.85 15.6615707
      vertex 69.4395 -36.0427 15.9231707
      vertex 69.2693 -35.6329 15.6615707
    endloop
  endfacet
  facet normal -0.590829 0.245743 0.768461
    outer loop
      vertex 69.4395 -36.0427 15.9231707
      vertex 69.1794 -35.85 15.6615707
      vertex 69.4254 -36.0766 15.9231707
    endloop
  endfacet
  facet normal 0.718686 0 0.695334
    outer loop
      vertex 60.4469 -28.3999 15.9231707
      vertex 60.7 -35.4 15.6615707
      vertex 60.7 -28.6 15.6615707
    endloop
  endfacet
  facet normal 0.718686 0 0.695334
    outer loop
      vertex 60.7 -35.4 15.6615707
      vertex 60.4469 -28.3999 15.9231707
      vertex 60.4469 -35.6001 15.9231707
    endloop
  endfacet
  facet normal 0.375936 0.490031 0.786474
    outer loop
      vertex 60.9636 -36.0364 15.6615707
      vertex 60.7551 -36.2963 15.9231707
      vertex 61.15 -36.1794 15.6615707
    endloop
  endfacet
  facet normal 0.375678 0.490234 0.786471
    outer loop
      vertex 60.7551 -36.2963 15.9231707
      vertex 60.9636 -36.0364 15.6615707
      vertex 60.726 -36.274 15.9231707
    endloop
  endfacet
  facet normal 0.490063 -0.375919 0.786463
    outer loop
      vertex 60.8206 -28.15 15.6615707
      vertex 60.7037 -27.7551 15.9231707
      vertex 60.5746 -27.9234 15.9231707
    endloop
  endfacet
  facet normal -0.680447 -0.0897292 0.727283
    outer loop
      vertex 69.2693 -28.3671 15.6615707
      vertex 69.5255 -28.1896 15.9231707
      vertex 69.5207 -28.1532 15.9231707
    endloop
  endfacet
  facet normal -0.680461 -0.0896957 0.727274
    outer loop
      vertex 69.5255 -28.1896 15.9231707
      vertex 69.2693 -28.3671 15.6615707
      vertex 69.3 -28.6 15.6615707
    endloop
  endfacet
  facet normal 0.590829 -0.245743 0.768461
    outer loop
      vertex 60.5605 -27.9573 15.9231707
      vertex 60.8206 -28.15 15.6615707
      vertex 60.5746 -27.9234 15.9231707
    endloop
  endfacet
  facet normal 0.591349 -0.244875 0.768338
    outer loop
      vertex 60.8206 -28.15 15.6615707
      vertex 60.5605 -27.9573 15.9231707
      vertex 60.7307 -28.3671 15.6615707
    endloop
  endfacet
  facet normal 0.490063 0.375919 0.786463
    outer loop
      vertex 60.7037 -36.2449 15.9231707
      vertex 60.8206 -35.85 15.6615707
      vertex 60.5746 -36.0766 15.9231707
    endloop
  endfacet
  facet normal 0.0897127 0.680589 0.727152
    outer loop
      vertex 61.3671 -36.2693 15.6615707
      vertex 61.1896 -36.5254 15.9231707
      vertex 61.6 -36.3 15.6615707
    endloop
  endfacet
  facet normal 0.0879722 0.681317 0.726683
    outer loop
      vertex 61.1896 -36.5254 15.9231707
      vertex 61.3671 -36.2693 15.6615707
      vertex 61.1532 -36.5207 15.9231707
    endloop
  endfacet
  facet normal -0.490031 0.375936 0.786474
    outer loop
      vertex 69.0364 -36.0364 15.6615707
      vertex 69.2963 -36.2449 15.9231707
      vertex 69.1794 -35.85 15.6615707
    endloop
  endfacet
  facet normal -0.490234 0.375678 0.786471
    outer loop
      vertex 69.2963 -36.2449 15.9231707
      vertex 69.0364 -36.0364 15.6615707
      vertex 69.274 -36.274 15.9231707
    endloop
  endfacet
  facet normal -0.375678 0.490234 0.786471
    outer loop
      vertex 69.0364 -36.0364 15.6615707
      vertex 69.2449 -36.2963 15.9231707
      vertex 69.274 -36.274 15.9231707
    endloop
  endfacet
  facet normal -0.375936 0.490031 0.786474
    outer loop
      vertex 69.2449 -36.2963 15.9231707
      vertex 69.0364 -36.0364 15.6615707
      vertex 68.85 -36.1794 15.6615707
    endloop
  endfacet
  facet normal -0.490234 -0.375678 0.786471
    outer loop
      vertex 69.0364 -27.9636 15.6615707
      vertex 69.2963 -27.7551 15.9231707
      vertex 69.274 -27.726 15.9231707
    endloop
  endfacet
  facet normal -0.490031 -0.375936 0.786474
    outer loop
      vertex 69.2963 -27.7551 15.9231707
      vertex 69.0364 -27.9636 15.6615707
      vertex 69.1794 -28.15 15.6615707
    endloop
  endfacet
  facet normal -0.590829 -0.245743 0.768461
    outer loop
      vertex 69.1794 -28.15 15.6615707
      vertex 69.4395 -27.9573 15.9231707
      vertex 69.4254 -27.9234 15.9231707
    endloop
  endfacet
  facet normal -0.591349 -0.244875 0.768338
    outer loop
      vertex 69.4395 -27.9573 15.9231707
      vertex 69.1794 -28.15 15.6615707
      vertex 69.2693 -28.3671 15.6615707
    endloop
  endfacet
  facet normal -0.195006 0 -0.980802
    outer loop
      vertex -128.751 -38.3902 0.1493157
      vertex -128 -1.60982 0
      vertex -128 -38.3902 0
    endloop
  endfacet
  facet normal -0.195006 0 -0.980802
    outer loop
      vertex -128 -1.60982 0
      vertex -128.751 -38.3902 0.1493157
      vertex -128.751 -1.60982 0.1493157
    endloop
  endfacet
  facet normal -0.980614 0 -0.19595
    outer loop
      vertex -129.812 -38.3902 1.2109107
      vertex -129.962 -1.60982 1.9615707
      vertex -129.812 -1.60982 1.2109107
    endloop
  endfacet
  facet normal -0.980614 -0 -0.19595
    outer loop
      vertex -129.962 -1.60982 1.9615707
      vertex -129.812 -38.3902 1.2109107
      vertex -129.962 -38.3902 1.9615707
    endloop
  endfacet
  facet normal 0.593583 -0.700138 0.39682
    outer loop
      vertex 129.176 -39.1111 15.1374707
      vertex 128.786 -39.6629 14.7472707
      vertex 129.027 -39.6629 14.3867707
    endloop
  endfacet
  facet normal -0.0760616 -0.921198 -0.381588
    outer loop
      vertex -128.149 -39.9616 1.6010907
      vertex -128.425 -39.6629 0.9350097
      vertex -128 -39.9616 1.5713907
    endloop
  endfacet
  facet normal -0.180663 -0.376412 -0.908666
    outer loop
      vertex -128 -39.1111 0.2986307
      vertex -128.751 -38.3902 0.1493157
      vertex -128 -38.3902 0
    endloop
  endfacet
  facet normal 0.139276 0.700195 0.700235
    outer loop
      vertex 128.425 -0.33706 14.9881707
      vertex 128 -0.888859 15.6244707
      vertex 128.636 -0.888859 15.4979707
    endloop
  endfacet
  facet normal 0.980616 -0 0.19594
    outer loop
      vertex 129.812 -38.3902 14.7122707
      vertex 129.962 -1.60982 13.9615707
      vertex 129.812 -1.60982 14.7122707
    endloop
  endfacet
  facet normal 0.980616 0 0.19594
    outer loop
      vertex 129.962 -1.60982 13.9615707
      vertex 129.812 -38.3902 14.7122707
      vertex 129.962 -38.3902 13.9615707
    endloop
  endfacet
  facet normal 0 0 -1
    outer loop
      vertex -60.4745 -28.1896 0
      vertex -60.4469 -21.6001 0
      vertex -60.4469 -28.3999 0
    endloop
  endfacet
  facet normal 0 0 -1
    outer loop
      vertex -60.4745 -28.1896 0
      vertex -60.4745 -21.8104 0
      vertex -60.4469 -21.6001 0
    endloop
  endfacet
  facet normal 0 0 -1
    outer loop
      vertex -60.4793 -28.1532 0
      vertex -60.4745 -21.8104 0
      vertex -60.4745 -28.1896 0
    endloop
  endfacet
  facet normal 0 0 -1
    outer loop
      vertex -60.4793 -28.1532 0
      vertex -60.4793 -21.8468 0
      vertex -60.4745 -21.8104 0
    endloop
  endfacet
  facet normal 0 0 -1
    outer loop
      vertex -60.5605 -27.9573 0
      vertex -60.4793 -21.8468 0
      vertex -60.4793 -28.1532 0
    endloop
  endfacet
  facet normal 0 0 -1
    outer loop
      vertex -60.5605 -27.9573 0
      vertex -60.5605 -22.0427 0
      vertex -60.4793 -21.8468 0
    endloop
  endfacet
  facet normal 0 0 -1
    outer loop
      vertex -60.5746 -27.9234 0
      vertex -60.5605 -22.0427 0
      vertex -60.5605 -27.9573 0
    endloop
  endfacet
  facet normal 0 0 -1
    outer loop
      vertex -60.5746 -27.9234 0
      vertex -60.5746 -22.0766 0
      vertex -60.5605 -22.0427 0
    endloop
  endfacet
  facet normal 0 0 -1
    outer loop
      vertex -60.7036 -27.7551 0
      vertex -60.5746 -22.0766 0
      vertex -60.5746 -27.9234 0
    endloop
  endfacet
  facet normal 0 0 -1
    outer loop
      vertex -60.7036 -27.7551 0
      vertex -60.7036 -22.2449 0
      vertex -60.5746 -22.0766 0
    endloop
  endfacet
  facet normal 0 0 -1
    outer loop
      vertex -60.726 -27.726 0
      vertex -60.7036 -22.2449 0
      vertex -60.7036 -27.7551 0
    endloop
  endfacet
  facet normal 0 0 -1
    outer loop
      vertex -60.726 -27.726 0
      vertex -60.726 -22.274 0
      vertex -60.7036 -22.2449 0
    endloop
  endfacet
  facet normal 0 0 -1
    outer loop
      vertex -60.7551 -27.7036 0
      vertex -60.726 -22.274 0
      vertex -60.726 -27.726 0
    endloop
  endfacet
  facet normal 0 0 -1
    outer loop
      vertex -60.7551 -27.7036 0
      vertex -60.7551 -22.2964 0
      vertex -60.726 -22.274 0
    endloop
  endfacet
  facet normal 0 0 -1
    outer loop
      vertex -60.9234 -27.5746 0
      vertex -60.7551 -22.2964 0
      vertex -60.7551 -27.7036 0
    endloop
  endfacet
  facet normal 0 0 -1
    outer loop
      vertex -60.9234 -27.5746 0
      vertex -60.9234 -22.4254 0
      vertex -60.7551 -22.2964 0
    endloop
  endfacet
  facet normal 0 0 -1
    outer loop
      vertex -60.9573 -27.5605 0
      vertex -60.9234 -22.4254 0
      vertex -60.9234 -27.5746 0
    endloop
  endfacet
  facet normal 0 0 -1
    outer loop
      vertex -60.9573 -27.5605 0
      vertex -60.9573 -22.4395 0
      vertex -60.9234 -22.4254 0
    endloop
  endfacet
  facet normal 0 0 -1
    outer loop
      vertex -61.1532 -27.4793 0
      vertex -60.9573 -22.4395 0
      vertex -60.9573 -27.5605 0
    endloop
  endfacet
  facet normal 0 0 -1
    outer loop
      vertex -61.1532 -27.4793 0
      vertex -61.1532 -22.5207 0
      vertex -60.9573 -22.4395 0
    endloop
  endfacet
  facet normal 0 0 -1
    outer loop
      vertex -61.1896 -27.4746 0
      vertex -61.1532 -22.5207 0
      vertex -61.1532 -27.4793 0
    endloop
  endfacet
  facet normal 0 0 -1
    outer loop
      vertex -61.1896 -27.4746 0
      vertex -61.1896 -22.5254 0
      vertex -61.1532 -22.5207 0
    endloop
  endfacet
  facet normal 0 0 -1
    outer loop
      vertex -61.3999 -27.4469 0
      vertex -61.1896 -22.5254 0
      vertex -61.1896 -27.4746 0
    endloop
  endfacet
  facet normal 0 0 -1
    outer loop
      vertex -61.3999 -27.4469 0
      vertex -61.3999 -22.5531 0
      vertex -61.1896 -22.5254 0
    endloop
  endfacet
  facet normal 0 0 -1
    outer loop
      vertex -68.6001 -27.4469 0
      vertex -61.3999 -22.5531 0
      vertex -61.3999 -27.4469 0
    endloop
  endfacet
  facet normal 0 0 -1
    outer loop
      vertex -68.6001 -27.4469 0
      vertex -68.6001 -22.5531 0
      vertex -61.3999 -22.5531 0
    endloop
  endfacet
  facet normal 0 0 -1
    outer loop
      vertex -68.8104 -27.4746 0
      vertex -68.6001 -22.5531 0
      vertex -68.6001 -27.4469 0
    endloop
  endfacet
  facet normal 0 0 -1
    outer loop
      vertex -68.8104 -27.4746 0
      vertex -68.8104 -22.5254 0
      vertex -68.6001 -22.5531 0
    endloop
  endfacet
  facet normal 0 0 -1
    outer loop
      vertex -68.8468 -27.4793 0
      vertex -68.8104 -22.5254 0
      vertex -68.8104 -27.4746 0
    endloop
  endfacet
  facet normal 0 0 -1
    outer loop
      vertex -68.8468 -27.4793 0
      vertex -68.8468 -22.5207 0
      vertex -68.8104 -22.5254 0
    endloop
  endfacet
  facet normal 0 0 -1
    outer loop
      vertex -69.0427 -27.5605 0
      vertex -68.8468 -22.5207 0
      vertex -68.8468 -27.4793 0
    endloop
  endfacet
  facet normal 0 0 -1
    outer loop
      vertex -69.0427 -27.5605 0
      vertex -69.0427 -22.4395 0
      vertex -68.8468 -22.5207 0
    endloop
  endfacet
  facet normal 0 0 -1
    outer loop
      vertex -69.0766 -27.5746 0
      vertex -69.0427 -22.4395 0
      vertex -69.0427 -27.5605 0
    endloop
  endfacet
  facet normal 0 0 -1
    outer loop
      vertex -69.0766 -27.5746 0
      vertex -69.0766 -22.4254 0
      vertex -69.0427 -22.4395 0
    endloop
  endfacet
  facet normal 0 0 -1
    outer loop
      vertex -69.2449 -27.7036 0
      vertex -69.0766 -22.4254 0
      vertex -69.0766 -27.5746 0
    endloop
  endfacet
  facet normal 0 0 -1
    outer loop
      vertex -69.2449 -27.7036 0
      vertex -69.2449 -22.2964 0
      vertex -69.0766 -22.4254 0
    endloop
  endfacet
  facet normal 0 0 -1
    outer loop
      vertex -69.274 -27.726 0
      vertex -69.2449 -22.2964 0
      vertex -69.2449 -27.7036 0
    endloop
  endfacet
  facet normal 0 0 -1
    outer loop
      vertex -69.274 -27.726 0
      vertex -69.274 -22.274 0
      vertex -69.2449 -22.2964 0
    endloop
  endfacet
  facet normal 0 0 -1
    outer loop
      vertex -69.2963 -27.7551 0
      vertex -69.274 -22.274 0
      vertex -69.274 -27.726 0
    endloop
  endfacet
  facet normal 0 0 -1
    outer loop
      vertex -69.2963 -27.7551 0
      vertex -69.2963 -22.2449 0
      vertex -69.274 -22.274 0
    endloop
  endfacet
  facet normal 0 0 -1
    outer loop
      vertex -69.4254 -27.9234 0
      vertex -69.2963 -22.2449 0
      vertex -69.2963 -27.7551 0
    endloop
  endfacet
  facet normal 0 0 -1
    outer loop
      vertex -69.4254 -27.9234 0
      vertex -69.4254 -22.0766 0
      vertex -69.2963 -22.2449 0
    endloop
  endfacet
  facet normal 0 0 -1
    outer loop
      vertex -69.4395 -27.9573 0
      vertex -69.4254 -22.0766 0
      vertex -69.4254 -27.9234 0
    endloop
  endfacet
  facet normal 0 0 -1
    outer loop
      vertex -69.4395 -27.9573 0
      vertex -69.4395 -22.0427 0
      vertex -69.4254 -22.0766 0
    endloop
  endfacet
  facet normal 0 0 -1
    outer loop
      vertex -69.5207 -28.1532 0
      vertex -69.4395 -22.0427 0
      vertex -69.4395 -27.9573 0
    endloop
  endfacet
  facet normal 0 0 -1
    outer loop
      vertex -69.5207 -28.1532 0
      vertex -69.5207 -21.8468 0
      vertex -69.4395 -22.0427 0
    endloop
  endfacet
  facet normal 0 0 -1
    outer loop
      vertex -69.5255 -28.1896 0
      vertex -69.5207 -21.8468 0
      vertex -69.5207 -28.1532 0
    endloop
  endfacet
  facet normal 0 0 -1
    outer loop
      vertex -69.5255 -28.1896 0
      vertex -69.5255 -21.8104 0
      vertex -69.5207 -21.8468 0
    endloop
  endfacet
  facet normal 0 0 -1
    outer loop
      vertex -69.5531 -28.3999 0
      vertex -69.5255 -21.8104 0
      vertex -69.5255 -28.1896 0
    endloop
  endfacet
  facet normal -0 0 -1
    outer loop
      vertex -69.5255 -21.8104 0
      vertex -69.5531 -28.3999 0
      vertex -69.5531 -21.6001 0
    endloop
  endfacet
  facet normal 0 0 -1
    outer loop
      vertex 4.52545 -28.1896 0
      vertex 4.55312 -21.6001 0
      vertex 4.55312 -28.3999 0
    endloop
  endfacet
  facet normal 0 0 -1
    outer loop
      vertex 4.52545 -28.1896 0
      vertex 4.52545 -21.8104 0
      vertex 4.55312 -21.6001 0
    endloop
  endfacet
  facet normal 0 0 -1
    outer loop
      vertex 4.52066 -28.1532 0
      vertex 4.52545 -21.8104 0
      vertex 4.52545 -28.1896 0
    endloop
  endfacet
  facet normal 0 0 -1
    outer loop
      vertex 4.52066 -28.1532 0
      vertex 4.52066 -21.8468 0
      vertex 4.52545 -21.8104 0
    endloop
  endfacet
  facet normal 0 0 -1
    outer loop
      vertex 4.4395 -27.9573 0
      vertex 4.52066 -21.8468 0
      vertex 4.52066 -28.1532 0
    endloop
  endfacet
  facet normal 0 0 -1
    outer loop
      vertex 4.4395 -27.9573 0
      vertex 4.4395 -22.0427 0
      vertex 4.52066 -21.8468 0
    endloop
  endfacet
  facet normal 0 0 -1
    outer loop
      vertex 4.42545 -27.9234 0
      vertex 4.4395 -22.0427 0
      vertex 4.4395 -27.9573 0
    endloop
  endfacet
  facet normal 0 0 -1
    outer loop
      vertex 4.42545 -27.9234 0
      vertex 4.42545 -22.0766 0
      vertex 4.4395 -22.0427 0
    endloop
  endfacet
  facet normal 0 0 -1
    outer loop
      vertex 4.29635 -27.7551 0
      vertex 4.42545 -22.0766 0
      vertex 4.42545 -27.9234 0
    endloop
  endfacet
  facet normal 0 0 -1
    outer loop
      vertex 4.29635 -27.7551 0
      vertex 4.29635 -22.2449 0
      vertex 4.42545 -22.0766 0
    endloop
  endfacet
  facet normal 0 0 -1
    outer loop
      vertex 4.27401 -27.726 0
      vertex 4.29635 -22.2449 0
      vertex 4.29635 -27.7551 0
    endloop
  endfacet
  facet normal 0 0 -1
    outer loop
      vertex 4.27401 -27.726 0
      vertex 4.27401 -22.274 0
      vertex 4.29635 -22.2449 0
    endloop
  endfacet
  facet normal 0 0 -1
    outer loop
      vertex 4.10575 -27.5969 0
      vertex 4.27401 -22.274 0
      vertex 4.27401 -27.726 0
    endloop
  endfacet
  facet normal 0 0 -1
    outer loop
      vertex 4.10575 -27.5969 0
      vertex 4.10575 -22.4031 0
      vertex 4.27401 -22.274 0
    endloop
  endfacet
  facet normal 0 0 -1
    outer loop
      vertex 4.07663 -27.5746 0
      vertex 4.10575 -22.4031 0
      vertex 4.10575 -27.5969 0
    endloop
  endfacet
  facet normal 0 0 -1
    outer loop
      vertex 4.07663 -27.5746 0
      vertex 4.07663 -22.4254 0
      vertex 4.10575 -22.4031 0
    endloop
  endfacet
  facet normal 0 0 -1
    outer loop
      vertex 4.04272 -27.5605 0
      vertex 4.07663 -22.4254 0
      vertex 4.07663 -27.5746 0
    endloop
  endfacet
  facet normal 0 0 -1
    outer loop
      vertex 4.04272 -27.5605 0
      vertex 4.04272 -22.4395 0
      vertex 4.07663 -22.4254 0
    endloop
  endfacet
  facet normal 0 0 -1
    outer loop
      vertex 3.8468 -27.4793 0
      vertex 4.04272 -22.4395 0
      vertex 4.04272 -27.5605 0
    endloop
  endfacet
  facet normal 0 0 -1
    outer loop
      vertex 3.8468 -27.4793 0
      vertex 3.8468 -22.5207 0
      vertex 4.04272 -22.4395 0
    endloop
  endfacet
  facet normal 0 0 -1
    outer loop
      vertex 3.81041 -27.4746 0
      vertex 3.8468 -22.5207 0
      vertex 3.8468 -27.4793 0
    endloop
  endfacet
  facet normal 0 0 -1
    outer loop
      vertex 3.81041 -27.4746 0
      vertex 3.81041 -22.5254 0
      vertex 3.8468 -22.5207 0
    endloop
  endfacet
  facet normal 0 0 -1
    outer loop
      vertex 3.60015 -27.4469 0
      vertex 3.81041 -22.5254 0
      vertex 3.81041 -27.4746 0
    endloop
  endfacet
  facet normal 0 0 -1
    outer loop
      vertex 3.60015 -27.4469 0
      vertex 3.60015 -22.5531 0
      vertex 3.81041 -22.5254 0
    endloop
  endfacet
  facet normal 0 0 -1
    outer loop
      vertex -3.60015 -27.4469 0
      vertex 3.60015 -22.5531 0
      vertex 3.60015 -27.4469 0
    endloop
  endfacet
  facet normal 0 0 -1
    outer loop
      vertex -3.60015 -27.4469 0
      vertex -3.60015 -22.5531 0
      vertex 3.60015 -22.5531 0
    endloop
  endfacet
  facet normal 0 0 -1
    outer loop
      vertex -3.81041 -27.4746 0
      vertex -3.60015 -22.5531 0
      vertex -3.60015 -27.4469 0
    endloop
  endfacet
  facet normal 0 0 -1
    outer loop
      vertex -3.81041 -27.4746 0
      vertex -3.81041 -22.5254 0
      vertex -3.60015 -22.5531 0
    endloop
  endfacet
  facet normal 0 0 -1
    outer loop
      vertex -3.8468 -27.4793 0
      vertex -3.81041 -22.5254 0
      vertex -3.81041 -27.4746 0
    endloop
  endfacet
  facet normal 0 0 -1
    outer loop
      vertex -3.8468 -27.4793 0
      vertex -3.8468 -22.5207 0
      vertex -3.81041 -22.5254 0
    endloop
  endfacet
  facet normal 0 0 -1
    outer loop
      vertex -4.04272 -27.5605 0
      vertex -3.8468 -22.5207 0
      vertex -3.8468 -27.4793 0
    endloop
  endfacet
  facet normal 0 0 -1
    outer loop
      vertex -4.04272 -27.5605 0
      vertex -4.04272 -22.4395 0
      vertex -3.8468 -22.5207 0
    endloop
  endfacet
  facet normal 0 0 -1
    outer loop
      vertex -4.07663 -27.5746 0
      vertex -4.04272 -22.4395 0
      vertex -4.04272 -27.5605 0
    endloop
  endfacet
  facet normal 0 0 -1
    outer loop
      vertex -4.07663 -27.5746 0
      vertex -4.07663 -22.4254 0
      vertex -4.04272 -22.4395 0
    endloop
  endfacet
  facet normal 0 0 -1
    outer loop
      vertex -4.10575 -27.5969 0
      vertex -4.07663 -22.4254 0
      vertex -4.07663 -27.5746 0
    endloop
  endfacet
  facet normal 0 0 -1
    outer loop
      vertex -4.10575 -27.5969 0
      vertex -4.10575 -22.4031 0
      vertex -4.07663 -22.4254 0
    endloop
  endfacet
  facet normal 0 0 -1
    outer loop
      vertex -4.27401 -27.726 0
      vertex -4.10575 -22.4031 0
      vertex -4.10575 -27.5969 0
    endloop
  endfacet
  facet normal 0 0 -1
    outer loop
      vertex -4.27401 -27.726 0
      vertex -4.27401 -22.274 0
      vertex -4.10575 -22.4031 0
    endloop
  endfacet
  facet normal 0 0 -1
    outer loop
      vertex -4.29635 -27.7551 0
      vertex -4.27401 -22.274 0
      vertex -4.27401 -27.726 0
    endloop
  endfacet
  facet normal 0 0 -1
    outer loop
      vertex -4.29635 -27.7551 0
      vertex -4.29635 -22.2449 0
      vertex -4.27401 -22.274 0
    endloop
  endfacet
  facet normal 0 0 -1
    outer loop
      vertex -4.42545 -27.9234 0
      vertex -4.29635 -22.2449 0
      vertex -4.29635 -27.7551 0
    endloop
  endfacet
  facet normal 0 0 -1
    outer loop
      vertex -4.42545 -27.9234 0
      vertex -4.42545 -22.0766 0
      vertex -4.29635 -22.2449 0
    endloop
  endfacet
  facet normal 0 0 -1
    outer loop
      vertex -4.4395 -27.9573 0
      vertex -4.42545 -22.0766 0
      vertex -4.42545 -27.9234 0
    endloop
  endfacet
  facet normal 0 0 -1
    outer loop
      vertex -4.4395 -27.9573 0
      vertex -4.4395 -22.0427 0
      vertex -4.42545 -22.0766 0
    endloop
  endfacet
  facet normal 0 0 -1
    outer loop
      vertex -4.52066 -28.1532 0
      vertex -4.4395 -22.0427 0
      vertex -4.4395 -27.9573 0
    endloop
  endfacet
  facet normal 0 0 -1
    outer loop
      vertex -4.52066 -28.1532 0
      vertex -4.52066 -21.8468 0
      vertex -4.4395 -22.0427 0
    endloop
  endfacet
  facet normal 0 0 -1
    outer loop
      vertex -4.52545 -28.1896 0
      vertex -4.52066 -21.8468 0
      vertex -4.52066 -28.1532 0
    endloop
  endfacet
  facet normal 0 0 -1
    outer loop
      vertex -4.52545 -28.1896 0
      vertex -4.52545 -21.8104 0
      vertex -4.52066 -21.8468 0
    endloop
  endfacet
  facet normal 0 0 -1
    outer loop
      vertex -4.55312 -28.3999 0
      vertex -4.52545 -21.8104 0
      vertex -4.52545 -28.1896 0
    endloop
  endfacet
  facet normal -0 0 -1
    outer loop
      vertex -4.52545 -21.8104 0
      vertex -4.55312 -28.3999 0
      vertex -4.55312 -21.6001 0
    endloop
  endfacet
  facet normal 0 0 -1
    outer loop
      vertex 69.5255 -28.1896 0
      vertex 69.5531 -21.6001 0
      vertex 69.5531 -28.3999 0
    endloop
  endfacet
  facet normal 0 0 -1
    outer loop
      vertex 69.5255 -28.1896 0
      vertex 69.5255 -21.8104 0
      vertex 69.5531 -21.6001 0
    endloop
  endfacet
  facet normal 0 0 -1
    outer loop
      vertex 69.5207 -28.1532 0
      vertex 69.5255 -21.8104 0
      vertex 69.5255 -28.1896 0
    endloop
  endfacet
  facet normal 0 0 -1
    outer loop
      vertex 69.5207 -28.1532 0
      vertex 69.5207 -21.8468 0
      vertex 69.5255 -21.8104 0
    endloop
  endfacet
  facet normal 0 0 -1
    outer loop
      vertex 69.4395 -27.9573 0
      vertex 69.5207 -21.8468 0
      vertex 69.5207 -28.1532 0
    endloop
  endfacet
  facet normal 0 0 -1
    outer loop
      vertex 69.4395 -27.9573 0
      vertex 69.4395 -22.0427 0
      vertex 69.5207 -21.8468 0
    endloop
  endfacet
  facet normal 0 0 -1
    outer loop
      vertex 69.4254 -27.9234 0
      vertex 69.4395 -22.0427 0
      vertex 69.4395 -27.9573 0
    endloop
  endfacet
  facet normal 0 0 -1
    outer loop
      vertex 69.4254 -27.9234 0
      vertex 69.4254 -22.0766 0
      vertex 69.4395 -22.0427 0
    endloop
  endfacet
  facet normal 0 0 -1
    outer loop
      vertex 69.2963 -27.7551 0
      vertex 69.4254 -22.0766 0
      vertex 69.4254 -27.9234 0
    endloop
  endfacet
  facet normal 0 0 -1
    outer loop
      vertex 69.2963 -27.7551 0
      vertex 69.2963 -22.2449 0
      vertex 69.4254 -22.0766 0
    endloop
  endfacet
  facet normal 0 0 -1
    outer loop
      vertex 69.274 -27.726 0
      vertex 69.2963 -22.2449 0
      vertex 69.2963 -27.7551 0
    endloop
  endfacet
  facet normal 0 0 -1
    outer loop
      vertex 69.274 -27.726 0
      vertex 69.274 -22.274 0
      vertex 69.2963 -22.2449 0
    endloop
  endfacet
  facet normal 0 0 -1
    outer loop
      vertex 69.2449 -27.7036 0
      vertex 69.274 -22.274 0
      vertex 69.274 -27.726 0
    endloop
  endfacet
  facet normal 0 0 -1
    outer loop
      vertex 69.2449 -27.7036 0
      vertex 69.2449 -22.2964 0
      vertex 69.274 -22.274 0
    endloop
  endfacet
  facet normal 0 0 -1
    outer loop
      vertex 69.0766 -27.5746 0
      vertex 69.2449 -22.2964 0
      vertex 69.2449 -27.7036 0
    endloop
  endfacet
  facet normal 0 0 -1
    outer loop
      vertex 69.0766 -27.5746 0
      vertex 69.0766 -22.4254 0
      vertex 69.2449 -22.2964 0
    endloop
  endfacet
  facet normal 0 0 -1
    outer loop
      vertex 69.0427 -27.5605 0
      vertex 69.0766 -22.4254 0
      vertex 69.0766 -27.5746 0
    endloop
  endfacet
  facet normal 0 0 -1
    outer loop
      vertex 69.0427 -27.5605 0
      vertex 69.0427 -22.4395 0
      vertex 69.0766 -22.4254 0
    endloop
  endfacet
  facet normal 0 0 -1
    outer loop
      vertex 68.8468 -27.4793 0
      vertex 69.0427 -22.4395 0
      vertex 69.0427 -27.5605 0
    endloop
  endfacet
  facet normal 0 0 -1
    outer loop
      vertex 68.8468 -27.4793 0
      vertex 68.8468 -22.5207 0
      vertex 69.0427 -22.4395 0
    endloop
  endfacet
  facet normal 0 0 -1
    outer loop
      vertex 68.8104 -27.4746 0
      vertex 68.8468 -22.5207 0
      vertex 68.8468 -27.4793 0
    endloop
  endfacet
  facet normal 0 0 -1
    outer loop
      vertex 68.8104 -27.4746 0
      vertex 68.8104 -22.5254 0
      vertex 68.8468 -22.5207 0
    endloop
  endfacet
  facet normal 0 0 -1
    outer loop
      vertex 68.6001 -27.4469 0
      vertex 68.8104 -22.5254 0
      vertex 68.8104 -27.4746 0
    endloop
  endfacet
  facet normal 0 0 -1
    outer loop
      vertex 68.6001 -27.4469 0
      vertex 68.6001 -22.5531 0
      vertex 68.8104 -22.5254 0
    endloop
  endfacet
  facet normal 0 0 -1
    outer loop
      vertex 61.3999 -27.4469 0
      vertex 68.6001 -22.5531 0
      vertex 68.6001 -27.4469 0
    endloop
  endfacet
  facet normal 0 0 -1
    outer loop
      vertex 61.3999 -27.4469 0
      vertex 61.3999 -22.5531 0
      vertex 68.6001 -22.5531 0
    endloop
  endfacet
  facet normal 0 0 -1
    outer loop
      vertex 61.1896 -27.4746 0
      vertex 61.3999 -22.5531 0
      vertex 61.3999 -27.4469 0
    endloop
  endfacet
  facet normal 0 0 -1
    outer loop
      vertex 61.1896 -27.4746 0
      vertex 61.1896 -22.5254 0
      vertex 61.3999 -22.5531 0
    endloop
  endfacet
  facet normal 0 0 -1
    outer loop
      vertex 61.1532 -27.4793 0
      vertex 61.1896 -22.5254 0
      vertex 61.1896 -27.4746 0
    endloop
  endfacet
  facet normal 0 0 -1
    outer loop
      vertex 61.1532 -27.4793 0
      vertex 61.1532 -22.5207 0
      vertex 61.1896 -22.5254 0
    endloop
  endfacet
  facet normal 0 0 -1
    outer loop
      vertex 60.9573 -27.5605 0
      vertex 61.1532 -22.5207 0
      vertex 61.1532 -27.4793 0
    endloop
  endfacet
  facet normal 0 0 -1
    outer loop
      vertex 60.9573 -27.5605 0
      vertex 60.9573 -22.4395 0
      vertex 61.1532 -22.5207 0
    endloop
  endfacet
  facet normal 0 0 -1
    outer loop
      vertex 60.9234 -27.5746 0
      vertex 60.9573 -22.4395 0
      vertex 60.9573 -27.5605 0
    endloop
  endfacet
  facet normal 0 0 -1
    outer loop
      vertex 60.9234 -27.5746 0
      vertex 60.9234 -22.4254 0
      vertex 60.9573 -22.4395 0
    endloop
  endfacet
  facet normal 0 0 -1
    outer loop
      vertex 60.7551 -27.7036 0
      vertex 60.9234 -22.4254 0
      vertex 60.9234 -27.5746 0
    endloop
  endfacet
  facet normal 0 0 -1
    outer loop
      vertex 60.7551 -27.7036 0
      vertex 60.7551 -22.2964 0
      vertex 60.9234 -22.4254 0
    endloop
  endfacet
  facet normal 0 0 -1
    outer loop
      vertex 60.726 -27.726 0
      vertex 60.7551 -22.2964 0
      vertex 60.7551 -27.7036 0
    endloop
  endfacet
  facet normal 0 0 -1
    outer loop
      vertex 60.726 -27.726 0
      vertex 60.726 -22.274 0
      vertex 60.7551 -22.2964 0
    endloop
  endfacet
  facet normal 0 0 -1
    outer loop
      vertex 60.7036 -27.7551 0
      vertex 60.726 -22.274 0
      vertex 60.726 -27.726 0
    endloop
  endfacet
  facet normal 0 0 -1
    outer loop
      vertex 60.7036 -27.7551 0
      vertex 60.7036 -22.2449 0
      vertex 60.726 -22.274 0
    endloop
  endfacet
  facet normal 0 0 -1
    outer loop
      vertex 60.5746 -27.9234 0
      vertex 60.7036 -22.2449 0
      vertex 60.7036 -27.7551 0
    endloop
  endfacet
  facet normal 0 0 -1
    outer loop
      vertex 60.5746 -27.9234 0
      vertex 60.5746 -22.0766 0
      vertex 60.7036 -22.2449 0
    endloop
  endfacet
  facet normal 0 0 -1
    outer loop
      vertex 60.5605 -27.9573 0
      vertex 60.5746 -22.0766 0
      vertex 60.5746 -27.9234 0
    endloop
  endfacet
  facet normal 0 0 -1
    outer loop
      vertex 60.5605 -27.9573 0
      vertex 60.5605 -22.0427 0
      vertex 60.5746 -22.0766 0
    endloop
  endfacet
  facet normal 0 0 -1
    outer loop
      vertex 60.4793 -28.1532 0
      vertex 60.5605 -22.0427 0
      vertex 60.5605 -27.9573 0
    endloop
  endfacet
  facet normal 0 0 -1
    outer loop
      vertex 60.4793 -28.1532 0
      vertex 60.4793 -21.8468 0
      vertex 60.5605 -22.0427 0
    endloop
  endfacet
  facet normal 0 0 -1
    outer loop
      vertex 60.4745 -28.1896 0
      vertex 60.4793 -21.8468 0
      vertex 60.4793 -28.1532 0
    endloop
  endfacet
  facet normal 0 0 -1
    outer loop
      vertex 60.4745 -28.1896 0
      vertex 60.4745 -21.8104 0
      vertex 60.4793 -21.8468 0
    endloop
  endfacet
  facet normal 0 0 -1
    outer loop
      vertex 60.4469 -28.3999 0
      vertex 60.4745 -21.8104 0
      vertex 60.4745 -28.1896 0
    endloop
  endfacet
  facet normal -0 0 -1
    outer loop
      vertex 60.4745 -21.8104 0
      vertex 60.4469 -28.3999 0
      vertex 60.4469 -21.6001 0
    endloop
  endfacet
  facet normal 0 0 -1
    outer loop
      vertex 69.5531 -28.3999 0
      vertex 128 -38.3902 0
      vertex 69.5531 -35.6001 0
    endloop
  endfacet
  facet normal 0 0 -1
    outer loop
      vertex 128 -38.3902 0
      vertex 69.5255 -35.8104 0
      vertex 69.5531 -35.6001 0
    endloop
  endfacet
  facet normal 0 0 -1
    outer loop
      vertex 128 -38.3902 0
      vertex 69.5207 -35.8468 0
      vertex 69.5255 -35.8104 0
    endloop
  endfacet
  facet normal 0 0 -1
    outer loop
      vertex 128 -38.3902 0
      vertex 69.4395 -36.0427 0
      vertex 69.5207 -35.8468 0
    endloop
  endfacet
  facet normal 0 0 -1
    outer loop
      vertex 128 -38.3902 0
      vertex 69.4254 -36.0766 0
      vertex 69.4395 -36.0427 0
    endloop
  endfacet
  facet normal 0 0 -1
    outer loop
      vertex 128 -38.3902 0
      vertex 69.2963 -36.2449 0
      vertex 69.4254 -36.0766 0
    endloop
  endfacet
  facet normal 0 0 -1
    outer loop
      vertex 128 -38.3902 0
      vertex 69.274 -36.274 0
      vertex 69.2963 -36.2449 0
    endloop
  endfacet
  facet normal 0 0 -1
    outer loop
      vertex 128 -38.3902 0
      vertex 69.2449 -36.2963 0
      vertex 69.274 -36.274 0
    endloop
  endfacet
  facet normal 0 0 -1
    outer loop
      vertex 128 -38.3902 0
      vertex 69.0766 -36.4254 0
      vertex 69.2449 -36.2963 0
    endloop
  endfacet
  facet normal 0 0 -1
    outer loop
      vertex 128 -38.3902 0
      vertex 69.0427 -36.4395 0
      vertex 69.0766 -36.4254 0
    endloop
  endfacet
  facet normal 0 0 -1
    outer loop
      vertex 128 -38.3902 0
      vertex 68.8468 -36.5207 0
      vertex 69.0427 -36.4395 0
    endloop
  endfacet
  facet normal 0 0 -1
    outer loop
      vertex 128 -38.3902 0
      vertex 68.8104 -36.5255 0
      vertex 68.8468 -36.5207 0
    endloop
  endfacet
  facet normal 0 0 -1
    outer loop
      vertex 128 -38.3902 0
      vertex 68.6001 -36.5531 0
      vertex 68.8104 -36.5255 0
    endloop
  endfacet
  facet normal 0 0 -1
    outer loop
      vertex 128 -38.3902 0
      vertex 61.3999 -36.5531 0
      vertex 68.6001 -36.5531 0
    endloop
  endfacet
  facet normal 0 0 1
    outer loop
      vertex 61.1532 -36.5207 0
      vertex 60.9234 -36.4254 0
      vertex 60.9573 -36.4395 0
    endloop
  endfacet
  facet normal 0 0 -1
    outer loop
      vertex 60.9234 -36.4254 0
      vertex 60.726 -36.274 0
      vertex 60.7551 -36.2963 0
    endloop
  endfacet
  facet normal 0 0 1
    outer loop
      vertex 60.5746 -36.0766 0
      vertex 60.4793 -35.8468 0
      vertex 60.5605 -36.0427 0
    endloop
  endfacet
  facet normal 0 0 -1
    outer loop
      vertex 4.55312 -28.3999 0
      vertex 60.4469 -28.3999 0
      vertex 60.4469 -35.6001 0
    endloop
  endfacet
  facet normal 0 0 -1
    outer loop
      vertex 60.4469 -28.3999 0
      vertex 4.55312 -28.3999 0
      vertex 60.4469 -21.6001 0
    endloop
  endfacet
  facet normal 0 0 -1
    outer loop
      vertex 4.55312 -28.3999 0
      vertex 60.4469 -35.6001 0
      vertex 4.55312 -35.6001 0
    endloop
  endfacet
  facet normal 0 0 -1
    outer loop
      vertex 60.4745 -35.8104 0
      vertex 4.55312 -35.6001 0
      vertex 60.4469 -35.6001 0
    endloop
  endfacet
  facet normal 0 0 -1
    outer loop
      vertex 60.4793 -35.8468 0
      vertex 4.55312 -35.6001 0
      vertex 60.4745 -35.8104 0
    endloop
  endfacet
  facet normal 0 0 -1
    outer loop
      vertex 4.52066 -35.8468 0
      vertex 60.4793 -35.8468 0
      vertex 60.5746 -36.0766 0
    endloop
  endfacet
  facet normal 0 0 -1
    outer loop
      vertex 4.42545 -36.0766 0
      vertex 60.5746 -36.0766 0
      vertex 60.7036 -36.2449 0
    endloop
  endfacet
  facet normal 0 0 -1
    outer loop
      vertex 4.42545 -36.0766 0
      vertex 60.7036 -36.2449 0
      vertex 60.726 -36.274 0
    endloop
  endfacet
  facet normal 0 0 -1
    outer loop
      vertex 4.27401 -36.274 0
      vertex 60.726 -36.274 0
      vertex 60.9234 -36.4254 0
    endloop
  endfacet
  facet normal 0 0 -1
    outer loop
      vertex 4.07663 -36.4254 0
      vertex 60.9234 -36.4254 0
      vertex 61.1532 -36.5207 0
    endloop
  endfacet
  facet normal 0 0 -1
    outer loop
      vertex 3.8468 -36.5207 0
      vertex 61.1532 -36.5207 0
      vertex 61.1896 -36.5255 0
    endloop
  endfacet
  facet normal 0 0 -1
    outer loop
      vertex 3.8468 -36.5207 0
      vertex 61.1896 -36.5255 0
      vertex 61.3999 -36.5531 0
    endloop
  endfacet
  facet normal 0 0 -1
    outer loop
      vertex 3.60015 -36.5531 0
      vertex 61.3999 -36.5531 0
      vertex 128 -38.3902 0
    endloop
  endfacet
  facet normal 0 0 -1
    outer loop
      vertex 60.4793 -35.8468 0
      vertex 4.52545 -35.8104 0
      vertex 4.55312 -35.6001 0
    endloop
  endfacet
  facet normal 0 0 -1
    outer loop
      vertex 60.4793 -35.8468 0
      vertex 4.52066 -35.8468 0
      vertex 4.52545 -35.8104 0
    endloop
  endfacet
  facet normal 0 0 -1
    outer loop
      vertex 60.5746 -36.0766 0
      vertex 4.4395 -36.0427 0
      vertex 4.52066 -35.8468 0
    endloop
  endfacet
  facet normal 0 0 -1
    outer loop
      vertex 60.5746 -36.0766 0
      vertex 4.42545 -36.0766 0
      vertex 4.4395 -36.0427 0
    endloop
  endfacet
  facet normal 0 0 -1
    outer loop
      vertex 60.726 -36.274 0
      vertex 4.29635 -36.2449 0
      vertex 4.42545 -36.0766 0
    endloop
  endfacet
  facet normal 0 0 -1
    outer loop
      vertex 60.726 -36.274 0
      vertex 4.27401 -36.274 0
      vertex 4.29635 -36.2449 0
    endloop
  endfacet
  facet normal 0 0 -1
    outer loop
      vertex 60.9234 -36.4254 0
      vertex 4.10575 -36.4031 0
      vertex 4.27401 -36.274 0
    endloop
  endfacet
  facet normal 0 0 -1
    outer loop
      vertex 60.9234 -36.4254 0
      vertex 4.07663 -36.4254 0
      vertex 4.10575 -36.4031 0
    endloop
  endfacet
  facet normal 0 0 -1
    outer loop
      vertex 61.1532 -36.5207 0
      vertex 4.04272 -36.4395 0
      vertex 4.07663 -36.4254 0
    endloop
  endfacet
  facet normal 0 0 -1
    outer loop
      vertex 61.1532 -36.5207 0
      vertex 3.8468 -36.5207 0
      vertex 4.04272 -36.4395 0
    endloop
  endfacet
  facet normal 0 0 -1
    outer loop
      vertex 61.3999 -36.5531 0
      vertex 3.81041 -36.5255 0
      vertex 3.8468 -36.5207 0
    endloop
  endfacet
  facet normal 0 0 -1
    outer loop
      vertex 61.3999 -36.5531 0
      vertex 3.60015 -36.5531 0
      vertex 3.81041 -36.5255 0
    endloop
  endfacet
  facet normal 0 0 -1
    outer loop
      vertex 128 -38.3902 0
      vertex -3.60015 -36.5531 0
      vertex 3.60015 -36.5531 0
    endloop
  endfacet
  facet normal 0 0 1
    outer loop
      vertex -3.8468 -36.5207 0
      vertex -4.07663 -36.4254 0
      vertex -4.04272 -36.4395 0
    endloop
  endfacet
  facet normal 0 0 1
    outer loop
      vertex -4.07663 -36.4254 0
      vertex -4.27401 -36.274 0
      vertex -4.10575 -36.4031 0
    endloop
  endfacet
  facet normal 0 0 -1
    outer loop
      vertex -60.4469 -28.3999 0
      vertex -4.55312 -28.3999 0
      vertex -4.55312 -35.6001 0
    endloop
  endfacet
  facet normal 0 0 -1
    outer loop
      vertex -4.55312 -28.3999 0
      vertex -60.4469 -28.3999 0
      vertex -4.55312 -21.6001 0
    endloop
  endfacet
  facet normal 0 0 -1
    outer loop
      vertex -60.4469 -28.3999 0
      vertex -4.55312 -35.6001 0
      vertex -60.4469 -35.6001 0
    endloop
  endfacet
  facet normal 0 0 -1
    outer loop
      vertex -4.52545 -35.8104 0
      vertex -60.4469 -35.6001 0
      vertex -4.55312 -35.6001 0
    endloop
  endfacet
  facet normal 0 0 -1
    outer loop
      vertex -4.52066 -35.8468 0
      vertex -60.4469 -35.6001 0
      vertex -4.52545 -35.8104 0
    endloop
  endfacet
  facet normal 0 0 -1
    outer loop
      vertex -60.4793 -35.8468 0
      vertex -4.52066 -35.8468 0
      vertex -4.4395 -36.0427 0
    endloop
  endfacet
  facet normal 0 0 -1
    outer loop
      vertex -60.4793 -35.8468 0
      vertex -4.4395 -36.0427 0
      vertex -4.42545 -36.0766 0
    endloop
  endfacet
  facet normal 0 0 -1
    outer loop
      vertex -60.5746 -36.0766 0
      vertex -4.42545 -36.0766 0
      vertex -4.29635 -36.2449 0
    endloop
  endfacet
  facet normal 0 0 -1
    outer loop
      vertex -60.5746 -36.0766 0
      vertex -4.29635 -36.2449 0
      vertex -4.27401 -36.274 0
    endloop
  endfacet
  facet normal 0 0 -1
    outer loop
      vertex -60.726 -36.274 0
      vertex -4.27401 -36.274 0
      vertex -4.07663 -36.4254 0
    endloop
  endfacet
  facet normal 0 0 -1
    outer loop
      vertex -60.9234 -36.4254 0
      vertex -4.07663 -36.4254 0
      vertex -3.8468 -36.5207 0
    endloop
  endfacet
  facet normal 0 0 -1
    outer loop
      vertex -61.1532 -36.5207 0
      vertex -3.8468 -36.5207 0
      vertex -3.81041 -36.5255 0
    endloop
  endfacet
  facet normal 0 0 -1
    outer loop
      vertex -61.1532 -36.5207 0
      vertex -3.81041 -36.5255 0
      vertex -3.60015 -36.5531 0
    endloop
  endfacet
  facet normal 0 0 -1
    outer loop
      vertex -4.52066 -35.8468 0
      vertex -60.4745 -35.8104 0
      vertex -60.4469 -35.6001 0
    endloop
  endfacet
  facet normal 0 0 -1
    outer loop
      vertex -128 -38.3902 0
      vertex -3.60015 -36.5531 0
      vertex 128 -38.3902 0
    endloop
  endfacet
  facet normal 0 0 -1
    outer loop
      vertex -4.52066 -35.8468 0
      vertex -60.4793 -35.8468 0
      vertex -60.4745 -35.8104 0
    endloop
  endfacet
  facet normal 0 0 -1
    outer loop
      vertex -4.42545 -36.0766 0
      vertex -60.5605 -36.0427 0
      vertex -60.4793 -35.8468 0
    endloop
  endfacet
  facet normal 0 0 -1
    outer loop
      vertex -4.42545 -36.0766 0
      vertex -60.5746 -36.0766 0
      vertex -60.5605 -36.0427 0
    endloop
  endfacet
  facet normal 0 0 -1
    outer loop
      vertex -4.27401 -36.274 0
      vertex -60.7036 -36.2449 0
      vertex -60.5746 -36.0766 0
    endloop
  endfacet
  facet normal 0 0 -1
    outer loop
      vertex -4.27401 -36.274 0
      vertex -60.726 -36.274 0
      vertex -60.7036 -36.2449 0
    endloop
  endfacet
  facet normal 0 0 -1
    outer loop
      vertex -4.07663 -36.4254 0
      vertex -60.7551 -36.2963 0
      vertex -60.726 -36.274 0
    endloop
  endfacet
  facet normal 0 0 -1
    outer loop
      vertex -4.07663 -36.4254 0
      vertex -60.9234 -36.4254 0
      vertex -60.7551 -36.2963 0
    endloop
  endfacet
  facet normal 0 0 -1
    outer loop
      vertex -3.8468 -36.5207 0
      vertex -60.9573 -36.4395 0
      vertex -60.9234 -36.4254 0
    endloop
  endfacet
  facet normal 0 0 -1
    outer loop
      vertex -3.8468 -36.5207 0
      vertex -61.1532 -36.5207 0
      vertex -60.9573 -36.4395 0
    endloop
  endfacet
  facet normal 0 0 -1
    outer loop
      vertex -3.60015 -36.5531 0
      vertex -61.1896 -36.5255 0
      vertex -61.1532 -36.5207 0
    endloop
  endfacet
  facet normal 0 0 -1
    outer loop
      vertex -3.60015 -36.5531 0
      vertex -61.3999 -36.5531 0
      vertex -61.1896 -36.5255 0
    endloop
  endfacet
  facet normal -0 0 -1
    outer loop
      vertex -3.60015 -36.5531 0
      vertex -128 -38.3902 0
      vertex -61.3999 -36.5531 0
    endloop
  endfacet
  facet normal 0 0 1
    outer loop
      vertex -68.8468 -36.5207 0
      vertex -69.0766 -36.4254 0
      vertex -69.0427 -36.4395 0
    endloop
  endfacet
  facet normal 0 0 -1
    outer loop
      vertex -69.0766 -36.4254 0
      vertex -69.274 -36.274 0
      vertex -69.2449 -36.2963 0
    endloop
  endfacet
  facet normal 0 0 -1
    outer loop
      vertex -69.274 -36.274 0
      vertex -69.4254 -36.0766 0
      vertex -69.2963 -36.2449 0
    endloop
  endfacet
  facet normal 0 0 1
    outer loop
      vertex -69.4254 -36.0766 0
      vertex -69.5207 -35.8468 0
      vertex -69.4395 -36.0427 0
    endloop
  endfacet
  facet normal 0 0 -1
    outer loop
      vertex -128 -38.3902 0
      vertex -69.5531 -28.3999 0
      vertex -69.5531 -35.6001 0
    endloop
  endfacet
  facet normal -0 0 -1
    outer loop
      vertex -69.5531 -28.3999 0
      vertex -128 -38.3902 0
      vertex -69.5531 -21.6001 0
    endloop
  endfacet
  facet normal 0 0 -1
    outer loop
      vertex -128 -1.60982 0
      vertex -69.5531 -21.6001 0
      vertex -128 -38.3902 0
    endloop
  endfacet
  facet normal -0 0 -1
    outer loop
      vertex -69.5255 -35.8104 0
      vertex -128 -38.3902 0
      vertex -69.5531 -35.6001 0
    endloop
  endfacet
  facet normal -0 0 -1
    outer loop
      vertex -69.5207 -35.8468 0
      vertex -128 -38.3902 0
      vertex -69.5255 -35.8104 0
    endloop
  endfacet
  facet normal -0 0 -1
    outer loop
      vertex -69.4254 -36.0766 0
      vertex -128 -38.3902 0
      vertex -69.5207 -35.8468 0
    endloop
  endfacet
  facet normal -0 0 -1
    outer loop
      vertex -69.274 -36.274 0
      vertex -128 -38.3902 0
      vertex -69.4254 -36.0766 0
    endloop
  endfacet
  facet normal -0 0 -1
    outer loop
      vertex -69.0766 -36.4254 0
      vertex -128 -38.3902 0
      vertex -69.274 -36.274 0
    endloop
  endfacet
  facet normal -0 0 -1
    outer loop
      vertex -68.8468 -36.5207 0
      vertex -128 -38.3902 0
      vertex -69.0766 -36.4254 0
    endloop
  endfacet
  facet normal -0 0 -1
    outer loop
      vertex -68.8104 -36.5255 0
      vertex -128 -38.3902 0
      vertex -68.8468 -36.5207 0
    endloop
  endfacet
  facet normal -0 0 -1
    outer loop
      vertex -68.6001 -36.5531 0
      vertex -128 -38.3902 0
      vertex -68.8104 -36.5255 0
    endloop
  endfacet
  facet normal -0 0 -1
    outer loop
      vertex -61.3999 -36.5531 0
      vertex -128 -38.3902 0
      vertex -68.6001 -36.5531 0
    endloop
  endfacet
  facet normal 0 0 -1
    outer loop
      vertex 69.5531 -21.6001 0
      vertex 128 -38.3902 0
      vertex 69.5531 -28.3999 0
    endloop
  endfacet
  facet normal 0 0 -1
    outer loop
      vertex 128 -38.3902 0
      vertex 69.5531 -21.6001 0
      vertex 128 -1.60982 0
    endloop
  endfacet
  facet normal 0 0 -1
    outer loop
      vertex 69.5531 -14.3999 0
      vertex 128 -1.60982 0
      vertex 69.5531 -21.6001 0
    endloop
  endfacet
  facet normal 0 0 -1
    outer loop
      vertex 69.5255 -14.1896 0
      vertex 128 -1.60982 0
      vertex 69.5531 -14.3999 0
    endloop
  endfacet
  facet normal 0 0 -1
    outer loop
      vertex 69.5207 -14.1532 0
      vertex 128 -1.60982 0
      vertex 69.5255 -14.1896 0
    endloop
  endfacet
  facet normal 0 0 -1
    outer loop
      vertex 69.4395 -13.9573 0
      vertex 128 -1.60982 0
      vertex 69.5207 -14.1532 0
    endloop
  endfacet
  facet normal 0 0 -1
    outer loop
      vertex 69.4254 -13.9234 0
      vertex 128 -1.60982 0
      vertex 69.4395 -13.9573 0
    endloop
  endfacet
  facet normal 0 0 -1
    outer loop
      vertex 69.2963 -13.7551 0
      vertex 128 -1.60982 0
      vertex 69.4254 -13.9234 0
    endloop
  endfacet
  facet normal 0 0 -1
    outer loop
      vertex 69.274 -13.726 0
      vertex 128 -1.60982 0
      vertex 69.2963 -13.7551 0
    endloop
  endfacet
  facet normal 0 0 -1
    outer loop
      vertex 69.2449 -13.7036 0
      vertex 128 -1.60982 0
      vertex 69.274 -13.726 0
    endloop
  endfacet
  facet normal 0 0 -1
    outer loop
      vertex 69.0766 -13.5746 0
      vertex 128 -1.60982 0
      vertex 69.2449 -13.7036 0
    endloop
  endfacet
  facet normal 0 0 -1
    outer loop
      vertex 69.0427 -13.5605 0
      vertex 128 -1.60982 0
      vertex 69.0766 -13.5746 0
    endloop
  endfacet
  facet normal 0 0 -1
    outer loop
      vertex 68.8468 -13.4793 0
      vertex 128 -1.60982 0
      vertex 69.0427 -13.5605 0
    endloop
  endfacet
  facet normal 0 0 -1
    outer loop
      vertex 68.8104 -13.4745 0
      vertex 128 -1.60982 0
      vertex 68.8468 -13.4793 0
    endloop
  endfacet
  facet normal 0 0 -1
    outer loop
      vertex 68.6001 -13.4469 0
      vertex 128 -1.60982 0
      vertex 68.8104 -13.4745 0
    endloop
  endfacet
  facet normal 0 0 -1
    outer loop
      vertex 61.3999 -13.4469 0
      vertex 128 -1.60982 0
      vertex 68.6001 -13.4469 0
    endloop
  endfacet
  facet normal 0 0 -1
    outer loop
      vertex 3.60015 -13.4469 0
      vertex 61.3999 -13.4469 0
      vertex 61.1896 -13.4745 0
    endloop
  endfacet
  facet normal 0 0 -1
    outer loop
      vertex 3.60015 -13.4469 0
      vertex 61.1896 -13.4745 0
      vertex 61.1532 -13.4793 0
    endloop
  endfacet
  facet normal 0 0 1
    outer loop
      vertex 60.726 -13.726 0
      vertex 60.9234 -13.5746 0
      vertex 60.7551 -13.7036 0
    endloop
  endfacet
  facet normal 0 0 1
    outer loop
      vertex 60.5746 -13.9234 0
      vertex 60.726 -13.726 0
      vertex 60.7036 -13.7551 0
    endloop
  endfacet
  facet normal 0 0 1
    outer loop
      vertex 60.4793 -14.1532 0
      vertex 60.5746 -13.9234 0
      vertex 60.5605 -13.9573 0
    endloop
  endfacet
  facet normal 0 0 -1
    outer loop
      vertex 4.55312 -21.6001 0
      vertex 60.4469 -21.6001 0
      vertex 4.55312 -28.3999 0
    endloop
  endfacet
  facet normal 0 0 -1
    outer loop
      vertex 60.4469 -21.6001 0
      vertex 4.55312 -21.6001 0
      vertex 60.4469 -14.3999 0
    endloop
  endfacet
  facet normal 0 0 -1
    outer loop
      vertex 4.55312 -14.3999 0
      vertex 60.4469 -14.3999 0
      vertex 4.55312 -21.6001 0
    endloop
  endfacet
  facet normal 0 0 -1
    outer loop
      vertex 60.4469 -14.3999 0
      vertex 4.55312 -14.3999 0
      vertex 60.4745 -14.1896 0
    endloop
  endfacet
  facet normal -0 0 -1
    outer loop
      vertex 60.4745 -14.1896 0
      vertex 4.55312 -14.3999 0
      vertex 60.4793 -14.1532 0
    endloop
  endfacet
  facet normal 0 0 -1
    outer loop
      vertex 4.52545 -14.1896 0
      vertex 60.4793 -14.1532 0
      vertex 4.55312 -14.3999 0
    endloop
  endfacet
  facet normal 0 0 -1
    outer loop
      vertex 4.52066 -14.1532 0
      vertex 60.4793 -14.1532 0
      vertex 4.52545 -14.1896 0
    endloop
  endfacet
  facet normal 0 0 -1
    outer loop
      vertex 60.4793 -14.1532 0
      vertex 4.52066 -14.1532 0
      vertex 60.5746 -13.9234 0
    endloop
  endfacet
  facet normal 0 0 -1
    outer loop
      vertex 4.4395 -13.9573 0
      vertex 60.5746 -13.9234 0
      vertex 4.52066 -14.1532 0
    endloop
  endfacet
  facet normal 0 0 -1
    outer loop
      vertex 4.42545 -13.9234 0
      vertex 60.5746 -13.9234 0
      vertex 4.4395 -13.9573 0
    endloop
  endfacet
  facet normal 0 0 -1
    outer loop
      vertex 60.5746 -13.9234 0
      vertex 4.42545 -13.9234 0
      vertex 60.726 -13.726 0
    endloop
  endfacet
  facet normal 0 0 -1
    outer loop
      vertex 4.29635 -13.7551 0
      vertex 60.726 -13.726 0
      vertex 4.42545 -13.9234 0
    endloop
  endfacet
  facet normal 0 0 -1
    outer loop
      vertex 4.27401 -13.726 0
      vertex 60.726 -13.726 0
      vertex 4.29635 -13.7551 0
    endloop
  endfacet
  facet normal 0 0 -1
    outer loop
      vertex 60.726 -13.726 0
      vertex 4.27401 -13.726 0
      vertex 60.9234 -13.5746 0
    endloop
  endfacet
  facet normal 0 0 -1
    outer loop
      vertex 4.10575 -13.5969 0
      vertex 60.9234 -13.5746 0
      vertex 4.27401 -13.726 0
    endloop
  endfacet
  facet normal 0 0 -1
    outer loop
      vertex 4.07663 -13.5746 0
      vertex 60.9234 -13.5746 0
      vertex 4.10575 -13.5969 0
    endloop
  endfacet
  facet normal 0 0 -1
    outer loop
      vertex 60.9234 -13.5746 0
      vertex 4.07663 -13.5746 0
      vertex 60.9573 -13.5605 0
    endloop
  endfacet
  facet normal -0 0 -1
    outer loop
      vertex 60.9573 -13.5605 0
      vertex 4.07663 -13.5746 0
      vertex 61.1532 -13.4793 0
    endloop
  endfacet
  facet normal 0 0 -1
    outer loop
      vertex 4.04272 -13.5605 0
      vertex 61.1532 -13.4793 0
      vertex 4.07663 -13.5746 0
    endloop
  endfacet
  facet normal 0 0 -1
    outer loop
      vertex 3.8468 -13.4793 0
      vertex 61.1532 -13.4793 0
      vertex 4.04272 -13.5605 0
    endloop
  endfacet
  facet normal 0 0 -1
    outer loop
      vertex 3.81041 -13.4745 0
      vertex 61.1532 -13.4793 0
      vertex 3.8468 -13.4793 0
    endloop
  endfacet
  facet normal 0 0 -1
    outer loop
      vertex 3.60015 -13.4469 0
      vertex 61.1532 -13.4793 0
      vertex 3.81041 -13.4745 0
    endloop
  endfacet
  facet normal 0 0 -1
    outer loop
      vertex 61.3999 -13.4469 0
      vertex 3.60015 -13.4469 0
      vertex 128 -1.60982 0
    endloop
  endfacet
  facet normal 0 0 -1
    outer loop
      vertex -3.60015 -13.4469 0
      vertex 128 -1.60982 0
      vertex 3.60015 -13.4469 0
    endloop
  endfacet
  facet normal 0 0 1
    outer loop
      vertex -4.42545 -13.9234 0
      vertex -4.27401 -13.726 0
      vertex -4.29635 -13.7551 0
    endloop
  endfacet
  facet normal 0 0 1
    outer loop
      vertex -4.55312 -14.3999 0
      vertex -4.52066 -14.1532 0
      vertex -4.52545 -14.1896 0
    endloop
  endfacet
  facet normal 0 0 -1
    outer loop
      vertex -60.4469 -21.6001 0
      vertex -4.55312 -21.6001 0
      vertex -60.4469 -28.3999 0
    endloop
  endfacet
  facet normal 0 0 -1
    outer loop
      vertex -4.55312 -21.6001 0
      vertex -60.4469 -21.6001 0
      vertex -4.55312 -14.3999 0
    endloop
  endfacet
  facet normal 0 0 -1
    outer loop
      vertex -60.4469 -14.3999 0
      vertex -4.55312 -14.3999 0
      vertex -60.4469 -21.6001 0
    endloop
  endfacet
  facet normal 0 0 -1
    outer loop
      vertex -4.55312 -14.3999 0
      vertex -60.4469 -14.3999 0
      vertex -4.52066 -14.1532 0
    endloop
  endfacet
  facet normal 0 0 -1
    outer loop
      vertex -60.4745 -14.1896 0
      vertex -4.52066 -14.1532 0
      vertex -60.4469 -14.3999 0
    endloop
  endfacet
  facet normal 0 0 -1
    outer loop
      vertex -60.4793 -14.1532 0
      vertex -4.52066 -14.1532 0
      vertex -60.4745 -14.1896 0
    endloop
  endfacet
  facet normal 0 0 -1
    outer loop
      vertex -4.52066 -14.1532 0
      vertex -60.4793 -14.1532 0
      vertex -4.4395 -13.9573 0
    endloop
  endfacet
  facet normal -0 0 -1
    outer loop
      vertex -4.4395 -13.9573 0
      vertex -60.4793 -14.1532 0
      vertex -4.42545 -13.9234 0
    endloop
  endfacet
  facet normal 0 0 -1
    outer loop
      vertex -60.5605 -13.9573 0
      vertex -4.42545 -13.9234 0
      vertex -60.4793 -14.1532 0
    endloop
  endfacet
  facet normal 0 0 -1
    outer loop
      vertex -60.5746 -13.9234 0
      vertex -4.42545 -13.9234 0
      vertex -60.5605 -13.9573 0
    endloop
  endfacet
  facet normal 0 0 -1
    outer loop
      vertex -4.42545 -13.9234 0
      vertex -60.5746 -13.9234 0
      vertex -4.27401 -13.726 0
    endloop
  endfacet
  facet normal 0 0 -1
    outer loop
      vertex -60.7036 -13.7551 0
      vertex -4.27401 -13.726 0
      vertex -60.5746 -13.9234 0
    endloop
  endfacet
  facet normal 0 0 -1
    outer loop
      vertex -60.726 -13.726 0
      vertex -4.27401 -13.726 0
      vertex -60.7036 -13.7551 0
    endloop
  endfacet
  facet normal 0 0 -1
    outer loop
      vertex -4.27401 -13.726 0
      vertex -60.726 -13.726 0
      vertex -4.10575 -13.5969 0
    endloop
  endfacet
  facet normal -0 0 -1
    outer loop
      vertex -4.10575 -13.5969 0
      vertex -60.726 -13.726 0
      vertex -4.07663 -13.5746 0
    endloop
  endfacet
  facet normal 0 0 -1
    outer loop
      vertex -60.7551 -13.7036 0
      vertex -4.07663 -13.5746 0
      vertex -60.726 -13.726 0
    endloop
  endfacet
  facet normal 0 0 -1
    outer loop
      vertex -60.9234 -13.5746 0
      vertex -4.07663 -13.5746 0
      vertex -60.7551 -13.7036 0
    endloop
  endfacet
  facet normal 0 0 -1
    outer loop
      vertex -4.07663 -13.5746 0
      vertex -60.9234 -13.5746 0
      vertex -4.04272 -13.5605 0
    endloop
  endfacet
  facet normal -0 0 -1
    outer loop
      vertex -4.04272 -13.5605 0
      vertex -60.9234 -13.5746 0
      vertex -3.8468 -13.4793 0
    endloop
  endfacet
  facet normal 0 0 -1
    outer loop
      vertex -60.9573 -13.5605 0
      vertex -3.8468 -13.4793 0
      vertex -60.9234 -13.5746 0
    endloop
  endfacet
  facet normal 0 0 -1
    outer loop
      vertex -61.1532 -13.4793 0
      vertex -3.8468 -13.4793 0
      vertex -60.9573 -13.5605 0
    endloop
  endfacet
  facet normal 0 0 -1
    outer loop
      vertex -3.8468 -13.4793 0
      vertex -61.1532 -13.4793 0
      vertex -3.81041 -13.4745 0
    endloop
  endfacet
  facet normal -0 0 -1
    outer loop
      vertex -3.81041 -13.4745 0
      vertex -61.1532 -13.4793 0
      vertex -3.60015 -13.4469 0
    endloop
  endfacet
  facet normal 0 0 -1
    outer loop
      vertex -61.1896 -13.4745 0
      vertex -3.60015 -13.4469 0
      vertex -61.1532 -13.4793 0
    endloop
  endfacet
  facet normal 0 0 -1
    outer loop
      vertex -61.3999 -13.4469 0
      vertex -3.60015 -13.4469 0
      vertex -61.1896 -13.4745 0
    endloop
  endfacet
  facet normal 0 0 -1
    outer loop
      vertex -128 -1.60982 0
      vertex -3.60015 -13.4469 0
      vertex -61.3999 -13.4469 0
    endloop
  endfacet
  facet normal 0 0 -1
    outer loop
      vertex -128 -1.60982 0
      vertex -61.3999 -13.4469 0
      vertex -68.6001 -13.4469 0
    endloop
  endfacet
  facet normal 0 0 1
    outer loop
      vertex -69.274 -13.726 0
      vertex -69.0766 -13.5746 0
      vertex -69.2449 -13.7036 0
    endloop
  endfacet
  facet normal 0 0 -1
    outer loop
      vertex -69.4254 -13.9234 0
      vertex -69.274 -13.726 0
      vertex -69.2963 -13.7551 0
    endloop
  endfacet
  facet normal 0 0 1
    outer loop
      vertex -69.5207 -14.1532 0
      vertex -69.4254 -13.9234 0
      vertex -69.4395 -13.9573 0
    endloop
  endfacet
  facet normal 0 0 -1
    outer loop
      vertex -69.5531 -21.6001 0
      vertex -128 -1.60982 0
      vertex -69.5531 -14.3999 0
    endloop
  endfacet
  facet normal 0 0 -1
    outer loop
      vertex -69.5531 -14.3999 0
      vertex -128 -1.60982 0
      vertex -69.5255 -14.1896 0
    endloop
  endfacet
  facet normal 0 0 -1
    outer loop
      vertex -69.5255 -14.1896 0
      vertex -128 -1.60982 0
      vertex -69.5207 -14.1532 0
    endloop
  endfacet
  facet normal 0 0 -1
    outer loop
      vertex -69.5207 -14.1532 0
      vertex -128 -1.60982 0
      vertex -69.4254 -13.9234 0
    endloop
  endfacet
  facet normal 0 0 -1
    outer loop
      vertex -69.4254 -13.9234 0
      vertex -128 -1.60982 0
      vertex -69.274 -13.726 0
    endloop
  endfacet
  facet normal 0 0 -1
    outer loop
      vertex -3.60015 -13.4469 0
      vertex -128 -1.60982 0
      vertex 128 -1.60982 0
    endloop
  endfacet
  facet normal 0 0 -1
    outer loop
      vertex -68.8104 -13.4745 0
      vertex -128 -1.60982 0
      vertex -68.6001 -13.4469 0
    endloop
  endfacet
  facet normal 0 0 -1
    outer loop
      vertex -68.8468 -13.4793 0
      vertex -128 -1.60982 0
      vertex -68.8104 -13.4745 0
    endloop
  endfacet
  facet normal 0 0 -1
    outer loop
      vertex -69.0427 -13.5605 0
      vertex -128 -1.60982 0
      vertex -68.8468 -13.4793 0
    endloop
  endfacet
  facet normal 0 0 -1
    outer loop
      vertex -69.0766 -13.5746 0
      vertex -128 -1.60982 0
      vertex -69.0427 -13.5605 0
    endloop
  endfacet
  facet normal 0 0 -1
    outer loop
      vertex -69.274 -13.726 0
      vertex -128 -1.60982 0
      vertex -69.0766 -13.5746 0
    endloop
  endfacet
  facet normal -1 0 0
    outer loop
      vertex -129.962 -38.3902 1.9615707
      vertex -129.962 -1.60982 13.9615707
      vertex -129.962 -1.60982 1.9615707
    endloop
  endfacet
  facet normal -1 -0 0
    outer loop
      vertex -129.962 -1.60982 13.9615707
      vertex -129.962 -38.3902 1.9615707
      vertex -129.962 -38.3902 13.9615707
    endloop
  endfacet
  facet normal 0.770412 0.376487 -0.514512
    outer loop
      vertex 129.812 -1.60982 1.2109107
      vertex 129.387 -1.60982 0.5745307
      vertex 129.536 -0.888859 1.3251907
    endloop
  endfacet
  facet normal -0.180719 -0.376562 0.908593
    outer loop
      vertex -128 -39.1111 15.6244707
      vertex -128.751 -38.3902 15.7738707
      vertex -128.636 -39.1111 15.4979707
    endloop
  endfacet
  facet normal -0.555799 0 -0.831317
    outer loop
      vertex -129.387 -38.3902 0.5745307
      vertex -128.751 -1.60982 0.1493157
      vertex -128.751 -38.3902 0.1493157
    endloop
  endfacet
  facet normal -0.555799 0 -0.831317
    outer loop
      vertex -128.751 -1.60982 0.1493157
      vertex -129.387 -38.3902 0.5745307
      vertex -129.387 -1.60982 0.5745307
    endloop
  endfacet
  facet normal -0.215987 -0.921189 0.323667
    outer loop
      vertex -128.425 -39.6629 14.9881707
      vertex -128.786 -39.6629 14.7472707
      vertex -128.276 -39.9616 14.2374707
    endloop
  endfacet
  facet normal 0.180639 -0.376489 0.90864
    outer loop
      vertex 128 -38.3902 15.9231707
      vertex 128 -39.1111 15.6244707
      vertex 128.751 -38.3902 15.7738707
    endloop
  endfacet
  facet normal 0.700183 -0.700437 -0.138318
    outer loop
      vertex 129.111 -39.6629 1.9615707
      vertex 129.027 -39.6629 1.5363507
      vertex 129.663 -39.1111 1.9615707
    endloop
  endfacet
  facet normal -0.700576 -0.699748 0.139807
    outer loop
      vertex -129.536 -39.1111 14.5979707
      vertex -129.663 -39.1111 13.9615707
      vertex -129.027 -39.6629 14.3867707
    endloop
  endfacet
  facet normal -0.514899 -0.376825 0.769988
    outer loop
      vertex -128.751 -38.3902 15.7738707
      vertex -129.387 -38.3902 15.3485707
      vertex -128.636 -39.1111 15.4979707
    endloop
  endfacet
  facet normal 0 -0.38271 -0.923869
    outer loop
      vertex -128 -39.1111 0.2986307
      vertex 128 -38.3902 0
      vertex 128 -39.1111 0.2986307
    endloop
  endfacet
  facet normal -0 -0.38271 -0.923869
    outer loop
      vertex 128 -38.3902 0
      vertex -128 -39.1111 0.2986307
      vertex -128 -38.3902 0
    endloop
  endfacet
  facet normal 0.555799 0 -0.831317
    outer loop
      vertex 128.751 -38.3902 0.1493157
      vertex 129.387 -1.60982 0.5745307
      vertex 129.387 -38.3902 0.5745307
    endloop
  endfacet
  facet normal 0.555799 0 -0.831317
    outer loop
      vertex 129.387 -1.60982 0.5745307
      vertex 128.751 -38.3902 0.1493157
      vertex 128.751 -1.60982 0.1493157
    endloop
  endfacet
  facet normal 0.706979 -0.707235 0
    outer loop
      vertex 129.111 -39.6629 13.9615707
      vertex 129.663 -39.1111 1.9615707
      vertex 129.663 -39.1111 13.9615707
    endloop
  endfacet
  facet normal 0.706979 -0.707235 0
    outer loop
      vertex 129.663 -39.1111 1.9615707
      vertex 129.111 -39.6629 13.9615707
      vertex 129.111 -39.6629 1.9615707
    endloop
  endfacet
  facet normal 0.700182 0.700438 -0.138317
    outer loop
      vertex 129.663 -0.888859 1.9615707
      vertex 129.027 -0.33706 1.5363507
      vertex 129.111 -0.33706 1.9615707
    endloop
  endfacet
  facet normal -0.700182 -0.700436 0.138324
    outer loop
      vertex -129.027 -39.6629 14.3867707
      vertex -129.663 -39.1111 13.9615707
      vertex -129.111 -39.6629 13.9615707
    endloop
  endfacet
  facet normal -0.194986 0 0.980806
    outer loop
      vertex -128.751 -1.60982 15.7738707
      vertex -128 -38.3902 15.9231707
      vertex -128 -1.60982 15.9231707
    endloop
  endfacet
  facet normal -0.194986 0 0.980806
    outer loop
      vertex -128 -38.3902 15.9231707
      vertex -128.751 -1.60982 15.7738707
      vertex -128.751 -38.3902 15.7738707
    endloop
  endfacet
  facet normal 0 -0.707106 -0.707107
    outer loop
      vertex -128 -39.6629 0.8504297
      vertex 128 -39.1111 0.2986307
      vertex 128 -39.6629 0.8504297
    endloop
  endfacet
  facet normal -0 -0.707106 -0.707107
    outer loop
      vertex 128 -39.1111 0.2986307
      vertex -128 -39.6629 0.8504297
      vertex -128 -39.1111 0.2986307
    endloop
  endfacet
  facet normal -0 0 1
    outer loop
      vertex -60.4746 -21.8104 15.9231707
      vertex -60.4469 -28.3999 15.9231707
      vertex -60.4469 -21.6001 15.9231707
    endloop
  endfacet
  facet normal 0 0 1
    outer loop
      vertex -60.4746 -21.8104 15.9231707
      vertex -60.4746 -28.1896 15.9231707
      vertex -60.4469 -28.3999 15.9231707
    endloop
  endfacet
  facet normal -0 0 1
    outer loop
      vertex -60.4793 -21.8468 15.9231707
      vertex -60.4746 -28.1896 15.9231707
      vertex -60.4746 -21.8104 15.9231707
    endloop
  endfacet
  facet normal 0 0 1
    outer loop
      vertex -60.4793 -21.8468 15.9231707
      vertex -60.4793 -28.1532 15.9231707
      vertex -60.4746 -28.1896 15.9231707
    endloop
  endfacet
  facet normal -0 0 1
    outer loop
      vertex -60.5605 -22.0427 15.9231707
      vertex -60.4793 -28.1532 15.9231707
      vertex -60.4793 -21.8468 15.9231707
    endloop
  endfacet
  facet normal 0 0 1
    outer loop
      vertex -60.5605 -22.0427 15.9231707
      vertex -60.5605 -27.9573 15.9231707
      vertex -60.4793 -28.1532 15.9231707
    endloop
  endfacet
  facet normal -0 0 1
    outer loop
      vertex -60.5746 -22.0766 15.9231707
      vertex -60.5605 -27.9573 15.9231707
      vertex -60.5605 -22.0427 15.9231707
    endloop
  endfacet
  facet normal 0 0 1
    outer loop
      vertex -60.5746 -22.0766 15.9231707
      vertex -60.5746 -27.9234 15.9231707
      vertex -60.5605 -27.9573 15.9231707
    endloop
  endfacet
  facet normal -0 0 1
    outer loop
      vertex -60.7037 -22.2449 15.9231707
      vertex -60.5746 -27.9234 15.9231707
      vertex -60.5746 -22.0766 15.9231707
    endloop
  endfacet
  facet normal 0 0 1
    outer loop
      vertex -60.7037 -22.2449 15.9231707
      vertex -60.7037 -27.7551 15.9231707
      vertex -60.5746 -27.9234 15.9231707
    endloop
  endfacet
  facet normal -0 0 1
    outer loop
      vertex -60.726 -22.274 15.9231707
      vertex -60.7037 -27.7551 15.9231707
      vertex -60.7037 -22.2449 15.9231707
    endloop
  endfacet
  facet normal 0 0 1
    outer loop
      vertex -60.726 -22.274 15.9231707
      vertex -60.726 -27.726 15.9231707
      vertex -60.7037 -27.7551 15.9231707
    endloop
  endfacet
  facet normal -0 0 1
    outer loop
      vertex -60.7551 -22.2964 15.9231707
      vertex -60.726 -27.726 15.9231707
      vertex -60.726 -22.274 15.9231707
    endloop
  endfacet
  facet normal 0 0 1
    outer loop
      vertex -60.7551 -22.2964 15.9231707
      vertex -60.7551 -27.7036 15.9231707
      vertex -60.726 -27.726 15.9231707
    endloop
  endfacet
  facet normal -0 0 1
    outer loop
      vertex -60.9234 -22.4254 15.9231707
      vertex -60.7551 -27.7036 15.9231707
      vertex -60.7551 -22.2964 15.9231707
    endloop
  endfacet
  facet normal 0 0 1
    outer loop
      vertex -60.9234 -22.4254 15.9231707
      vertex -60.9234 -27.5746 15.9231707
      vertex -60.7551 -27.7036 15.9231707
    endloop
  endfacet
  facet normal -0 0 1
    outer loop
      vertex -60.9573 -22.4395 15.9231707
      vertex -60.9234 -27.5746 15.9231707
      vertex -60.9234 -22.4254 15.9231707
    endloop
  endfacet
  facet normal 0 0 1
    outer loop
      vertex -60.9573 -22.4395 15.9231707
      vertex -60.9573 -27.5605 15.9231707
      vertex -60.9234 -27.5746 15.9231707
    endloop
  endfacet
  facet normal -0 0 1
    outer loop
      vertex -61.1532 -22.5207 15.9231707
      vertex -60.9573 -27.5605 15.9231707
      vertex -60.9573 -22.4395 15.9231707
    endloop
  endfacet
  facet normal 0 0 1
    outer loop
      vertex -61.1532 -22.5207 15.9231707
      vertex -61.1532 -27.4793 15.9231707
      vertex -60.9573 -27.5605 15.9231707
    endloop
  endfacet
  facet normal -0 0 1
    outer loop
      vertex -61.1896 -22.5254 15.9231707
      vertex -61.1532 -27.4793 15.9231707
      vertex -61.1532 -22.5207 15.9231707
    endloop
  endfacet
  facet normal 0 0 1
    outer loop
      vertex -61.1896 -22.5254 15.9231707
      vertex -61.1896 -27.4746 15.9231707
      vertex -61.1532 -27.4793 15.9231707
    endloop
  endfacet
  facet normal -0 0 1
    outer loop
      vertex -61.3999 -22.5531 15.9231707
      vertex -61.1896 -27.4746 15.9231707
      vertex -61.1896 -22.5254 15.9231707
    endloop
  endfacet
  facet normal 0 0 1
    outer loop
      vertex -61.3999 -22.5531 15.9231707
      vertex -61.3999 -27.4469 15.9231707
      vertex -61.1896 -27.4746 15.9231707
    endloop
  endfacet
  facet normal -0 0 1
    outer loop
      vertex -68.6001 -22.5531 15.9231707
      vertex -61.3999 -27.4469 15.9231707
      vertex -61.3999 -22.5531 15.9231707
    endloop
  endfacet
  facet normal 0 0 1
    outer loop
      vertex -68.6001 -22.5531 15.9231707
      vertex -68.6001 -27.4469 15.9231707
      vertex -61.3999 -27.4469 15.9231707
    endloop
  endfacet
  facet normal 0 0 1
    outer loop
      vertex -68.8104 -22.5254 15.9231707
      vertex -68.6001 -27.4469 15.9231707
      vertex -68.6001 -22.5531 15.9231707
    endloop
  endfacet
  facet normal 0 0 1
    outer loop
      vertex -68.8104 -22.5254 15.9231707
      vertex -68.8104 -27.4746 15.9231707
      vertex -68.6001 -27.4469 15.9231707
    endloop
  endfacet
  facet normal 0 0 1
    outer loop
      vertex -68.8468 -22.5207 15.9231707
      vertex -68.8104 -27.4746 15.9231707
      vertex -68.8104 -22.5254 15.9231707
    endloop
  endfacet
  facet normal 0 0 1
    outer loop
      vertex -68.8468 -22.5207 15.9231707
      vertex -68.8468 -27.4793 15.9231707
      vertex -68.8104 -27.4746 15.9231707
    endloop
  endfacet
  facet normal 0 0 1
    outer loop
      vertex -69.0427 -22.4395 15.9231707
      vertex -68.8468 -27.4793 15.9231707
      vertex -68.8468 -22.5207 15.9231707
    endloop
  endfacet
  facet normal 0 0 1
    outer loop
      vertex -69.0427 -22.4395 15.9231707
      vertex -69.0427 -27.5605 15.9231707
      vertex -68.8468 -27.4793 15.9231707
    endloop
  endfacet
  facet normal 0 0 1
    outer loop
      vertex -69.0766 -22.4254 15.9231707
      vertex -69.0427 -27.5605 15.9231707
      vertex -69.0427 -22.4395 15.9231707
    endloop
  endfacet
  facet normal 0 0 1
    outer loop
      vertex -69.0766 -22.4254 15.9231707
      vertex -69.0766 -27.5746 15.9231707
      vertex -69.0427 -27.5605 15.9231707
    endloop
  endfacet
  facet normal 0 0 1
    outer loop
      vertex -69.2449 -22.2964 15.9231707
      vertex -69.0766 -27.5746 15.9231707
      vertex -69.0766 -22.4254 15.9231707
    endloop
  endfacet
  facet normal 0 0 1
    outer loop
      vertex -69.2449 -22.2964 15.9231707
      vertex -69.2449 -27.7036 15.9231707
      vertex -69.0766 -27.5746 15.9231707
    endloop
  endfacet
  facet normal 0 0 1
    outer loop
      vertex -69.274 -22.274 15.9231707
      vertex -69.2449 -27.7036 15.9231707
      vertex -69.2449 -22.2964 15.9231707
    endloop
  endfacet
  facet normal 0 0 1
    outer loop
      vertex -69.274 -22.274 15.9231707
      vertex -69.274 -27.726 15.9231707
      vertex -69.2449 -27.7036 15.9231707
    endloop
  endfacet
  facet normal 0 0 1
    outer loop
      vertex -69.2963 -22.2449 15.9231707
      vertex -69.274 -27.726 15.9231707
      vertex -69.274 -22.274 15.9231707
    endloop
  endfacet
  facet normal 0 0 1
    outer loop
      vertex -69.2963 -22.2449 15.9231707
      vertex -69.2963 -27.7551 15.9231707
      vertex -69.274 -27.726 15.9231707
    endloop
  endfacet
  facet normal 0 0 1
    outer loop
      vertex -69.4254 -22.0766 15.9231707
      vertex -69.2963 -27.7551 15.9231707
      vertex -69.2963 -22.2449 15.9231707
    endloop
  endfacet
  facet normal 0 0 1
    outer loop
      vertex -69.4254 -22.0766 15.9231707
      vertex -69.4254 -27.9234 15.9231707
      vertex -69.2963 -27.7551 15.9231707
    endloop
  endfacet
  facet normal 0 0 1
    outer loop
      vertex -69.4395 -22.0427 15.9231707
      vertex -69.4254 -27.9234 15.9231707
      vertex -69.4254 -22.0766 15.9231707
    endloop
  endfacet
  facet normal 0 0 1
    outer loop
      vertex -69.4395 -22.0427 15.9231707
      vertex -69.4395 -27.9573 15.9231707
      vertex -69.4254 -27.9234 15.9231707
    endloop
  endfacet
  facet normal 0 0 1
    outer loop
      vertex -69.5207 -21.8468 15.9231707
      vertex -69.4395 -27.9573 15.9231707
      vertex -69.4395 -22.0427 15.9231707
    endloop
  endfacet
  facet normal 0 0 1
    outer loop
      vertex -69.5207 -21.8468 15.9231707
      vertex -69.5207 -28.1532 15.9231707
      vertex -69.4395 -27.9573 15.9231707
    endloop
  endfacet
  facet normal 0 0 1
    outer loop
      vertex -69.5255 -21.8104 15.9231707
      vertex -69.5207 -28.1532 15.9231707
      vertex -69.5207 -21.8468 15.9231707
    endloop
  endfacet
  facet normal 0 0 1
    outer loop
      vertex -69.5255 -21.8104 15.9231707
      vertex -69.5255 -28.1896 15.9231707
      vertex -69.5207 -28.1532 15.9231707
    endloop
  endfacet
  facet normal 0 0 1
    outer loop
      vertex -69.5531 -21.6001 15.9231707
      vertex -69.5255 -28.1896 15.9231707
      vertex -69.5255 -21.8104 15.9231707
    endloop
  endfacet
  facet normal 0 0 1
    outer loop
      vertex -69.5255 -28.1896 15.9231707
      vertex -69.5531 -21.6001 15.9231707
      vertex -69.5531 -28.3999 15.9231707
    endloop
  endfacet
  facet normal -0 0 1
    outer loop
      vertex 4.52545 -21.8104 15.9231707
      vertex 4.55312 -28.3999 15.9231707
      vertex 4.55312 -21.6001 15.9231707
    endloop
  endfacet
  facet normal 0 0 1
    outer loop
      vertex 4.52545 -21.8104 15.9231707
      vertex 4.52545 -28.1896 15.9231707
      vertex 4.55312 -28.3999 15.9231707
    endloop
  endfacet
  facet normal -0 0 1
    outer loop
      vertex 4.52066 -21.8468 15.9231707
      vertex 4.52545 -28.1896 15.9231707
      vertex 4.52545 -21.8104 15.9231707
    endloop
  endfacet
  facet normal 0 0 1
    outer loop
      vertex 4.52066 -21.8468 15.9231707
      vertex 4.52066 -28.1532 15.9231707
      vertex 4.52545 -28.1896 15.9231707
    endloop
  endfacet
  facet normal -0 0 1
    outer loop
      vertex 4.43949 -22.0427 15.9231707
      vertex 4.52066 -28.1532 15.9231707
      vertex 4.52066 -21.8468 15.9231707
    endloop
  endfacet
  facet normal 0 0 1
    outer loop
      vertex 4.43949 -22.0427 15.9231707
      vertex 4.43949 -27.9573 15.9231707
      vertex 4.52066 -28.1532 15.9231707
    endloop
  endfacet
  facet normal -0 0 1
    outer loop
      vertex 4.42545 -22.0766 15.9231707
      vertex 4.43949 -27.9573 15.9231707
      vertex 4.43949 -22.0427 15.9231707
    endloop
  endfacet
  facet normal 0 0 1
    outer loop
      vertex 4.42545 -22.0766 15.9231707
      vertex 4.42545 -27.9234 15.9231707
      vertex 4.43949 -27.9573 15.9231707
    endloop
  endfacet
  facet normal -0 0 1
    outer loop
      vertex 4.29635 -22.2449 15.9231707
      vertex 4.42545 -27.9234 15.9231707
      vertex 4.42545 -22.0766 15.9231707
    endloop
  endfacet
  facet normal 0 0 1
    outer loop
      vertex 4.29635 -22.2449 15.9231707
      vertex 4.29635 -27.7551 15.9231707
      vertex 4.42545 -27.9234 15.9231707
    endloop
  endfacet
  facet normal -0 0 1
    outer loop
      vertex 4.27401 -22.274 15.9231707
      vertex 4.29635 -27.7551 15.9231707
      vertex 4.29635 -22.2449 15.9231707
    endloop
  endfacet
  facet normal 0 0 1
    outer loop
      vertex 4.27401 -22.274 15.9231707
      vertex 4.27401 -27.726 15.9231707
      vertex 4.29635 -27.7551 15.9231707
    endloop
  endfacet
  facet normal -0 0 1
    outer loop
      vertex 4.24488 -22.2964 15.9231707
      vertex 4.27401 -27.726 15.9231707
      vertex 4.27401 -22.274 15.9231707
    endloop
  endfacet
  facet normal 0 0 1
    outer loop
      vertex 4.24488 -22.2964 15.9231707
      vertex 4.24488 -27.7036 15.9231707
      vertex 4.27401 -27.726 15.9231707
    endloop
  endfacet
  facet normal -0 0 1
    outer loop
      vertex 4.07663 -22.4254 15.9231707
      vertex 4.24488 -27.7036 15.9231707
      vertex 4.24488 -22.2964 15.9231707
    endloop
  endfacet
  facet normal 0 0 1
    outer loop
      vertex 4.07663 -22.4254 15.9231707
      vertex 4.07663 -27.5746 15.9231707
      vertex 4.24488 -27.7036 15.9231707
    endloop
  endfacet
  facet normal -0 0 1
    outer loop
      vertex 4.04272 -22.4395 15.9231707
      vertex 4.07663 -27.5746 15.9231707
      vertex 4.07663 -22.4254 15.9231707
    endloop
  endfacet
  facet normal 0 0 1
    outer loop
      vertex 4.04272 -22.4395 15.9231707
      vertex 4.04272 -27.5605 15.9231707
      vertex 4.07663 -27.5746 15.9231707
    endloop
  endfacet
  facet normal -0 0 1
    outer loop
      vertex 3.8468 -22.5207 15.9231707
      vertex 4.04272 -27.5605 15.9231707
      vertex 4.04272 -22.4395 15.9231707
    endloop
  endfacet
  facet normal 0 0 1
    outer loop
      vertex 3.8468 -22.5207 15.9231707
      vertex 3.8468 -27.4793 15.9231707
      vertex 4.04272 -27.5605 15.9231707
    endloop
  endfacet
  facet normal -0 0 1
    outer loop
      vertex 3.81041 -22.5254 15.9231707
      vertex 3.8468 -27.4793 15.9231707
      vertex 3.8468 -22.5207 15.9231707
    endloop
  endfacet
  facet normal 0 0 1
    outer loop
      vertex 3.81041 -22.5254 15.9231707
      vertex 3.81041 -27.4746 15.9231707
      vertex 3.8468 -27.4793 15.9231707
    endloop
  endfacet
  facet normal -0 0 1
    outer loop
      vertex 3.60014 -22.5531 15.9231707
      vertex 3.81041 -27.4746 15.9231707
      vertex 3.81041 -22.5254 15.9231707
    endloop
  endfacet
  facet normal 0 0 1
    outer loop
      vertex 3.60014 -22.5531 15.9231707
      vertex 3.60014 -27.4469 15.9231707
      vertex 3.81041 -27.4746 15.9231707
    endloop
  endfacet
  facet normal -0 0 1
    outer loop
      vertex -3.60014 -22.5531 15.9231707
      vertex 3.60014 -27.4469 15.9231707
      vertex 3.60014 -22.5531 15.9231707
    endloop
  endfacet
  facet normal 0 0 1
    outer loop
      vertex -3.60014 -22.5531 15.9231707
      vertex -3.60014 -27.4469 15.9231707
      vertex 3.60014 -27.4469 15.9231707
    endloop
  endfacet
  facet normal 0 0 1
    outer loop
      vertex -3.81041 -22.5254 15.9231707
      vertex -3.60014 -27.4469 15.9231707
      vertex -3.60014 -22.5531 15.9231707
    endloop
  endfacet
  facet normal 0 0 1
    outer loop
      vertex -3.81041 -22.5254 15.9231707
      vertex -3.81041 -27.4746 15.9231707
      vertex -3.60014 -27.4469 15.9231707
    endloop
  endfacet
  facet normal 0 0 1
    outer loop
      vertex -3.8468 -22.5207 15.9231707
      vertex -3.81041 -27.4746 15.9231707
      vertex -3.81041 -22.5254 15.9231707
    endloop
  endfacet
  facet normal 0 0 1
    outer loop
      vertex -3.8468 -22.5207 15.9231707
      vertex -3.8468 -27.4793 15.9231707
      vertex -3.81041 -27.4746 15.9231707
    endloop
  endfacet
  facet normal 0 0 1
    outer loop
      vertex -4.04272 -22.4395 15.9231707
      vertex -3.8468 -27.4793 15.9231707
      vertex -3.8468 -22.5207 15.9231707
    endloop
  endfacet
  facet normal 0 0 1
    outer loop
      vertex -4.04272 -22.4395 15.9231707
      vertex -4.04272 -27.5605 15.9231707
      vertex -3.8468 -27.4793 15.9231707
    endloop
  endfacet
  facet normal 0 0 1
    outer loop
      vertex -4.07663 -22.4254 15.9231707
      vertex -4.04272 -27.5605 15.9231707
      vertex -4.04272 -22.4395 15.9231707
    endloop
  endfacet
  facet normal 0 0 1
    outer loop
      vertex -4.07663 -22.4254 15.9231707
      vertex -4.07663 -27.5746 15.9231707
      vertex -4.04272 -27.5605 15.9231707
    endloop
  endfacet
  facet normal 0 0 1
    outer loop
      vertex -4.24488 -22.2964 15.9231707
      vertex -4.07663 -27.5746 15.9231707
      vertex -4.07663 -22.4254 15.9231707
    endloop
  endfacet
  facet normal 0 0 1
    outer loop
      vertex -4.24488 -22.2964 15.9231707
      vertex -4.24488 -27.7036 15.9231707
      vertex -4.07663 -27.5746 15.9231707
    endloop
  endfacet
  facet normal 0 0 1
    outer loop
      vertex -4.27401 -22.274 15.9231707
      vertex -4.24488 -27.7036 15.9231707
      vertex -4.24488 -22.2964 15.9231707
    endloop
  endfacet
  facet normal 0 0 1
    outer loop
      vertex -4.27401 -22.274 15.9231707
      vertex -4.27401 -27.726 15.9231707
      vertex -4.24488 -27.7036 15.9231707
    endloop
  endfacet
  facet normal 0 0 1
    outer loop
      vertex -4.29635 -22.2449 15.9231707
      vertex -4.27401 -27.726 15.9231707
      vertex -4.27401 -22.274 15.9231707
    endloop
  endfacet
  facet normal 0 0 1
    outer loop
      vertex -4.29635 -22.2449 15.9231707
      vertex -4.29635 -27.7551 15.9231707
      vertex -4.27401 -27.726 15.9231707
    endloop
  endfacet
  facet normal 0 0 1
    outer loop
      vertex -4.42545 -22.0766 15.9231707
      vertex -4.29635 -27.7551 15.9231707
      vertex -4.29635 -22.2449 15.9231707
    endloop
  endfacet
  facet normal 0 0 1
    outer loop
      vertex -4.42545 -22.0766 15.9231707
      vertex -4.42545 -27.9234 15.9231707
      vertex -4.29635 -27.7551 15.9231707
    endloop
  endfacet
  facet normal 0 0 1
    outer loop
      vertex -4.43949 -22.0427 15.9231707
      vertex -4.42545 -27.9234 15.9231707
      vertex -4.42545 -22.0766 15.9231707
    endloop
  endfacet
  facet normal 0 0 1
    outer loop
      vertex -4.43949 -22.0427 15.9231707
      vertex -4.43949 -27.9573 15.9231707
      vertex -4.42545 -27.9234 15.9231707
    endloop
  endfacet
  facet normal 0 0 1
    outer loop
      vertex -4.52066 -21.8468 15.9231707
      vertex -4.43949 -27.9573 15.9231707
      vertex -4.43949 -22.0427 15.9231707
    endloop
  endfacet
  facet normal 0 0 1
    outer loop
      vertex -4.52066 -21.8468 15.9231707
      vertex -4.52066 -28.1532 15.9231707
      vertex -4.43949 -27.9573 15.9231707
    endloop
  endfacet
  facet normal 0 0 1
    outer loop
      vertex -4.52545 -21.8104 15.9231707
      vertex -4.52066 -28.1532 15.9231707
      vertex -4.52066 -21.8468 15.9231707
    endloop
  endfacet
  facet normal 0 0 1
    outer loop
      vertex -4.52545 -21.8104 15.9231707
      vertex -4.52545 -28.1896 15.9231707
      vertex -4.52066 -28.1532 15.9231707
    endloop
  endfacet
  facet normal 0 0 1
    outer loop
      vertex -4.55312 -21.6001 15.9231707
      vertex -4.52545 -28.1896 15.9231707
      vertex -4.52545 -21.8104 15.9231707
    endloop
  endfacet
  facet normal 0 0 1
    outer loop
      vertex -4.52545 -28.1896 15.9231707
      vertex -4.55312 -21.6001 15.9231707
      vertex -4.55312 -28.3999 15.9231707
    endloop
  endfacet
  facet normal -0 0 1
    outer loop
      vertex 69.5255 -21.8104 15.9231707
      vertex 69.5531 -28.3999 15.9231707
      vertex 69.5531 -21.6001 15.9231707
    endloop
  endfacet
  facet normal 0 0 1
    outer loop
      vertex 69.5255 -21.8104 15.9231707
      vertex 69.5255 -28.1896 15.9231707
      vertex 69.5531 -28.3999 15.9231707
    endloop
  endfacet
  facet normal -0 0 1
    outer loop
      vertex 69.5207 -21.8468 15.9231707
      vertex 69.5255 -28.1896 15.9231707
      vertex 69.5255 -21.8104 15.9231707
    endloop
  endfacet
  facet normal 0 0 1
    outer loop
      vertex 69.5207 -21.8468 15.9231707
      vertex 69.5207 -28.1532 15.9231707
      vertex 69.5255 -28.1896 15.9231707
    endloop
  endfacet
  facet normal -0 0 1
    outer loop
      vertex 69.4395 -22.0427 15.9231707
      vertex 69.5207 -28.1532 15.9231707
      vertex 69.5207 -21.8468 15.9231707
    endloop
  endfacet
  facet normal 0 0 1
    outer loop
      vertex 69.4395 -22.0427 15.9231707
      vertex 69.4395 -27.9573 15.9231707
      vertex 69.5207 -28.1532 15.9231707
    endloop
  endfacet
  facet normal -0 0 1
    outer loop
      vertex 69.4254 -22.0766 15.9231707
      vertex 69.4395 -27.9573 15.9231707
      vertex 69.4395 -22.0427 15.9231707
    endloop
  endfacet
  facet normal 0 0 1
    outer loop
      vertex 69.4254 -22.0766 15.9231707
      vertex 69.4254 -27.9234 15.9231707
      vertex 69.4395 -27.9573 15.9231707
    endloop
  endfacet
  facet normal -0 0 1
    outer loop
      vertex 69.2963 -22.2449 15.9231707
      vertex 69.4254 -27.9234 15.9231707
      vertex 69.4254 -22.0766 15.9231707
    endloop
  endfacet
  facet normal 0 0 1
    outer loop
      vertex 69.2963 -22.2449 15.9231707
      vertex 69.2963 -27.7551 15.9231707
      vertex 69.4254 -27.9234 15.9231707
    endloop
  endfacet
  facet normal -0 0 1
    outer loop
      vertex 69.274 -22.274 15.9231707
      vertex 69.2963 -27.7551 15.9231707
      vertex 69.2963 -22.2449 15.9231707
    endloop
  endfacet
  facet normal 0 0 1
    outer loop
      vertex 69.274 -22.274 15.9231707
      vertex 69.274 -27.726 15.9231707
      vertex 69.2963 -27.7551 15.9231707
    endloop
  endfacet
  facet normal -0 0 1
    outer loop
      vertex 69.2449 -22.2964 15.9231707
      vertex 69.274 -27.726 15.9231707
      vertex 69.274 -22.274 15.9231707
    endloop
  endfacet
  facet normal 0 0 1
    outer loop
      vertex 69.2449 -22.2964 15.9231707
      vertex 69.2449 -27.7036 15.9231707
      vertex 69.274 -27.726 15.9231707
    endloop
  endfacet
  facet normal -0 0 1
    outer loop
      vertex 69.0766 -22.4254 15.9231707
      vertex 69.2449 -27.7036 15.9231707
      vertex 69.2449 -22.2964 15.9231707
    endloop
  endfacet
  facet normal 0 0 1
    outer loop
      vertex 69.0766 -22.4254 15.9231707
      vertex 69.0766 -27.5746 15.9231707
      vertex 69.2449 -27.7036 15.9231707
    endloop
  endfacet
  facet normal -0 0 1
    outer loop
      vertex 69.0427 -22.4395 15.9231707
      vertex 69.0766 -27.5746 15.9231707
      vertex 69.0766 -22.4254 15.9231707
    endloop
  endfacet
  facet normal 0 0 1
    outer loop
      vertex 69.0427 -22.4395 15.9231707
      vertex 69.0427 -27.5605 15.9231707
      vertex 69.0766 -27.5746 15.9231707
    endloop
  endfacet
  facet normal -0 0 1
    outer loop
      vertex 68.8468 -22.5207 15.9231707
      vertex 69.0427 -27.5605 15.9231707
      vertex 69.0427 -22.4395 15.9231707
    endloop
  endfacet
  facet normal 0 0 1
    outer loop
      vertex 68.8468 -22.5207 15.9231707
      vertex 68.8468 -27.4793 15.9231707
      vertex 69.0427 -27.5605 15.9231707
    endloop
  endfacet
  facet normal -0 0 1
    outer loop
      vertex 68.8104 -22.5254 15.9231707
      vertex 68.8468 -27.4793 15.9231707
      vertex 68.8468 -22.5207 15.9231707
    endloop
  endfacet
  facet normal 0 0 1
    outer loop
      vertex 68.8104 -22.5254 15.9231707
      vertex 68.8104 -27.4746 15.9231707
      vertex 68.8468 -27.4793 15.9231707
    endloop
  endfacet
  facet normal -0 0 1
    outer loop
      vertex 68.6001 -22.5531 15.9231707
      vertex 68.8104 -27.4746 15.9231707
      vertex 68.8104 -22.5254 15.9231707
    endloop
  endfacet
  facet normal 0 0 1
    outer loop
      vertex 68.6001 -22.5531 15.9231707
      vertex 68.6001 -27.4469 15.9231707
      vertex 68.8104 -27.4746 15.9231707
    endloop
  endfacet
  facet normal -0 0 1
    outer loop
      vertex 61.3999 -22.5531 15.9231707
      vertex 68.6001 -27.4469 15.9231707
      vertex 68.6001 -22.5531 15.9231707
    endloop
  endfacet
  facet normal 0 0 1
    outer loop
      vertex 61.3999 -22.5531 15.9231707
      vertex 61.3999 -27.4469 15.9231707
      vertex 68.6001 -27.4469 15.9231707
    endloop
  endfacet
  facet normal 0 0 1
    outer loop
      vertex 61.1896 -22.5254 15.9231707
      vertex 61.3999 -27.4469 15.9231707
      vertex 61.3999 -22.5531 15.9231707
    endloop
  endfacet
  facet normal 0 0 1
    outer loop
      vertex 61.1896 -22.5254 15.9231707
      vertex 61.1896 -27.4746 15.9231707
      vertex 61.3999 -27.4469 15.9231707
    endloop
  endfacet
  facet normal 0 0 1
    outer loop
      vertex 61.1532 -22.5207 15.9231707
      vertex 61.1896 -27.4746 15.9231707
      vertex 61.1896 -22.5254 15.9231707
    endloop
  endfacet
  facet normal 0 0 1
    outer loop
      vertex 61.1532 -22.5207 15.9231707
      vertex 61.1532 -27.4793 15.9231707
      vertex 61.1896 -27.4746 15.9231707
    endloop
  endfacet
  facet normal 0 0 1
    outer loop
      vertex 60.9573 -22.4395 15.9231707
      vertex 61.1532 -27.4793 15.9231707
      vertex 61.1532 -22.5207 15.9231707
    endloop
  endfacet
  facet normal 0 0 1
    outer loop
      vertex 60.9573 -22.4395 15.9231707
      vertex 60.9573 -27.5605 15.9231707
      vertex 61.1532 -27.4793 15.9231707
    endloop
  endfacet
  facet normal 0 0 1
    outer loop
      vertex 60.9234 -22.4254 15.9231707
      vertex 60.9573 -27.5605 15.9231707
      vertex 60.9573 -22.4395 15.9231707
    endloop
  endfacet
  facet normal 0 0 1
    outer loop
      vertex 60.9234 -22.4254 15.9231707
      vertex 60.9234 -27.5746 15.9231707
      vertex 60.9573 -27.5605 15.9231707
    endloop
  endfacet
  facet normal 0 0 1
    outer loop
      vertex 60.7551 -22.2964 15.9231707
      vertex 60.9234 -27.5746 15.9231707
      vertex 60.9234 -22.4254 15.9231707
    endloop
  endfacet
  facet normal 0 0 1
    outer loop
      vertex 60.7551 -22.2964 15.9231707
      vertex 60.7551 -27.7036 15.9231707
      vertex 60.9234 -27.5746 15.9231707
    endloop
  endfacet
  facet normal 0 0 1
    outer loop
      vertex 60.726 -22.274 15.9231707
      vertex 60.7551 -27.7036 15.9231707
      vertex 60.7551 -22.2964 15.9231707
    endloop
  endfacet
  facet normal 0 0 1
    outer loop
      vertex 60.726 -22.274 15.9231707
      vertex 60.726 -27.726 15.9231707
      vertex 60.7551 -27.7036 15.9231707
    endloop
  endfacet
  facet normal 0 0 1
    outer loop
      vertex 60.7037 -22.2449 15.9231707
      vertex 60.726 -27.726 15.9231707
      vertex 60.726 -22.274 15.9231707
    endloop
  endfacet
  facet normal 0 0 1
    outer loop
      vertex 60.7037 -22.2449 15.9231707
      vertex 60.7037 -27.7551 15.9231707
      vertex 60.726 -27.726 15.9231707
    endloop
  endfacet
  facet normal 0 0 1
    outer loop
      vertex 60.5746 -22.0766 15.9231707
      vertex 60.7037 -27.7551 15.9231707
      vertex 60.7037 -22.2449 15.9231707
    endloop
  endfacet
  facet normal 0 0 1
    outer loop
      vertex 60.5746 -22.0766 15.9231707
      vertex 60.5746 -27.9234 15.9231707
      vertex 60.7037 -27.7551 15.9231707
    endloop
  endfacet
  facet normal 0 0 1
    outer loop
      vertex 60.5605 -22.0427 15.9231707
      vertex 60.5746 -27.9234 15.9231707
      vertex 60.5746 -22.0766 15.9231707
    endloop
  endfacet
  facet normal 0 0 1
    outer loop
      vertex 60.5605 -22.0427 15.9231707
      vertex 60.5605 -27.9573 15.9231707
      vertex 60.5746 -27.9234 15.9231707
    endloop
  endfacet
  facet normal 0 0 1
    outer loop
      vertex 60.4793 -21.8468 15.9231707
      vertex 60.5605 -27.9573 15.9231707
      vertex 60.5605 -22.0427 15.9231707
    endloop
  endfacet
  facet normal 0 0 1
    outer loop
      vertex 60.4793 -21.8468 15.9231707
      vertex 60.4793 -28.1532 15.9231707
      vertex 60.5605 -27.9573 15.9231707
    endloop
  endfacet
  facet normal 0 0 1
    outer loop
      vertex 60.4746 -21.8104 15.9231707
      vertex 60.4793 -28.1532 15.9231707
      vertex 60.4793 -21.8468 15.9231707
    endloop
  endfacet
  facet normal 0 0 1
    outer loop
      vertex 60.4746 -21.8104 15.9231707
      vertex 60.4746 -28.1896 15.9231707
      vertex 60.4793 -28.1532 15.9231707
    endloop
  endfacet
  facet normal 0 0 1
    outer loop
      vertex 60.4469 -21.6001 15.9231707
      vertex 60.4746 -28.1896 15.9231707
      vertex 60.4746 -21.8104 15.9231707
    endloop
  endfacet
  facet normal 0 0 1
    outer loop
      vertex 60.4746 -28.1896 15.9231707
      vertex 60.4469 -21.6001 15.9231707
      vertex 60.4469 -28.3999 15.9231707
    endloop
  endfacet
  facet normal 0 0 1
    outer loop
      vertex 69.5531 -21.6001 15.9231707
      vertex 128 -1.60982 15.9231707
      vertex 69.5531 -14.3999 15.9231707
    endloop
  endfacet
  facet normal 0 0 1
    outer loop
      vertex 128 -1.60982 15.9231707
      vertex 69.5255 -14.1896 15.9231707
      vertex 69.5531 -14.3999 15.9231707
    endloop
  endfacet
  facet normal 0 0 1
    outer loop
      vertex 128 -1.60982 15.9231707
      vertex 69.5207 -14.1532 15.9231707
      vertex 69.5255 -14.1896 15.9231707
    endloop
  endfacet
  facet normal 0 0 1
    outer loop
      vertex 128 -1.60982 15.9231707
      vertex 69.4395 -13.9573 15.9231707
      vertex 69.5207 -14.1532 15.9231707
    endloop
  endfacet
  facet normal 0 0 1
    outer loop
      vertex 128 -1.60982 15.9231707
      vertex 69.4254 -13.9234 15.9231707
      vertex 69.4395 -13.9573 15.9231707
    endloop
  endfacet
  facet normal 0 0 1
    outer loop
      vertex 128 -1.60982 15.9231707
      vertex 69.2963 -13.7551 15.9231707
      vertex 69.4254 -13.9234 15.9231707
    endloop
  endfacet
  facet normal 0 0 1
    outer loop
      vertex 128 -1.60982 15.9231707
      vertex 69.274 -13.726 15.9231707
      vertex 69.2963 -13.7551 15.9231707
    endloop
  endfacet
  facet normal 0 0 1
    outer loop
      vertex 128 -1.60982 15.9231707
      vertex 69.2449 -13.7036 15.9231707
      vertex 69.274 -13.726 15.9231707
    endloop
  endfacet
  facet normal 0 0 1
    outer loop
      vertex 128 -1.60982 15.9231707
      vertex 69.0766 -13.5746 15.9231707
      vertex 69.2449 -13.7036 15.9231707
    endloop
  endfacet
  facet normal 0 0 1
    outer loop
      vertex 128 -1.60982 15.9231707
      vertex 69.0427 -13.5605 15.9231707
      vertex 69.0766 -13.5746 15.9231707
    endloop
  endfacet
  facet normal 0 0 1
    outer loop
      vertex 128 -1.60982 15.9231707
      vertex 68.8468 -13.4793 15.9231707
      vertex 69.0427 -13.5605 15.9231707
    endloop
  endfacet
  facet normal 0 0 1
    outer loop
      vertex 128 -1.60982 15.9231707
      vertex 68.8104 -13.4746 15.9231707
      vertex 68.8468 -13.4793 15.9231707
    endloop
  endfacet
  facet normal 0 0 1
    outer loop
      vertex 128 -1.60982 15.9231707
      vertex 68.6001 -13.4469 15.9231707
      vertex 68.8104 -13.4746 15.9231707
    endloop
  endfacet
  facet normal 0 0 1
    outer loop
      vertex 128 -1.60982 15.9231707
      vertex 61.3999 -13.4469 15.9231707
      vertex 68.6001 -13.4469 15.9231707
    endloop
  endfacet
  facet normal 0 0 1
    outer loop
      vertex 3.60014 -13.4469 15.9231707
      vertex 61.3999 -13.4469 15.9231707
      vertex 128 -1.60982 15.9231707
    endloop
  endfacet
  facet normal 0 0 1
    outer loop
      vertex 61.3999 -13.4469 15.9231707
      vertex 3.60014 -13.4469 15.9231707
      vertex 61.1896 -13.4746 15.9231707
    endloop
  endfacet
  facet normal 0 0 -1
    outer loop
      vertex 61.1532 -13.4793 15.9231707
      vertex 60.9234 -13.5746 15.9231707
      vertex 60.9573 -13.5605 15.9231707
    endloop
  endfacet
  facet normal 0 0 -1
    outer loop
      vertex 60.9234 -13.5746 15.9231707
      vertex 60.726 -13.726 15.9231707
      vertex 60.7551 -13.7036 15.9231707
    endloop
  endfacet
  facet normal 0 0 1
    outer loop
      vertex 60.726 -13.726 15.9231707
      vertex 60.5746 -13.9234 15.9231707
      vertex 60.7037 -13.7551 15.9231707
    endloop
  endfacet
  facet normal 0 0 1
    outer loop
      vertex 60.4793 -14.1532 15.9231707
      vertex 60.4469 -14.3999 15.9231707
      vertex 60.4746 -14.1896 15.9231707
    endloop
  endfacet
  facet normal 0 0 1
    outer loop
      vertex 4.55312 -21.6001 15.9231707
      vertex 60.4469 -21.6001 15.9231707
      vertex 60.4469 -14.3999 15.9231707
    endloop
  endfacet
  facet normal 0 0 1
    outer loop
      vertex 60.4469 -21.6001 15.9231707
      vertex 4.55312 -21.6001 15.9231707
      vertex 60.4469 -28.3999 15.9231707
    endloop
  endfacet
  facet normal 0 0 1
    outer loop
      vertex 4.55312 -21.6001 15.9231707
      vertex 60.4469 -14.3999 15.9231707
      vertex 4.55312 -14.3999 15.9231707
    endloop
  endfacet
  facet normal 0 0 1
    outer loop
      vertex 60.4793 -14.1532 15.9231707
      vertex 4.55312 -14.3999 15.9231707
      vertex 60.4469 -14.3999 15.9231707
    endloop
  endfacet
  facet normal 0 0 1
    outer loop
      vertex 4.52066 -14.1532 15.9231707
      vertex 60.4793 -14.1532 15.9231707
      vertex 60.5605 -13.9573 15.9231707
    endloop
  endfacet
  facet normal 0 0 1
    outer loop
      vertex 4.52066 -14.1532 15.9231707
      vertex 60.5605 -13.9573 15.9231707
      vertex 60.5746 -13.9234 15.9231707
    endloop
  endfacet
  facet normal 0 0 1
    outer loop
      vertex 4.42545 -13.9234 15.9231707
      vertex 60.5746 -13.9234 15.9231707
      vertex 60.726 -13.726 15.9231707
    endloop
  endfacet
  facet normal 0 0 1
    outer loop
      vertex 4.27401 -13.726 15.9231707
      vertex 60.726 -13.726 15.9231707
      vertex 60.9234 -13.5746 15.9231707
    endloop
  endfacet
  facet normal 0 0 1
    outer loop
      vertex 4.07663 -13.5746 15.9231707
      vertex 60.9234 -13.5746 15.9231707
      vertex 61.1532 -13.4793 15.9231707
    endloop
  endfacet
  facet normal 0 0 1
    outer loop
      vertex 61.1896 -13.4746 15.9231707
      vertex 3.60014 -13.4469 15.9231707
      vertex 61.1532 -13.4793 15.9231707
    endloop
  endfacet
  facet normal 0 0 1
    outer loop
      vertex 60.4793 -14.1532 15.9231707
      vertex 4.52545 -14.1896 15.9231707
      vertex 4.55312 -14.3999 15.9231707
    endloop
  endfacet
  facet normal 0 0 1
    outer loop
      vertex 60.4793 -14.1532 15.9231707
      vertex 4.52066 -14.1532 15.9231707
      vertex 4.52545 -14.1896 15.9231707
    endloop
  endfacet
  facet normal 0 0 1
    outer loop
      vertex 60.5746 -13.9234 15.9231707
      vertex 4.43949 -13.9573 15.9231707
      vertex 4.52066 -14.1532 15.9231707
    endloop
  endfacet
  facet normal 0 0 1
    outer loop
      vertex 60.5746 -13.9234 15.9231707
      vertex 4.42545 -13.9234 15.9231707
      vertex 4.43949 -13.9573 15.9231707
    endloop
  endfacet
  facet normal 0 0 1
    outer loop
      vertex 60.726 -13.726 15.9231707
      vertex 4.29635 -13.7551 15.9231707
      vertex 4.42545 -13.9234 15.9231707
    endloop
  endfacet
  facet normal 0 0 1
    outer loop
      vertex 60.726 -13.726 15.9231707
      vertex 4.27401 -13.726 15.9231707
      vertex 4.29635 -13.7551 15.9231707
    endloop
  endfacet
  facet normal 0 0 1
    outer loop
      vertex 60.9234 -13.5746 15.9231707
      vertex 4.24488 -13.7036 15.9231707
      vertex 4.27401 -13.726 15.9231707
    endloop
  endfacet
  facet normal 0 0 1
    outer loop
      vertex 60.9234 -13.5746 15.9231707
      vertex 4.07663 -13.5746 15.9231707
      vertex 4.24488 -13.7036 15.9231707
    endloop
  endfacet
  facet normal 0 0 1
    outer loop
      vertex 61.1532 -13.4793 15.9231707
      vertex 4.04272 -13.5605 15.9231707
      vertex 4.07663 -13.5746 15.9231707
    endloop
  endfacet
  facet normal 0 0 1
    outer loop
      vertex 61.1532 -13.4793 15.9231707
      vertex 3.8468 -13.4793 15.9231707
      vertex 4.04272 -13.5605 15.9231707
    endloop
  endfacet
  facet normal 0 0 1
    outer loop
      vertex 61.1532 -13.4793 15.9231707
      vertex 3.81041 -13.4746 15.9231707
      vertex 3.8468 -13.4793 15.9231707
    endloop
  endfacet
  facet normal 0 0 1
    outer loop
      vertex 61.1532 -13.4793 15.9231707
      vertex 3.60014 -13.4469 15.9231707
      vertex 3.81041 -13.4746 15.9231707
    endloop
  endfacet
  facet normal 0 0 1
    outer loop
      vertex 128 -1.60982 15.9231707
      vertex -3.60014 -13.4469 15.9231707
      vertex 3.60014 -13.4469 15.9231707
    endloop
  endfacet
  facet normal 0 0 -1
    outer loop
      vertex -4.27401 -13.726 15.9231707
      vertex -4.42545 -13.9234 15.9231707
      vertex -4.29635 -13.7551 15.9231707
    endloop
  endfacet
  facet normal 0 0 1
    outer loop
      vertex -4.42545 -13.9234 15.9231707
      vertex -4.52066 -14.1532 15.9231707
      vertex -4.43949 -13.9573 15.9231707
    endloop
  endfacet
  facet normal 0 0 1
    outer loop
      vertex -60.4469 -21.6001 15.9231707
      vertex -4.55312 -21.6001 15.9231707
      vertex -4.55312 -14.3999 15.9231707
    endloop
  endfacet
  facet normal 0 0 1
    outer loop
      vertex -4.55312 -21.6001 15.9231707
      vertex -60.4469 -21.6001 15.9231707
      vertex -4.55312 -28.3999 15.9231707
    endloop
  endfacet
  facet normal 0 0 1
    outer loop
      vertex -60.4469 -21.6001 15.9231707
      vertex -4.55312 -14.3999 15.9231707
      vertex -60.4469 -14.3999 15.9231707
    endloop
  endfacet
  facet normal 0 0 1
    outer loop
      vertex -4.52545 -14.1896 15.9231707
      vertex -60.4469 -14.3999 15.9231707
      vertex -4.55312 -14.3999 15.9231707
    endloop
  endfacet
  facet normal 0 0 1
    outer loop
      vertex -4.52066 -14.1532 15.9231707
      vertex -60.4469 -14.3999 15.9231707
      vertex -4.52545 -14.1896 15.9231707
    endloop
  endfacet
  facet normal 0 0 1
    outer loop
      vertex -60.4793 -14.1532 15.9231707
      vertex -4.52066 -14.1532 15.9231707
      vertex -4.42545 -13.9234 15.9231707
    endloop
  endfacet
  facet normal 0 0 1
    outer loop
      vertex -60.5746 -13.9234 15.9231707
      vertex -4.42545 -13.9234 15.9231707
      vertex -4.27401 -13.726 15.9231707
    endloop
  endfacet
  facet normal 0 0 1
    outer loop
      vertex -60.726 -13.726 15.9231707
      vertex -4.27401 -13.726 15.9231707
      vertex -4.24488 -13.7036 15.9231707
    endloop
  endfacet
  facet normal 0 0 1
    outer loop
      vertex -60.726 -13.726 15.9231707
      vertex -4.24488 -13.7036 15.9231707
      vertex -4.07663 -13.5746 15.9231707
    endloop
  endfacet
  facet normal 0 0 1
    outer loop
      vertex -60.9234 -13.5746 15.9231707
      vertex -4.07663 -13.5746 15.9231707
      vertex -4.04272 -13.5605 15.9231707
    endloop
  endfacet
  facet normal 0 0 1
    outer loop
      vertex -60.9234 -13.5746 15.9231707
      vertex -4.04272 -13.5605 15.9231707
      vertex -3.8468 -13.4793 15.9231707
    endloop
  endfacet
  facet normal 0 0 1
    outer loop
      vertex -61.1532 -13.4793 15.9231707
      vertex -3.8468 -13.4793 15.9231707
      vertex -3.81041 -13.4746 15.9231707
    endloop
  endfacet
  facet normal 0 0 1
    outer loop
      vertex -61.1532 -13.4793 15.9231707
      vertex -3.81041 -13.4746 15.9231707
      vertex -3.60014 -13.4469 15.9231707
    endloop
  endfacet
  facet normal -0 0 1
    outer loop
      vertex -128 -1.60982 15.9231707
      vertex -3.60014 -13.4469 15.9231707
      vertex 128 -1.60982 15.9231707
    endloop
  endfacet
  facet normal 0 0 1
    outer loop
      vertex -4.52066 -14.1532 15.9231707
      vertex -60.4746 -14.1896 15.9231707
      vertex -60.4469 -14.3999 15.9231707
    endloop
  endfacet
  facet normal 0 0 1
    outer loop
      vertex -4.52066 -14.1532 15.9231707
      vertex -60.4793 -14.1532 15.9231707
      vertex -60.4746 -14.1896 15.9231707
    endloop
  endfacet
  facet normal 0 0 1
    outer loop
      vertex -4.42545 -13.9234 15.9231707
      vertex -60.5605 -13.9573 15.9231707
      vertex -60.4793 -14.1532 15.9231707
    endloop
  endfacet
  facet normal 0 0 1
    outer loop
      vertex -4.42545 -13.9234 15.9231707
      vertex -60.5746 -13.9234 15.9231707
      vertex -60.5605 -13.9573 15.9231707
    endloop
  endfacet
  facet normal 0 0 1
    outer loop
      vertex -4.27401 -13.726 15.9231707
      vertex -60.7037 -13.7551 15.9231707
      vertex -60.5746 -13.9234 15.9231707
    endloop
  endfacet
  facet normal 0 0 1
    outer loop
      vertex -4.27401 -13.726 15.9231707
      vertex -60.726 -13.726 15.9231707
      vertex -60.7037 -13.7551 15.9231707
    endloop
  endfacet
  facet normal 0 0 1
    outer loop
      vertex -4.07663 -13.5746 15.9231707
      vertex -60.7551 -13.7036 15.9231707
      vertex -60.726 -13.726 15.9231707
    endloop
  endfacet
  facet normal 0 0 1
    outer loop
      vertex -4.07663 -13.5746 15.9231707
      vertex -60.9234 -13.5746 15.9231707
      vertex -60.7551 -13.7036 15.9231707
    endloop
  endfacet
  facet normal 0 0 1
    outer loop
      vertex -3.8468 -13.4793 15.9231707
      vertex -60.9573 -13.5605 15.9231707
      vertex -60.9234 -13.5746 15.9231707
    endloop
  endfacet
  facet normal 0 0 1
    outer loop
      vertex -3.8468 -13.4793 15.9231707
      vertex -61.1532 -13.4793 15.9231707
      vertex -60.9573 -13.5605 15.9231707
    endloop
  endfacet
  facet normal 0 0 1
    outer loop
      vertex -3.60014 -13.4469 15.9231707
      vertex -61.1896 -13.4746 15.9231707
      vertex -61.1532 -13.4793 15.9231707
    endloop
  endfacet
  facet normal 0 0 1
    outer loop
      vertex -3.60014 -13.4469 15.9231707
      vertex -61.3999 -13.4469 15.9231707
      vertex -61.1896 -13.4746 15.9231707
    endloop
  endfacet
  facet normal 0 0 1
    outer loop
      vertex -3.60014 -13.4469 15.9231707
      vertex -128 -1.60982 15.9231707
      vertex -61.3999 -13.4469 15.9231707
    endloop
  endfacet
  facet normal 0 0 -1
    outer loop
      vertex -68.8468 -13.4793 15.9231707
      vertex -69.0766 -13.5746 15.9231707
      vertex -69.0427 -13.5605 15.9231707
    endloop
  endfacet
  facet normal 0 0 -1
    outer loop
      vertex -69.4254 -13.9234 15.9231707
      vertex -69.5207 -14.1532 15.9231707
      vertex -69.4395 -13.9573 15.9231707
    endloop
  endfacet
  facet normal 0 0 1
    outer loop
      vertex -128 -1.60982 15.9231707
      vertex -69.5531 -21.6001 15.9231707
      vertex -69.5531 -14.3999 15.9231707
    endloop
  endfacet
  facet normal 0 0 1
    outer loop
      vertex -69.5531 -21.6001 15.9231707
      vertex -128 -38.3902 15.9231707
      vertex -69.5531 -28.3999 15.9231707
    endloop
  endfacet
  facet normal 0 0 1
    outer loop
      vertex -69.5531 -21.6001 15.9231707
      vertex -128 -1.60982 15.9231707
      vertex -128 -38.3902 15.9231707
    endloop
  endfacet
  facet normal 0 0 1
    outer loop
      vertex -69.5255 -14.1896 15.9231707
      vertex -128 -1.60982 15.9231707
      vertex -69.5531 -14.3999 15.9231707
    endloop
  endfacet
  facet normal 0 0 1
    outer loop
      vertex -69.5207 -14.1532 15.9231707
      vertex -128 -1.60982 15.9231707
      vertex -69.5255 -14.1896 15.9231707
    endloop
  endfacet
  facet normal 0 0 1
    outer loop
      vertex -69.4254 -13.9234 15.9231707
      vertex -128 -1.60982 15.9231707
      vertex -69.5207 -14.1532 15.9231707
    endloop
  endfacet
  facet normal 0 0 1
    outer loop
      vertex -69.2963 -13.7551 15.9231707
      vertex -128 -1.60982 15.9231707
      vertex -69.4254 -13.9234 15.9231707
    endloop
  endfacet
  facet normal 0 0 1
    outer loop
      vertex -69.274 -13.726 15.9231707
      vertex -128 -1.60982 15.9231707
      vertex -69.2963 -13.7551 15.9231707
    endloop
  endfacet
  facet normal 0 0 1
    outer loop
      vertex -69.2449 -13.7036 15.9231707
      vertex -128 -1.60982 15.9231707
      vertex -69.274 -13.726 15.9231707
    endloop
  endfacet
  facet normal 0 0 1
    outer loop
      vertex -69.0766 -13.5746 15.9231707
      vertex -128 -1.60982 15.9231707
      vertex -69.2449 -13.7036 15.9231707
    endloop
  endfacet
  facet normal 0 0 1
    outer loop
      vertex -68.8468 -13.4793 15.9231707
      vertex -128 -1.60982 15.9231707
      vertex -69.0766 -13.5746 15.9231707
    endloop
  endfacet
  facet normal 0 0 1
    outer loop
      vertex -68.8104 -13.4746 15.9231707
      vertex -128 -1.60982 15.9231707
      vertex -68.8468 -13.4793 15.9231707
    endloop
  endfacet
  facet normal 0 0 1
    outer loop
      vertex -68.6001 -13.4469 15.9231707
      vertex -128 -1.60982 15.9231707
      vertex -68.8104 -13.4746 15.9231707
    endloop
  endfacet
  facet normal 0 0 1
    outer loop
      vertex -61.3999 -13.4469 15.9231707
      vertex -128 -1.60982 15.9231707
      vertex -68.6001 -13.4469 15.9231707
    endloop
  endfacet
  facet normal 0 0 1
    outer loop
      vertex 128 -1.60982 15.9231707
      vertex 69.5531 -21.6001 15.9231707
      vertex 128 -38.3902 15.9231707
    endloop
  endfacet
  facet normal -0 0 1
    outer loop
      vertex 69.5531 -28.3999 15.9231707
      vertex 128 -38.3902 15.9231707
      vertex 69.5531 -21.6001 15.9231707
    endloop
  endfacet
  facet normal -0 0 1
    outer loop
      vertex 69.5531 -35.6001 15.9231707
      vertex 128 -38.3902 15.9231707
      vertex 69.5531 -28.3999 15.9231707
    endloop
  endfacet
  facet normal -0 0 1
    outer loop
      vertex 69.5255 -35.8104 15.9231707
      vertex 128 -38.3902 15.9231707
      vertex 69.5531 -35.6001 15.9231707
    endloop
  endfacet
  facet normal -0 0 1
    outer loop
      vertex 69.5207 -35.8468 15.9231707
      vertex 128 -38.3902 15.9231707
      vertex 69.5255 -35.8104 15.9231707
    endloop
  endfacet
  facet normal -0 0 1
    outer loop
      vertex 69.4395 -36.0427 15.9231707
      vertex 128 -38.3902 15.9231707
      vertex 69.5207 -35.8468 15.9231707
    endloop
  endfacet
  facet normal -0 0 1
    outer loop
      vertex 69.4254 -36.0766 15.9231707
      vertex 128 -38.3902 15.9231707
      vertex 69.4395 -36.0427 15.9231707
    endloop
  endfacet
  facet normal -0 0 1
    outer loop
      vertex 69.2963 -36.2449 15.9231707
      vertex 128 -38.3902 15.9231707
      vertex 69.4254 -36.0766 15.9231707
    endloop
  endfacet
  facet normal -0 0 1
    outer loop
      vertex 69.274 -36.274 15.9231707
      vertex 128 -38.3902 15.9231707
      vertex 69.2963 -36.2449 15.9231707
    endloop
  endfacet
  facet normal -0 0 1
    outer loop
      vertex 69.2449 -36.2963 15.9231707
      vertex 128 -38.3902 15.9231707
      vertex 69.274 -36.274 15.9231707
    endloop
  endfacet
  facet normal -0 0 1
    outer loop
      vertex 69.0766 -36.4254 15.9231707
      vertex 128 -38.3902 15.9231707
      vertex 69.2449 -36.2963 15.9231707
    endloop
  endfacet
  facet normal -0 0 1
    outer loop
      vertex 69.0427 -36.4395 15.9231707
      vertex 128 -38.3902 15.9231707
      vertex 69.0766 -36.4254 15.9231707
    endloop
  endfacet
  facet normal -0 0 1
    outer loop
      vertex 68.8468 -36.5207 15.9231707
      vertex 128 -38.3902 15.9231707
      vertex 69.0427 -36.4395 15.9231707
    endloop
  endfacet
  facet normal -0 0 1
    outer loop
      vertex 68.8104 -36.5254 15.9231707
      vertex 128 -38.3902 15.9231707
      vertex 68.8468 -36.5207 15.9231707
    endloop
  endfacet
  facet normal -0 0 1
    outer loop
      vertex 68.6001 -36.5531 15.9231707
      vertex 128 -38.3902 15.9231707
      vertex 68.8104 -36.5254 15.9231707
    endloop
  endfacet
  facet normal -0 0 1
    outer loop
      vertex 61.3999 -36.5531 15.9231707
      vertex 128 -38.3902 15.9231707
      vertex 68.6001 -36.5531 15.9231707
    endloop
  endfacet
  facet normal 0 0 1
    outer loop
      vertex 61.1532 -36.5207 15.9231707
      vertex 61.3999 -36.5531 15.9231707
      vertex 61.1896 -36.5254 15.9231707
    endloop
  endfacet
  facet normal 0 0 1
    outer loop
      vertex 60.726 -36.274 15.9231707
      vertex 60.9234 -36.4254 15.9231707
      vertex 60.7551 -36.2963 15.9231707
    endloop
  endfacet
  facet normal 0 0 1
    outer loop
      vertex 60.5746 -36.0766 15.9231707
      vertex 60.726 -36.274 15.9231707
      vertex 60.7037 -36.2449 15.9231707
    endloop
  endfacet
  facet normal 0 0 1
    outer loop
      vertex 60.4469 -35.6001 15.9231707
      vertex 60.4793 -35.8468 15.9231707
      vertex 60.4746 -35.8104 15.9231707
    endloop
  endfacet
  facet normal 0 0 1
    outer loop
      vertex 4.55312 -28.3999 15.9231707
      vertex 60.4469 -28.3999 15.9231707
      vertex 4.55312 -21.6001 15.9231707
    endloop
  endfacet
  facet normal 0 0 1
    outer loop
      vertex 60.4469 -28.3999 15.9231707
      vertex 4.55312 -28.3999 15.9231707
      vertex 60.4469 -35.6001 15.9231707
    endloop
  endfacet
  facet normal 0 0 1
    outer loop
      vertex 4.55312 -35.6001 15.9231707
      vertex 60.4469 -35.6001 15.9231707
      vertex 4.55312 -28.3999 15.9231707
    endloop
  endfacet
  facet normal 0 0 1
    outer loop
      vertex 60.4469 -35.6001 15.9231707
      vertex 4.55312 -35.6001 15.9231707
      vertex 60.4793 -35.8468 15.9231707
    endloop
  endfacet
  facet normal -0 0 1
    outer loop
      vertex 4.52545 -35.8104 15.9231707
      vertex 60.4793 -35.8468 15.9231707
      vertex 4.55312 -35.6001 15.9231707
    endloop
  endfacet
  facet normal 0 0 1
    outer loop
      vertex 4.52066 -35.8468 15.9231707
      vertex 60.4793 -35.8468 15.9231707
      vertex 4.52545 -35.8104 15.9231707
    endloop
  endfacet
  facet normal 0 0 1
    outer loop
      vertex 60.4793 -35.8468 15.9231707
      vertex 4.52066 -35.8468 15.9231707
      vertex 60.5605 -36.0427 15.9231707
    endloop
  endfacet
  facet normal 0 0 1
    outer loop
      vertex 60.5605 -36.0427 15.9231707
      vertex 4.52066 -35.8468 15.9231707
      vertex 60.5746 -36.0766 15.9231707
    endloop
  endfacet
  facet normal -0 0 1
    outer loop
      vertex 4.43949 -36.0427 15.9231707
      vertex 60.5746 -36.0766 15.9231707
      vertex 4.52066 -35.8468 15.9231707
    endloop
  endfacet
  facet normal 0 0 1
    outer loop
      vertex 4.42545 -36.0766 15.9231707
      vertex 60.5746 -36.0766 15.9231707
      vertex 4.43949 -36.0427 15.9231707
    endloop
  endfacet
  facet normal 0 0 1
    outer loop
      vertex 60.5746 -36.0766 15.9231707
      vertex 4.42545 -36.0766 15.9231707
      vertex 60.726 -36.274 15.9231707
    endloop
  endfacet
  facet normal -0 0 1
    outer loop
      vertex 4.29635 -36.2449 15.9231707
      vertex 60.726 -36.274 15.9231707
      vertex 4.42545 -36.0766 15.9231707
    endloop
  endfacet
  facet normal 0 0 1
    outer loop
      vertex 4.27401 -36.274 15.9231707
      vertex 60.726 -36.274 15.9231707
      vertex 4.29635 -36.2449 15.9231707
    endloop
  endfacet
  facet normal 0 0 1
    outer loop
      vertex 60.726 -36.274 15.9231707
      vertex 4.27401 -36.274 15.9231707
      vertex 60.9234 -36.4254 15.9231707
    endloop
  endfacet
  facet normal -0 0 1
    outer loop
      vertex 4.24488 -36.2963 15.9231707
      vertex 60.9234 -36.4254 15.9231707
      vertex 4.27401 -36.274 15.9231707
    endloop
  endfacet
  facet normal 0 0 1
    outer loop
      vertex 4.07663 -36.4254 15.9231707
      vertex 60.9234 -36.4254 15.9231707
      vertex 4.24488 -36.2963 15.9231707
    endloop
  endfacet
  facet normal 0 0 1
    outer loop
      vertex 60.9234 -36.4254 15.9231707
      vertex 4.07663 -36.4254 15.9231707
      vertex 60.9573 -36.4395 15.9231707
    endloop
  endfacet
  facet normal 0 0 1
    outer loop
      vertex 60.9573 -36.4395 15.9231707
      vertex 4.07663 -36.4254 15.9231707
      vertex 61.1532 -36.5207 15.9231707
    endloop
  endfacet
  facet normal -0 0 1
    outer loop
      vertex 4.04272 -36.4395 15.9231707
      vertex 61.1532 -36.5207 15.9231707
      vertex 4.07663 -36.4254 15.9231707
    endloop
  endfacet
  facet normal 0 0 1
    outer loop
      vertex 3.8468 -36.5207 15.9231707
      vertex 61.1532 -36.5207 15.9231707
      vertex 4.04272 -36.4395 15.9231707
    endloop
  endfacet
  facet normal 0 0 1
    outer loop
      vertex 61.1532 -36.5207 15.9231707
      vertex 3.8468 -36.5207 15.9231707
      vertex 61.3999 -36.5531 15.9231707
    endloop
  endfacet
  facet normal -0 0 1
    outer loop
      vertex 3.81041 -36.5254 15.9231707
      vertex 61.3999 -36.5531 15.9231707
      vertex 3.8468 -36.5207 15.9231707
    endloop
  endfacet
  facet normal 0 0 1
    outer loop
      vertex 3.60014 -36.5531 15.9231707
      vertex 61.3999 -36.5531 15.9231707
      vertex 3.81041 -36.5254 15.9231707
    endloop
  endfacet
  facet normal 0 0 1
    outer loop
      vertex 61.3999 -36.5531 15.9231707
      vertex 3.60014 -36.5531 15.9231707
      vertex 128 -38.3902 15.9231707
    endloop
  endfacet
  facet normal -0 0 1
    outer loop
      vertex -3.60014 -36.5531 15.9231707
      vertex 128 -38.3902 15.9231707
      vertex 3.60014 -36.5531 15.9231707
    endloop
  endfacet
  facet normal 0 0 1
    outer loop
      vertex -3.8468 -36.5207 15.9231707
      vertex -3.60014 -36.5531 15.9231707
      vertex -3.81041 -36.5254 15.9231707
    endloop
  endfacet
  facet normal 0 0 1
    outer loop
      vertex -4.27401 -36.274 15.9231707
      vertex -4.07663 -36.4254 15.9231707
      vertex -4.24488 -36.2963 15.9231707
    endloop
  endfacet
  facet normal 0 0 -1
    outer loop
      vertex -4.42545 -36.0766 15.9231707
      vertex -4.27401 -36.274 15.9231707
      vertex -4.29635 -36.2449 15.9231707
    endloop
  endfacet
  facet normal 0 0 1
    outer loop
      vertex -60.4469 -28.3999 15.9231707
      vertex -4.55312 -28.3999 15.9231707
      vertex -60.4469 -21.6001 15.9231707
    endloop
  endfacet
  facet normal 0 0 1
    outer loop
      vertex -4.55312 -28.3999 15.9231707
      vertex -60.4469 -28.3999 15.9231707
      vertex -4.55312 -35.6001 15.9231707
    endloop
  endfacet
  facet normal 0 0 1
    outer loop
      vertex -60.4469 -35.6001 15.9231707
      vertex -4.55312 -35.6001 15.9231707
      vertex -60.4469 -28.3999 15.9231707
    endloop
  endfacet
  facet normal 0 0 1
    outer loop
      vertex -4.55312 -35.6001 15.9231707
      vertex -60.4469 -35.6001 15.9231707
      vertex -4.52545 -35.8104 15.9231707
    endloop
  endfacet
  facet normal 0 0 1
    outer loop
      vertex -4.52545 -35.8104 15.9231707
      vertex -60.4469 -35.6001 15.9231707
      vertex -4.52066 -35.8468 15.9231707
    endloop
  endfacet
  facet normal -0 0 1
    outer loop
      vertex -60.4746 -35.8104 15.9231707
      vertex -4.52066 -35.8468 15.9231707
      vertex -60.4469 -35.6001 15.9231707
    endloop
  endfacet
  facet normal 0 0 1
    outer loop
      vertex -60.4793 -35.8468 15.9231707
      vertex -4.52066 -35.8468 15.9231707
      vertex -60.4746 -35.8104 15.9231707
    endloop
  endfacet
  facet normal 0 0 1
    outer loop
      vertex -4.52066 -35.8468 15.9231707
      vertex -60.4793 -35.8468 15.9231707
      vertex -4.43949 -36.0427 15.9231707
    endloop
  endfacet
  facet normal 0 0 1
    outer loop
      vertex -4.43949 -36.0427 15.9231707
      vertex -60.4793 -35.8468 15.9231707
      vertex -4.42545 -36.0766 15.9231707
    endloop
  endfacet
  facet normal -0 0 1
    outer loop
      vertex -60.5605 -36.0427 15.9231707
      vertex -4.42545 -36.0766 15.9231707
      vertex -60.4793 -35.8468 15.9231707
    endloop
  endfacet
  facet normal 0 0 1
    outer loop
      vertex -60.5746 -36.0766 15.9231707
      vertex -4.42545 -36.0766 15.9231707
      vertex -60.5605 -36.0427 15.9231707
    endloop
  endfacet
  facet normal 0 0 1
    outer loop
      vertex -4.42545 -36.0766 15.9231707
      vertex -60.5746 -36.0766 15.9231707
      vertex -4.27401 -36.274 15.9231707
    endloop
  endfacet
  facet normal -0 0 1
    outer loop
      vertex -60.7037 -36.2449 15.9231707
      vertex -4.27401 -36.274 15.9231707
      vertex -60.5746 -36.0766 15.9231707
    endloop
  endfacet
  facet normal 0 0 1
    outer loop
      vertex -60.726 -36.274 15.9231707
      vertex -4.27401 -36.274 15.9231707
      vertex -60.7037 -36.2449 15.9231707
    endloop
  endfacet
  facet normal 0 0 1
    outer loop
      vertex -4.27401 -36.274 15.9231707
      vertex -60.726 -36.274 15.9231707
      vertex -4.07663 -36.4254 15.9231707
    endloop
  endfacet
  facet normal -0 0 1
    outer loop
      vertex -60.7551 -36.2963 15.9231707
      vertex -4.07663 -36.4254 15.9231707
      vertex -60.726 -36.274 15.9231707
    endloop
  endfacet
  facet normal 0 0 1
    outer loop
      vertex -60.9234 -36.4254 15.9231707
      vertex -4.07663 -36.4254 15.9231707
      vertex -60.7551 -36.2963 15.9231707
    endloop
  endfacet
  facet normal 0 0 1
    outer loop
      vertex -4.07663 -36.4254 15.9231707
      vertex -60.9234 -36.4254 15.9231707
      vertex -4.04272 -36.4395 15.9231707
    endloop
  endfacet
  facet normal 0 0 1
    outer loop
      vertex -4.04272 -36.4395 15.9231707
      vertex -60.9234 -36.4254 15.9231707
      vertex -3.8468 -36.5207 15.9231707
    endloop
  endfacet
  facet normal -0 0 1
    outer loop
      vertex -60.9573 -36.4395 15.9231707
      vertex -3.8468 -36.5207 15.9231707
      vertex -60.9234 -36.4254 15.9231707
    endloop
  endfacet
  facet normal 0 0 1
    outer loop
      vertex -61.1532 -36.5207 15.9231707
      vertex -3.8468 -36.5207 15.9231707
      vertex -60.9573 -36.4395 15.9231707
    endloop
  endfacet
  facet normal 0 0 1
    outer loop
      vertex -3.8468 -36.5207 15.9231707
      vertex -61.1532 -36.5207 15.9231707
      vertex -3.60014 -36.5531 15.9231707
    endloop
  endfacet
  facet normal -0 0 1
    outer loop
      vertex -61.1896 -36.5254 15.9231707
      vertex -3.60014 -36.5531 15.9231707
      vertex -61.1532 -36.5207 15.9231707
    endloop
  endfacet
  facet normal 0 0 1
    outer loop
      vertex -61.3999 -36.5531 15.9231707
      vertex -3.60014 -36.5531 15.9231707
      vertex -61.1896 -36.5254 15.9231707
    endloop
  endfacet
  facet normal 0 0 1
    outer loop
      vertex -128 -38.3902 15.9231707
      vertex -3.60014 -36.5531 15.9231707
      vertex -61.3999 -36.5531 15.9231707
    endloop
  endfacet
  facet normal 0 0 1
    outer loop
      vertex -128 -38.3902 15.9231707
      vertex -61.3999 -36.5531 15.9231707
      vertex -68.6001 -36.5531 15.9231707
    endloop
  endfacet
  facet normal 0 0 1
    outer loop
      vertex -68.8468 -36.5207 15.9231707
      vertex -68.6001 -36.5531 15.9231707
      vertex -68.8104 -36.5254 15.9231707
    endloop
  endfacet
  facet normal 0 0 -1
    outer loop
      vertex -69.5207 -35.8468 15.9231707
      vertex -69.4254 -36.0766 15.9231707
      vertex -69.4395 -36.0427 15.9231707
    endloop
  endfacet
  facet normal 0 0 1
    outer loop
      vertex -69.5531 -28.3999 15.9231707
      vertex -128 -38.3902 15.9231707
      vertex -69.5531 -35.6001 15.9231707
    endloop
  endfacet
  facet normal 0 0 1
    outer loop
      vertex -69.5531 -35.6001 15.9231707
      vertex -128 -38.3902 15.9231707
      vertex -69.5255 -35.8104 15.9231707
    endloop
  endfacet
  facet normal 0 0 1
    outer loop
      vertex -69.5255 -35.8104 15.9231707
      vertex -128 -38.3902 15.9231707
      vertex -69.5207 -35.8468 15.9231707
    endloop
  endfacet
  facet normal 0 0 1
    outer loop
      vertex -69.5207 -35.8468 15.9231707
      vertex -128 -38.3902 15.9231707
      vertex -69.4254 -36.0766 15.9231707
    endloop
  endfacet
  facet normal 0 0 1
    outer loop
      vertex -69.4254 -36.0766 15.9231707
      vertex -128 -38.3902 15.9231707
      vertex -69.2963 -36.2449 15.9231707
    endloop
  endfacet
  facet normal 0 0 1
    outer loop
      vertex -69.2963 -36.2449 15.9231707
      vertex -128 -38.3902 15.9231707
      vertex -69.274 -36.274 15.9231707
    endloop
  endfacet
  facet normal 0 0 1
    outer loop
      vertex -69.274 -36.274 15.9231707
      vertex -128 -38.3902 15.9231707
      vertex -69.2449 -36.2963 15.9231707
    endloop
  endfacet
  facet normal 0 0 1
    outer loop
      vertex -3.60014 -36.5531 15.9231707
      vertex -128 -38.3902 15.9231707
      vertex 128 -38.3902 15.9231707
    endloop
  endfacet
  facet normal 0 0 1
    outer loop
      vertex -68.8468 -36.5207 15.9231707
      vertex -128 -38.3902 15.9231707
      vertex -68.6001 -36.5531 15.9231707
    endloop
  endfacet
  facet normal 0 0 1
    outer loop
      vertex -69.0427 -36.4395 15.9231707
      vertex -128 -38.3902 15.9231707
      vertex -68.8468 -36.5207 15.9231707
    endloop
  endfacet
  facet normal 0 0 1
    outer loop
      vertex -69.0766 -36.4254 15.9231707
      vertex -128 -38.3902 15.9231707
      vertex -69.0427 -36.4395 15.9231707
    endloop
  endfacet
  facet normal 0 0 1
    outer loop
      vertex -69.2449 -36.2963 15.9231707
      vertex -128 -38.3902 15.9231707
      vertex -69.0766 -36.4254 15.9231707
    endloop
  endfacet
  facet normal 0 -0.382786 0.923837
    outer loop
      vertex -128 -38.3902 15.9231707
      vertex 128 -39.1111 15.6244707
      vertex 128 -38.3902 15.9231707
    endloop
  endfacet
  facet normal 0 -0.382786 0.923837
    outer loop
      vertex 128 -39.1111 15.6244707
      vertex -128 -38.3902 15.9231707
      vertex -128 -39.1111 15.6244707
    endloop
  endfacet
  facet normal 0.13922 -0.700221 0.700221
    outer loop
      vertex 128 -39.1111 15.6244707
      vertex 128 -39.6629 15.0726707
      vertex 128.425 -39.6629 14.9881707
    endloop
  endfacet
  facet normal -0.180834 -0.376569 -0.908567
    outer loop
      vertex -128.636 -39.1111 0.4252147
      vertex -128.751 -38.3902 0.1493157
      vertex -128 -39.1111 0.2986307
    endloop
  endfacet
  facet normal 0.180834 -0.376569 -0.908567
    outer loop
      vertex 128.636 -39.1111 0.4252147
      vertex 128 -39.1111 0.2986307
      vertex 128.751 -38.3902 0.1493157
    endloop
  endfacet
  facet normal 0.194986 0 0.980806
    outer loop
      vertex 128 -1.60982 15.9231707
      vertex 128.751 -38.3902 15.7738707
      vertex 128.751 -1.60982 15.7738707
    endloop
  endfacet
  facet normal 0.194986 0 0.980806
    outer loop
      vertex 128.751 -38.3902 15.7738707
      vertex 128 -1.60982 15.9231707
      vertex 128 -38.3902 15.9231707
    endloop
  endfacet
  facet normal 0 0.382682 -0.92388
    outer loop
      vertex -128 -1.60982 0
      vertex 128 -0.888859 0.2986307
      vertex 128 -1.60982 0
    endloop
  endfacet
  facet normal 0 0.382682 -0.92388
    outer loop
      vertex 128 -0.888859 0.2986307
      vertex -128 -1.60982 0
      vertex -128 -0.888859 0.2986307
    endloop
  endfacet
  facet normal 0.908359 -0.37675 0.181502
    outer loop
      vertex 129.812 -38.3902 14.7122707
      vertex 129.663 -39.1111 13.9615707
      vertex 129.962 -38.3902 13.9615707
    endloop
  endfacet
  facet normal -0.555876 0 0.831265
    outer loop
      vertex -129.387 -1.60982 15.3485707
      vertex -128.751 -38.3902 15.7738707
      vertex -128.751 -1.60982 15.7738707
    endloop
  endfacet
  facet normal -0.555876 0 0.831265
    outer loop
      vertex -128.751 -38.3902 15.7738707
      vertex -129.387 -1.60982 15.3485707
      vertex -129.387 -38.3902 15.3485707
    endloop
  endfacet
  facet normal 0.0758873 -0.921173 0.381682
    outer loop
      vertex 128 -39.6629 15.0726707
      vertex 128 -39.9616 14.3517707
      vertex 128.425 -39.6629 14.9881707
    endloop
  endfacet
  facet normal 0.0760599 -0.921201 0.38158
    outer loop
      vertex 128.425 -39.6629 14.9881707
      vertex 128 -39.9616 14.3517707
      vertex 128.149 -39.9616 14.3220707
    endloop
  endfacet
  facet normal -0.593583 -0.700138 0.39682
    outer loop
      vertex -128.786 -39.6629 14.7472707
      vertex -129.176 -39.1111 15.1374707
      vertex -129.027 -39.6629 14.3867707
    endloop
  endfacet
  facet normal -0.908357 -0.37675 -0.181512
    outer loop
      vertex -129.663 -39.1111 1.9615707
      vertex -129.962 -38.3902 1.9615707
      vertex -129.812 -38.3902 1.2109107
    endloop
  endfacet
  facet normal -0.381651 -0.921227 -0.0753932
    outer loop
      vertex -128.39 -39.9616 1.9615707
      vertex -129.111 -39.6629 1.9615707
      vertex -129.027 -39.6629 1.5363507
    endloop
  endfacet
  facet normal 1 -0 0
    outer loop
      vertex 129.962 -38.3902 13.9615707
      vertex 129.962 -1.60982 1.9615707
      vertex 129.962 -1.60982 13.9615707
    endloop
  endfacet
  facet normal 1 0 0
    outer loop
      vertex 129.962 -1.60982 1.9615707
      vertex 129.962 -38.3902 13.9615707
      vertex 129.962 -38.3902 1.9615707
    endloop
  endfacet
  facet normal -0.180639 -0.376489 0.90864
    outer loop
      vertex -128 -38.3902 15.9231707
      vertex -128.751 -38.3902 15.7738707
      vertex -128 -39.1111 15.6244707
    endloop
  endfacet
  facet normal 0.831567 -0 0.555424
    outer loop
      vertex 129.387 -38.3902 15.3485707
      vertex 129.812 -1.60982 14.7122707
      vertex 129.387 -1.60982 15.3485707
    endloop
  endfacet
  facet normal 0.831567 0 0.555424
    outer loop
      vertex 129.812 -1.60982 14.7122707
      vertex 129.387 -38.3902 15.3485707
      vertex 129.812 -38.3902 14.7122707
    endloop
  endfacet
  facet normal 0.923701 -0.383114 0
    outer loop
      vertex 129.663 -39.1111 13.9615707
      vertex 129.962 -38.3902 1.9615707
      vertex 129.962 -38.3902 13.9615707
    endloop
  endfacet
  facet normal 0.923701 -0.383114 0
    outer loop
      vertex 129.962 -38.3902 1.9615707
      vertex 129.663 -39.1111 13.9615707
      vertex 129.663 -39.1111 1.9615707
    endloop
  endfacet
  facet normal 0 -0.923837 0.382786
    outer loop
      vertex -128 -39.9616 14.3517707
      vertex 128 -39.6629 15.0726707
      vertex -128 -39.6629 15.0726707
    endloop
  endfacet
  facet normal 0 -0.923837 0.382786
    outer loop
      vertex 128 -39.6629 15.0726707
      vertex -128 -39.9616 14.3517707
      vertex 128 -39.9616 14.3517707
    endloop
  endfacet
  facet normal -0.594179 -0.699819 -0.39649
    outer loop
      vertex -129.027 -39.6629 1.5363507
      vertex -129.536 -39.1111 1.3251907
      vertex -129.176 -39.1111 0.7856947
    endloop
  endfacet
  facet normal 0.594169 -0.699834 0.39648
    outer loop
      vertex 129.176 -39.1111 15.1374707
      vertex 129.027 -39.6629 14.3867707
      vertex 129.536 -39.1111 14.5979707
    endloop
  endfacet
  facet normal 0.980614 0 -0.19595
    outer loop
      vertex 129.962 -38.3902 1.9615707
      vertex 129.812 -1.60982 1.2109107
      vertex 129.962 -1.60982 1.9615707
    endloop
  endfacet
  facet normal 0.980614 0 -0.19595
    outer loop
      vertex 129.812 -1.60982 1.2109107
      vertex 129.962 -38.3902 1.9615707
      vertex 129.812 -38.3902 1.2109107
    endloop
  endfacet
  facet normal 0.396338 -0.700116 0.593931
    outer loop
      vertex 129.176 -39.1111 15.1374707
      vertex 128.425 -39.6629 14.9881707
      vertex 128.786 -39.6629 14.7472707
    endloop
  endfacet
  facet normal 0.514899 -0.376825 0.769988
    outer loop
      vertex 128.751 -38.3902 15.7738707
      vertex 128.636 -39.1111 15.4979707
      vertex 129.387 -38.3902 15.3485707
    endloop
  endfacet
  facet normal 0.700182 -0.700436 0.138324
    outer loop
      vertex 129.663 -39.1111 13.9615707
      vertex 129.027 -39.6629 14.3867707
      vertex 129.111 -39.6629 13.9615707
    endloop
  endfacet
  facet normal -0.770699 -0.376217 -0.514279
    outer loop
      vertex -129.176 -39.1111 0.7856947
      vertex -129.536 -39.1111 1.3251907
      vertex -129.387 -38.3902 0.5745307
    endloop
  endfacet
  facet normal 0.77038 0.376495 0.514555
    outer loop
      vertex 129.536 -0.888859 14.5979707
      vertex 129.387 -1.60982 15.3485707
      vertex 129.812 -1.60982 14.7122707
    endloop
  endfacet
  facet normal 0.8316 0 -0.555376
    outer loop
      vertex 129.812 -38.3902 1.2109107
      vertex 129.387 -1.60982 0.5745307
      vertex 129.812 -1.60982 1.2109107
    endloop
  endfacet
  facet normal 0.8316 0 -0.555376
    outer loop
      vertex 129.387 -1.60982 0.5745307
      vertex 129.812 -38.3902 1.2109107
      vertex 129.387 -38.3902 0.5745307
    endloop
  endfacet
  facet normal 0 -0.707107 0.707107
    outer loop
      vertex -128 -39.1111 15.6244707
      vertex 128 -39.6629 15.0726707
      vertex 128 -39.1111 15.6244707
    endloop
  endfacet
  facet normal 0 -0.707107 0.707107
    outer loop
      vertex 128 -39.6629 15.0726707
      vertex -128 -39.1111 15.6244707
      vertex -128 -39.6629 15.0726707
    endloop
  endfacet
  facet normal 0.381651 -0.921226 0.0753967
    outer loop
      vertex 129.027 -39.6629 14.3867707
      vertex 128.39 -39.9616 13.9615707
      vertex 129.111 -39.6629 13.9615707
    endloop
  endfacet
  facet normal -0.70058 -0.699743 -0.139812
    outer loop
      vertex -129.027 -39.6629 1.5363507
      vertex -129.663 -39.1111 1.9615707
      vertex -129.536 -39.1111 1.3251907
    endloop
  endfacet
  facet normal -0.323763 -0.92142 -0.214853
    outer loop
      vertex -128.36 -39.9616 1.8122507
      vertex -129.027 -39.6629 1.5363507
      vertex -128.276 -39.9616 1.6856707
    endloop
  endfacet
  facet normal -0.13935 -0.700207 -0.700208
    outer loop
      vertex -128 -39.6629 0.8504297
      vertex -128.425 -39.6629 0.9350097
      vertex -128 -39.1111 0.2986307
    endloop
  endfacet
  facet normal -0.8316 0 -0.555376
    outer loop
      vertex -129.387 -38.3902 0.5745307
      vertex -129.812 -1.60982 1.2109107
      vertex -129.387 -1.60982 0.5745307
    endloop
  endfacet
  facet normal -0.8316 -0 -0.555376
    outer loop
      vertex -129.812 -1.60982 1.2109107
      vertex -129.387 -38.3902 0.5745307
      vertex -129.812 -38.3902 1.2109107
    endloop
  endfacet
  facet normal 0.555876 0 0.831265
    outer loop
      vertex 128.751 -1.60982 15.7738707
      vertex 129.387 -38.3902 15.3485707
      vertex 129.387 -1.60982 15.3485707
    endloop
  endfacet
  facet normal 0.555876 0 0.831265
    outer loop
      vertex 129.387 -38.3902 15.3485707
      vertex 128.751 -1.60982 15.7738707
      vertex 128.751 -38.3902 15.7738707
    endloop
  endfacet
  facet normal -0.139276 -0.700195 0.700235
    outer loop
      vertex -128 -39.1111 15.6244707
      vertex -128.636 -39.1111 15.4979707
      vertex -128.425 -39.6629 14.9881707
    endloop
  endfacet
  facet normal -0.396415 -0.700185 0.593798
    outer loop
      vertex -128.636 -39.1111 15.4979707
      vertex -129.176 -39.1111 15.1374707
      vertex -128.425 -39.6629 14.9881707
    endloop
  endfacet
  facet normal -0.380968 -0.921414 0.0765509
    outer loop
      vertex -128.36 -39.9616 14.1108707
      vertex -129.027 -39.6629 14.3867707
      vertex -128.39 -39.9616 13.9615707
    endloop
  endfacet
  facet normal -0.923701 -0.383114 0
    outer loop
      vertex -129.663 -39.1111 1.9615707
      vertex -129.962 -38.3902 13.9615707
      vertex -129.962 -38.3902 1.9615707
    endloop
  endfacet
  facet normal -0.923701 -0.383114 0
    outer loop
      vertex -129.962 -38.3902 13.9615707
      vertex -129.663 -39.1111 1.9615707
      vertex -129.663 -39.1111 13.9615707
    endloop
  endfacet
  facet normal 0.323775 -0.921422 0.214827
    outer loop
      vertex 129.027 -39.6629 14.3867707
      vertex 128.276 -39.9616 14.2374707
      vertex 128.36 -39.9616 14.1108707
    endloop
  endfacet
  facet normal 0.38274 -0.923856 0
    outer loop
      vertex 128.39 -39.9616 1.9615707
      vertex 129.111 -39.6629 13.9615707
      vertex 128.39 -39.9616 13.9615707
    endloop
  endfacet
  facet normal 0.38274 -0.923856 0
    outer loop
      vertex 129.111 -39.6629 13.9615707
      vertex 128.39 -39.9616 1.9615707
      vertex 129.111 -39.6629 1.9615707
    endloop
  endfacet
  facet normal 0.180663 -0.376412 -0.908666
    outer loop
      vertex 128 -39.1111 0.2986307
      vertex 128 -38.3902 0
      vertex 128.751 -38.3902 0.1493157
    endloop
  endfacet
  facet normal 0.195006 0 -0.980802
    outer loop
      vertex 128 -38.3902 0
      vertex 128.751 -1.60982 0.1493157
      vertex 128.751 -38.3902 0.1493157
    endloop
  endfacet
  facet normal 0.195006 0 -0.980802
    outer loop
      vertex 128.751 -1.60982 0.1493157
      vertex 128 -38.3902 0
      vertex 128 -1.60982 0
    endloop
  endfacet
  facet normal 0.381576 0.921259 -0.0753783
    outer loop
      vertex 129.027 -0.33706 1.5363507
      vertex 128.39 -0.0384293 1.9615707
      vertex 129.111 -0.33706 1.9615707
    endloop
  endfacet
  facet normal 0.514827 -0.37683 -0.770034
    outer loop
      vertex 129.387 -38.3902 0.5745307
      vertex 128.636 -39.1111 0.4252147
      vertex 128.751 -38.3902 0.1493157
    endloop
  endfacet
  facet normal 0.139364 -0.7002 -0.700212
    outer loop
      vertex 128.425 -39.6629 0.9350097
      vertex 128 -39.1111 0.2986307
      vertex 128.636 -39.1111 0.4252147
    endloop
  endfacet
  facet normal 0.700576 0.699748 0.139807
    outer loop
      vertex 129.663 -0.888859 13.9615707
      vertex 129.027 -0.33706 14.3867707
      vertex 129.536 -0.888859 14.5979707
    endloop
  endfacet
  facet normal 0.215621 0.921268 0.323686
    outer loop
      vertex 128.276 -0.0384293 14.2374707
      vertex 128.149 -0.0384293 14.3220707
      vertex 128.425 -0.33706 14.9881707
    endloop
  endfacet
  facet normal 0.180719 -0.376562 0.908593
    outer loop
      vertex 128.751 -38.3902 15.7738707
      vertex 128 -39.1111 15.6244707
      vertex 128.636 -39.1111 15.4979707
    endloop
  endfacet
  facet normal 0.139276 -0.700195 0.700235
    outer loop
      vertex 128.636 -39.1111 15.4979707
      vertex 128 -39.1111 15.6244707
      vertex 128.425 -39.6629 14.9881707
    endloop
  endfacet
  facet normal -0.0758724 0.921206 0.381607
    outer loop
      vertex -128 -0.0384293 14.3517707
      vertex -128.425 -0.33706 14.9881707
      vertex -128 -0.33706 15.0726707
    endloop
  endfacet
  facet normal -0.770412 0.376487 -0.514512
    outer loop
      vertex -129.387 -1.60982 0.5745307
      vertex -129.812 -1.60982 1.2109107
      vertex -129.536 -0.888859 1.3251907
    endloop
  endfacet
  facet normal 0.0759533 -0.92118 -0.381652
    outer loop
      vertex 128 -39.9616 1.5713907
      vertex 128 -39.6629 0.8504297
      vertex 128.425 -39.6629 0.9350097
    endloop
  endfacet
  facet normal 0.700576 -0.699748 0.139807
    outer loop
      vertex 129.536 -39.1111 14.5979707
      vertex 129.027 -39.6629 14.3867707
      vertex 129.663 -39.1111 13.9615707
    endloop
  endfacet
  facet normal 0.770714 -0.376178 0.514286
    outer loop
      vertex 129.387 -38.3902 15.3485707
      vertex 129.176 -39.1111 15.1374707
      vertex 129.536 -39.1111 14.5979707
    endloop
  endfacet
  facet normal -0.700183 -0.700437 -0.138318
    outer loop
      vertex -129.111 -39.6629 1.9615707
      vertex -129.663 -39.1111 1.9615707
      vertex -129.027 -39.6629 1.5363507
    endloop
  endfacet
  facet normal -0.0759533 -0.92118 -0.381652
    outer loop
      vertex -128 -39.9616 1.5713907
      vertex -128.425 -39.6629 0.9350097
      vertex -128 -39.6629 0.8504297
    endloop
  endfacet
  facet normal -0.396338 -0.700116 0.593931
    outer loop
      vertex -128.425 -39.6629 14.9881707
      vertex -129.176 -39.1111 15.1374707
      vertex -128.786 -39.6629 14.7472707
    endloop
  endfacet
  facet normal -0.51444 -0.376222 0.77059
    outer loop
      vertex -128.636 -39.1111 15.4979707
      vertex -129.387 -38.3902 15.3485707
      vertex -129.176 -39.1111 15.1374707
    endloop
  endfacet
  facet normal -0.0758873 -0.921173 0.381682
    outer loop
      vertex -128 -39.6629 15.0726707
      vertex -128.425 -39.6629 14.9881707
      vertex -128 -39.9616 14.3517707
    endloop
  endfacet
  facet normal -0.13922 -0.700221 0.700221
    outer loop
      vertex -128 -39.1111 15.6244707
      vertex -128.425 -39.6629 14.9881707
      vertex -128 -39.6629 15.0726707
    endloop
  endfacet
  facet normal -0.908479 -0.37656 0.181296
    outer loop
      vertex -129.536 -39.1111 14.5979707
      vertex -129.812 -38.3902 14.7122707
      vertex -129.663 -39.1111 13.9615707
    endloop
  endfacet
  facet normal -0.77037 -0.376523 0.514549
    outer loop
      vertex -129.387 -38.3902 15.3485707
      vertex -129.812 -38.3902 14.7122707
      vertex -129.536 -39.1111 14.5979707
    endloop
  endfacet
  facet normal -0.594169 -0.699834 0.39648
    outer loop
      vertex -129.176 -39.1111 15.1374707
      vertex -129.536 -39.1111 14.5979707
      vertex -129.027 -39.6629 14.3867707
    endloop
  endfacet
  facet normal -0.908359 -0.37675 0.181502
    outer loop
      vertex -129.812 -38.3902 14.7122707
      vertex -129.962 -38.3902 13.9615707
      vertex -129.663 -39.1111 13.9615707
    endloop
  endfacet
  facet normal -0.38274 -0.923856 0
    outer loop
      vertex -129.111 -39.6629 1.9615707
      vertex -128.39 -39.9616 13.9615707
      vertex -129.111 -39.6629 13.9615707
    endloop
  endfacet
  facet normal -0.38274 -0.923856 -0
    outer loop
      vertex -128.39 -39.9616 13.9615707
      vertex -129.111 -39.6629 1.9615707
      vertex -128.39 -39.9616 1.9615707
    endloop
  endfacet
  facet normal -0.770708 0.37619 -0.514286
    outer loop
      vertex -129.387 -1.60982 0.5745307
      vertex -129.536 -0.888859 1.3251907
      vertex -129.176 -0.888859 0.7856947
    endloop
  endfacet
  facet normal 0 0.707107 0.707106
    outer loop
      vertex 128 -0.33706 15.0726707
      vertex -128 -0.888859 15.6244707
      vertex 128 -0.888859 15.6244707
    endloop
  endfacet
  facet normal 0 0.707107 0.707106
    outer loop
      vertex -128 -0.888859 15.6244707
      vertex 128 -0.33706 15.0726707
      vertex -128 -0.33706 15.0726707
    endloop
  endfacet
  facet normal 0.13935 -0.700207 -0.700208
    outer loop
      vertex 128 -39.6629 0.8504297
      vertex 128 -39.1111 0.2986307
      vertex 128.425 -39.6629 0.9350097
    endloop
  endfacet
  facet normal 0.396401 -0.700184 -0.593809
    outer loop
      vertex 129.176 -39.1111 0.7856947
      vertex 128.425 -39.6629 0.9350097
      vertex 128.636 -39.1111 0.4252147
    endloop
  endfacet
  facet normal 0.908479 -0.37656 0.181296
    outer loop
      vertex 129.812 -38.3902 14.7122707
      vertex 129.536 -39.1111 14.5979707
      vertex 129.663 -39.1111 13.9615707
    endloop
  endfacet
  facet normal 0.77037 -0.376523 0.514549
    outer loop
      vertex 129.812 -38.3902 14.7122707
      vertex 129.387 -38.3902 15.3485707
      vertex 129.536 -39.1111 14.5979707
    endloop
  endfacet
  facet normal 0.514414 0.376252 -0.770593
    outer loop
      vertex 129.387 -1.60982 0.5745307
      vertex 128.636 -0.888859 0.4252147
      vertex 129.176 -0.888859 0.7856947
    endloop
  endfacet
  facet normal -0.90837 0.376723 0.181505
    outer loop
      vertex -129.663 -0.888859 13.9615707
      vertex -129.962 -1.60982 13.9615707
      vertex -129.812 -1.60982 14.7122707
    endloop
  endfacet
  facet normal 0.770403 -0.376514 -0.514506
    outer loop
      vertex 129.536 -39.1111 1.3251907
      vertex 129.387 -38.3902 0.5745307
      vertex 129.812 -38.3902 1.2109107
    endloop
  endfacet
  facet normal -0.0760599 -0.921201 0.38158
    outer loop
      vertex -128 -39.9616 14.3517707
      vertex -128.425 -39.6629 14.9881707
      vertex -128.149 -39.9616 14.3220707
    endloop
  endfacet
  facet normal -0.215663 -0.921236 0.32375
    outer loop
      vertex -128.149 -39.9616 14.3220707
      vertex -128.425 -39.6629 14.9881707
      vertex -128.276 -39.9616 14.2374707
    endloop
  endfacet
  facet normal -0.514407 -0.376279 -0.770584
    outer loop
      vertex -129.176 -39.1111 0.7856947
      vertex -129.387 -38.3902 0.5745307
      vertex -128.636 -39.1111 0.4252147
    endloop
  endfacet
  facet normal -0.514827 -0.37683 -0.770034
    outer loop
      vertex -128.636 -39.1111 0.4252147
      vertex -129.387 -38.3902 0.5745307
      vertex -128.751 -38.3902 0.1493157
    endloop
  endfacet
  facet normal -0.381651 -0.921226 0.0753967
    outer loop
      vertex -129.027 -39.6629 14.3867707
      vertex -129.111 -39.6629 13.9615707
      vertex -128.39 -39.9616 13.9615707
    endloop
  endfacet
  facet normal -0.770714 -0.376178 0.514286
    outer loop
      vertex -129.387 -38.3902 15.3485707
      vertex -129.536 -39.1111 14.5979707
      vertex -129.176 -39.1111 15.1374707
    endloop
  endfacet
  facet normal 0 -1 0
    outer loop
      vertex -128.39 -39.9616 13.9615707
      vertex -128 -39.9616 14.3517707
      vertex -128.149 -39.9616 14.3220707
    endloop
  endfacet
  facet normal 0 -1 0
    outer loop
      vertex -128 -39.9616 14.3517707
      vertex -128 -39.9616 1.5713907
      vertex 128 -39.9616 14.3517707
    endloop
  endfacet
  facet normal 0 -1 0
    outer loop
      vertex -128.39 -39.9616 13.9615707
      vertex -128.149 -39.9616 14.3220707
      vertex -128.276 -39.9616 14.2374707
    endloop
  endfacet
  facet normal 0 -1 0
    outer loop
      vertex 128 -39.9616 1.5713907
      vertex 128 -39.9616 14.3517707
      vertex -128 -39.9616 1.5713907
    endloop
  endfacet
  facet normal 0 -1 0
    outer loop
      vertex -128.39 -39.9616 13.9615707
      vertex -128.276 -39.9616 14.2374707
      vertex -128.36 -39.9616 14.1108707
    endloop
  endfacet
  facet normal -0 -1 0
    outer loop
      vertex 128.39 -39.9616 13.9615707
      vertex 128 -39.9616 14.3517707
      vertex 128 -39.9616 1.5713907
    endloop
  endfacet
  facet normal 0 -1 -0
    outer loop
      vertex -128 -39.9616 14.3517707
      vertex -128.39 -39.9616 13.9615707
      vertex -128 -39.9616 1.5713907
    endloop
  endfacet
  facet normal 0 -1 0
    outer loop
      vertex 128 -39.9616 14.3517707
      vertex 128.39 -39.9616 13.9615707
      vertex 128.149 -39.9616 14.3220707
    endloop
  endfacet
  facet normal 0 -1 0
    outer loop
      vertex -128 -39.9616 1.5713907
      vertex -128.39 -39.9616 13.9615707
      vertex -128.39 -39.9616 1.9615707
    endloop
  endfacet
  facet normal 0 -1 0
    outer loop
      vertex 128.149 -39.9616 14.3220707
      vertex 128.39 -39.9616 13.9615707
      vertex 128.276 -39.9616 14.2374707
    endloop
  endfacet
  facet normal 0 -1 0
    outer loop
      vertex -128 -39.9616 1.5713907
      vertex -128.39 -39.9616 1.9615707
      vertex -128.36 -39.9616 1.8122507
    endloop
  endfacet
  facet normal 0 -1 0
    outer loop
      vertex 128.276 -39.9616 14.2374707
      vertex 128.39 -39.9616 13.9615707
      vertex 128.36 -39.9616 14.1108707
    endloop
  endfacet
  facet normal 0 -1 0
    outer loop
      vertex -128 -39.9616 1.5713907
      vertex -128.36 -39.9616 1.8122507
      vertex -128.276 -39.9616 1.6856707
    endloop
  endfacet
  facet normal 0 -1 -0
    outer loop
      vertex 128.39 -39.9616 13.9615707
      vertex 128 -39.9616 1.5713907
      vertex 128.39 -39.9616 1.9615707
    endloop
  endfacet
  facet normal 0 -1 0
    outer loop
      vertex -128 -39.9616 1.5713907
      vertex -128.276 -39.9616 1.6856707
      vertex -128.149 -39.9616 1.6010907
    endloop
  endfacet
  facet normal 0 -1 0
    outer loop
      vertex 128.39 -39.9616 1.9615707
      vertex 128 -39.9616 1.5713907
      vertex 128.36 -39.9616 1.8122507
    endloop
  endfacet
  facet normal 0 -1 0
    outer loop
      vertex 128.36 -39.9616 1.8122507
      vertex 128 -39.9616 1.5713907
      vertex 128.276 -39.9616 1.6856707
    endloop
  endfacet
  facet normal 0 -1 0
    outer loop
      vertex 128.276 -39.9616 1.6856707
      vertex 128 -39.9616 1.5713907
      vertex 128.149 -39.9616 1.6010907
    endloop
  endfacet
  facet normal -0.380972 -0.921413 -0.0765414
    outer loop
      vertex -128.39 -39.9616 1.9615707
      vertex -129.027 -39.6629 1.5363507
      vertex -128.36 -39.9616 1.8122507
    endloop
  endfacet
  facet normal -0.706979 -0.707235 0
    outer loop
      vertex -129.111 -39.6629 1.9615707
      vertex -129.663 -39.1111 13.9615707
      vertex -129.663 -39.1111 1.9615707
    endloop
  endfacet
  facet normal -0.706979 -0.707235 0
    outer loop
      vertex -129.663 -39.1111 13.9615707
      vertex -129.111 -39.6629 1.9615707
      vertex -129.111 -39.6629 13.9615707
    endloop
  endfacet
  facet normal 0 -0.923849 -0.382758
    outer loop
      vertex -128 -39.6629 0.8504297
      vertex 128 -39.9616 1.5713907
      vertex -128 -39.9616 1.5713907
    endloop
  endfacet
  facet normal 0 -0.923849 -0.382758
    outer loop
      vertex 128 -39.9616 1.5713907
      vertex -128 -39.6629 0.8504297
      vertex 128 -39.6629 0.8504297
    endloop
  endfacet
  facet normal 0.70058 -0.699743 -0.139812
    outer loop
      vertex 129.663 -39.1111 1.9615707
      vertex 129.027 -39.6629 1.5363507
      vertex 129.536 -39.1111 1.3251907
    endloop
  endfacet
  facet normal 0.514407 -0.376279 -0.770584
    outer loop
      vertex 129.176 -39.1111 0.7856947
      vertex 128.636 -39.1111 0.4252147
      vertex 129.387 -38.3902 0.5745307
    endloop
  endfacet
  facet normal 0.51444 -0.376222 0.77059
    outer loop
      vertex 129.387 -38.3902 15.3485707
      vertex 128.636 -39.1111 15.4979707
      vertex 129.176 -39.1111 15.1374707
    endloop
  endfacet
  facet normal 0.396415 -0.700185 0.593798
    outer loop
      vertex 128.636 -39.1111 15.4979707
      vertex 128.425 -39.6629 14.9881707
      vertex 129.176 -39.1111 15.1374707
    endloop
  endfacet
  facet normal -0.323357 0.921255 0.216169
    outer loop
      vertex -128.276 -0.0384293 14.2374707
      vertex -129.027 -0.33706 14.3867707
      vertex -128.786 -0.33706 14.7472707
    endloop
  endfacet
  facet normal -0.77038 0.376495 0.514555
    outer loop
      vertex -129.536 -0.888859 14.5979707
      vertex -129.812 -1.60982 14.7122707
      vertex -129.387 -1.60982 15.3485707
    endloop
  endfacet
  facet normal 0.908479 -0.376556 -0.181302
    outer loop
      vertex 129.663 -39.1111 1.9615707
      vertex 129.536 -39.1111 1.3251907
      vertex 129.812 -38.3902 1.2109107
    endloop
  endfacet
  facet normal 0.908357 -0.37675 -0.181512
    outer loop
      vertex 129.962 -38.3902 1.9615707
      vertex 129.663 -39.1111 1.9615707
      vertex 129.812 -38.3902 1.2109107
    endloop
  endfacet
  facet normal 0.215966 -0.921187 -0.323687
    outer loop
      vertex 128.786 -39.6629 1.1758707
      vertex 128.276 -39.9616 1.6856707
      vertex 128.425 -39.6629 0.9350097
    endloop
  endfacet
  facet normal 0.380972 -0.921413 -0.0765414
    outer loop
      vertex 128.39 -39.9616 1.9615707
      vertex 128.36 -39.9616 1.8122507
      vertex 129.027 -39.6629 1.5363507
    endloop
  endfacet
  facet normal 0.323421 -0.921223 0.216212
    outer loop
      vertex 128.786 -39.6629 14.7472707
      vertex 128.276 -39.9616 14.2374707
      vertex 129.027 -39.6629 14.3867707
    endloop
  endfacet
  facet normal 0.215987 -0.921189 0.323667
    outer loop
      vertex 128.425 -39.6629 14.9881707
      vertex 128.276 -39.9616 14.2374707
      vertex 128.786 -39.6629 14.7472707
    endloop
  endfacet
  facet normal -0.396401 -0.700184 -0.593809
    outer loop
      vertex -128.425 -39.6629 0.9350097
      vertex -129.176 -39.1111 0.7856947
      vertex -128.636 -39.1111 0.4252147
    endloop
  endfacet
  facet normal -0.139364 -0.7002 -0.700212
    outer loop
      vertex -128.425 -39.6629 0.9350097
      vertex -128.636 -39.1111 0.4252147
      vertex -128 -39.1111 0.2986307
    endloop
  endfacet
  facet normal -0.831567 0 0.555424
    outer loop
      vertex -129.812 -38.3902 14.7122707
      vertex -129.387 -1.60982 15.3485707
      vertex -129.812 -1.60982 14.7122707
    endloop
  endfacet
  facet normal -0.831567 0 0.555424
    outer loop
      vertex -129.387 -1.60982 15.3485707
      vertex -129.812 -38.3902 14.7122707
      vertex -129.387 -38.3902 15.3485707
    endloop
  endfacet
  facet normal -0.980616 0 0.19594
    outer loop
      vertex -129.962 -38.3902 13.9615707
      vertex -129.812 -1.60982 14.7122707
      vertex -129.962 -1.60982 13.9615707
    endloop
  endfacet
  facet normal -0.980616 0 0.19594
    outer loop
      vertex -129.812 -1.60982 14.7122707
      vertex -129.962 -38.3902 13.9615707
      vertex -129.812 -38.3902 14.7122707
    endloop
  endfacet
  facet normal -0.323775 -0.921422 0.214827
    outer loop
      vertex -128.276 -39.9616 14.2374707
      vertex -129.027 -39.6629 14.3867707
      vertex -128.36 -39.9616 14.1108707
    endloop
  endfacet
  facet normal -0.323421 -0.921223 0.216212
    outer loop
      vertex -128.786 -39.6629 14.7472707
      vertex -129.027 -39.6629 14.3867707
      vertex -128.276 -39.9616 14.2374707
    endloop
  endfacet
  facet normal -0.908479 -0.376556 -0.181302
    outer loop
      vertex -129.663 -39.1111 1.9615707
      vertex -129.812 -38.3902 1.2109107
      vertex -129.536 -39.1111 1.3251907
    endloop
  endfacet
  facet normal -0.770403 -0.376514 -0.514506
    outer loop
      vertex -129.536 -39.1111 1.3251907
      vertex -129.812 -38.3902 1.2109107
      vertex -129.387 -38.3902 0.5745307
    endloop
  endfacet
  facet normal -0.594179 0.69982 -0.396489
    outer loop
      vertex -129.176 -0.888859 0.7856947
      vertex -129.536 -0.888859 1.3251907
      vertex -129.027 -0.33706 1.5363507
    endloop
  endfacet
  facet normal -0.70058 0.699743 -0.139812
    outer loop
      vertex -129.536 -0.888859 1.3251907
      vertex -129.663 -0.888859 1.9615707
      vertex -129.027 -0.33706 1.5363507
    endloop
  endfacet
  facet normal -0.593582 0.700139 0.396819
    outer loop
      vertex -129.027 -0.33706 14.3867707
      vertex -129.176 -0.888859 15.1374707
      vertex -128.786 -0.33706 14.7472707
    endloop
  endfacet
  facet normal -0.90849 0.376529 -0.181304
    outer loop
      vertex -129.536 -0.888859 1.3251907
      vertex -129.812 -1.60982 1.2109107
      vertex -129.663 -0.888859 1.9615707
    endloop
  endfacet
  facet normal -0.90849 0.376533 0.181298
    outer loop
      vertex -129.663 -0.888859 13.9615707
      vertex -129.812 -1.60982 14.7122707
      vertex -129.536 -0.888859 14.5979707
    endloop
  endfacet
  facet normal 0.90849 0.376533 0.181298
    outer loop
      vertex 129.663 -0.888859 13.9615707
      vertex 129.536 -0.888859 14.5979707
      vertex 129.812 -1.60982 14.7122707
    endloop
  endfacet
  facet normal -0 0.382758 0.923849
    outer loop
      vertex -128 -0.888859 15.6244707
      vertex 128 -1.60982 15.9231707
      vertex 128 -0.888859 15.6244707
    endloop
  endfacet
  facet normal 0 0.382758 0.923849
    outer loop
      vertex 128 -1.60982 15.9231707
      vertex -128 -0.888859 15.6244707
      vertex -128 -1.60982 15.9231707
    endloop
  endfacet
  facet normal 0.90837 0.376723 0.181505
    outer loop
      vertex 129.962 -1.60982 13.9615707
      vertex 129.663 -0.888859 13.9615707
      vertex 129.812 -1.60982 14.7122707
    endloop
  endfacet
  facet normal 0.381651 -0.921227 -0.0753932
    outer loop
      vertex 129.111 -39.6629 1.9615707
      vertex 128.39 -39.9616 1.9615707
      vertex 129.027 -39.6629 1.5363507
    endloop
  endfacet
  facet normal 0.770699 -0.376217 -0.514279
    outer loop
      vertex 129.536 -39.1111 1.3251907
      vertex 129.176 -39.1111 0.7856947
      vertex 129.387 -38.3902 0.5745307
    endloop
  endfacet
  facet normal 0.396304 -0.700097 -0.593976
    outer loop
      vertex 128.786 -39.6629 1.1758707
      vertex 128.425 -39.6629 0.9350097
      vertex 129.176 -39.1111 0.7856947
    endloop
  endfacet
  facet normal 0.323414 -0.921224 -0.216219
    outer loop
      vertex 129.027 -39.6629 1.5363507
      vertex 128.276 -39.9616 1.6856707
      vertex 128.786 -39.6629 1.1758707
    endloop
  endfacet
  facet normal 0.380968 -0.921414 0.0765509
    outer loop
      vertex 129.027 -39.6629 14.3867707
      vertex 128.36 -39.9616 14.1108707
      vertex 128.39 -39.9616 13.9615707
    endloop
  endfacet
  facet normal 0.323763 -0.92142 -0.214853
    outer loop
      vertex 128.36 -39.9616 1.8122507
      vertex 128.276 -39.9616 1.6856707
      vertex 129.027 -39.6629 1.5363507
    endloop
  endfacet
  facet normal 0.215663 -0.921236 0.32375
    outer loop
      vertex 128.425 -39.6629 14.9881707
      vertex 128.149 -39.9616 14.3220707
      vertex 128.276 -39.9616 14.2374707
    endloop
  endfacet
  facet normal -0.215628 -0.921236 -0.323774
    outer loop
      vertex -128.276 -39.9616 1.6856707
      vertex -128.425 -39.6629 0.9350097
      vertex -128.149 -39.9616 1.6010907
    endloop
  endfacet
  facet normal -0.323414 -0.921224 -0.216219
    outer loop
      vertex -128.276 -39.9616 1.6856707
      vertex -129.027 -39.6629 1.5363507
      vertex -128.786 -39.6629 1.1758707
    endloop
  endfacet
  facet normal -0.593578 -0.700131 -0.396839
    outer loop
      vertex -129.027 -39.6629 1.5363507
      vertex -129.176 -39.1111 0.7856947
      vertex -128.786 -39.6629 1.1758707
    endloop
  endfacet
  facet normal -0.380893 0.921446 0.0765358
    outer loop
      vertex -128.39 -0.0384293 13.9615707
      vertex -129.027 -0.33706 14.3867707
      vertex -128.36 -0.0384293 14.1108707
    endloop
  endfacet
  facet normal -0.139364 0.700201 -0.700212
    outer loop
      vertex -128 -0.888859 0.2986307
      vertex -128.636 -0.888859 0.4252147
      vertex -128.425 -0.33706 0.9350097
    endloop
  endfacet
  facet normal 0.90849 0.376529 -0.181304
    outer loop
      vertex 129.812 -1.60982 1.2109107
      vertex 129.536 -0.888859 1.3251907
      vertex 129.663 -0.888859 1.9615707
    endloop
  endfacet
  facet normal -0.770724 0.37615 0.514292
    outer loop
      vertex -129.176 -0.888859 15.1374707
      vertex -129.536 -0.888859 14.5979707
      vertex -129.387 -1.60982 15.3485707
    endloop
  endfacet
  facet normal -0.700182 0.700438 -0.138317
    outer loop
      vertex -129.027 -0.33706 1.5363507
      vertex -129.663 -0.888859 1.9615707
      vertex -129.111 -0.33706 1.9615707
    endloop
  endfacet
  facet normal -0.396415 0.700185 0.593798
    outer loop
      vertex -128.425 -0.33706 14.9881707
      vertex -129.176 -0.888859 15.1374707
      vertex -128.636 -0.888859 15.4979707
    endloop
  endfacet
  facet normal -0.180641 0.376461 0.90865
    outer loop
      vertex -128 -0.888859 15.6244707
      vertex -128.751 -1.60982 15.7738707
      vertex -128 -1.60982 15.9231707
    endloop
  endfacet
  facet normal 0.381576 0.921259 0.0753819
    outer loop
      vertex 129.111 -0.33706 13.9615707
      vertex 128.39 -0.0384293 13.9615707
      vertex 129.027 -0.33706 14.3867707
    endloop
  endfacet
  facet normal -0.381576 0.921259 0.0753819
    outer loop
      vertex -128.39 -0.0384293 13.9615707
      vertex -129.111 -0.33706 13.9615707
      vertex -129.027 -0.33706 14.3867707
    endloop
  endfacet
  facet normal -0.3237 0.921453 -0.214811
    outer loop
      vertex -128.276 -0.0384293 1.6856707
      vertex -129.027 -0.33706 1.5363507
      vertex -128.36 -0.0384293 1.8122507
    endloop
  endfacet
  facet normal -0.706978 0.707236 0
    outer loop
      vertex -129.663 -0.888859 1.9615707
      vertex -129.111 -0.33706 13.9615707
      vertex -129.111 -0.33706 1.9615707
    endloop
  endfacet
  facet normal -0.706978 0.707236 0
    outer loop
      vertex -129.111 -0.33706 13.9615707
      vertex -129.663 -0.888859 1.9615707
      vertex -129.663 -0.888859 13.9615707
    endloop
  endfacet
  facet normal 0.593578 -0.700131 -0.396839
    outer loop
      vertex 129.027 -39.6629 1.5363507
      vertex 128.786 -39.6629 1.1758707
      vertex 129.176 -39.1111 0.7856947
    endloop
  endfacet
  facet normal 0.594179 -0.699819 -0.39649
    outer loop
      vertex 129.536 -39.1111 1.3251907
      vertex 129.027 -39.6629 1.5363507
      vertex 129.176 -39.1111 0.7856947
    endloop
  endfacet
  facet normal 0.215628 -0.921236 -0.323774
    outer loop
      vertex 128.276 -39.9616 1.6856707
      vertex 128.149 -39.9616 1.6010907
      vertex 128.425 -39.6629 0.9350097
    endloop
  endfacet
  facet normal -0.396304 -0.700097 -0.593976
    outer loop
      vertex -128.786 -39.6629 1.1758707
      vertex -129.176 -39.1111 0.7856947
      vertex -128.425 -39.6629 0.9350097
    endloop
  endfacet
  facet normal -0.215966 -0.921187 -0.323687
    outer loop
      vertex -128.276 -39.9616 1.6856707
      vertex -128.786 -39.6629 1.1758707
      vertex -128.425 -39.6629 0.9350097
    endloop
  endfacet
  facet normal 0 0.92388 -0.382682
    outer loop
      vertex 128 -0.33706 0.8504297
      vertex -128 -0.0384293 1.5713907
      vertex 128 -0.0384293 1.5713907
    endloop
  endfacet
  facet normal 0 0.92388 -0.382682
    outer loop
      vertex -128 -0.0384293 1.5713907
      vertex 128 -0.33706 0.8504297
      vertex -128 -0.33706 0.8504297
    endloop
  endfacet
  facet normal 0.923713 0.383086 0
    outer loop
      vertex 129.962 -1.60982 13.9615707
      vertex 129.663 -0.888859 1.9615707
      vertex 129.663 -0.888859 13.9615707
    endloop
  endfacet
  facet normal 0.923713 0.383086 0
    outer loop
      vertex 129.663 -0.888859 1.9615707
      vertex 129.962 -1.60982 13.9615707
      vertex 129.962 -1.60982 1.9615707
    endloop
  endfacet
  facet normal -0.380897 0.921445 -0.0765263
    outer loop
      vertex -128.36 -0.0384293 1.8122507
      vertex -129.027 -0.33706 1.5363507
      vertex -128.39 -0.0384293 1.9615707
    endloop
  endfacet
  facet normal -0.215945 0.921221 0.323604
    outer loop
      vertex -128.276 -0.0384293 14.2374707
      vertex -128.786 -0.33706 14.7472707
      vertex -128.425 -0.33706 14.9881707
    endloop
  endfacet
  facet normal -0.180665 0.376385 -0.908677
    outer loop
      vertex -128 -1.60982 0
      vertex -128.751 -1.60982 0.1493157
      vertex -128 -0.888859 0.2986307
    endloop
  endfacet
  facet normal -0.32335 0.921256 -0.216177
    outer loop
      vertex -128.786 -0.33706 1.1758707
      vertex -129.027 -0.33706 1.5363507
      vertex -128.276 -0.0384293 1.6856707
    endloop
  endfacet
  facet normal -0.139276 0.700195 0.700235
    outer loop
      vertex -128.425 -0.33706 14.9881707
      vertex -128.636 -0.888859 15.4979707
      vertex -128 -0.888859 15.6244707
    endloop
  endfacet
  facet normal 0.180641 0.376461 0.90865
    outer loop
      vertex 128.751 -1.60982 15.7738707
      vertex 128 -0.888859 15.6244707
      vertex 128 -1.60982 15.9231707
    endloop
  endfacet
  facet normal 0.770724 0.37615 0.514292
    outer loop
      vertex 129.536 -0.888859 14.5979707
      vertex 129.176 -0.888859 15.1374707
      vertex 129.387 -1.60982 15.3485707
    endloop
  endfacet
  facet normal 0.594168 0.699835 0.396479
    outer loop
      vertex 129.536 -0.888859 14.5979707
      vertex 129.027 -0.33706 14.3867707
      vertex 129.176 -0.888859 15.1374707
    endloop
  endfacet
  facet normal 0.700182 0.700437 0.138324
    outer loop
      vertex 129.111 -0.33706 13.9615707
      vertex 129.027 -0.33706 14.3867707
      vertex 129.663 -0.888859 13.9615707
    endloop
  endfacet
  facet normal 0 0.707107 -0.707107
    outer loop
      vertex 128 -0.888859 0.2986307
      vertex -128 -0.33706 0.8504297
      vertex 128 -0.33706 0.8504297
    endloop
  endfacet
  facet normal 0 0.707107 -0.707107
    outer loop
      vertex -128 -0.33706 0.8504297
      vertex 128 -0.888859 0.2986307
      vertex -128 -0.888859 0.2986307
    endloop
  endfacet
  facet normal 0.323357 0.921255 0.216169
    outer loop
      vertex 129.027 -0.33706 14.3867707
      vertex 128.276 -0.0384293 14.2374707
      vertex 128.786 -0.33706 14.7472707
    endloop
  endfacet
  facet normal 0.0760616 -0.921198 -0.381588
    outer loop
      vertex 128.149 -39.9616 1.6010907
      vertex 128 -39.9616 1.5713907
      vertex 128.425 -39.6629 0.9350097
    endloop
  endfacet
  facet normal -0.908368 0.376722 -0.181514
    outer loop
      vertex -129.812 -1.60982 1.2109107
      vertex -129.962 -1.60982 1.9615707
      vertex -129.663 -0.888859 1.9615707
    endloop
  endfacet
  facet normal -0.923713 0.383086 0
    outer loop
      vertex -129.962 -1.60982 1.9615707
      vertex -129.663 -0.888859 13.9615707
      vertex -129.663 -0.888859 1.9615707
    endloop
  endfacet
  facet normal -0.923713 0.383086 0
    outer loop
      vertex -129.663 -0.888859 13.9615707
      vertex -129.962 -1.60982 1.9615707
      vertex -129.962 -1.60982 13.9615707
    endloop
  endfacet
  facet normal -0.0759384 0.921212 -0.381577
    outer loop
      vertex -128 -0.33706 0.8504297
      vertex -128.425 -0.33706 0.9350097
      vertex -128 -0.0384293 1.5713907
    endloop
  endfacet
  facet normal -0.594168 0.699835 0.396479
    outer loop
      vertex -129.027 -0.33706 14.3867707
      vertex -129.536 -0.888859 14.5979707
      vertex -129.176 -0.888859 15.1374707
    endloop
  endfacet
  facet normal -0.180836 0.376542 -0.908578
    outer loop
      vertex -128 -0.888859 0.2986307
      vertex -128.751 -1.60982 0.1493157
      vertex -128.636 -0.888859 0.4252147
    endloop
  endfacet
  facet normal -0.514833 0.376803 -0.770043
    outer loop
      vertex -128.751 -1.60982 0.1493157
      vertex -129.387 -1.60982 0.5745307
      vertex -128.636 -0.888859 0.4252147
    endloop
  endfacet
  facet normal -0.514446 0.376195 0.770599
    outer loop
      vertex -129.176 -0.888859 15.1374707
      vertex -129.387 -1.60982 15.3485707
      vertex -128.636 -0.888859 15.4979707
    endloop
  endfacet
  facet normal -0.13922 0.700221 0.70022
    outer loop
      vertex -128 -0.33706 15.0726707
      vertex -128.425 -0.33706 14.9881707
      vertex -128 -0.888859 15.6244707
    endloop
  endfacet
  facet normal 0.70058 0.699743 -0.139812
    outer loop
      vertex 129.536 -0.888859 1.3251907
      vertex 129.027 -0.33706 1.5363507
      vertex 129.663 -0.888859 1.9615707
    endloop
  endfacet
  facet normal -0.382665 0.923887 0
    outer loop
      vertex -128.39 -0.0384293 1.9615707
      vertex -129.111 -0.33706 13.9615707
      vertex -128.39 -0.0384293 13.9615707
    endloop
  endfacet
  facet normal -0.382665 0.923887 0
    outer loop
      vertex -129.111 -0.33706 13.9615707
      vertex -128.39 -0.0384293 1.9615707
      vertex -129.111 -0.33706 1.9615707
    endloop
  endfacet
  facet normal -0.396338 0.700116 0.593931
    outer loop
      vertex -128.786 -0.33706 14.7472707
      vertex -129.176 -0.888859 15.1374707
      vertex -128.425 -0.33706 14.9881707
    endloop
  endfacet
  facet normal -0.323711 0.921455 0.214785
    outer loop
      vertex -128.36 -0.0384293 14.1108707
      vertex -129.027 -0.33706 14.3867707
      vertex -128.276 -0.0384293 14.2374707
    endloop
  endfacet
  facet normal 0.514833 0.376803 -0.770043
    outer loop
      vertex 128.751 -1.60982 0.1493157
      vertex 128.636 -0.888859 0.4252147
      vertex 129.387 -1.60982 0.5745307
    endloop
  endfacet
  facet normal -0.0760449 0.921234 0.381505
    outer loop
      vertex -128.149 -0.0384293 14.3220707
      vertex -128.425 -0.33706 14.9881707
      vertex -128 -0.0384293 14.3517707
    endloop
  endfacet
  facet normal 0.180721 0.376535 0.908604
    outer loop
      vertex 128.636 -0.888859 15.4979707
      vertex 128 -0.888859 15.6244707
      vertex 128.751 -1.60982 15.7738707
    endloop
  endfacet
  facet normal 0.514905 0.376798 0.769997
    outer loop
      vertex 129.387 -1.60982 15.3485707
      vertex 128.636 -0.888859 15.4979707
      vertex 128.751 -1.60982 15.7738707
    endloop
  endfacet
  facet normal 0.0759384 0.921212 -0.381577
    outer loop
      vertex 128.425 -0.33706 0.9350097
      vertex 128 -0.33706 0.8504297
      vertex 128 -0.0384293 1.5713907
    endloop
  endfacet
  facet normal 0.180665 0.376385 -0.908677
    outer loop
      vertex 128.751 -1.60982 0.1493157
      vertex 128 -1.60982 0
      vertex 128 -0.888859 0.2986307
    endloop
  endfacet
  facet normal 0.215586 0.921268 -0.32371
    outer loop
      vertex 128.425 -0.33706 0.9350097
      vertex 128.149 -0.0384293 1.6010907
      vertex 128.276 -0.0384293 1.6856707
    endloop
  endfacet
  facet normal 0 1 0
    outer loop
      vertex 128.39 -0.0384293 13.9615707
      vertex 128 -0.0384293 14.3517707
      vertex 128.149 -0.0384293 14.3220707
    endloop
  endfacet
  facet normal 0 1 0
    outer loop
      vertex 128 -0.0384293 14.3517707
      vertex 128 -0.0384293 1.5713907
      vertex -128 -0.0384293 14.3517707
    endloop
  endfacet
  facet normal 0 1 0
    outer loop
      vertex 128.39 -0.0384293 13.9615707
      vertex 128.149 -0.0384293 14.3220707
      vertex 128.276 -0.0384293 14.2374707
    endloop
  endfacet
  facet normal 0 1 0
    outer loop
      vertex -128 -0.0384293 1.5713907
      vertex -128 -0.0384293 14.3517707
      vertex 128 -0.0384293 1.5713907
    endloop
  endfacet
  facet normal 0 1 0
    outer loop
      vertex 128.39 -0.0384293 13.9615707
      vertex 128.276 -0.0384293 14.2374707
      vertex 128.36 -0.0384293 14.1108707
    endloop
  endfacet
  facet normal -0 1 0
    outer loop
      vertex -128.39 -0.0384293 13.9615707
      vertex -128 -0.0384293 14.3517707
      vertex -128 -0.0384293 1.5713907
    endloop
  endfacet
  facet normal 0 1 0
    outer loop
      vertex 128 -0.0384293 14.3517707
      vertex 128.39 -0.0384293 13.9615707
      vertex 128 -0.0384293 1.5713907
    endloop
  endfacet
  facet normal 0 1 0
    outer loop
      vertex -128 -0.0384293 14.3517707
      vertex -128.39 -0.0384293 13.9615707
      vertex -128.149 -0.0384293 14.3220707
    endloop
  endfacet
  facet normal 0 1 0
    outer loop
      vertex 128 -0.0384293 1.5713907
      vertex 128.39 -0.0384293 13.9615707
      vertex 128.39 -0.0384293 1.9615707
    endloop
  endfacet
  facet normal 0 1 0
    outer loop
      vertex -128.149 -0.0384293 14.3220707
      vertex -128.39 -0.0384293 13.9615707
      vertex -128.276 -0.0384293 14.2374707
    endloop
  endfacet
  facet normal 0 1 0
    outer loop
      vertex 128 -0.0384293 1.5713907
      vertex 128.39 -0.0384293 1.9615707
      vertex 128.36 -0.0384293 1.8122507
    endloop
  endfacet
  facet normal 0 1 0
    outer loop
      vertex -128.276 -0.0384293 14.2374707
      vertex -128.39 -0.0384293 13.9615707
      vertex -128.36 -0.0384293 14.1108707
    endloop
  endfacet
  facet normal 0 1 0
    outer loop
      vertex 128 -0.0384293 1.5713907
      vertex 128.36 -0.0384293 1.8122507
      vertex 128.276 -0.0384293 1.6856707
    endloop
  endfacet
  facet normal 0 1 0
    outer loop
      vertex -128.39 -0.0384293 13.9615707
      vertex -128 -0.0384293 1.5713907
      vertex -128.39 -0.0384293 1.9615707
    endloop
  endfacet
  facet normal 0 1 0
    outer loop
      vertex 128 -0.0384293 1.5713907
      vertex 128.276 -0.0384293 1.6856707
      vertex 128.149 -0.0384293 1.6010907
    endloop
  endfacet
  facet normal 0 1 0
    outer loop
      vertex -128.39 -0.0384293 1.9615707
      vertex -128 -0.0384293 1.5713907
      vertex -128.36 -0.0384293 1.8122507
    endloop
  endfacet
  facet normal 0 1 0
    outer loop
      vertex -128.36 -0.0384293 1.8122507
      vertex -128 -0.0384293 1.5713907
      vertex -128.276 -0.0384293 1.6856707
    endloop
  endfacet
  facet normal 0 1 0
    outer loop
      vertex -128.276 -0.0384293 1.6856707
      vertex -128 -0.0384293 1.5713907
      vertex -128.149 -0.0384293 1.6010907
    endloop
  endfacet
  facet normal 0 0.923869 0.38271
    outer loop
      vertex 128 -0.0384293 14.3517707
      vertex -128 -0.33706 15.0726707
      vertex 128 -0.33706 15.0726707
    endloop
  endfacet
  facet normal 0 0.923869 0.38271
    outer loop
      vertex -128 -0.33706 15.0726707
      vertex 128 -0.0384293 14.3517707
      vertex -128 -0.0384293 14.3517707
    endloop
  endfacet
  facet normal 0.0758724 0.921206 0.381607
    outer loop
      vertex 128.425 -0.33706 14.9881707
      vertex 128 -0.0384293 14.3517707
      vertex 128 -0.33706 15.0726707
    endloop
  endfacet
  facet normal -0.13935 0.700208 -0.700208
    outer loop
      vertex -128 -0.888859 0.2986307
      vertex -128.425 -0.33706 0.9350097
      vertex -128 -0.33706 0.8504297
    endloop
  endfacet
  facet normal -0.514414 0.376252 -0.770593
    outer loop
      vertex -128.636 -0.888859 0.4252147
      vertex -129.387 -1.60982 0.5745307
      vertex -129.176 -0.888859 0.7856947
    endloop
  endfacet
  facet normal -0.3964 0.700184 -0.593809
    outer loop
      vertex -128.636 -0.888859 0.4252147
      vertex -129.176 -0.888859 0.7856947
      vertex -128.425 -0.33706 0.9350097
    endloop
  endfacet
  facet normal -0.215923 0.921219 -0.323624
    outer loop
      vertex -128.425 -0.33706 0.9350097
      vertex -128.786 -0.33706 1.1758707
      vertex -128.276 -0.0384293 1.6856707
    endloop
  endfacet
  facet normal 0.0760449 0.921234 0.381505
    outer loop
      vertex 128.149 -0.0384293 14.3220707
      vertex 128 -0.0384293 14.3517707
      vertex 128.425 -0.33706 14.9881707
    endloop
  endfacet
  facet normal -0.0760466 0.92123 -0.381513
    outer loop
      vertex -128 -0.0384293 1.5713907
      vertex -128.425 -0.33706 0.9350097
      vertex -128.149 -0.0384293 1.6010907
    endloop
  endfacet
  facet normal -0.381576 0.921259 -0.0753783
    outer loop
      vertex -129.027 -0.33706 1.5363507
      vertex -129.111 -0.33706 1.9615707
      vertex -128.39 -0.0384293 1.9615707
    endloop
  endfacet
  facet normal -0.700182 0.700437 0.138324
    outer loop
      vertex -129.111 -0.33706 13.9615707
      vertex -129.663 -0.888859 13.9615707
      vertex -129.027 -0.33706 14.3867707
    endloop
  endfacet
  facet normal -0.700576 0.699748 0.139807
    outer loop
      vertex -129.027 -0.33706 14.3867707
      vertex -129.663 -0.888859 13.9615707
      vertex -129.536 -0.888859 14.5979707
    endloop
  endfacet
  facet normal -0.514905 0.376798 0.769997
    outer loop
      vertex -128.636 -0.888859 15.4979707
      vertex -129.387 -1.60982 15.3485707
      vertex -128.751 -1.60982 15.7738707
    endloop
  endfacet
  facet normal -0.180721 0.376535 0.908604
    outer loop
      vertex -128.636 -0.888859 15.4979707
      vertex -128.751 -1.60982 15.7738707
      vertex -128 -0.888859 15.6244707
    endloop
  endfacet
  facet normal 0.13922 0.700221 0.70022
    outer loop
      vertex 128.425 -0.33706 14.9881707
      vertex 128 -0.33706 15.0726707
      vertex 128 -0.888859 15.6244707
    endloop
  endfacet
  facet normal 0.514446 0.376195 0.770599
    outer loop
      vertex 129.176 -0.888859 15.1374707
      vertex 128.636 -0.888859 15.4979707
      vertex 129.387 -1.60982 15.3485707
    endloop
  endfacet
  facet normal -0.215586 0.921268 -0.32371
    outer loop
      vertex -128.149 -0.0384293 1.6010907
      vertex -128.425 -0.33706 0.9350097
      vertex -128.276 -0.0384293 1.6856707
    endloop
  endfacet
  facet normal 0.32335 0.921256 -0.216177
    outer loop
      vertex 128.786 -0.33706 1.1758707
      vertex 128.276 -0.0384293 1.6856707
      vertex 129.027 -0.33706 1.5363507
    endloop
  endfacet
  facet normal 0.215923 0.921219 -0.323624
    outer loop
      vertex 128.425 -0.33706 0.9350097
      vertex 128.276 -0.0384293 1.6856707
      vertex 128.786 -0.33706 1.1758707
    endloop
  endfacet
  facet normal 0.908368 0.376722 -0.181514
    outer loop
      vertex 129.812 -1.60982 1.2109107
      vertex 129.663 -0.888859 1.9615707
      vertex 129.962 -1.60982 1.9615707
    endloop
  endfacet
  facet normal 0.180836 0.376542 -0.908578
    outer loop
      vertex 128.751 -1.60982 0.1493157
      vertex 128 -0.888859 0.2986307
      vertex 128.636 -0.888859 0.4252147
    endloop
  endfacet
  facet normal 0.0760466 0.92123 -0.381513
    outer loop
      vertex 128.425 -0.33706 0.9350097
      vertex 128 -0.0384293 1.5713907
      vertex 128.149 -0.0384293 1.6010907
    endloop
  endfacet
  facet normal -0.215621 0.921268 0.323686
    outer loop
      vertex -128.276 -0.0384293 14.2374707
      vertex -128.425 -0.33706 14.9881707
      vertex -128.149 -0.0384293 14.3220707
    endloop
  endfacet
  facet normal 0.396415 0.700185 0.593798
    outer loop
      vertex 129.176 -0.888859 15.1374707
      vertex 128.425 -0.33706 14.9881707
      vertex 128.636 -0.888859 15.4979707
    endloop
  endfacet
  facet normal 0.215945 0.921221 0.323604
    outer loop
      vertex 128.786 -0.33706 14.7472707
      vertex 128.276 -0.0384293 14.2374707
      vertex 128.425 -0.33706 14.9881707
    endloop
  endfacet
  facet normal 0.323711 0.921455 0.214785
    outer loop
      vertex 128.36 -0.0384293 14.1108707
      vertex 128.276 -0.0384293 14.2374707
      vertex 129.027 -0.33706 14.3867707
    endloop
  endfacet
  facet normal 0.380893 0.921446 0.0765358
    outer loop
      vertex 128.39 -0.0384293 13.9615707
      vertex 128.36 -0.0384293 14.1108707
      vertex 129.027 -0.33706 14.3867707
    endloop
  endfacet
  facet normal -0.396303 0.700098 -0.593975
    outer loop
      vertex -128.425 -0.33706 0.9350097
      vertex -129.176 -0.888859 0.7856947
      vertex -128.786 -0.33706 1.1758707
    endloop
  endfacet
  facet normal -0.593578 0.700132 -0.396838
    outer loop
      vertex -128.786 -0.33706 1.1758707
      vertex -129.176 -0.888859 0.7856947
      vertex -129.027 -0.33706 1.5363507
    endloop
  endfacet
  facet normal 0.382665 0.923887 -0
    outer loop
      vertex 129.111 -0.33706 1.9615707
      vertex 128.39 -0.0384293 13.9615707
      vertex 129.111 -0.33706 13.9615707
    endloop
  endfacet
  facet normal 0.382665 0.923887 0
    outer loop
      vertex 128.39 -0.0384293 13.9615707
      vertex 129.111 -0.33706 1.9615707
      vertex 128.39 -0.0384293 1.9615707
    endloop
  endfacet
  facet normal 0.706978 0.707236 0
    outer loop
      vertex 129.663 -0.888859 13.9615707
      vertex 129.111 -0.33706 1.9615707
      vertex 129.111 -0.33706 13.9615707
    endloop
  endfacet
  facet normal 0.706978 0.707236 0
    outer loop
      vertex 129.111 -0.33706 1.9615707
      vertex 129.663 -0.888859 13.9615707
      vertex 129.663 -0.888859 1.9615707
    endloop
  endfacet
  facet normal 0.139364 0.700201 -0.700212
    outer loop
      vertex 128.636 -0.888859 0.4252147
      vertex 128 -0.888859 0.2986307
      vertex 128.425 -0.33706 0.9350097
    endloop
  endfacet
  facet normal 0.13935 0.700208 -0.700208
    outer loop
      vertex 128.425 -0.33706 0.9350097
      vertex 128 -0.888859 0.2986307
      vertex 128 -0.33706 0.8504297
    endloop
  endfacet
  facet normal 0.770708 0.37619 -0.514286
    outer loop
      vertex 129.387 -1.60982 0.5745307
      vertex 129.176 -0.888859 0.7856947
      vertex 129.536 -0.888859 1.3251907
    endloop
  endfacet
  facet normal 0.396338 0.700116 0.593931
    outer loop
      vertex 128.786 -0.33706 14.7472707
      vertex 128.425 -0.33706 14.9881707
      vertex 129.176 -0.888859 15.1374707
    endloop
  endfacet
  facet normal 0.593582 0.700139 0.396819
    outer loop
      vertex 129.027 -0.33706 14.3867707
      vertex 128.786 -0.33706 14.7472707
      vertex 129.176 -0.888859 15.1374707
    endloop
  endfacet
  facet normal 0.593578 0.700132 -0.396838
    outer loop
      vertex 129.176 -0.888859 0.7856947
      vertex 128.786 -0.33706 1.1758707
      vertex 129.027 -0.33706 1.5363507
    endloop
  endfacet
  facet normal 0.594179 0.69982 -0.396489
    outer loop
      vertex 129.176 -0.888859 0.7856947
      vertex 129.027 -0.33706 1.5363507
      vertex 129.536 -0.888859 1.3251907
    endloop
  endfacet
  facet normal 0.3237 0.921453 -0.214811
    outer loop
      vertex 129.027 -0.33706 1.5363507
      vertex 128.276 -0.0384293 1.6856707
      vertex 128.36 -0.0384293 1.8122507
    endloop
  endfacet
  facet normal 0.380897 0.921445 -0.0765263
    outer loop
      vertex 129.027 -0.33706 1.5363507
      vertex 128.36 -0.0384293 1.8122507
      vertex 128.39 -0.0384293 1.9615707
    endloop
  endfacet
  facet normal 0.3964 0.700184 -0.593809
    outer loop
      vertex 128.636 -0.888859 0.4252147
      vertex 128.425 -0.33706 0.9350097
      vertex 129.176 -0.888859 0.7856947
    endloop
  endfacet
  facet normal 0.396303 0.700098 -0.593975
    outer loop
      vertex 129.176 -0.888859 0.7856947
      vertex 128.425 -0.33706 0.9350097
      vertex 128.786 -0.33706 1.1758707
    endloop
  endfacet
endsolid OpenSCAD_Model
