solid OpenSCAD_Model
  facet normal -0.130664 0.991427 0
    outer loop
      vertex 3.63293 -24.2693 7.6615707
      vertex 3.39999 -24.3 0.2615707
      vertex 3.39999 -24.3 7.6615707
    endloop
  endfacet
  facet normal -0.130664 0.991427 0
    outer loop
      vertex 3.63293 -24.2693 7.6615707
      vertex 3.63293 -24.2693 0.2615707
      vertex 3.39999 -24.3 0.2615707
    endloop
  endfacet
  facet normal 0 -1 0
    outer loop
      vertex -3.39999 -15.7 0.2615707
      vertex 3.39999 -15.7 7.6615707
      vertex -3.39999 -15.7 7.6615707
    endloop
  endfacet
  facet normal 0 -1 -0
    outer loop
      vertex 3.39999 -15.7 7.6615707
      vertex -3.39999 -15.7 0.2615707
      vertex 3.39999 -15.7 0.2615707
    endloop
  endfacet
  facet normal 0.130664 0.991427 -0
    outer loop
      vertex -3.39999 -24.3 0.2615707
      vertex -3.63293 -24.2693 7.6615707
      vertex -3.39999 -24.3 7.6615707
    endloop
  endfacet
  facet normal 0.130664 0.991427 -0
    outer loop
      vertex -3.63293 -24.2693 0.2615707
      vertex -3.63293 -24.2693 7.6615707
      vertex -3.39999 -24.3 0.2615707
    endloop
  endfacet
  facet normal 1 -0 0
    outer loop
      vertex -4.29999 -23.4 7.6615707
      vertex -4.29999 -16.6 0.2615707
      vertex -4.29999 -16.6 7.6615707
    endloop
  endfacet
  facet normal 1 0 0
    outer loop
      vertex -4.29999 -16.6 0.2615707
      vertex -4.29999 -23.4 7.6615707
      vertex -4.29999 -23.4 0.2615707
    endloop
  endfacet
  facet normal -0.130664 -0.991427 0
    outer loop
      vertex 3.39999 -15.7 0.2615707
      vertex 3.63293 -15.7307 7.6615707
      vertex 3.39999 -15.7 7.6615707
    endloop
  endfacet
  facet normal -0.130664 -0.991427 0
    outer loop
      vertex 3.63293 -15.7307 0.2615707
      vertex 3.63293 -15.7307 7.6615707
      vertex 3.39999 -15.7 0.2615707
    endloop
  endfacet
  facet normal 0.991446 -0.130518 0
    outer loop
      vertex -4.29999 -16.6 7.6615707
      vertex -4.26933 -16.3671 0.2615707
      vertex -4.26933 -16.3671 7.6615707
    endloop
  endfacet
  facet normal 0.991446 -0.130518 0
    outer loop
      vertex -4.26933 -16.3671 0.2615707
      vertex -4.29999 -16.6 7.6615707
      vertex -4.29999 -16.6 0.2615707
    endloop
  endfacet
  facet normal -1 0 0
    outer loop
      vertex 4.29999 -23.4 0.2615707
      vertex 4.29999 -16.6 7.6615707
      vertex 4.29999 -16.6 0.2615707
    endloop
  endfacet
  facet normal -1 -0 0
    outer loop
      vertex 4.29999 -16.6 7.6615707
      vertex 4.29999 -23.4 0.2615707
      vertex 4.29999 -23.4 7.6615707
    endloop
  endfacet
  facet normal 0 1 -0
    outer loop
      vertex 3.39999 -24.3 0.2615707
      vertex -3.39999 -24.3 7.6615707
      vertex 3.39999 -24.3 7.6615707
    endloop
  endfacet
  facet normal 0 1 0
    outer loop
      vertex -3.39999 -24.3 7.6615707
      vertex 3.39999 -24.3 0.2615707
      vertex -3.39999 -24.3 0.2615707
    endloop
  endfacet
  facet normal 0.130664 -0.991427 0
    outer loop
      vertex -3.63293 -15.7307 7.6615707
      vertex -3.39999 -15.7 0.2615707
      vertex -3.39999 -15.7 7.6615707
    endloop
  endfacet
  facet normal 0.130664 -0.991427 0
    outer loop
      vertex -3.63293 -15.7307 7.6615707
      vertex -3.63293 -15.7307 0.2615707
      vertex -3.39999 -15.7 0.2615707
    endloop
  endfacet
  facet normal 0.608682 0.793414 0
    outer loop
      vertex -3.84999 -24.1794 7.6615707
      vertex -4.03639 -24.0364 0.2615707
      vertex -4.03639 -24.0364 7.6615707
    endloop
  endfacet
  facet normal 0.608682 0.793414 0
    outer loop
      vertex -4.03639 -24.0364 0.2615707
      vertex -3.84999 -24.1794 7.6615707
      vertex -3.84999 -24.1794 0.2615707
    endloop
  endfacet
  facet normal -0.923888 -0.382662 0
    outer loop
      vertex 4.26933 -16.3671 0.2615707
      vertex 4.17941 -16.15 7.6615707
      vertex 4.17941 -16.15 0.2615707
    endloop
  endfacet
  facet normal -0.923888 -0.382662 0
    outer loop
      vertex 4.17941 -16.15 7.6615707
      vertex 4.26933 -16.3671 0.2615707
      vertex 4.26933 -16.3671 7.6615707
    endloop
  endfacet
  facet normal 0.793373 -0.608735 0
    outer loop
      vertex -4.17941 -16.15 7.6615707
      vertex -4.03639 -15.9636 0.2615707
      vertex -4.03639 -15.9636 7.6615707
    endloop
  endfacet
  facet normal 0.793373 -0.608735 0
    outer loop
      vertex -4.03639 -15.9636 0.2615707
      vertex -4.17941 -16.15 7.6615707
      vertex -4.17941 -16.15 0.2615707
    endloop
  endfacet
  facet normal 0.608682 -0.793414 0
    outer loop
      vertex -4.03639 -15.9636 0.2615707
      vertex -3.84999 -15.8206 7.6615707
      vertex -4.03639 -15.9636 7.6615707
    endloop
  endfacet
  facet normal 0.608682 -0.793414 0
    outer loop
      vertex -3.84999 -15.8206 7.6615707
      vertex -4.03639 -15.9636 0.2615707
      vertex -3.84999 -15.8206 0.2615707
    endloop
  endfacet
  facet normal -0.991446 -0.130518 0
    outer loop
      vertex 4.29999 -16.6 0.2615707
      vertex 4.26933 -16.3671 7.6615707
      vertex 4.26933 -16.3671 0.2615707
    endloop
  endfacet
  facet normal -0.991446 -0.130518 0
    outer loop
      vertex 4.26933 -16.3671 7.6615707
      vertex 4.29999 -16.6 0.2615707
      vertex 4.29999 -16.6 7.6615707
    endloop
  endfacet
  facet normal 0.38265 0.923893 -0
    outer loop
      vertex -3.63293 -24.2693 0.2615707
      vertex -3.84999 -24.1794 7.6615707
      vertex -3.63293 -24.2693 7.6615707
    endloop
  endfacet
  facet normal 0.38265 0.923893 -0
    outer loop
      vertex -3.84999 -24.1794 0.2615707
      vertex -3.84999 -24.1794 7.6615707
      vertex -3.63293 -24.2693 0.2615707
    endloop
  endfacet
  facet normal -0.793373 0.608735 0
    outer loop
      vertex 4.03639 -24.0364 0.2615707
      vertex 4.17941 -23.85 7.6615707
      vertex 4.17941 -23.85 0.2615707
    endloop
  endfacet
  facet normal -0.793373 0.608735 0
    outer loop
      vertex 4.17941 -23.85 7.6615707
      vertex 4.03639 -24.0364 0.2615707
      vertex 4.03639 -24.0364 7.6615707
    endloop
  endfacet
  facet normal -0.38265 -0.923893 0
    outer loop
      vertex 3.63293 -15.7307 0.2615707
      vertex 3.84999 -15.8206 7.6615707
      vertex 3.63293 -15.7307 7.6615707
    endloop
  endfacet
  facet normal -0.38265 -0.923893 0
    outer loop
      vertex 3.84999 -15.8206 0.2615707
      vertex 3.84999 -15.8206 7.6615707
      vertex 3.63293 -15.7307 0.2615707
    endloop
  endfacet
  facet normal -0.608682 -0.793414 0
    outer loop
      vertex 3.84999 -15.8206 7.6615707
      vertex 4.03639 -15.9636 0.2615707
      vertex 4.03639 -15.9636 7.6615707
    endloop
  endfacet
  facet normal -0.608682 -0.793414 0
    outer loop
      vertex 4.03639 -15.9636 0.2615707
      vertex 3.84999 -15.8206 7.6615707
      vertex 3.84999 -15.8206 0.2615707
    endloop
  endfacet
  facet normal -0.38265 0.923893 0
    outer loop
      vertex 3.84999 -24.1794 7.6615707
      vertex 3.84999 -24.1794 0.2615707
      vertex 3.63293 -24.2693 7.6615707
    endloop
  endfacet
  facet normal -0.38265 0.923893 0
    outer loop
      vertex 3.63293 -24.2693 7.6615707
      vertex 3.84999 -24.1794 0.2615707
      vertex 3.63293 -24.2693 0.2615707
    endloop
  endfacet
  facet normal 0.991446 0.130518 0
    outer loop
      vertex -4.26933 -23.6329 7.6615707
      vertex -4.29999 -23.4 0.2615707
      vertex -4.29999 -23.4 7.6615707
    endloop
  endfacet
  facet normal 0.991446 0.130518 0
    outer loop
      vertex -4.29999 -23.4 0.2615707
      vertex -4.26933 -23.6329 7.6615707
      vertex -4.26933 -23.6329 0.2615707
    endloop
  endfacet
  facet normal 0.38265 -0.923893 0
    outer loop
      vertex -3.84999 -15.8206 7.6615707
      vertex -3.84999 -15.8206 0.2615707
      vertex -3.63293 -15.7307 7.6615707
    endloop
  endfacet
  facet normal 0.38265 -0.923893 0
    outer loop
      vertex -3.63293 -15.7307 7.6615707
      vertex -3.84999 -15.8206 0.2615707
      vertex -3.63293 -15.7307 0.2615707
    endloop
  endfacet
  facet normal -0.991446 0.130518 0
    outer loop
      vertex 4.26933 -23.6329 0.2615707
      vertex 4.29999 -23.4 7.6615707
      vertex 4.29999 -23.4 0.2615707
    endloop
  endfacet
  facet normal -0.991446 0.130518 0
    outer loop
      vertex 4.29999 -23.4 7.6615707
      vertex 4.26933 -23.6329 0.2615707
      vertex 4.26933 -23.6329 7.6615707
    endloop
  endfacet
  facet normal -0.793373 -0.608735 0
    outer loop
      vertex 4.17941 -16.15 0.2615707
      vertex 4.03639 -15.9636 7.6615707
      vertex 4.03639 -15.9636 0.2615707
    endloop
  endfacet
  facet normal -0.793373 -0.608735 0
    outer loop
      vertex 4.03639 -15.9636 7.6615707
      vertex 4.17941 -16.15 0.2615707
      vertex 4.17941 -16.15 7.6615707
    endloop
  endfacet
  facet normal -0.923888 0.382662 0
    outer loop
      vertex 4.17941 -23.85 0.2615707
      vertex 4.26933 -23.6329 7.6615707
      vertex 4.26933 -23.6329 0.2615707
    endloop
  endfacet
  facet normal -0.923888 0.382662 0
    outer loop
      vertex 4.26933 -23.6329 7.6615707
      vertex 4.17941 -23.85 0.2615707
      vertex 4.17941 -23.85 7.6615707
    endloop
  endfacet
  facet normal 0.923888 -0.382662 0
    outer loop
      vertex -4.26933 -16.3671 7.6615707
      vertex -4.17941 -16.15 0.2615707
      vertex -4.17941 -16.15 7.6615707
    endloop
  endfacet
  facet normal 0.923888 -0.382662 0
    outer loop
      vertex -4.17941 -16.15 0.2615707
      vertex -4.26933 -16.3671 7.6615707
      vertex -4.26933 -16.3671 0.2615707
    endloop
  endfacet
  facet normal 0.923888 0.382662 0
    outer loop
      vertex -4.17941 -23.85 7.6615707
      vertex -4.26933 -23.6329 0.2615707
      vertex -4.26933 -23.6329 7.6615707
    endloop
  endfacet
  facet normal 0.923888 0.382662 0
    outer loop
      vertex -4.26933 -23.6329 0.2615707
      vertex -4.17941 -23.85 7.6615707
      vertex -4.17941 -23.85 0.2615707
    endloop
  endfacet
  facet normal -0.608682 0.793414 0
    outer loop
      vertex 4.03639 -24.0364 0.2615707
      vertex 3.84999 -24.1794 7.6615707
      vertex 4.03639 -24.0364 7.6615707
    endloop
  endfacet
  facet normal -0.608682 0.793414 0
    outer loop
      vertex 3.84999 -24.1794 7.6615707
      vertex 4.03639 -24.0364 0.2615707
      vertex 3.84999 -24.1794 0.2615707
    endloop
  endfacet
  facet normal 0.793373 0.608735 0
    outer loop
      vertex -4.03639 -24.0364 7.6615707
      vertex -4.17941 -23.85 0.2615707
      vertex -4.17941 -23.85 7.6615707
    endloop
  endfacet
  facet normal 0.793373 0.608735 0
    outer loop
      vertex -4.17941 -23.85 0.2615707
      vertex -4.03639 -24.0364 7.6615707
      vertex -4.03639 -24.0364 0.2615707
    endloop
  endfacet
  facet normal 0.0896763 -0.68043 -0.727306
    outer loop
      vertex -3.63293 -15.7307 0.2615707
      vertex -3.81041 -15.4745 0
      vertex -3.39999 -15.7 0.2615707
    endloop
  endfacet
  facet normal 0.0897477 -0.6804 -0.727325
    outer loop
      vertex -3.81041 -15.4745 0
      vertex -3.63293 -15.7307 0.2615707
      vertex -3.8468 -15.4793 0
    endloop
  endfacet
  facet normal -0.0896618 0.680588 -0.727159
    outer loop
      vertex 3.81041 -24.5254 0
      vertex 3.60015 -24.5531 0
      vertex 3.39999 -24.3 0.2615707
    endloop
  endfacet
  facet normal 0.375496 0.490333 -0.786496
    outer loop
      vertex -4.10575 -24.4031 0
      vertex -3.84999 -24.1794 0.2615707
      vertex -4.07663 -24.4254 0
    endloop
  endfacet
  facet normal 0.375879 0.489956 -0.786548
    outer loop
      vertex -3.84999 -24.1794 0.2615707
      vertex -4.10575 -24.4031 0
      vertex -4.03639 -24.0364 0.2615707
    endloop
  endfacet
  facet normal -0.0879904 0.68127 -0.726725
    outer loop
      vertex 3.81041 -24.5254 0
      vertex 3.63293 -24.2693 0.2615707
      vertex 3.8468 -24.5207 0
    endloop
  endfacet
  facet normal -0.0896933 0.680559 -0.727183
    outer loop
      vertex 3.63293 -24.2693 0.2615707
      vertex 3.81041 -24.5254 0
      vertex 3.39999 -24.3 0.2615707
    endloop
  endfacet
  facet normal -0.244997 0.591132 -0.768466
    outer loop
      vertex 3.8468 -24.5207 0
      vertex 3.63293 -24.2693 0.2615707
      vertex 4.04272 -24.4395 0
    endloop
  endfacet
  facet normal 0.244997 0.591132 -0.768466
    outer loop
      vertex -3.63293 -24.2693 0.2615707
      vertex -3.8468 -24.5207 0
      vertex -4.04272 -24.4395 0
    endloop
  endfacet
  facet normal 0.0896933 0.680559 -0.727183
    outer loop
      vertex -3.81041 -24.5254 0
      vertex -3.63293 -24.2693 0.2615707
      vertex -3.39999 -24.3 0.2615707
    endloop
  endfacet
  facet normal 0.0879904 0.68127 -0.726725
    outer loop
      vertex -3.63293 -24.2693 0.2615707
      vertex -3.81041 -24.5254 0
      vertex -3.8468 -24.5207 0
    endloop
  endfacet
  facet normal -0.68061 -0.0895505 -0.727153
    outer loop
      vertex 4.52545 -16.1896 0
      vertex 4.55312 -16.3999 0
      vertex 4.29999 -16.6 0.2615707
    endloop
  endfacet
  facet normal 0.718606 0 -0.695417
    outer loop
      vertex -4.29999 -23.4 0.2615707
      vertex -4.55312 -16.3999 0
      vertex -4.29999 -16.6 0.2615707
    endloop
  endfacet
  facet normal 0.718606 0 -0.695417
    outer loop
      vertex -4.55312 -16.3999 0
      vertex -4.29999 -23.4 0.2615707
      vertex -4.55312 -23.6001 0
    endloop
  endfacet
  facet normal 0.0893568 -0.68073 -0.727064
    outer loop
      vertex -3.60015 -15.4469 0
      vertex -3.39999 -15.7 0.2615707
      vertex -3.81041 -15.4745 0
    endloop
  endfacet
  facet normal -0.0893568 -0.68073 -0.727064
    outer loop
      vertex 3.60015 -15.4469 0
      vertex 3.81041 -15.4745 0
      vertex 3.39999 -15.7 0.2615707
    endloop
  endfacet
  facet normal -0.375916 -0.489943 -0.786539
    outer loop
      vertex 4.10575 -15.5969 0
      vertex 4.27401 -15.726 0
      vertex 4.03639 -15.9636 0.2615707
    endloop
  endfacet
  facet normal -0.49 0.37587 -0.786525
    outer loop
      vertex 4.42545 -24.0766 0
      vertex 4.29635 -24.2449 0
      vertex 4.17941 -23.85 0.2615707
    endloop
  endfacet
  facet normal -0.680583 0.0895603 -0.727176
    outer loop
      vertex 4.26933 -23.6329 0.2615707
      vertex 4.52545 -23.8104 0
      vertex 4.52066 -23.8468 0
    endloop
  endfacet
  facet normal -0.68057 0.0895932 -0.727185
    outer loop
      vertex 4.52545 -23.8104 0
      vertex 4.26933 -23.6329 0.2615707
      vertex 4.29999 -23.4 0.2615707
    endloop
  endfacet
  facet normal 0.244889 0.591275 -0.76839
    outer loop
      vertex -4.04272 -24.4395 0
      vertex -3.84999 -24.1794 0.2615707
      vertex -3.63293 -24.2693 0.2615707
    endloop
  endfacet
  facet normal 0.245663 0.590812 -0.768499
    outer loop
      vertex -3.84999 -24.1794 0.2615707
      vertex -4.04272 -24.4395 0
      vertex -4.07663 -24.4254 0
    endloop
  endfacet
  facet normal 0.68061 0.0895505 -0.727153
    outer loop
      vertex -4.29999 -23.4 0.2615707
      vertex -4.52545 -23.8104 0
      vertex -4.55312 -23.6001 0
    endloop
  endfacet
  facet normal 0 -0.718647 -0.695375
    outer loop
      vertex -3.60015 -15.4469 0
      vertex 3.39999 -15.7 0.2615707
      vertex -3.39999 -15.7 0.2615707
    endloop
  endfacet
  facet normal 0 -0.718647 -0.695375
    outer loop
      vertex 3.39999 -15.7 0.2615707
      vertex -3.60015 -15.4469 0
      vertex 3.60015 -15.4469 0
    endloop
  endfacet
  facet normal -0.718606 0 -0.695417
    outer loop
      vertex 4.55312 -16.3999 0
      vertex 4.29999 -23.4 0.2615707
      vertex 4.29999 -16.6 0.2615707
    endloop
  endfacet
  facet normal -0.718606 0 -0.695417
    outer loop
      vertex 4.29999 -23.4 0.2615707
      vertex 4.55312 -16.3999 0
      vertex 4.55312 -23.6001 0
    endloop
  endfacet
  facet normal 0.68061 -0.0895505 -0.727153
    outer loop
      vertex -4.52545 -16.1896 0
      vertex -4.29999 -16.6 0.2615707
      vertex -4.55312 -16.3999 0
    endloop
  endfacet
  facet normal 0.59124 -0.244947 -0.768398
    outer loop
      vertex -4.4395 -15.9573 0
      vertex -4.26933 -16.3671 0.2615707
      vertex -4.52066 -16.1532 0
    endloop
  endfacet
  facet normal 0.0896618 0.680588 -0.727159
    outer loop
      vertex -3.39999 -24.3 0.2615707
      vertex -3.60015 -24.5531 0
      vertex -3.81041 -24.5254 0
    endloop
  endfacet
  facet normal 0 0.718647 -0.695375
    outer loop
      vertex 3.60015 -24.5531 0
      vertex -3.39999 -24.3 0.2615707
      vertex 3.39999 -24.3 0.2615707
    endloop
  endfacet
  facet normal 0 0.718647 -0.695375
    outer loop
      vertex -3.39999 -24.3 0.2615707
      vertex 3.60015 -24.5531 0
      vertex -3.60015 -24.5531 0
    endloop
  endfacet
  facet normal 0.375916 0.489943 -0.786539
    outer loop
      vertex -4.03639 -24.0364 0.2615707
      vertex -4.10575 -24.4031 0
      vertex -4.27401 -24.274 0
    endloop
  endfacet
  facet normal 0.244997 -0.591132 -0.768466
    outer loop
      vertex -3.8468 -15.4793 0
      vertex -3.63293 -15.7307 0.2615707
      vertex -4.04272 -15.5605 0
    endloop
  endfacet
  facet normal -0.0897477 -0.6804 -0.727325
    outer loop
      vertex 3.63293 -15.7307 0.2615707
      vertex 3.81041 -15.4745 0
      vertex 3.8468 -15.4793 0
    endloop
  endfacet
  facet normal -0.0896763 -0.68043 -0.727306
    outer loop
      vertex 3.81041 -15.4745 0
      vertex 3.63293 -15.7307 0.2615707
      vertex 3.39999 -15.7 0.2615707
    endloop
  endfacet
  facet normal -0.68061 0.0895505 -0.727153
    outer loop
      vertex 4.55312 -23.6001 0
      vertex 4.52545 -23.8104 0
      vertex 4.29999 -23.4 0.2615707
    endloop
  endfacet
  facet normal 0.489826 0.376038 -0.786553
    outer loop
      vertex -4.29635 -24.2449 0
      vertex -4.03639 -24.0364 0.2615707
      vertex -4.27401 -24.274 0
    endloop
  endfacet
  facet normal 0.489928 0.375909 -0.786551
    outer loop
      vertex -4.03639 -24.0364 0.2615707
      vertex -4.29635 -24.2449 0
      vertex -4.17941 -23.85 0.2615707
    endloop
  endfacet
  facet normal 0.244889 -0.591275 -0.76839
    outer loop
      vertex -3.84999 -15.8206 0.2615707
      vertex -4.04272 -15.5605 0
      vertex -3.63293 -15.7307 0.2615707
    endloop
  endfacet
  facet normal 0.245663 -0.590812 -0.768499
    outer loop
      vertex -4.04272 -15.5605 0
      vertex -3.84999 -15.8206 0.2615707
      vertex -4.07663 -15.5746 0
    endloop
  endfacet
  facet normal 0.68057 -0.0895932 -0.727185
    outer loop
      vertex -4.52545 -16.1896 0
      vertex -4.26933 -16.3671 0.2615707
      vertex -4.29999 -16.6 0.2615707
    endloop
  endfacet
  facet normal 0.680583 -0.0895603 -0.727176
    outer loop
      vertex -4.26933 -16.3671 0.2615707
      vertex -4.52545 -16.1896 0
      vertex -4.52066 -16.1532 0
    endloop
  endfacet
  facet normal 0.489928 -0.375909 -0.786551
    outer loop
      vertex -4.29635 -15.7551 0
      vertex -4.03639 -15.9636 0.2615707
      vertex -4.17941 -16.15 0.2615707
    endloop
  endfacet
  facet normal 0.489826 -0.376038 -0.786553
    outer loop
      vertex -4.03639 -15.9636 0.2615707
      vertex -4.29635 -15.7551 0
      vertex -4.27401 -15.726 0
    endloop
  endfacet
  facet normal -0.244997 -0.591132 -0.768466
    outer loop
      vertex 3.63293 -15.7307 0.2615707
      vertex 3.8468 -15.4793 0
      vertex 4.04272 -15.5605 0
    endloop
  endfacet
  facet normal 0.680583 0.0895603 -0.727176
    outer loop
      vertex -4.52545 -23.8104 0
      vertex -4.26933 -23.6329 0.2615707
      vertex -4.52066 -23.8468 0
    endloop
  endfacet
  facet normal 0.68057 0.0895932 -0.727185
    outer loop
      vertex -4.26933 -23.6329 0.2615707
      vertex -4.52545 -23.8104 0
      vertex -4.29999 -23.4 0.2615707
    endloop
  endfacet
  facet normal -0.591218 0.245033 -0.768388
    outer loop
      vertex 4.17941 -23.85 0.2615707
      vertex 4.4395 -24.0427 0
      vertex 4.42545 -24.0766 0
    endloop
  endfacet
  facet normal -0.591294 0.244906 -0.76837
    outer loop
      vertex 4.4395 -24.0427 0
      vertex 4.17941 -23.85 0.2615707
      vertex 4.26933 -23.6329 0.2615707
    endloop
  endfacet
  facet normal 0.591218 0.245033 -0.768388
    outer loop
      vertex -4.4395 -24.0427 0
      vertex -4.17941 -23.85 0.2615707
      vertex -4.42545 -24.0766 0
    endloop
  endfacet
  facet normal 0.591294 0.244906 -0.76837
    outer loop
      vertex -4.17941 -23.85 0.2615707
      vertex -4.4395 -24.0427 0
      vertex -4.26933 -23.6329 0.2615707
    endloop
  endfacet
  facet normal -0.49 -0.37587 -0.786525
    outer loop
      vertex 4.29635 -15.7551 0
      vertex 4.42545 -15.9234 0
      vertex 4.17941 -16.15 0.2615707
    endloop
  endfacet
  facet normal -0.489928 -0.375909 -0.786551
    outer loop
      vertex 4.03639 -15.9636 0.2615707
      vertex 4.29635 -15.7551 0
      vertex 4.17941 -16.15 0.2615707
    endloop
  endfacet
  facet normal -0.489826 -0.376038 -0.786553
    outer loop
      vertex 4.29635 -15.7551 0
      vertex 4.03639 -15.9636 0.2615707
      vertex 4.27401 -15.726 0
    endloop
  endfacet
  facet normal -0.245663 -0.590812 -0.768499
    outer loop
      vertex 3.84999 -15.8206 0.2615707
      vertex 4.04272 -15.5605 0
      vertex 4.07663 -15.5746 0
    endloop
  endfacet
  facet normal -0.244889 -0.591275 -0.76839
    outer loop
      vertex 3.63293 -15.7307 0.2615707
      vertex 4.04272 -15.5605 0
      vertex 3.84999 -15.8206 0.2615707
    endloop
  endfacet
  facet normal 0.591294 -0.244906 -0.76837
    outer loop
      vertex -4.4395 -15.9573 0
      vertex -4.17941 -16.15 0.2615707
      vertex -4.26933 -16.3671 0.2615707
    endloop
  endfacet
  facet normal 0.591218 -0.245033 -0.768388
    outer loop
      vertex -4.17941 -16.15 0.2615707
      vertex -4.4395 -15.9573 0
      vertex -4.42545 -15.9234 0
    endloop
  endfacet
  facet normal 0.49 -0.37587 -0.786525
    outer loop
      vertex -4.29635 -15.7551 0
      vertex -4.17941 -16.15 0.2615707
      vertex -4.42545 -15.9234 0
    endloop
  endfacet
  facet normal -0.375496 0.490333 -0.786496
    outer loop
      vertex 3.84999 -24.1794 0.2615707
      vertex 4.10575 -24.4031 0
      vertex 4.07663 -24.4254 0
    endloop
  endfacet
  facet normal -0.375879 0.489956 -0.786548
    outer loop
      vertex 4.10575 -24.4031 0
      vertex 3.84999 -24.1794 0.2615707
      vertex 4.03639 -24.0364 0.2615707
    endloop
  endfacet
  facet normal 0.375916 -0.489943 -0.786539
    outer loop
      vertex -4.10575 -15.5969 0
      vertex -4.03639 -15.9636 0.2615707
      vertex -4.27401 -15.726 0
    endloop
  endfacet
  facet normal 0.375879 -0.489956 -0.786548
    outer loop
      vertex -4.10575 -15.5969 0
      vertex -3.84999 -15.8206 0.2615707
      vertex -4.03639 -15.9636 0.2615707
    endloop
  endfacet
  facet normal 0.375496 -0.490333 -0.786496
    outer loop
      vertex -3.84999 -15.8206 0.2615707
      vertex -4.10575 -15.5969 0
      vertex -4.07663 -15.5746 0
    endloop
  endfacet
  facet normal -0.375879 -0.489956 -0.786548
    outer loop
      vertex 3.84999 -15.8206 0.2615707
      vertex 4.10575 -15.5969 0
      vertex 4.03639 -15.9636 0.2615707
    endloop
  endfacet
  facet normal -0.375496 -0.490333 -0.786496
    outer loop
      vertex 4.10575 -15.5969 0
      vertex 3.84999 -15.8206 0.2615707
      vertex 4.07663 -15.5746 0
    endloop
  endfacet
  facet normal -0.68057 -0.0895932 -0.727185
    outer loop
      vertex 4.26933 -16.3671 0.2615707
      vertex 4.52545 -16.1896 0
      vertex 4.29999 -16.6 0.2615707
    endloop
  endfacet
  facet normal -0.680583 -0.0895603 -0.727176
    outer loop
      vertex 4.52545 -16.1896 0
      vertex 4.26933 -16.3671 0.2615707
      vertex 4.52066 -16.1532 0
    endloop
  endfacet
  facet normal -0.59124 0.244947 -0.768398
    outer loop
      vertex 4.52066 -23.8468 0
      vertex 4.4395 -24.0427 0
      vertex 4.26933 -23.6329 0.2615707
    endloop
  endfacet
  facet normal -0.489826 0.376038 -0.786553
    outer loop
      vertex 4.03639 -24.0364 0.2615707
      vertex 4.29635 -24.2449 0
      vertex 4.27401 -24.274 0
    endloop
  endfacet
  facet normal -0.489928 0.375909 -0.786551
    outer loop
      vertex 4.29635 -24.2449 0
      vertex 4.03639 -24.0364 0.2615707
      vertex 4.17941 -23.85 0.2615707
    endloop
  endfacet
  facet normal -0.375916 0.489943 -0.786539
    outer loop
      vertex 4.27401 -24.274 0
      vertex 4.10575 -24.4031 0
      vertex 4.03639 -24.0364 0.2615707
    endloop
  endfacet
  facet normal 0.49 0.37587 -0.786525
    outer loop
      vertex -4.17941 -23.85 0.2615707
      vertex -4.29635 -24.2449 0
      vertex -4.42545 -24.0766 0
    endloop
  endfacet
  facet normal -0.245663 0.590812 -0.768499
    outer loop
      vertex 4.04272 -24.4395 0
      vertex 3.84999 -24.1794 0.2615707
      vertex 4.07663 -24.4254 0
    endloop
  endfacet
  facet normal -0.244889 0.591275 -0.76839
    outer loop
      vertex 4.04272 -24.4395 0
      vertex 3.63293 -24.2693 0.2615707
      vertex 3.84999 -24.1794 0.2615707
    endloop
  endfacet
  facet normal 0.59124 0.244947 -0.768398
    outer loop
      vertex -4.26933 -23.6329 0.2615707
      vertex -4.4395 -24.0427 0
      vertex -4.52066 -23.8468 0
    endloop
  endfacet
  facet normal -0.59124 -0.244947 -0.768398
    outer loop
      vertex 4.4395 -15.9573 0
      vertex 4.52066 -16.1532 0
      vertex 4.26933 -16.3671 0.2615707
    endloop
  endfacet
  facet normal -0.591294 -0.244906 -0.76837
    outer loop
      vertex 4.17941 -16.15 0.2615707
      vertex 4.4395 -15.9573 0
      vertex 4.26933 -16.3671 0.2615707
    endloop
  endfacet
  facet normal -0.591218 -0.245033 -0.768388
    outer loop
      vertex 4.4395 -15.9573 0
      vertex 4.17941 -16.15 0.2615707
      vertex 4.42545 -15.9234 0
    endloop
  endfacet
  facet normal 0 0.718646 0.695376
    outer loop
      vertex 3.39999 -24.3 7.6615707
      vertex -3.60014 -24.5531 7.9231407
      vertex 3.60014 -24.5531 7.9231407
    endloop
  endfacet
  facet normal 0 0.718646 0.695376
    outer loop
      vertex -3.60014 -24.5531 7.9231407
      vertex 3.39999 -24.3 7.6615707
      vertex -3.39999 -24.3 7.6615707
    endloop
  endfacet
  facet normal 0.680569 0.0895931 0.727186
    outer loop
      vertex -4.52545 -23.8104 7.9231407
      vertex -4.26933 -23.6329 7.6615707
      vertex -4.29999 -23.4 7.6615707
    endloop
  endfacet
  facet normal 0.680582 0.0895602 0.727177
    outer loop
      vertex -4.26933 -23.6329 7.6615707
      vertex -4.52545 -23.8104 7.9231407
      vertex -4.52066 -23.8468 7.9231407
    endloop
  endfacet
  facet normal -0.244997 0.591131 0.768467
    outer loop
      vertex 3.8468 -24.5207 7.9231407
      vertex 4.04272 -24.4395 7.9231407
      vertex 3.63293 -24.2693 7.6615707
    endloop
  endfacet
  facet normal -0.245663 0.590811 0.7685
    outer loop
      vertex 3.84999 -24.1794 7.6615707
      vertex 4.04272 -24.4395 7.9231407
      vertex 4.07663 -24.4254 7.9231407
    endloop
  endfacet
  facet normal -0.244889 0.591274 0.768391
    outer loop
      vertex 4.04272 -24.4395 7.9231407
      vertex 3.84999 -24.1794 7.6615707
      vertex 3.63293 -24.2693 7.6615707
    endloop
  endfacet
  facet normal 0.489927 0.375909 0.786552
    outer loop
      vertex -4.29635 -24.2449 7.9231407
      vertex -4.03639 -24.0364 7.6615707
      vertex -4.17941 -23.85 7.6615707
    endloop
  endfacet
  facet normal 0.489825 0.376038 0.786554
    outer loop
      vertex -4.03639 -24.0364 7.6615707
      vertex -4.29635 -24.2449 7.9231407
      vertex -4.27401 -24.274 7.9231407
    endloop
  endfacet
  facet normal 0.591224 0.24497 0.768404
    outer loop
      vertex -4.43949 -24.0427 7.9231407
      vertex -4.26933 -23.6329 7.6615707
      vertex -4.52066 -23.8468 7.9231407
    endloop
  endfacet
  facet normal -0.0896579 0.680591 0.727157
    outer loop
      vertex 3.60014 -24.5531 7.9231407
      vertex 3.81041 -24.5254 7.9231407
      vertex 3.39999 -24.3 7.6615707
    endloop
  endfacet
  facet normal -0.0879903 0.681269 0.726725
    outer loop
      vertex 3.63293 -24.2693 7.6615707
      vertex 3.81041 -24.5254 7.9231407
      vertex 3.8468 -24.5207 7.9231407
    endloop
  endfacet
  facet normal -0.0896931 0.680558 0.727184
    outer loop
      vertex 3.81041 -24.5254 7.9231407
      vertex 3.63293 -24.2693 7.6615707
      vertex 3.39999 -24.3 7.6615707
    endloop
  endfacet
  facet normal 0.375767 -0.490099 0.786513
    outer loop
      vertex -3.84999 -15.8206 7.6615707
      vertex -4.07663 -15.5746 7.9231407
      vertex -4.24488 -15.7036 7.9231407
    endloop
  endfacet
  facet normal -0.375767 -0.490099 0.786513
    outer loop
      vertex 4.24488 -15.7036 7.9231407
      vertex 4.07663 -15.5746 7.9231407
      vertex 3.84999 -15.8206 7.6615707
    endloop
  endfacet
  facet normal 0.680609 0.0895504 0.727154
    outer loop
      vertex -4.52545 -23.8104 7.9231407
      vertex -4.29999 -23.4 7.6615707
      vertex -4.55312 -23.6001 7.9231407
    endloop
  endfacet
  facet normal 0.0896931 -0.680558 0.727184
    outer loop
      vertex -3.81041 -15.4746 7.9231407
      vertex -3.63293 -15.7307 7.6615707
      vertex -3.39999 -15.7 7.6615707
    endloop
  endfacet
  facet normal 0.0879903 -0.681269 0.726725
    outer loop
      vertex -3.63293 -15.7307 7.6615707
      vertex -3.81041 -15.4746 7.9231407
      vertex -3.8468 -15.4793 7.9231407
    endloop
  endfacet
  facet normal 0.680582 -0.0895602 0.727177
    outer loop
      vertex -4.52545 -16.1896 7.9231407
      vertex -4.26933 -16.3671 7.6615707
      vertex -4.52066 -16.1532 7.9231407
    endloop
  endfacet
  facet normal 0.680569 -0.0895931 0.727186
    outer loop
      vertex -4.26933 -16.3671 7.6615707
      vertex -4.52545 -16.1896 7.9231407
      vertex -4.29999 -16.6 7.6615707
    endloop
  endfacet
  facet normal -0.591224 -0.24497 0.768404
    outer loop
      vertex 4.52066 -16.1532 7.9231407
      vertex 4.43949 -15.9573 7.9231407
      vertex 4.26933 -16.3671 7.6615707
    endloop
  endfacet
  facet normal -0.0896579 -0.680591 0.727157
    outer loop
      vertex 3.81041 -15.4746 7.9231407
      vertex 3.60014 -15.4469 7.9231407
      vertex 3.39999 -15.7 7.6615707
    endloop
  endfacet
  facet normal 0.244889 -0.591274 0.768391
    outer loop
      vertex -4.04272 -15.5605 7.9231407
      vertex -3.84999 -15.8206 7.6615707
      vertex -3.63293 -15.7307 7.6615707
    endloop
  endfacet
  facet normal 0.245663 -0.590811 0.7685
    outer loop
      vertex -3.84999 -15.8206 7.6615707
      vertex -4.04272 -15.5605 7.9231407
      vertex -4.07663 -15.5746 7.9231407
    endloop
  endfacet
  facet normal 0.244997 -0.591131 0.768467
    outer loop
      vertex -3.63293 -15.7307 7.6615707
      vertex -3.8468 -15.4793 7.9231407
      vertex -4.04272 -15.5605 7.9231407
    endloop
  endfacet
  facet normal -0.376407 -0.489497 0.786582
    outer loop
      vertex 4.24488 -15.7036 7.9231407
      vertex 4.03639 -15.9636 7.6615707
      vertex 4.27401 -15.726 7.9231407
    endloop
  endfacet
  facet normal -0.375858 -0.48993 0.786575
    outer loop
      vertex 4.03639 -15.9636 7.6615707
      vertex 4.24488 -15.7036 7.9231407
      vertex 3.84999 -15.8206 7.6615707
    endloop
  endfacet
  facet normal 0.375767 0.490099 0.786513
    outer loop
      vertex -4.07663 -24.4254 7.9231407
      vertex -3.84999 -24.1794 7.6615707
      vertex -4.24488 -24.2964 7.9231407
    endloop
  endfacet
  facet normal 0.244997 0.591131 0.768467
    outer loop
      vertex -3.8468 -24.5207 7.9231407
      vertex -3.63293 -24.2693 7.6615707
      vertex -4.04272 -24.4395 7.9231407
    endloop
  endfacet
  facet normal -0.245663 -0.590811 0.7685
    outer loop
      vertex 4.04272 -15.5605 7.9231407
      vertex 3.84999 -15.8206 7.6615707
      vertex 4.07663 -15.5746 7.9231407
    endloop
  endfacet
  facet normal -0.244889 -0.591274 0.768391
    outer loop
      vertex 3.84999 -15.8206 7.6615707
      vertex 4.04272 -15.5605 7.9231407
      vertex 3.63293 -15.7307 7.6615707
    endloop
  endfacet
  facet normal 0 -0.718646 0.695376
    outer loop
      vertex -3.39999 -15.7 7.6615707
      vertex 3.60014 -15.4469 7.9231407
      vertex -3.60014 -15.4469 7.9231407
    endloop
  endfacet
  facet normal 0 -0.718646 0.695376
    outer loop
      vertex 3.60014 -15.4469 7.9231407
      vertex -3.39999 -15.7 7.6615707
      vertex 3.39999 -15.7 7.6615707
    endloop
  endfacet
  facet normal 0.0896579 -0.680591 0.727157
    outer loop
      vertex -3.39999 -15.7 7.6615707
      vertex -3.60014 -15.4469 7.9231407
      vertex -3.81041 -15.4746 7.9231407
    endloop
  endfacet
  facet normal 0.680609 -0.0895504 0.727154
    outer loop
      vertex -4.29999 -16.6 7.6615707
      vertex -4.52545 -16.1896 7.9231407
      vertex -4.55312 -16.3999 7.9231407
    endloop
  endfacet
  facet normal 0.591224 -0.24497 0.768404
    outer loop
      vertex -4.26933 -16.3671 7.6615707
      vertex -4.43949 -15.9573 7.9231407
      vertex -4.52066 -16.1532 7.9231407
    endloop
  endfacet
  facet normal -0.680609 0.0895504 0.727154
    outer loop
      vertex 4.52545 -23.8104 7.9231407
      vertex 4.55312 -23.6001 7.9231407
      vertex 4.29999 -23.4 7.6615707
    endloop
  endfacet
  facet normal 0.591303 0.24491 0.768362
    outer loop
      vertex -4.43949 -24.0427 7.9231407
      vertex -4.17941 -23.85 7.6615707
      vertex -4.26933 -23.6329 7.6615707
    endloop
  endfacet
  facet normal 0.591311 0.244897 0.76836
    outer loop
      vertex -4.17941 -23.85 7.6615707
      vertex -4.43949 -24.0427 7.9231407
      vertex -4.42545 -24.0766 7.9231407
    endloop
  endfacet
  facet normal 0.244889 0.591274 0.768391
    outer loop
      vertex -3.84999 -24.1794 7.6615707
      vertex -4.04272 -24.4395 7.9231407
      vertex -3.63293 -24.2693 7.6615707
    endloop
  endfacet
  facet normal 0.245663 0.590811 0.7685
    outer loop
      vertex -4.04272 -24.4395 7.9231407
      vertex -3.84999 -24.1794 7.6615707
      vertex -4.07663 -24.4254 7.9231407
    endloop
  endfacet
  facet normal -0.680609 -0.0895504 0.727154
    outer loop
      vertex 4.55312 -16.3999 7.9231407
      vertex 4.52545 -16.1896 7.9231407
      vertex 4.29999 -16.6 7.6615707
    endloop
  endfacet
  facet normal 0.0896579 0.680591 0.727157
    outer loop
      vertex -3.60014 -24.5531 7.9231407
      vertex -3.39999 -24.3 7.6615707
      vertex -3.81041 -24.5254 7.9231407
    endloop
  endfacet
  facet normal -0.489999 -0.37587 0.786526
    outer loop
      vertex 4.42545 -15.9234 7.9231407
      vertex 4.29635 -15.7551 7.9231407
      vertex 4.17941 -16.15 7.6615707
    endloop
  endfacet
  facet normal -0.718605 0 0.695418
    outer loop
      vertex 4.29999 -23.4 7.6615707
      vertex 4.55312 -16.3999 7.9231407
      vertex 4.29999 -16.6 7.6615707
    endloop
  endfacet
  facet normal -0.718605 0 0.695418
    outer loop
      vertex 4.55312 -16.3999 7.9231407
      vertex 4.29999 -23.4 7.6615707
      vertex 4.55312 -23.6001 7.9231407
    endloop
  endfacet
  facet normal -0.489999 0.37587 0.786526
    outer loop
      vertex 4.29635 -24.2449 7.9231407
      vertex 4.42545 -24.0766 7.9231407
      vertex 4.17941 -23.85 7.6615707
    endloop
  endfacet
  facet normal 0.489825 -0.376038 0.786554
    outer loop
      vertex -4.29635 -15.7551 7.9231407
      vertex -4.03639 -15.9636 7.6615707
      vertex -4.27401 -15.726 7.9231407
    endloop
  endfacet
  facet normal 0.489927 -0.375909 0.786552
    outer loop
      vertex -4.03639 -15.9636 7.6615707
      vertex -4.29635 -15.7551 7.9231407
      vertex -4.17941 -16.15 7.6615707
    endloop
  endfacet
  facet normal -0.680569 0.0895931 0.727186
    outer loop
      vertex 4.26933 -23.6329 7.6615707
      vertex 4.52545 -23.8104 7.9231407
      vertex 4.29999 -23.4 7.6615707
    endloop
  endfacet
  facet normal -0.680582 0.0895602 0.727177
    outer loop
      vertex 4.52545 -23.8104 7.9231407
      vertex 4.26933 -23.6329 7.6615707
      vertex 4.52066 -23.8468 7.9231407
    endloop
  endfacet
  facet normal -0.0879903 -0.681269 0.726725
    outer loop
      vertex 3.81041 -15.4746 7.9231407
      vertex 3.63293 -15.7307 7.6615707
      vertex 3.8468 -15.4793 7.9231407
    endloop
  endfacet
  facet normal -0.0896931 -0.680558 0.727184
    outer loop
      vertex 3.63293 -15.7307 7.6615707
      vertex 3.81041 -15.4746 7.9231407
      vertex 3.39999 -15.7 7.6615707
    endloop
  endfacet
  facet normal -0.591224 0.24497 0.768404
    outer loop
      vertex 4.43949 -24.0427 7.9231407
      vertex 4.52066 -23.8468 7.9231407
      vertex 4.26933 -23.6329 7.6615707
    endloop
  endfacet
  facet normal -0.244997 -0.591131 0.768467
    outer loop
      vertex 4.04272 -15.5605 7.9231407
      vertex 3.8468 -15.4793 7.9231407
      vertex 3.63293 -15.7307 7.6615707
    endloop
  endfacet
  facet normal 0.375858 -0.48993 0.786575
    outer loop
      vertex -4.24488 -15.7036 7.9231407
      vertex -4.03639 -15.9636 7.6615707
      vertex -3.84999 -15.8206 7.6615707
    endloop
  endfacet
  facet normal 0.376407 -0.489497 0.786582
    outer loop
      vertex -4.03639 -15.9636 7.6615707
      vertex -4.24488 -15.7036 7.9231407
      vertex -4.27401 -15.726 7.9231407
    endloop
  endfacet
  facet normal -0.375767 0.490099 0.786513
    outer loop
      vertex 4.07663 -24.4254 7.9231407
      vertex 4.24488 -24.2964 7.9231407
      vertex 3.84999 -24.1794 7.6615707
    endloop
  endfacet
  facet normal -0.591303 0.24491 0.768362
    outer loop
      vertex 4.17941 -23.85 7.6615707
      vertex 4.43949 -24.0427 7.9231407
      vertex 4.26933 -23.6329 7.6615707
    endloop
  endfacet
  facet normal -0.591311 0.244897 0.76836
    outer loop
      vertex 4.43949 -24.0427 7.9231407
      vertex 4.17941 -23.85 7.6615707
      vertex 4.42545 -24.0766 7.9231407
    endloop
  endfacet
  facet normal 0.718605 0 0.695418
    outer loop
      vertex -4.55312 -16.3999 7.9231407
      vertex -4.29999 -23.4 7.6615707
      vertex -4.29999 -16.6 7.6615707
    endloop
  endfacet
  facet normal 0.718605 0 0.695418
    outer loop
      vertex -4.29999 -23.4 7.6615707
      vertex -4.55312 -16.3999 7.9231407
      vertex -4.55312 -23.6001 7.9231407
    endloop
  endfacet
  facet normal 0.375858 0.48993 0.786575
    outer loop
      vertex -4.03639 -24.0364 7.6615707
      vertex -4.24488 -24.2964 7.9231407
      vertex -3.84999 -24.1794 7.6615707
    endloop
  endfacet
  facet normal 0.376407 0.489497 0.786582
    outer loop
      vertex -4.24488 -24.2964 7.9231407
      vertex -4.03639 -24.0364 7.6615707
      vertex -4.27401 -24.274 7.9231407
    endloop
  endfacet
  facet normal 0.489999 -0.37587 0.786526
    outer loop
      vertex -4.17941 -16.15 7.6615707
      vertex -4.29635 -15.7551 7.9231407
      vertex -4.42545 -15.9234 7.9231407
    endloop
  endfacet
  facet normal -0.680582 -0.0895602 0.727177
    outer loop
      vertex 4.26933 -16.3671 7.6615707
      vertex 4.52545 -16.1896 7.9231407
      vertex 4.52066 -16.1532 7.9231407
    endloop
  endfacet
  facet normal -0.680569 -0.0895931 0.727186
    outer loop
      vertex 4.52545 -16.1896 7.9231407
      vertex 4.26933 -16.3671 7.6615707
      vertex 4.29999 -16.6 7.6615707
    endloop
  endfacet
  facet normal 0.591311 -0.244897 0.76836
    outer loop
      vertex -4.43949 -15.9573 7.9231407
      vertex -4.17941 -16.15 7.6615707
      vertex -4.42545 -15.9234 7.9231407
    endloop
  endfacet
  facet normal 0.591303 -0.24491 0.768362
    outer loop
      vertex -4.17941 -16.15 7.6615707
      vertex -4.43949 -15.9573 7.9231407
      vertex -4.26933 -16.3671 7.6615707
    endloop
  endfacet
  facet normal 0.489999 0.37587 0.786526
    outer loop
      vertex -4.29635 -24.2449 7.9231407
      vertex -4.17941 -23.85 7.6615707
      vertex -4.42545 -24.0766 7.9231407
    endloop
  endfacet
  facet normal 0.0896931 0.680558 0.727184
    outer loop
      vertex -3.63293 -24.2693 7.6615707
      vertex -3.81041 -24.5254 7.9231407
      vertex -3.39999 -24.3 7.6615707
    endloop
  endfacet
  facet normal 0.0879903 0.681269 0.726725
    outer loop
      vertex -3.81041 -24.5254 7.9231407
      vertex -3.63293 -24.2693 7.6615707
      vertex -3.8468 -24.5207 7.9231407
    endloop
  endfacet
  facet normal -0.489927 0.375909 0.786552
    outer loop
      vertex 4.03639 -24.0364 7.6615707
      vertex 4.29635 -24.2449 7.9231407
      vertex 4.17941 -23.85 7.6615707
    endloop
  endfacet
  facet normal -0.489825 0.376038 0.786554
    outer loop
      vertex 4.29635 -24.2449 7.9231407
      vertex 4.03639 -24.0364 7.6615707
      vertex 4.27401 -24.274 7.9231407
    endloop
  endfacet
  facet normal -0.376407 0.489497 0.786582
    outer loop
      vertex 4.03639 -24.0364 7.6615707
      vertex 4.24488 -24.2964 7.9231407
      vertex 4.27401 -24.274 7.9231407
    endloop
  endfacet
  facet normal -0.375858 0.48993 0.786575
    outer loop
      vertex 4.24488 -24.2964 7.9231407
      vertex 4.03639 -24.0364 7.6615707
      vertex 3.84999 -24.1794 7.6615707
    endloop
  endfacet
  facet normal -0.489825 -0.376038 0.786554
    outer loop
      vertex 4.03639 -15.9636 7.6615707
      vertex 4.29635 -15.7551 7.9231407
      vertex 4.27401 -15.726 7.9231407
    endloop
  endfacet
  facet normal -0.489927 -0.375909 0.786552
    outer loop
      vertex 4.29635 -15.7551 7.9231407
      vertex 4.03639 -15.9636 7.6615707
      vertex 4.17941 -16.15 7.6615707
    endloop
  endfacet
  facet normal -0.591311 -0.244897 0.76836
    outer loop
      vertex 4.17941 -16.15 7.6615707
      vertex 4.43949 -15.9573 7.9231407
      vertex 4.42545 -15.9234 7.9231407
    endloop
  endfacet
  facet normal -0.591303 -0.24491 0.768362
    outer loop
      vertex 4.43949 -15.9573 7.9231407
      vertex 4.17941 -16.15 7.6615707
      vertex 4.26933 -16.3671 7.6615707
    endloop
  endfacet
  facet normal -0.130664 0.991427 0
    outer loop
      vertex 3.63293 -44.2693 7.6615707
      vertex 3.39999 -44.3 0.2615707
      vertex 3.39999 -44.3 7.6615707
    endloop
  endfacet
  facet normal -0.130664 0.991427 0
    outer loop
      vertex 3.63293 -44.2693 7.6615707
      vertex 3.63293 -44.2693 0.2615707
      vertex 3.39999 -44.3 0.2615707
    endloop
  endfacet
  facet normal 0 -1 0
    outer loop
      vertex -3.39999 -35.7 0.2615707
      vertex 3.39999 -35.7 7.6615707
      vertex -3.39999 -35.7 7.6615707
    endloop
  endfacet
  facet normal 0 -1 -0
    outer loop
      vertex 3.39999 -35.7 7.6615707
      vertex -3.39999 -35.7 0.2615707
      vertex 3.39999 -35.7 0.2615707
    endloop
  endfacet
  facet normal 0.130664 0.991427 -0
    outer loop
      vertex -3.39999 -44.3 0.2615707
      vertex -3.63293 -44.2693 7.6615707
      vertex -3.39999 -44.3 7.6615707
    endloop
  endfacet
  facet normal 0.130664 0.991427 -0
    outer loop
      vertex -3.63293 -44.2693 0.2615707
      vertex -3.63293 -44.2693 7.6615707
      vertex -3.39999 -44.3 0.2615707
    endloop
  endfacet
  facet normal 0.923888 -0.382662 0
    outer loop
      vertex -4.26933 -36.3671 7.6615707
      vertex -4.17941 -36.15 0.2615707
      vertex -4.17941 -36.15 7.6615707
    endloop
  endfacet
  facet normal 0.923888 -0.382662 0
    outer loop
      vertex -4.17941 -36.15 0.2615707
      vertex -4.26933 -36.3671 7.6615707
      vertex -4.26933 -36.3671 0.2615707
    endloop
  endfacet
  facet normal 1 -0 0
    outer loop
      vertex -4.29999 -43.4 7.6615707
      vertex -4.29999 -36.6 0.2615707
      vertex -4.29999 -36.6 7.6615707
    endloop
  endfacet
  facet normal 1 0 0
    outer loop
      vertex -4.29999 -36.6 0.2615707
      vertex -4.29999 -43.4 7.6615707
      vertex -4.29999 -43.4 0.2615707
    endloop
  endfacet
  facet normal -0.130664 -0.991427 0
    outer loop
      vertex 3.39999 -35.7 0.2615707
      vertex 3.63293 -35.7307 7.6615707
      vertex 3.39999 -35.7 7.6615707
    endloop
  endfacet
  facet normal -0.130664 -0.991427 0
    outer loop
      vertex 3.63293 -35.7307 0.2615707
      vertex 3.63293 -35.7307 7.6615707
      vertex 3.39999 -35.7 0.2615707
    endloop
  endfacet
  facet normal -1 0 0
    outer loop
      vertex 4.29999 -43.4 0.2615707
      vertex 4.29999 -36.6 7.6615707
      vertex 4.29999 -36.6 0.2615707
    endloop
  endfacet
  facet normal -1 -0 0
    outer loop
      vertex 4.29999 -36.6 7.6615707
      vertex 4.29999 -43.4 0.2615707
      vertex 4.29999 -43.4 7.6615707
    endloop
  endfacet
  facet normal 0.991446 -0.130518 0
    outer loop
      vertex -4.29999 -36.6 7.6615707
      vertex -4.26933 -36.3671 0.2615707
      vertex -4.26933 -36.3671 7.6615707
    endloop
  endfacet
  facet normal 0.991446 -0.130518 0
    outer loop
      vertex -4.26933 -36.3671 0.2615707
      vertex -4.29999 -36.6 7.6615707
      vertex -4.29999 -36.6 0.2615707
    endloop
  endfacet
  facet normal 0 1 -0
    outer loop
      vertex 3.39999 -44.3 0.2615707
      vertex -3.39999 -44.3 7.6615707
      vertex 3.39999 -44.3 7.6615707
    endloop
  endfacet
  facet normal 0 1 0
    outer loop
      vertex -3.39999 -44.3 7.6615707
      vertex 3.39999 -44.3 0.2615707
      vertex -3.39999 -44.3 0.2615707
    endloop
  endfacet
  facet normal 0.130664 -0.991427 0
    outer loop
      vertex -3.63293 -35.7307 7.6615707
      vertex -3.39999 -35.7 0.2615707
      vertex -3.39999 -35.7 7.6615707
    endloop
  endfacet
  facet normal 0.130664 -0.991427 0
    outer loop
      vertex -3.63293 -35.7307 7.6615707
      vertex -3.63293 -35.7307 0.2615707
      vertex -3.39999 -35.7 0.2615707
    endloop
  endfacet
  facet normal 0.608682 0.793414 0
    outer loop
      vertex -3.84999 -44.1794 7.6615707
      vertex -4.03639 -44.0364 0.2615707
      vertex -4.03639 -44.0364 7.6615707
    endloop
  endfacet
  facet normal 0.608682 0.793414 0
    outer loop
      vertex -4.03639 -44.0364 0.2615707
      vertex -3.84999 -44.1794 7.6615707
      vertex -3.84999 -44.1794 0.2615707
    endloop
  endfacet
  facet normal -0.923888 -0.382662 0
    outer loop
      vertex 4.26933 -36.3671 0.2615707
      vertex 4.17941 -36.15 7.6615707
      vertex 4.17941 -36.15 0.2615707
    endloop
  endfacet
  facet normal -0.923888 -0.382662 0
    outer loop
      vertex 4.17941 -36.15 7.6615707
      vertex 4.26933 -36.3671 0.2615707
      vertex 4.26933 -36.3671 7.6615707
    endloop
  endfacet
  facet normal 0.793373 -0.608735 0
    outer loop
      vertex -4.17941 -36.15 7.6615707
      vertex -4.03639 -35.9636 0.2615707
      vertex -4.03639 -35.9636 7.6615707
    endloop
  endfacet
  facet normal 0.793373 -0.608735 0
    outer loop
      vertex -4.03639 -35.9636 0.2615707
      vertex -4.17941 -36.15 7.6615707
      vertex -4.17941 -36.15 0.2615707
    endloop
  endfacet
  facet normal 0.608682 -0.793414 0
    outer loop
      vertex -4.03639 -35.9636 0.2615707
      vertex -3.84999 -35.8206 7.6615707
      vertex -4.03639 -35.9636 7.6615707
    endloop
  endfacet
  facet normal 0.608682 -0.793414 0
    outer loop
      vertex -3.84999 -35.8206 7.6615707
      vertex -4.03639 -35.9636 0.2615707
      vertex -3.84999 -35.8206 0.2615707
    endloop
  endfacet
  facet normal -0.991446 -0.130518 0
    outer loop
      vertex 4.29999 -36.6 0.2615707
      vertex 4.26933 -36.3671 7.6615707
      vertex 4.26933 -36.3671 0.2615707
    endloop
  endfacet
  facet normal -0.991446 -0.130518 0
    outer loop
      vertex 4.26933 -36.3671 7.6615707
      vertex 4.29999 -36.6 0.2615707
      vertex 4.29999 -36.6 7.6615707
    endloop
  endfacet
  facet normal 0.38265 0.923893 -0
    outer loop
      vertex -3.63293 -44.2693 0.2615707
      vertex -3.84999 -44.1794 7.6615707
      vertex -3.63293 -44.2693 7.6615707
    endloop
  endfacet
  facet normal 0.38265 0.923893 -0
    outer loop
      vertex -3.84999 -44.1794 0.2615707
      vertex -3.84999 -44.1794 7.6615707
      vertex -3.63293 -44.2693 0.2615707
    endloop
  endfacet
  facet normal -0.793373 0.608735 0
    outer loop
      vertex 4.03639 -44.0364 0.2615707
      vertex 4.17941 -43.85 7.6615707
      vertex 4.17941 -43.85 0.2615707
    endloop
  endfacet
  facet normal -0.793373 0.608735 0
    outer loop
      vertex 4.17941 -43.85 7.6615707
      vertex 4.03639 -44.0364 0.2615707
      vertex 4.03639 -44.0364 7.6615707
    endloop
  endfacet
  facet normal -0.38265 -0.923893 0
    outer loop
      vertex 3.63293 -35.7307 0.2615707
      vertex 3.84999 -35.8206 7.6615707
      vertex 3.63293 -35.7307 7.6615707
    endloop
  endfacet
  facet normal -0.38265 -0.923893 0
    outer loop
      vertex 3.84999 -35.8206 0.2615707
      vertex 3.84999 -35.8206 7.6615707
      vertex 3.63293 -35.7307 0.2615707
    endloop
  endfacet
  facet normal -0.608682 -0.793414 0
    outer loop
      vertex 3.84999 -35.8206 7.6615707
      vertex 4.03639 -35.9636 0.2615707
      vertex 4.03639 -35.9636 7.6615707
    endloop
  endfacet
  facet normal -0.608682 -0.793414 0
    outer loop
      vertex 4.03639 -35.9636 0.2615707
      vertex 3.84999 -35.8206 7.6615707
      vertex 3.84999 -35.8206 0.2615707
    endloop
  endfacet
  facet normal -0.38265 0.923893 0
    outer loop
      vertex 3.84999 -44.1794 7.6615707
      vertex 3.84999 -44.1794 0.2615707
      vertex 3.63293 -44.2693 7.6615707
    endloop
  endfacet
  facet normal -0.38265 0.923893 0
    outer loop
      vertex 3.63293 -44.2693 7.6615707
      vertex 3.84999 -44.1794 0.2615707
      vertex 3.63293 -44.2693 0.2615707
    endloop
  endfacet
  facet normal 0.991446 0.130518 0
    outer loop
      vertex -4.26933 -43.6329 7.6615707
      vertex -4.29999 -43.4 0.2615707
      vertex -4.29999 -43.4 7.6615707
    endloop
  endfacet
  facet normal 0.991446 0.130518 0
    outer loop
      vertex -4.29999 -43.4 0.2615707
      vertex -4.26933 -43.6329 7.6615707
      vertex -4.26933 -43.6329 0.2615707
    endloop
  endfacet
  facet normal 0.38265 -0.923893 0
    outer loop
      vertex -3.84999 -35.8206 7.6615707
      vertex -3.84999 -35.8206 0.2615707
      vertex -3.63293 -35.7307 7.6615707
    endloop
  endfacet
  facet normal 0.38265 -0.923893 0
    outer loop
      vertex -3.63293 -35.7307 7.6615707
      vertex -3.84999 -35.8206 0.2615707
      vertex -3.63293 -35.7307 0.2615707
    endloop
  endfacet
  facet normal -0.991446 0.130518 0
    outer loop
      vertex 4.26933 -43.6329 0.2615707
      vertex 4.29999 -43.4 7.6615707
      vertex 4.29999 -43.4 0.2615707
    endloop
  endfacet
  facet normal -0.991446 0.130518 0
    outer loop
      vertex 4.29999 -43.4 7.6615707
      vertex 4.26933 -43.6329 0.2615707
      vertex 4.26933 -43.6329 7.6615707
    endloop
  endfacet
  facet normal -0.793373 -0.608735 0
    outer loop
      vertex 4.17941 -36.15 0.2615707
      vertex 4.03639 -35.9636 7.6615707
      vertex 4.03639 -35.9636 0.2615707
    endloop
  endfacet
  facet normal -0.793373 -0.608735 0
    outer loop
      vertex 4.03639 -35.9636 7.6615707
      vertex 4.17941 -36.15 0.2615707
      vertex 4.17941 -36.15 7.6615707
    endloop
  endfacet
  facet normal -0.923888 0.382662 0
    outer loop
      vertex 4.17941 -43.85 0.2615707
      vertex 4.26933 -43.6329 7.6615707
      vertex 4.26933 -43.6329 0.2615707
    endloop
  endfacet
  facet normal -0.923888 0.382662 0
    outer loop
      vertex 4.26933 -43.6329 7.6615707
      vertex 4.17941 -43.85 0.2615707
      vertex 4.17941 -43.85 7.6615707
    endloop
  endfacet
  facet normal 0.923888 0.382662 0
    outer loop
      vertex -4.17941 -43.85 7.6615707
      vertex -4.26933 -43.6329 0.2615707
      vertex -4.26933 -43.6329 7.6615707
    endloop
  endfacet
  facet normal 0.923888 0.382662 0
    outer loop
      vertex -4.26933 -43.6329 0.2615707
      vertex -4.17941 -43.85 7.6615707
      vertex -4.17941 -43.85 0.2615707
    endloop
  endfacet
  facet normal -0.608682 0.793414 0
    outer loop
      vertex 4.03639 -44.0364 0.2615707
      vertex 3.84999 -44.1794 7.6615707
      vertex 4.03639 -44.0364 7.6615707
    endloop
  endfacet
  facet normal -0.608682 0.793414 0
    outer loop
      vertex 3.84999 -44.1794 7.6615707
      vertex 4.03639 -44.0364 0.2615707
      vertex 3.84999 -44.1794 0.2615707
    endloop
  endfacet
  facet normal 0.793373 0.608735 0
    outer loop
      vertex -4.03639 -44.0364 7.6615707
      vertex -4.17941 -43.85 0.2615707
      vertex -4.17941 -43.85 7.6615707
    endloop
  endfacet
  facet normal 0.793373 0.608735 0
    outer loop
      vertex -4.17941 -43.85 0.2615707
      vertex -4.03639 -44.0364 7.6615707
      vertex -4.03639 -44.0364 0.2615707
    endloop
  endfacet
  facet normal 0.0896763 -0.68043 -0.727306
    outer loop
      vertex -3.63293 -35.7307 0.2615707
      vertex -3.81041 -35.4745 0
      vertex -3.39999 -35.7 0.2615707
    endloop
  endfacet
  facet normal 0.0897477 -0.6804 -0.727325
    outer loop
      vertex -3.81041 -35.4745 0
      vertex -3.63293 -35.7307 0.2615707
      vertex -3.8468 -35.4793 0
    endloop
  endfacet
  facet normal -0.0893568 0.68073 -0.727064
    outer loop
      vertex 3.81041 -44.5255 0
      vertex 3.60015 -44.5531 0
      vertex 3.39999 -44.3 0.2615707
    endloop
  endfacet
  facet normal 0.375496 0.490333 -0.786496
    outer loop
      vertex -4.10575 -44.4031 0
      vertex -3.84999 -44.1794 0.2615707
      vertex -4.07663 -44.4254 0
    endloop
  endfacet
  facet normal 0.375879 0.489956 -0.786548
    outer loop
      vertex -3.84999 -44.1794 0.2615707
      vertex -4.10575 -44.4031 0
      vertex -4.03639 -44.0364 0.2615707
    endloop
  endfacet
  facet normal -0.0897477 0.6804 -0.727325
    outer loop
      vertex 3.81041 -44.5255 0
      vertex 3.63293 -44.2693 0.2615707
      vertex 3.8468 -44.5207 0
    endloop
  endfacet
  facet normal -0.0896763 0.68043 -0.727306
    outer loop
      vertex 3.63293 -44.2693 0.2615707
      vertex 3.81041 -44.5255 0
      vertex 3.39999 -44.3 0.2615707
    endloop
  endfacet
  facet normal -0.244997 0.591132 -0.768466
    outer loop
      vertex 3.8468 -44.5207 0
      vertex 3.63293 -44.2693 0.2615707
      vertex 4.04272 -44.4395 0
    endloop
  endfacet
  facet normal 0.244997 0.591132 -0.768466
    outer loop
      vertex -3.63293 -44.2693 0.2615707
      vertex -3.8468 -44.5207 0
      vertex -4.04272 -44.4395 0
    endloop
  endfacet
  facet normal 0.0896763 0.68043 -0.727306
    outer loop
      vertex -3.81041 -44.5255 0
      vertex -3.63293 -44.2693 0.2615707
      vertex -3.39999 -44.3 0.2615707
    endloop
  endfacet
  facet normal 0.0897477 0.6804 -0.727325
    outer loop
      vertex -3.63293 -44.2693 0.2615707
      vertex -3.81041 -44.5255 0
      vertex -3.8468 -44.5207 0
    endloop
  endfacet
  facet normal -0.68061 -0.0895505 -0.727153
    outer loop
      vertex 4.52545 -36.1896 0
      vertex 4.55312 -36.3999 0
      vertex 4.29999 -36.6 0.2615707
    endloop
  endfacet
  facet normal 0.718606 0 -0.695417
    outer loop
      vertex -4.29999 -43.4 0.2615707
      vertex -4.55312 -36.3999 0
      vertex -4.29999 -36.6 0.2615707
    endloop
  endfacet
  facet normal 0.718606 0 -0.695417
    outer loop
      vertex -4.55312 -36.3999 0
      vertex -4.29999 -43.4 0.2615707
      vertex -4.55312 -43.6001 0
    endloop
  endfacet
  facet normal 0.0893568 -0.68073 -0.727064
    outer loop
      vertex -3.60015 -35.4469 0
      vertex -3.39999 -35.7 0.2615707
      vertex -3.81041 -35.4745 0
    endloop
  endfacet
  facet normal -0.0893568 -0.68073 -0.727064
    outer loop
      vertex 3.60015 -35.4469 0
      vertex 3.81041 -35.4745 0
      vertex 3.39999 -35.7 0.2615707
    endloop
  endfacet
  facet normal -0.375916 -0.489943 -0.786539
    outer loop
      vertex 4.10575 -35.5969 0
      vertex 4.27401 -35.726 0
      vertex 4.03639 -35.9636 0.2615707
    endloop
  endfacet
  facet normal -0.49 0.37587 -0.786525
    outer loop
      vertex 4.42545 -44.0766 0
      vertex 4.29635 -44.2449 0
      vertex 4.17941 -43.85 0.2615707
    endloop
  endfacet
  facet normal -0.680583 0.0895603 -0.727176
    outer loop
      vertex 4.26933 -43.6329 0.2615707
      vertex 4.52545 -43.8104 0
      vertex 4.52066 -43.8468 0
    endloop
  endfacet
  facet normal -0.68057 0.0895932 -0.727185
    outer loop
      vertex 4.52545 -43.8104 0
      vertex 4.26933 -43.6329 0.2615707
      vertex 4.29999 -43.4 0.2615707
    endloop
  endfacet
  facet normal 0.244889 0.591275 -0.76839
    outer loop
      vertex -4.04272 -44.4395 0
      vertex -3.84999 -44.1794 0.2615707
      vertex -3.63293 -44.2693 0.2615707
    endloop
  endfacet
  facet normal 0.245663 0.590812 -0.768499
    outer loop
      vertex -3.84999 -44.1794 0.2615707
      vertex -4.04272 -44.4395 0
      vertex -4.07663 -44.4254 0
    endloop
  endfacet
  facet normal 0.68061 0.0895505 -0.727153
    outer loop
      vertex -4.29999 -43.4 0.2615707
      vertex -4.52545 -43.8104 0
      vertex -4.55312 -43.6001 0
    endloop
  endfacet
  facet normal 0 -0.718647 -0.695375
    outer loop
      vertex -3.60015 -35.4469 0
      vertex 3.39999 -35.7 0.2615707
      vertex -3.39999 -35.7 0.2615707
    endloop
  endfacet
  facet normal 0 -0.718647 -0.695375
    outer loop
      vertex 3.39999 -35.7 0.2615707
      vertex -3.60015 -35.4469 0
      vertex 3.60015 -35.4469 0
    endloop
  endfacet
  facet normal -0.718606 0 -0.695417
    outer loop
      vertex 4.55312 -36.3999 0
      vertex 4.29999 -43.4 0.2615707
      vertex 4.29999 -36.6 0.2615707
    endloop
  endfacet
  facet normal -0.718606 0 -0.695417
    outer loop
      vertex 4.29999 -43.4 0.2615707
      vertex 4.55312 -36.3999 0
      vertex 4.55312 -43.6001 0
    endloop
  endfacet
  facet normal 0.68061 -0.0895505 -0.727153
    outer loop
      vertex -4.52545 -36.1896 0
      vertex -4.29999 -36.6 0.2615707
      vertex -4.55312 -36.3999 0
    endloop
  endfacet
  facet normal 0.59124 -0.244947 -0.768398
    outer loop
      vertex -4.4395 -35.9573 0
      vertex -4.26933 -36.3671 0.2615707
      vertex -4.52066 -36.1532 0
    endloop
  endfacet
  facet normal 0.0893568 0.68073 -0.727064
    outer loop
      vertex -3.39999 -44.3 0.2615707
      vertex -3.60015 -44.5531 0
      vertex -3.81041 -44.5255 0
    endloop
  endfacet
  facet normal 0 0.718647 -0.695375
    outer loop
      vertex 3.60015 -44.5531 0
      vertex -3.39999 -44.3 0.2615707
      vertex 3.39999 -44.3 0.2615707
    endloop
  endfacet
  facet normal 0 0.718647 -0.695375
    outer loop
      vertex -3.39999 -44.3 0.2615707
      vertex 3.60015 -44.5531 0
      vertex -3.60015 -44.5531 0
    endloop
  endfacet
  facet normal 0.375916 0.489943 -0.786539
    outer loop
      vertex -4.03639 -44.0364 0.2615707
      vertex -4.10575 -44.4031 0
      vertex -4.27401 -44.274 0
    endloop
  endfacet
  facet normal 0.244997 -0.591132 -0.768466
    outer loop
      vertex -3.8468 -35.4793 0
      vertex -3.63293 -35.7307 0.2615707
      vertex -4.04272 -35.5605 0
    endloop
  endfacet
  facet normal -0.0897477 -0.6804 -0.727325
    outer loop
      vertex 3.63293 -35.7307 0.2615707
      vertex 3.81041 -35.4745 0
      vertex 3.8468 -35.4793 0
    endloop
  endfacet
  facet normal -0.0896763 -0.68043 -0.727306
    outer loop
      vertex 3.81041 -35.4745 0
      vertex 3.63293 -35.7307 0.2615707
      vertex 3.39999 -35.7 0.2615707
    endloop
  endfacet
  facet normal -0.68061 0.0895505 -0.727153
    outer loop
      vertex 4.55312 -43.6001 0
      vertex 4.52545 -43.8104 0
      vertex 4.29999 -43.4 0.2615707
    endloop
  endfacet
  facet normal 0.489826 0.376038 -0.786553
    outer loop
      vertex -4.29635 -44.2449 0
      vertex -4.03639 -44.0364 0.2615707
      vertex -4.27401 -44.274 0
    endloop
  endfacet
  facet normal 0.489928 0.375909 -0.786551
    outer loop
      vertex -4.03639 -44.0364 0.2615707
      vertex -4.29635 -44.2449 0
      vertex -4.17941 -43.85 0.2615707
    endloop
  endfacet
  facet normal 0.244889 -0.591275 -0.76839
    outer loop
      vertex -3.84999 -35.8206 0.2615707
      vertex -4.04272 -35.5605 0
      vertex -3.63293 -35.7307 0.2615707
    endloop
  endfacet
  facet normal 0.245663 -0.590812 -0.768499
    outer loop
      vertex -4.04272 -35.5605 0
      vertex -3.84999 -35.8206 0.2615707
      vertex -4.07663 -35.5746 0
    endloop
  endfacet
  facet normal 0.68057 -0.0895932 -0.727185
    outer loop
      vertex -4.52545 -36.1896 0
      vertex -4.26933 -36.3671 0.2615707
      vertex -4.29999 -36.6 0.2615707
    endloop
  endfacet
  facet normal 0.680583 -0.0895603 -0.727176
    outer loop
      vertex -4.26933 -36.3671 0.2615707
      vertex -4.52545 -36.1896 0
      vertex -4.52066 -36.1532 0
    endloop
  endfacet
  facet normal 0.489928 -0.375909 -0.786551
    outer loop
      vertex -4.29635 -35.7551 0
      vertex -4.03639 -35.9636 0.2615707
      vertex -4.17941 -36.15 0.2615707
    endloop
  endfacet
  facet normal 0.489826 -0.376038 -0.786553
    outer loop
      vertex -4.03639 -35.9636 0.2615707
      vertex -4.29635 -35.7551 0
      vertex -4.27401 -35.726 0
    endloop
  endfacet
  facet normal -0.244997 -0.591132 -0.768466
    outer loop
      vertex 3.63293 -35.7307 0.2615707
      vertex 3.8468 -35.4793 0
      vertex 4.04272 -35.5605 0
    endloop
  endfacet
  facet normal 0.680583 0.0895603 -0.727176
    outer loop
      vertex -4.52545 -43.8104 0
      vertex -4.26933 -43.6329 0.2615707
      vertex -4.52066 -43.8468 0
    endloop
  endfacet
  facet normal 0.68057 0.0895932 -0.727185
    outer loop
      vertex -4.26933 -43.6329 0.2615707
      vertex -4.52545 -43.8104 0
      vertex -4.29999 -43.4 0.2615707
    endloop
  endfacet
  facet normal -0.591218 0.245033 -0.768388
    outer loop
      vertex 4.17941 -43.85 0.2615707
      vertex 4.4395 -44.0427 0
      vertex 4.42545 -44.0766 0
    endloop
  endfacet
  facet normal -0.591294 0.244906 -0.76837
    outer loop
      vertex 4.4395 -44.0427 0
      vertex 4.17941 -43.85 0.2615707
      vertex 4.26933 -43.6329 0.2615707
    endloop
  endfacet
  facet normal 0.591218 0.245033 -0.768388
    outer loop
      vertex -4.4395 -44.0427 0
      vertex -4.17941 -43.85 0.2615707
      vertex -4.42545 -44.0766 0
    endloop
  endfacet
  facet normal 0.591294 0.244906 -0.76837
    outer loop
      vertex -4.17941 -43.85 0.2615707
      vertex -4.4395 -44.0427 0
      vertex -4.26933 -43.6329 0.2615707
    endloop
  endfacet
  facet normal -0.49 -0.37587 -0.786525
    outer loop
      vertex 4.29635 -35.7551 0
      vertex 4.42545 -35.9234 0
      vertex 4.17941 -36.15 0.2615707
    endloop
  endfacet
  facet normal -0.489928 -0.375909 -0.786551
    outer loop
      vertex 4.03639 -35.9636 0.2615707
      vertex 4.29635 -35.7551 0
      vertex 4.17941 -36.15 0.2615707
    endloop
  endfacet
  facet normal -0.489826 -0.376038 -0.786553
    outer loop
      vertex 4.29635 -35.7551 0
      vertex 4.03639 -35.9636 0.2615707
      vertex 4.27401 -35.726 0
    endloop
  endfacet
  facet normal -0.245663 -0.590812 -0.768499
    outer loop
      vertex 3.84999 -35.8206 0.2615707
      vertex 4.04272 -35.5605 0
      vertex 4.07663 -35.5746 0
    endloop
  endfacet
  facet normal -0.244889 -0.591275 -0.76839
    outer loop
      vertex 3.63293 -35.7307 0.2615707
      vertex 4.04272 -35.5605 0
      vertex 3.84999 -35.8206 0.2615707
    endloop
  endfacet
  facet normal 0.591294 -0.244906 -0.76837
    outer loop
      vertex -4.4395 -35.9573 0
      vertex -4.17941 -36.15 0.2615707
      vertex -4.26933 -36.3671 0.2615707
    endloop
  endfacet
  facet normal 0.591218 -0.245033 -0.768388
    outer loop
      vertex -4.17941 -36.15 0.2615707
      vertex -4.4395 -35.9573 0
      vertex -4.42545 -35.9234 0
    endloop
  endfacet
  facet normal 0.49 -0.37587 -0.786525
    outer loop
      vertex -4.29635 -35.7551 0
      vertex -4.17941 -36.15 0.2615707
      vertex -4.42545 -35.9234 0
    endloop
  endfacet
  facet normal -0.375496 0.490333 -0.786496
    outer loop
      vertex 3.84999 -44.1794 0.2615707
      vertex 4.10575 -44.4031 0
      vertex 4.07663 -44.4254 0
    endloop
  endfacet
  facet normal -0.375879 0.489956 -0.786548
    outer loop
      vertex 4.10575 -44.4031 0
      vertex 3.84999 -44.1794 0.2615707
      vertex 4.03639 -44.0364 0.2615707
    endloop
  endfacet
  facet normal 0.375916 -0.489943 -0.786539
    outer loop
      vertex -4.10575 -35.5969 0
      vertex -4.03639 -35.9636 0.2615707
      vertex -4.27401 -35.726 0
    endloop
  endfacet
  facet normal 0.375879 -0.489956 -0.786548
    outer loop
      vertex -4.10575 -35.5969 0
      vertex -3.84999 -35.8206 0.2615707
      vertex -4.03639 -35.9636 0.2615707
    endloop
  endfacet
  facet normal 0.375496 -0.490333 -0.786496
    outer loop
      vertex -3.84999 -35.8206 0.2615707
      vertex -4.10575 -35.5969 0
      vertex -4.07663 -35.5746 0
    endloop
  endfacet
  facet normal -0.375879 -0.489956 -0.786548
    outer loop
      vertex 3.84999 -35.8206 0.2615707
      vertex 4.10575 -35.5969 0
      vertex 4.03639 -35.9636 0.2615707
    endloop
  endfacet
  facet normal -0.375496 -0.490333 -0.786496
    outer loop
      vertex 4.10575 -35.5969 0
      vertex 3.84999 -35.8206 0.2615707
      vertex 4.07663 -35.5746 0
    endloop
  endfacet
  facet normal -0.68057 -0.0895932 -0.727185
    outer loop
      vertex 4.26933 -36.3671 0.2615707
      vertex 4.52545 -36.1896 0
      vertex 4.29999 -36.6 0.2615707
    endloop
  endfacet
  facet normal -0.680583 -0.0895603 -0.727176
    outer loop
      vertex 4.52545 -36.1896 0
      vertex 4.26933 -36.3671 0.2615707
      vertex 4.52066 -36.1532 0
    endloop
  endfacet
  facet normal -0.59124 0.244947 -0.768398
    outer loop
      vertex 4.52066 -43.8468 0
      vertex 4.4395 -44.0427 0
      vertex 4.26933 -43.6329 0.2615707
    endloop
  endfacet
  facet normal -0.489826 0.376038 -0.786553
    outer loop
      vertex 4.03639 -44.0364 0.2615707
      vertex 4.29635 -44.2449 0
      vertex 4.27401 -44.274 0
    endloop
  endfacet
  facet normal -0.489928 0.375909 -0.786551
    outer loop
      vertex 4.29635 -44.2449 0
      vertex 4.03639 -44.0364 0.2615707
      vertex 4.17941 -43.85 0.2615707
    endloop
  endfacet
  facet normal -0.375916 0.489943 -0.786539
    outer loop
      vertex 4.27401 -44.274 0
      vertex 4.10575 -44.4031 0
      vertex 4.03639 -44.0364 0.2615707
    endloop
  endfacet
  facet normal 0.49 0.37587 -0.786525
    outer loop
      vertex -4.17941 -43.85 0.2615707
      vertex -4.29635 -44.2449 0
      vertex -4.42545 -44.0766 0
    endloop
  endfacet
  facet normal -0.245663 0.590812 -0.768499
    outer loop
      vertex 4.04272 -44.4395 0
      vertex 3.84999 -44.1794 0.2615707
      vertex 4.07663 -44.4254 0
    endloop
  endfacet
  facet normal -0.244889 0.591275 -0.76839
    outer loop
      vertex 4.04272 -44.4395 0
      vertex 3.63293 -44.2693 0.2615707
      vertex 3.84999 -44.1794 0.2615707
    endloop
  endfacet
  facet normal 0.59124 0.244947 -0.768398
    outer loop
      vertex -4.26933 -43.6329 0.2615707
      vertex -4.4395 -44.0427 0
      vertex -4.52066 -43.8468 0
    endloop
  endfacet
  facet normal -0.59124 -0.244947 -0.768398
    outer loop
      vertex 4.4395 -35.9573 0
      vertex 4.52066 -36.1532 0
      vertex 4.26933 -36.3671 0.2615707
    endloop
  endfacet
  facet normal -0.591294 -0.244906 -0.76837
    outer loop
      vertex 4.17941 -36.15 0.2615707
      vertex 4.4395 -35.9573 0
      vertex 4.26933 -36.3671 0.2615707
    endloop
  endfacet
  facet normal -0.591218 -0.245033 -0.768388
    outer loop
      vertex 4.4395 -35.9573 0
      vertex 4.17941 -36.15 0.2615707
      vertex 4.42545 -35.9234 0
    endloop
  endfacet
  facet normal 0 0.718646 0.695376
    outer loop
      vertex 3.39999 -44.3 7.6615707
      vertex -3.60014 -44.5531 7.9231407
      vertex 3.60014 -44.5531 7.9231407
    endloop
  endfacet
  facet normal 0 0.718646 0.695376
    outer loop
      vertex -3.60014 -44.5531 7.9231407
      vertex 3.39999 -44.3 7.6615707
      vertex -3.39999 -44.3 7.6615707
    endloop
  endfacet
  facet normal 0.680569 0.0895931 0.727186
    outer loop
      vertex -4.52545 -43.8104 7.9231407
      vertex -4.26933 -43.6329 7.6615707
      vertex -4.29999 -43.4 7.6615707
    endloop
  endfacet
  facet normal 0.680582 0.0895602 0.727177
    outer loop
      vertex -4.26933 -43.6329 7.6615707
      vertex -4.52545 -43.8104 7.9231407
      vertex -4.52066 -43.8468 7.9231407
    endloop
  endfacet
  facet normal -0.244997 0.591131 0.768467
    outer loop
      vertex 3.8468 -44.5207 7.9231407
      vertex 4.04272 -44.4395 7.9231407
      vertex 3.63293 -44.2693 7.6615707
    endloop
  endfacet
  facet normal -0.245663 0.590811 0.7685
    outer loop
      vertex 3.84999 -44.1794 7.6615707
      vertex 4.04272 -44.4395 7.9231407
      vertex 4.07663 -44.4254 7.9231407
    endloop
  endfacet
  facet normal -0.244889 0.591274 0.768391
    outer loop
      vertex 4.04272 -44.4395 7.9231407
      vertex 3.84999 -44.1794 7.6615707
      vertex 3.63293 -44.2693 7.6615707
    endloop
  endfacet
  facet normal 0.489927 0.375909 0.786552
    outer loop
      vertex -4.29635 -44.2449 7.9231407
      vertex -4.03639 -44.0364 7.6615707
      vertex -4.17941 -43.85 7.6615707
    endloop
  endfacet
  facet normal 0.489825 0.376038 0.786554
    outer loop
      vertex -4.03639 -44.0364 7.6615707
      vertex -4.29635 -44.2449 7.9231407
      vertex -4.27401 -44.274 7.9231407
    endloop
  endfacet
  facet normal 0.591224 0.24497 0.768404
    outer loop
      vertex -4.43949 -44.0427 7.9231407
      vertex -4.26933 -43.6329 7.6615707
      vertex -4.52066 -43.8468 7.9231407
    endloop
  endfacet
  facet normal -0.0896579 0.680591 0.727157
    outer loop
      vertex 3.60014 -44.5531 7.9231407
      vertex 3.81041 -44.5254 7.9231407
      vertex 3.39999 -44.3 7.6615707
    endloop
  endfacet
  facet normal -0.0879903 0.681269 0.726725
    outer loop
      vertex 3.63293 -44.2693 7.6615707
      vertex 3.81041 -44.5254 7.9231407
      vertex 3.8468 -44.5207 7.9231407
    endloop
  endfacet
  facet normal -0.0896931 0.680558 0.727184
    outer loop
      vertex 3.81041 -44.5254 7.9231407
      vertex 3.63293 -44.2693 7.6615707
      vertex 3.39999 -44.3 7.6615707
    endloop
  endfacet
  facet normal 0.375942 -0.489948 0.786523
    outer loop
      vertex -3.84999 -35.8206 7.6615707
      vertex -4.07663 -35.5746 7.9231407
      vertex -4.24488 -35.7037 7.9231407
    endloop
  endfacet
  facet normal -0.375942 -0.489948 0.786523
    outer loop
      vertex 4.24488 -35.7037 7.9231407
      vertex 4.07663 -35.5746 7.9231407
      vertex 3.84999 -35.8206 7.6615707
    endloop
  endfacet
  facet normal 0.680609 0.0895504 0.727154
    outer loop
      vertex -4.52545 -43.8104 7.9231407
      vertex -4.29999 -43.4 7.6615707
      vertex -4.55312 -43.6001 7.9231407
    endloop
  endfacet
  facet normal 0.0896931 -0.680558 0.727184
    outer loop
      vertex -3.81041 -35.4746 7.9231407
      vertex -3.63293 -35.7307 7.6615707
      vertex -3.39999 -35.7 7.6615707
    endloop
  endfacet
  facet normal 0.0879903 -0.681269 0.726725
    outer loop
      vertex -3.63293 -35.7307 7.6615707
      vertex -3.81041 -35.4746 7.9231407
      vertex -3.8468 -35.4793 7.9231407
    endloop
  endfacet
  facet normal 0.680582 -0.0895602 0.727177
    outer loop
      vertex -4.52545 -36.1896 7.9231407
      vertex -4.26933 -36.3671 7.6615707
      vertex -4.52066 -36.1532 7.9231407
    endloop
  endfacet
  facet normal 0.680569 -0.0895931 0.727186
    outer loop
      vertex -4.26933 -36.3671 7.6615707
      vertex -4.52545 -36.1896 7.9231407
      vertex -4.29999 -36.6 7.6615707
    endloop
  endfacet
  facet normal -0.591224 -0.24497 0.768404
    outer loop
      vertex 4.52066 -36.1532 7.9231407
      vertex 4.43949 -35.9573 7.9231407
      vertex 4.26933 -36.3671 7.6615707
    endloop
  endfacet
  facet normal -0.0896579 -0.680591 0.727157
    outer loop
      vertex 3.81041 -35.4746 7.9231407
      vertex 3.60014 -35.4469 7.9231407
      vertex 3.39999 -35.7 7.6615707
    endloop
  endfacet
  facet normal 0.244889 -0.591274 0.768391
    outer loop
      vertex -4.04272 -35.5605 7.9231407
      vertex -3.84999 -35.8206 7.6615707
      vertex -3.63293 -35.7307 7.6615707
    endloop
  endfacet
  facet normal 0.245663 -0.590811 0.7685
    outer loop
      vertex -3.84999 -35.8206 7.6615707
      vertex -4.04272 -35.5605 7.9231407
      vertex -4.07663 -35.5746 7.9231407
    endloop
  endfacet
  facet normal 0.244997 -0.591131 0.768467
    outer loop
      vertex -3.63293 -35.7307 7.6615707
      vertex -3.8468 -35.4793 7.9231407
      vertex -4.04272 -35.5605 7.9231407
    endloop
  endfacet
  facet normal -0.375414 -0.490395 0.786496
    outer loop
      vertex 4.24488 -35.7037 7.9231407
      vertex 4.03639 -35.9636 7.6615707
      vertex 4.27401 -35.726 7.9231407
    endloop
  endfacet
  facet normal -0.375913 -0.490002 0.786503
    outer loop
      vertex 4.03639 -35.9636 7.6615707
      vertex 4.24488 -35.7037 7.9231407
      vertex 3.84999 -35.8206 7.6615707
    endloop
  endfacet
  facet normal 0.375942 0.489948 0.786523
    outer loop
      vertex -4.07663 -44.4254 7.9231407
      vertex -3.84999 -44.1794 7.6615707
      vertex -4.24488 -44.2963 7.9231407
    endloop
  endfacet
  facet normal 0.244997 0.591131 0.768467
    outer loop
      vertex -3.8468 -44.5207 7.9231407
      vertex -3.63293 -44.2693 7.6615707
      vertex -4.04272 -44.4395 7.9231407
    endloop
  endfacet
  facet normal -0.245663 -0.590811 0.7685
    outer loop
      vertex 4.04272 -35.5605 7.9231407
      vertex 3.84999 -35.8206 7.6615707
      vertex 4.07663 -35.5746 7.9231407
    endloop
  endfacet
  facet normal -0.244889 -0.591274 0.768391
    outer loop
      vertex 3.84999 -35.8206 7.6615707
      vertex 4.04272 -35.5605 7.9231407
      vertex 3.63293 -35.7307 7.6615707
    endloop
  endfacet
  facet normal 0 -0.718646 0.695376
    outer loop
      vertex -3.39999 -35.7 7.6615707
      vertex 3.60014 -35.4469 7.9231407
      vertex -3.60014 -35.4469 7.9231407
    endloop
  endfacet
  facet normal 0 -0.718646 0.695376
    outer loop
      vertex 3.60014 -35.4469 7.9231407
      vertex -3.39999 -35.7 7.6615707
      vertex 3.39999 -35.7 7.6615707
    endloop
  endfacet
  facet normal 0.0896579 -0.680591 0.727157
    outer loop
      vertex -3.39999 -35.7 7.6615707
      vertex -3.60014 -35.4469 7.9231407
      vertex -3.81041 -35.4746 7.9231407
    endloop
  endfacet
  facet normal 0.680609 -0.0895504 0.727154
    outer loop
      vertex -4.29999 -36.6 7.6615707
      vertex -4.52545 -36.1896 7.9231407
      vertex -4.55312 -36.3999 7.9231407
    endloop
  endfacet
  facet normal 0.591224 -0.24497 0.768404
    outer loop
      vertex -4.26933 -36.3671 7.6615707
      vertex -4.43949 -35.9573 7.9231407
      vertex -4.52066 -36.1532 7.9231407
    endloop
  endfacet
  facet normal -0.680609 0.0895504 0.727154
    outer loop
      vertex 4.52545 -43.8104 7.9231407
      vertex 4.55312 -43.6001 7.9231407
      vertex 4.29999 -43.4 7.6615707
    endloop
  endfacet
  facet normal 0.591303 0.24491 0.768362
    outer loop
      vertex -4.43949 -44.0427 7.9231407
      vertex -4.17941 -43.85 7.6615707
      vertex -4.26933 -43.6329 7.6615707
    endloop
  endfacet
  facet normal 0.591311 0.244897 0.76836
    outer loop
      vertex -4.17941 -43.85 7.6615707
      vertex -4.43949 -44.0427 7.9231407
      vertex -4.42545 -44.0766 7.9231407
    endloop
  endfacet
  facet normal 0.244889 0.591274 0.768391
    outer loop
      vertex -3.84999 -44.1794 7.6615707
      vertex -4.04272 -44.4395 7.9231407
      vertex -3.63293 -44.2693 7.6615707
    endloop
  endfacet
  facet normal 0.245663 0.590811 0.7685
    outer loop
      vertex -4.04272 -44.4395 7.9231407
      vertex -3.84999 -44.1794 7.6615707
      vertex -4.07663 -44.4254 7.9231407
    endloop
  endfacet
  facet normal -0.680609 -0.0895504 0.727154
    outer loop
      vertex 4.55312 -36.3999 7.9231407
      vertex 4.52545 -36.1896 7.9231407
      vertex 4.29999 -36.6 7.6615707
    endloop
  endfacet
  facet normal 0.0896579 0.680591 0.727157
    outer loop
      vertex -3.60014 -44.5531 7.9231407
      vertex -3.39999 -44.3 7.6615707
      vertex -3.81041 -44.5254 7.9231407
    endloop
  endfacet
  facet normal -0.489999 -0.37587 0.786526
    outer loop
      vertex 4.42545 -35.9234 7.9231407
      vertex 4.29635 -35.7551 7.9231407
      vertex 4.17941 -36.15 7.6615707
    endloop
  endfacet
  facet normal -0.718605 0 0.695418
    outer loop
      vertex 4.29999 -43.4 7.6615707
      vertex 4.55312 -36.3999 7.9231407
      vertex 4.29999 -36.6 7.6615707
    endloop
  endfacet
  facet normal -0.718605 0 0.695418
    outer loop
      vertex 4.55312 -36.3999 7.9231407
      vertex 4.29999 -43.4 7.6615707
      vertex 4.55312 -43.6001 7.9231407
    endloop
  endfacet
  facet normal -0.489999 0.37587 0.786526
    outer loop
      vertex 4.29635 -44.2449 7.9231407
      vertex 4.42545 -44.0766 7.9231407
      vertex 4.17941 -43.85 7.6615707
    endloop
  endfacet
  facet normal 0.489825 -0.376038 0.786554
    outer loop
      vertex -4.29635 -35.7551 7.9231407
      vertex -4.03639 -35.9636 7.6615707
      vertex -4.27401 -35.726 7.9231407
    endloop
  endfacet
  facet normal 0.489927 -0.375909 0.786552
    outer loop
      vertex -4.03639 -35.9636 7.6615707
      vertex -4.29635 -35.7551 7.9231407
      vertex -4.17941 -36.15 7.6615707
    endloop
  endfacet
  facet normal -0.680569 0.0895931 0.727186
    outer loop
      vertex 4.26933 -43.6329 7.6615707
      vertex 4.52545 -43.8104 7.9231407
      vertex 4.29999 -43.4 7.6615707
    endloop
  endfacet
  facet normal -0.680582 0.0895602 0.727177
    outer loop
      vertex 4.52545 -43.8104 7.9231407
      vertex 4.26933 -43.6329 7.6615707
      vertex 4.52066 -43.8468 7.9231407
    endloop
  endfacet
  facet normal -0.0879903 -0.681269 0.726725
    outer loop
      vertex 3.81041 -35.4746 7.9231407
      vertex 3.63293 -35.7307 7.6615707
      vertex 3.8468 -35.4793 7.9231407
    endloop
  endfacet
  facet normal -0.0896931 -0.680558 0.727184
    outer loop
      vertex 3.63293 -35.7307 7.6615707
      vertex 3.81041 -35.4746 7.9231407
      vertex 3.39999 -35.7 7.6615707
    endloop
  endfacet
  facet normal -0.591224 0.24497 0.768404
    outer loop
      vertex 4.43949 -44.0427 7.9231407
      vertex 4.52066 -43.8468 7.9231407
      vertex 4.26933 -43.6329 7.6615707
    endloop
  endfacet
  facet normal -0.244997 -0.591131 0.768467
    outer loop
      vertex 4.04272 -35.5605 7.9231407
      vertex 3.8468 -35.4793 7.9231407
      vertex 3.63293 -35.7307 7.6615707
    endloop
  endfacet
  facet normal 0.375913 -0.490002 0.786503
    outer loop
      vertex -4.24488 -35.7037 7.9231407
      vertex -4.03639 -35.9636 7.6615707
      vertex -3.84999 -35.8206 7.6615707
    endloop
  endfacet
  facet normal 0.375414 -0.490395 0.786496
    outer loop
      vertex -4.03639 -35.9636 7.6615707
      vertex -4.24488 -35.7037 7.9231407
      vertex -4.27401 -35.726 7.9231407
    endloop
  endfacet
  facet normal -0.375942 0.489948 0.786523
    outer loop
      vertex 4.07663 -44.4254 7.9231407
      vertex 4.24488 -44.2963 7.9231407
      vertex 3.84999 -44.1794 7.6615707
    endloop
  endfacet
  facet normal -0.591303 0.24491 0.768362
    outer loop
      vertex 4.17941 -43.85 7.6615707
      vertex 4.43949 -44.0427 7.9231407
      vertex 4.26933 -43.6329 7.6615707
    endloop
  endfacet
  facet normal -0.591311 0.244897 0.76836
    outer loop
      vertex 4.43949 -44.0427 7.9231407
      vertex 4.17941 -43.85 7.6615707
      vertex 4.42545 -44.0766 7.9231407
    endloop
  endfacet
  facet normal 0.718605 0 0.695418
    outer loop
      vertex -4.55312 -36.3999 7.9231407
      vertex -4.29999 -43.4 7.6615707
      vertex -4.29999 -36.6 7.6615707
    endloop
  endfacet
  facet normal 0.718605 0 0.695418
    outer loop
      vertex -4.29999 -43.4 7.6615707
      vertex -4.55312 -36.3999 7.9231407
      vertex -4.55312 -43.6001 7.9231407
    endloop
  endfacet
  facet normal 0.375913 0.490002 0.786503
    outer loop
      vertex -4.03639 -44.0364 7.6615707
      vertex -4.24488 -44.2963 7.9231407
      vertex -3.84999 -44.1794 7.6615707
    endloop
  endfacet
  facet normal 0.375414 0.490395 0.786496
    outer loop
      vertex -4.24488 -44.2963 7.9231407
      vertex -4.03639 -44.0364 7.6615707
      vertex -4.27401 -44.274 7.9231407
    endloop
  endfacet
  facet normal 0.489999 -0.37587 0.786526
    outer loop
      vertex -4.17941 -36.15 7.6615707
      vertex -4.29635 -35.7551 7.9231407
      vertex -4.42545 -35.9234 7.9231407
    endloop
  endfacet
  facet normal -0.680582 -0.0895602 0.727177
    outer loop
      vertex 4.26933 -36.3671 7.6615707
      vertex 4.52545 -36.1896 7.9231407
      vertex 4.52066 -36.1532 7.9231407
    endloop
  endfacet
  facet normal -0.680569 -0.0895931 0.727186
    outer loop
      vertex 4.52545 -36.1896 7.9231407
      vertex 4.26933 -36.3671 7.6615707
      vertex 4.29999 -36.6 7.6615707
    endloop
  endfacet
  facet normal 0.591311 -0.244897 0.76836
    outer loop
      vertex -4.43949 -35.9573 7.9231407
      vertex -4.17941 -36.15 7.6615707
      vertex -4.42545 -35.9234 7.9231407
    endloop
  endfacet
  facet normal 0.591303 -0.24491 0.768362
    outer loop
      vertex -4.17941 -36.15 7.6615707
      vertex -4.43949 -35.9573 7.9231407
      vertex -4.26933 -36.3671 7.6615707
    endloop
  endfacet
  facet normal 0.489999 0.37587 0.786526
    outer loop
      vertex -4.29635 -44.2449 7.9231407
      vertex -4.17941 -43.85 7.6615707
      vertex -4.42545 -44.0766 7.9231407
    endloop
  endfacet
  facet normal 0.0896931 0.680558 0.727184
    outer loop
      vertex -3.63293 -44.2693 7.6615707
      vertex -3.81041 -44.5254 7.9231407
      vertex -3.39999 -44.3 7.6615707
    endloop
  endfacet
  facet normal 0.0879903 0.681269 0.726725
    outer loop
      vertex -3.81041 -44.5254 7.9231407
      vertex -3.63293 -44.2693 7.6615707
      vertex -3.8468 -44.5207 7.9231407
    endloop
  endfacet
  facet normal -0.489927 0.375909 0.786552
    outer loop
      vertex 4.03639 -44.0364 7.6615707
      vertex 4.29635 -44.2449 7.9231407
      vertex 4.17941 -43.85 7.6615707
    endloop
  endfacet
  facet normal -0.489825 0.376038 0.786554
    outer loop
      vertex 4.29635 -44.2449 7.9231407
      vertex 4.03639 -44.0364 7.6615707
      vertex 4.27401 -44.274 7.9231407
    endloop
  endfacet
  facet normal -0.375414 0.490395 0.786496
    outer loop
      vertex 4.03639 -44.0364 7.6615707
      vertex 4.24488 -44.2963 7.9231407
      vertex 4.27401 -44.274 7.9231407
    endloop
  endfacet
  facet normal -0.375913 0.490002 0.786503
    outer loop
      vertex 4.24488 -44.2963 7.9231407
      vertex 4.03639 -44.0364 7.6615707
      vertex 3.84999 -44.1794 7.6615707
    endloop
  endfacet
  facet normal -0.489825 -0.376038 0.786554
    outer loop
      vertex 4.03639 -35.9636 7.6615707
      vertex 4.29635 -35.7551 7.9231407
      vertex 4.27401 -35.726 7.9231407
    endloop
  endfacet
  facet normal -0.489927 -0.375909 0.786552
    outer loop
      vertex 4.29635 -35.7551 7.9231407
      vertex 4.03639 -35.9636 7.6615707
      vertex 4.17941 -36.15 7.6615707
    endloop
  endfacet
  facet normal -0.591311 -0.244897 0.76836
    outer loop
      vertex 4.17941 -36.15 7.6615707
      vertex 4.43949 -35.9573 7.9231407
      vertex 4.42545 -35.9234 7.9231407
    endloop
  endfacet
  facet normal -0.591303 -0.24491 0.768362
    outer loop
      vertex 4.43949 -35.9573 7.9231407
      vertex 4.17941 -36.15 7.6615707
      vertex 4.26933 -36.3671 7.6615707
    endloop
  endfacet
  facet normal -0.130664 0.991427 0
    outer loop
      vertex 3.63293 -84.2693 7.6615707
      vertex 3.39999 -84.3 0.2615707
      vertex 3.39999 -84.3 7.6615707
    endloop
  endfacet
  facet normal -0.130664 0.991427 0
    outer loop
      vertex 3.63293 -84.2693 7.6615707
      vertex 3.63293 -84.2693 0.2615707
      vertex 3.39999 -84.3 0.2615707
    endloop
  endfacet
  facet normal 0 -1 0
    outer loop
      vertex -3.39999 -75.7 0.2615707
      vertex 3.39999 -75.7 7.6615707
      vertex -3.39999 -75.7 7.6615707
    endloop
  endfacet
  facet normal 0 -1 -0
    outer loop
      vertex 3.39999 -75.7 7.6615707
      vertex -3.39999 -75.7 0.2615707
      vertex 3.39999 -75.7 0.2615707
    endloop
  endfacet
  facet normal 0.130664 0.991427 -0
    outer loop
      vertex -3.39999 -84.3 0.2615707
      vertex -3.63293 -84.2693 7.6615707
      vertex -3.39999 -84.3 7.6615707
    endloop
  endfacet
  facet normal 0.130664 0.991427 -0
    outer loop
      vertex -3.63293 -84.2693 0.2615707
      vertex -3.63293 -84.2693 7.6615707
      vertex -3.39999 -84.3 0.2615707
    endloop
  endfacet
  facet normal 1 -0 0
    outer loop
      vertex -4.29999 -83.4 7.6615707
      vertex -4.29999 -76.6 0.2615707
      vertex -4.29999 -76.6 7.6615707
    endloop
  endfacet
  facet normal 1 0 0
    outer loop
      vertex -4.29999 -76.6 0.2615707
      vertex -4.29999 -83.4 7.6615707
      vertex -4.29999 -83.4 0.2615707
    endloop
  endfacet
  facet normal -0.130664 -0.991427 0
    outer loop
      vertex 3.39999 -75.7 0.2615707
      vertex 3.63293 -75.7307 7.6615707
      vertex 3.39999 -75.7 7.6615707
    endloop
  endfacet
  facet normal -0.130664 -0.991427 0
    outer loop
      vertex 3.63293 -75.7307 0.2615707
      vertex 3.63293 -75.7307 7.6615707
      vertex 3.39999 -75.7 0.2615707
    endloop
  endfacet
  facet normal -1 0 0
    outer loop
      vertex 4.29999 -83.4 0.2615707
      vertex 4.29999 -76.6 7.6615707
      vertex 4.29999 -76.6 0.2615707
    endloop
  endfacet
  facet normal -1 -0 0
    outer loop
      vertex 4.29999 -76.6 7.6615707
      vertex 4.29999 -83.4 0.2615707
      vertex 4.29999 -83.4 7.6615707
    endloop
  endfacet
  facet normal 0.991446 -0.130518 0
    outer loop
      vertex -4.29999 -76.6 7.6615707
      vertex -4.26933 -76.3671 0.2615707
      vertex -4.26933 -76.3671 7.6615707
    endloop
  endfacet
  facet normal 0.991446 -0.130518 0
    outer loop
      vertex -4.26933 -76.3671 0.2615707
      vertex -4.29999 -76.6 7.6615707
      vertex -4.29999 -76.6 0.2615707
    endloop
  endfacet
  facet normal 0 1 -0
    outer loop
      vertex 3.39999 -84.3 0.2615707
      vertex -3.39999 -84.3 7.6615707
      vertex 3.39999 -84.3 7.6615707
    endloop
  endfacet
  facet normal 0 1 0
    outer loop
      vertex -3.39999 -84.3 7.6615707
      vertex 3.39999 -84.3 0.2615707
      vertex -3.39999 -84.3 0.2615707
    endloop
  endfacet
  facet normal 0.38265 -0.923893 0
    outer loop
      vertex -3.84999 -75.8206 7.6615707
      vertex -3.84999 -75.8206 0.2615707
      vertex -3.63293 -75.7307 7.6615707
    endloop
  endfacet
  facet normal 0.38265 -0.923893 0
    outer loop
      vertex -3.63293 -75.7307 7.6615707
      vertex -3.84999 -75.8206 0.2615707
      vertex -3.63293 -75.7307 0.2615707
    endloop
  endfacet
  facet normal 0.130664 -0.991427 0
    outer loop
      vertex -3.63293 -75.7307 7.6615707
      vertex -3.39999 -75.7 0.2615707
      vertex -3.39999 -75.7 7.6615707
    endloop
  endfacet
  facet normal 0.130664 -0.991427 0
    outer loop
      vertex -3.63293 -75.7307 7.6615707
      vertex -3.63293 -75.7307 0.2615707
      vertex -3.39999 -75.7 0.2615707
    endloop
  endfacet
  facet normal 0.608682 0.793414 0
    outer loop
      vertex -3.84999 -84.1794 7.6615707
      vertex -4.03639 -84.0364 0.2615707
      vertex -4.03639 -84.0364 7.6615707
    endloop
  endfacet
  facet normal 0.608682 0.793414 0
    outer loop
      vertex -4.03639 -84.0364 0.2615707
      vertex -3.84999 -84.1794 7.6615707
      vertex -3.84999 -84.1794 0.2615707
    endloop
  endfacet
  facet normal -0.923888 -0.382662 0
    outer loop
      vertex 4.26933 -76.3671 0.2615707
      vertex 4.17941 -76.15 7.6615707
      vertex 4.17941 -76.15 0.2615707
    endloop
  endfacet
  facet normal -0.923888 -0.382662 0
    outer loop
      vertex 4.17941 -76.15 7.6615707
      vertex 4.26933 -76.3671 0.2615707
      vertex 4.26933 -76.3671 7.6615707
    endloop
  endfacet
  facet normal 0.793373 -0.608735 0
    outer loop
      vertex -4.17941 -76.15 7.6615707
      vertex -4.03639 -75.9636 0.2615707
      vertex -4.03639 -75.9636 7.6615707
    endloop
  endfacet
  facet normal 0.793373 -0.608735 0
    outer loop
      vertex -4.03639 -75.9636 0.2615707
      vertex -4.17941 -76.15 7.6615707
      vertex -4.17941 -76.15 0.2615707
    endloop
  endfacet
  facet normal 0.608682 -0.793414 0
    outer loop
      vertex -4.03639 -75.9636 0.2615707
      vertex -3.84999 -75.8206 7.6615707
      vertex -4.03639 -75.9636 7.6615707
    endloop
  endfacet
  facet normal 0.608682 -0.793414 0
    outer loop
      vertex -3.84999 -75.8206 7.6615707
      vertex -4.03639 -75.9636 0.2615707
      vertex -3.84999 -75.8206 0.2615707
    endloop
  endfacet
  facet normal -0.991446 -0.130518 0
    outer loop
      vertex 4.29999 -76.6 0.2615707
      vertex 4.26933 -76.3671 7.6615707
      vertex 4.26933 -76.3671 0.2615707
    endloop
  endfacet
  facet normal -0.991446 -0.130518 0
    outer loop
      vertex 4.26933 -76.3671 7.6615707
      vertex 4.29999 -76.6 0.2615707
      vertex 4.29999 -76.6 7.6615707
    endloop
  endfacet
  facet normal 0.38265 0.923893 -0
    outer loop
      vertex -3.63293 -84.2693 0.2615707
      vertex -3.84999 -84.1794 7.6615707
      vertex -3.63293 -84.2693 7.6615707
    endloop
  endfacet
  facet normal 0.38265 0.923893 -0
    outer loop
      vertex -3.84999 -84.1794 0.2615707
      vertex -3.84999 -84.1794 7.6615707
      vertex -3.63293 -84.2693 0.2615707
    endloop
  endfacet
  facet normal -0.793373 0.608735 0
    outer loop
      vertex 4.03639 -84.0364 0.2615707
      vertex 4.17941 -83.85 7.6615707
      vertex 4.17941 -83.85 0.2615707
    endloop
  endfacet
  facet normal -0.793373 0.608735 0
    outer loop
      vertex 4.17941 -83.85 7.6615707
      vertex 4.03639 -84.0364 0.2615707
      vertex 4.03639 -84.0364 7.6615707
    endloop
  endfacet
  facet normal -0.38265 -0.923893 0
    outer loop
      vertex 3.63293 -75.7307 0.2615707
      vertex 3.84999 -75.8206 7.6615707
      vertex 3.63293 -75.7307 7.6615707
    endloop
  endfacet
  facet normal -0.38265 -0.923893 0
    outer loop
      vertex 3.84999 -75.8206 0.2615707
      vertex 3.84999 -75.8206 7.6615707
      vertex 3.63293 -75.7307 0.2615707
    endloop
  endfacet
  facet normal -0.608682 -0.793414 0
    outer loop
      vertex 3.84999 -75.8206 7.6615707
      vertex 4.03639 -75.9636 0.2615707
      vertex 4.03639 -75.9636 7.6615707
    endloop
  endfacet
  facet normal -0.608682 -0.793414 0
    outer loop
      vertex 4.03639 -75.9636 0.2615707
      vertex 3.84999 -75.8206 7.6615707
      vertex 3.84999 -75.8206 0.2615707
    endloop
  endfacet
  facet normal -0.38265 0.923893 0
    outer loop
      vertex 3.84999 -84.1794 7.6615707
      vertex 3.84999 -84.1794 0.2615707
      vertex 3.63293 -84.2693 7.6615707
    endloop
  endfacet
  facet normal -0.38265 0.923893 0
    outer loop
      vertex 3.63293 -84.2693 7.6615707
      vertex 3.84999 -84.1794 0.2615707
      vertex 3.63293 -84.2693 0.2615707
    endloop
  endfacet
  facet normal 0.991446 0.130518 0
    outer loop
      vertex -4.26933 -83.6329 7.6615707
      vertex -4.29999 -83.4 0.2615707
      vertex -4.29999 -83.4 7.6615707
    endloop
  endfacet
  facet normal 0.991446 0.130518 0
    outer loop
      vertex -4.29999 -83.4 0.2615707
      vertex -4.26933 -83.6329 7.6615707
      vertex -4.26933 -83.6329 0.2615707
    endloop
  endfacet
  facet normal -0.991446 0.130518 0
    outer loop
      vertex 4.26933 -83.6329 0.2615707
      vertex 4.29999 -83.4 7.6615707
      vertex 4.29999 -83.4 0.2615707
    endloop
  endfacet
  facet normal -0.991446 0.130518 0
    outer loop
      vertex 4.29999 -83.4 7.6615707
      vertex 4.26933 -83.6329 0.2615707
      vertex 4.26933 -83.6329 7.6615707
    endloop
  endfacet
  facet normal -0.793373 -0.608735 0
    outer loop
      vertex 4.17941 -76.15 0.2615707
      vertex 4.03639 -75.9636 7.6615707
      vertex 4.03639 -75.9636 0.2615707
    endloop
  endfacet
  facet normal -0.793373 -0.608735 0
    outer loop
      vertex 4.03639 -75.9636 7.6615707
      vertex 4.17941 -76.15 0.2615707
      vertex 4.17941 -76.15 7.6615707
    endloop
  endfacet
  facet normal -0.923888 0.382662 0
    outer loop
      vertex 4.17941 -83.85 0.2615707
      vertex 4.26933 -83.6329 7.6615707
      vertex 4.26933 -83.6329 0.2615707
    endloop
  endfacet
  facet normal -0.923888 0.382662 0
    outer loop
      vertex 4.26933 -83.6329 7.6615707
      vertex 4.17941 -83.85 0.2615707
      vertex 4.17941 -83.85 7.6615707
    endloop
  endfacet
  facet normal 0.923888 -0.382662 0
    outer loop
      vertex -4.26933 -76.3671 7.6615707
      vertex -4.17941 -76.15 0.2615707
      vertex -4.17941 -76.15 7.6615707
    endloop
  endfacet
  facet normal 0.923888 -0.382662 0
    outer loop
      vertex -4.17941 -76.15 0.2615707
      vertex -4.26933 -76.3671 7.6615707
      vertex -4.26933 -76.3671 0.2615707
    endloop
  endfacet
  facet normal 0.923888 0.382662 0
    outer loop
      vertex -4.17941 -83.85 7.6615707
      vertex -4.26933 -83.6329 0.2615707
      vertex -4.26933 -83.6329 7.6615707
    endloop
  endfacet
  facet normal 0.923888 0.382662 0
    outer loop
      vertex -4.26933 -83.6329 0.2615707
      vertex -4.17941 -83.85 7.6615707
      vertex -4.17941 -83.85 0.2615707
    endloop
  endfacet
  facet normal -0.608682 0.793414 0
    outer loop
      vertex 4.03639 -84.0364 0.2615707
      vertex 3.84999 -84.1794 7.6615707
      vertex 4.03639 -84.0364 7.6615707
    endloop
  endfacet
  facet normal -0.608682 0.793414 0
    outer loop
      vertex 3.84999 -84.1794 7.6615707
      vertex 4.03639 -84.0364 0.2615707
      vertex 3.84999 -84.1794 0.2615707
    endloop
  endfacet
  facet normal 0.793373 0.608735 0
    outer loop
      vertex -4.03639 -84.0364 7.6615707
      vertex -4.17941 -83.85 0.2615707
      vertex -4.17941 -83.85 7.6615707
    endloop
  endfacet
  facet normal 0.793373 0.608735 0
    outer loop
      vertex -4.17941 -83.85 0.2615707
      vertex -4.03639 -84.0364 7.6615707
      vertex -4.03639 -84.0364 0.2615707
    endloop
  endfacet
  facet normal 0.0896763 -0.68043 -0.727306
    outer loop
      vertex -3.63293 -75.7307 0.2615707
      vertex -3.81041 -75.4745 0
      vertex -3.39999 -75.7 0.2615707
    endloop
  endfacet
  facet normal 0.0897477 -0.6804 -0.727325
    outer loop
      vertex -3.81041 -75.4745 0
      vertex -3.63293 -75.7307 0.2615707
      vertex -3.8468 -75.4793 0
    endloop
  endfacet
  facet normal -0.0893568 0.68073 -0.727064
    outer loop
      vertex 3.81041 -84.5255 0
      vertex 3.60015 -84.5531 0
      vertex 3.39999 -84.3 0.2615707
    endloop
  endfacet
  facet normal 0.375496 0.490333 -0.786496
    outer loop
      vertex -4.10575 -84.4031 0
      vertex -3.84999 -84.1794 0.2615707
      vertex -4.07663 -84.4254 0
    endloop
  endfacet
  facet normal 0.375879 0.489956 -0.786548
    outer loop
      vertex -3.84999 -84.1794 0.2615707
      vertex -4.10575 -84.4031 0
      vertex -4.03639 -84.0364 0.2615707
    endloop
  endfacet
  facet normal -0.0897477 0.6804 -0.727325
    outer loop
      vertex 3.81041 -84.5255 0
      vertex 3.63293 -84.2693 0.2615707
      vertex 3.8468 -84.5207 0
    endloop
  endfacet
  facet normal -0.0896763 0.68043 -0.727306
    outer loop
      vertex 3.63293 -84.2693 0.2615707
      vertex 3.81041 -84.5255 0
      vertex 3.39999 -84.3 0.2615707
    endloop
  endfacet
  facet normal -0.244997 0.591132 -0.768466
    outer loop
      vertex 3.8468 -84.5207 0
      vertex 3.63293 -84.2693 0.2615707
      vertex 4.04272 -84.4395 0
    endloop
  endfacet
  facet normal 0.244997 0.591132 -0.768466
    outer loop
      vertex -3.63293 -84.2693 0.2615707
      vertex -3.8468 -84.5207 0
      vertex -4.04272 -84.4395 0
    endloop
  endfacet
  facet normal 0.0896763 0.68043 -0.727306
    outer loop
      vertex -3.81041 -84.5255 0
      vertex -3.63293 -84.2693 0.2615707
      vertex -3.39999 -84.3 0.2615707
    endloop
  endfacet
  facet normal 0.0897477 0.6804 -0.727325
    outer loop
      vertex -3.63293 -84.2693 0.2615707
      vertex -3.81041 -84.5255 0
      vertex -3.8468 -84.5207 0
    endloop
  endfacet
  facet normal -0.68061 -0.0895505 -0.727153
    outer loop
      vertex 4.52545 -76.1896 0
      vertex 4.55312 -76.3999 0
      vertex 4.29999 -76.6 0.2615707
    endloop
  endfacet
  facet normal 0.718606 0 -0.695417
    outer loop
      vertex -4.29999 -83.4 0.2615707
      vertex -4.55312 -76.3999 0
      vertex -4.29999 -76.6 0.2615707
    endloop
  endfacet
  facet normal 0.718606 0 -0.695417
    outer loop
      vertex -4.55312 -76.3999 0
      vertex -4.29999 -83.4 0.2615707
      vertex -4.55312 -83.6001 0
    endloop
  endfacet
  facet normal 0.0893568 -0.68073 -0.727064
    outer loop
      vertex -3.60015 -75.4469 0
      vertex -3.39999 -75.7 0.2615707
      vertex -3.81041 -75.4745 0
    endloop
  endfacet
  facet normal -0.0893568 -0.68073 -0.727064
    outer loop
      vertex 3.60015 -75.4469 0
      vertex 3.81041 -75.4745 0
      vertex 3.39999 -75.7 0.2615707
    endloop
  endfacet
  facet normal -0.375916 -0.489943 -0.786539
    outer loop
      vertex 4.10575 -75.5969 0
      vertex 4.27401 -75.726 0
      vertex 4.03639 -75.9636 0.2615707
    endloop
  endfacet
  facet normal -0.49 0.37587 -0.786525
    outer loop
      vertex 4.42545 -84.0766 0
      vertex 4.29635 -84.2449 0
      vertex 4.17941 -83.85 0.2615707
    endloop
  endfacet
  facet normal -0.680583 0.0895603 -0.727176
    outer loop
      vertex 4.26933 -83.6329 0.2615707
      vertex 4.52545 -83.8104 0
      vertex 4.52066 -83.8468 0
    endloop
  endfacet
  facet normal -0.68057 0.0895932 -0.727185
    outer loop
      vertex 4.52545 -83.8104 0
      vertex 4.26933 -83.6329 0.2615707
      vertex 4.29999 -83.4 0.2615707
    endloop
  endfacet
  facet normal 0.244889 0.591275 -0.76839
    outer loop
      vertex -4.04272 -84.4395 0
      vertex -3.84999 -84.1794 0.2615707
      vertex -3.63293 -84.2693 0.2615707
    endloop
  endfacet
  facet normal 0.245663 0.590812 -0.768499
    outer loop
      vertex -3.84999 -84.1794 0.2615707
      vertex -4.04272 -84.4395 0
      vertex -4.07663 -84.4254 0
    endloop
  endfacet
  facet normal 0.68061 0.0895505 -0.727153
    outer loop
      vertex -4.29999 -83.4 0.2615707
      vertex -4.52545 -83.8104 0
      vertex -4.55312 -83.6001 0
    endloop
  endfacet
  facet normal 0 -0.718647 -0.695375
    outer loop
      vertex -3.60015 -75.4469 0
      vertex 3.39999 -75.7 0.2615707
      vertex -3.39999 -75.7 0.2615707
    endloop
  endfacet
  facet normal 0 -0.718647 -0.695375
    outer loop
      vertex 3.39999 -75.7 0.2615707
      vertex -3.60015 -75.4469 0
      vertex 3.60015 -75.4469 0
    endloop
  endfacet
  facet normal -0.718606 0 -0.695417
    outer loop
      vertex 4.55312 -76.3999 0
      vertex 4.29999 -83.4 0.2615707
      vertex 4.29999 -76.6 0.2615707
    endloop
  endfacet
  facet normal -0.718606 0 -0.695417
    outer loop
      vertex 4.29999 -83.4 0.2615707
      vertex 4.55312 -76.3999 0
      vertex 4.55312 -83.6001 0
    endloop
  endfacet
  facet normal 0.68061 -0.0895505 -0.727153
    outer loop
      vertex -4.52545 -76.1896 0
      vertex -4.29999 -76.6 0.2615707
      vertex -4.55312 -76.3999 0
    endloop
  endfacet
  facet normal 0.59124 -0.244947 -0.768398
    outer loop
      vertex -4.4395 -75.9573 0
      vertex -4.26933 -76.3671 0.2615707
      vertex -4.52066 -76.1532 0
    endloop
  endfacet
  facet normal 0.0893568 0.68073 -0.727064
    outer loop
      vertex -3.39999 -84.3 0.2615707
      vertex -3.60015 -84.5531 0
      vertex -3.81041 -84.5255 0
    endloop
  endfacet
  facet normal 0 0.718647 -0.695375
    outer loop
      vertex 3.60015 -84.5531 0
      vertex -3.39999 -84.3 0.2615707
      vertex 3.39999 -84.3 0.2615707
    endloop
  endfacet
  facet normal 0 0.718647 -0.695375
    outer loop
      vertex -3.39999 -84.3 0.2615707
      vertex 3.60015 -84.5531 0
      vertex -3.60015 -84.5531 0
    endloop
  endfacet
  facet normal 0.375916 0.489943 -0.786539
    outer loop
      vertex -4.03639 -84.0364 0.2615707
      vertex -4.10575 -84.4031 0
      vertex -4.27401 -84.274 0
    endloop
  endfacet
  facet normal 0.244997 -0.591132 -0.768466
    outer loop
      vertex -3.8468 -75.4793 0
      vertex -3.63293 -75.7307 0.2615707
      vertex -4.04272 -75.5605 0
    endloop
  endfacet
  facet normal -0.0897477 -0.6804 -0.727325
    outer loop
      vertex 3.63293 -75.7307 0.2615707
      vertex 3.81041 -75.4745 0
      vertex 3.8468 -75.4793 0
    endloop
  endfacet
  facet normal -0.0896763 -0.68043 -0.727306
    outer loop
      vertex 3.81041 -75.4745 0
      vertex 3.63293 -75.7307 0.2615707
      vertex 3.39999 -75.7 0.2615707
    endloop
  endfacet
  facet normal -0.68061 0.0895505 -0.727153
    outer loop
      vertex 4.55312 -83.6001 0
      vertex 4.52545 -83.8104 0
      vertex 4.29999 -83.4 0.2615707
    endloop
  endfacet
  facet normal 0.489826 0.376038 -0.786553
    outer loop
      vertex -4.29635 -84.2449 0
      vertex -4.03639 -84.0364 0.2615707
      vertex -4.27401 -84.274 0
    endloop
  endfacet
  facet normal 0.489928 0.375909 -0.786551
    outer loop
      vertex -4.03639 -84.0364 0.2615707
      vertex -4.29635 -84.2449 0
      vertex -4.17941 -83.85 0.2615707
    endloop
  endfacet
  facet normal 0.244889 -0.591275 -0.76839
    outer loop
      vertex -3.84999 -75.8206 0.2615707
      vertex -4.04272 -75.5605 0
      vertex -3.63293 -75.7307 0.2615707
    endloop
  endfacet
  facet normal 0.245663 -0.590812 -0.768499
    outer loop
      vertex -4.04272 -75.5605 0
      vertex -3.84999 -75.8206 0.2615707
      vertex -4.07663 -75.5746 0
    endloop
  endfacet
  facet normal 0.68057 -0.0895932 -0.727185
    outer loop
      vertex -4.52545 -76.1896 0
      vertex -4.26933 -76.3671 0.2615707
      vertex -4.29999 -76.6 0.2615707
    endloop
  endfacet
  facet normal 0.680583 -0.0895603 -0.727176
    outer loop
      vertex -4.26933 -76.3671 0.2615707
      vertex -4.52545 -76.1896 0
      vertex -4.52066 -76.1532 0
    endloop
  endfacet
  facet normal 0.489928 -0.375909 -0.786551
    outer loop
      vertex -4.29635 -75.7551 0
      vertex -4.03639 -75.9636 0.2615707
      vertex -4.17941 -76.15 0.2615707
    endloop
  endfacet
  facet normal 0.489826 -0.376038 -0.786553
    outer loop
      vertex -4.03639 -75.9636 0.2615707
      vertex -4.29635 -75.7551 0
      vertex -4.27401 -75.726 0
    endloop
  endfacet
  facet normal -0.244997 -0.591132 -0.768466
    outer loop
      vertex 3.63293 -75.7307 0.2615707
      vertex 3.8468 -75.4793 0
      vertex 4.04272 -75.5605 0
    endloop
  endfacet
  facet normal 0.680583 0.0895603 -0.727176
    outer loop
      vertex -4.52545 -83.8104 0
      vertex -4.26933 -83.6329 0.2615707
      vertex -4.52066 -83.8468 0
    endloop
  endfacet
  facet normal 0.68057 0.0895932 -0.727185
    outer loop
      vertex -4.26933 -83.6329 0.2615707
      vertex -4.52545 -83.8104 0
      vertex -4.29999 -83.4 0.2615707
    endloop
  endfacet
  facet normal -0.591218 0.245033 -0.768388
    outer loop
      vertex 4.17941 -83.85 0.2615707
      vertex 4.4395 -84.0427 0
      vertex 4.42545 -84.0766 0
    endloop
  endfacet
  facet normal -0.591294 0.244906 -0.76837
    outer loop
      vertex 4.4395 -84.0427 0
      vertex 4.17941 -83.85 0.2615707
      vertex 4.26933 -83.6329 0.2615707
    endloop
  endfacet
  facet normal 0.591218 0.245033 -0.768388
    outer loop
      vertex -4.4395 -84.0427 0
      vertex -4.17941 -83.85 0.2615707
      vertex -4.42545 -84.0766 0
    endloop
  endfacet
  facet normal 0.591294 0.244906 -0.76837
    outer loop
      vertex -4.17941 -83.85 0.2615707
      vertex -4.4395 -84.0427 0
      vertex -4.26933 -83.6329 0.2615707
    endloop
  endfacet
  facet normal -0.49 -0.37587 -0.786525
    outer loop
      vertex 4.29635 -75.7551 0
      vertex 4.42545 -75.9234 0
      vertex 4.17941 -76.15 0.2615707
    endloop
  endfacet
  facet normal -0.489928 -0.375909 -0.786551
    outer loop
      vertex 4.03639 -75.9636 0.2615707
      vertex 4.29635 -75.7551 0
      vertex 4.17941 -76.15 0.2615707
    endloop
  endfacet
  facet normal -0.489826 -0.376038 -0.786553
    outer loop
      vertex 4.29635 -75.7551 0
      vertex 4.03639 -75.9636 0.2615707
      vertex 4.27401 -75.726 0
    endloop
  endfacet
  facet normal -0.245663 -0.590812 -0.768499
    outer loop
      vertex 3.84999 -75.8206 0.2615707
      vertex 4.04272 -75.5605 0
      vertex 4.07663 -75.5746 0
    endloop
  endfacet
  facet normal -0.244889 -0.591275 -0.76839
    outer loop
      vertex 3.63293 -75.7307 0.2615707
      vertex 4.04272 -75.5605 0
      vertex 3.84999 -75.8206 0.2615707
    endloop
  endfacet
  facet normal 0.591294 -0.244906 -0.76837
    outer loop
      vertex -4.4395 -75.9573 0
      vertex -4.17941 -76.15 0.2615707
      vertex -4.26933 -76.3671 0.2615707
    endloop
  endfacet
  facet normal 0.591218 -0.245033 -0.768388
    outer loop
      vertex -4.17941 -76.15 0.2615707
      vertex -4.4395 -75.9573 0
      vertex -4.42545 -75.9234 0
    endloop
  endfacet
  facet normal 0.49 -0.37587 -0.786525
    outer loop
      vertex -4.29635 -75.7551 0
      vertex -4.17941 -76.15 0.2615707
      vertex -4.42545 -75.9234 0
    endloop
  endfacet
  facet normal -0.375496 0.490333 -0.786496
    outer loop
      vertex 3.84999 -84.1794 0.2615707
      vertex 4.10575 -84.4031 0
      vertex 4.07663 -84.4254 0
    endloop
  endfacet
  facet normal -0.375879 0.489956 -0.786548
    outer loop
      vertex 4.10575 -84.4031 0
      vertex 3.84999 -84.1794 0.2615707
      vertex 4.03639 -84.0364 0.2615707
    endloop
  endfacet
  facet normal 0.375916 -0.489943 -0.786539
    outer loop
      vertex -4.10575 -75.5969 0
      vertex -4.03639 -75.9636 0.2615707
      vertex -4.27401 -75.726 0
    endloop
  endfacet
  facet normal 0.375879 -0.489956 -0.786548
    outer loop
      vertex -4.10575 -75.5969 0
      vertex -3.84999 -75.8206 0.2615707
      vertex -4.03639 -75.9636 0.2615707
    endloop
  endfacet
  facet normal 0.375496 -0.490333 -0.786496
    outer loop
      vertex -3.84999 -75.8206 0.2615707
      vertex -4.10575 -75.5969 0
      vertex -4.07663 -75.5746 0
    endloop
  endfacet
  facet normal -0.375879 -0.489956 -0.786548
    outer loop
      vertex 3.84999 -75.8206 0.2615707
      vertex 4.10575 -75.5969 0
      vertex 4.03639 -75.9636 0.2615707
    endloop
  endfacet
  facet normal -0.375496 -0.490333 -0.786496
    outer loop
      vertex 4.10575 -75.5969 0
      vertex 3.84999 -75.8206 0.2615707
      vertex 4.07663 -75.5746 0
    endloop
  endfacet
  facet normal -0.68057 -0.0895932 -0.727185
    outer loop
      vertex 4.26933 -76.3671 0.2615707
      vertex 4.52545 -76.1896 0
      vertex 4.29999 -76.6 0.2615707
    endloop
  endfacet
  facet normal -0.680583 -0.0895603 -0.727176
    outer loop
      vertex 4.52545 -76.1896 0
      vertex 4.26933 -76.3671 0.2615707
      vertex 4.52066 -76.1532 0
    endloop
  endfacet
  facet normal -0.59124 0.244947 -0.768398
    outer loop
      vertex 4.52066 -83.8468 0
      vertex 4.4395 -84.0427 0
      vertex 4.26933 -83.6329 0.2615707
    endloop
  endfacet
  facet normal -0.489826 0.376038 -0.786553
    outer loop
      vertex 4.03639 -84.0364 0.2615707
      vertex 4.29635 -84.2449 0
      vertex 4.27401 -84.274 0
    endloop
  endfacet
  facet normal -0.489928 0.375909 -0.786551
    outer loop
      vertex 4.29635 -84.2449 0
      vertex 4.03639 -84.0364 0.2615707
      vertex 4.17941 -83.85 0.2615707
    endloop
  endfacet
  facet normal -0.375916 0.489943 -0.786539
    outer loop
      vertex 4.27401 -84.274 0
      vertex 4.10575 -84.4031 0
      vertex 4.03639 -84.0364 0.2615707
    endloop
  endfacet
  facet normal 0.49 0.37587 -0.786525
    outer loop
      vertex -4.17941 -83.85 0.2615707
      vertex -4.29635 -84.2449 0
      vertex -4.42545 -84.0766 0
    endloop
  endfacet
  facet normal -0.245663 0.590812 -0.768499
    outer loop
      vertex 4.04272 -84.4395 0
      vertex 3.84999 -84.1794 0.2615707
      vertex 4.07663 -84.4254 0
    endloop
  endfacet
  facet normal -0.244889 0.591275 -0.76839
    outer loop
      vertex 4.04272 -84.4395 0
      vertex 3.63293 -84.2693 0.2615707
      vertex 3.84999 -84.1794 0.2615707
    endloop
  endfacet
  facet normal 0.59124 0.244947 -0.768398
    outer loop
      vertex -4.26933 -83.6329 0.2615707
      vertex -4.4395 -84.0427 0
      vertex -4.52066 -83.8468 0
    endloop
  endfacet
  facet normal -0.59124 -0.244947 -0.768398
    outer loop
      vertex 4.4395 -75.9573 0
      vertex 4.52066 -76.1532 0
      vertex 4.26933 -76.3671 0.2615707
    endloop
  endfacet
  facet normal -0.591294 -0.244906 -0.76837
    outer loop
      vertex 4.17941 -76.15 0.2615707
      vertex 4.4395 -75.9573 0
      vertex 4.26933 -76.3671 0.2615707
    endloop
  endfacet
  facet normal -0.591218 -0.245033 -0.768388
    outer loop
      vertex 4.4395 -75.9573 0
      vertex 4.17941 -76.15 0.2615707
      vertex 4.42545 -75.9234 0
    endloop
  endfacet
  facet normal 0 0.718646 0.695376
    outer loop
      vertex 3.39999 -84.3 7.6615707
      vertex -3.60014 -84.5531 7.9231407
      vertex 3.60014 -84.5531 7.9231407
    endloop
  endfacet
  facet normal 0 0.718646 0.695376
    outer loop
      vertex -3.60014 -84.5531 7.9231407
      vertex 3.39999 -84.3 7.6615707
      vertex -3.39999 -84.3 7.6615707
    endloop
  endfacet
  facet normal 0.680569 0.0895931 0.727186
    outer loop
      vertex -4.52545 -83.8104 7.9231407
      vertex -4.26933 -83.6329 7.6615707
      vertex -4.29999 -83.4 7.6615707
    endloop
  endfacet
  facet normal 0.680582 0.0895602 0.727177
    outer loop
      vertex -4.26933 -83.6329 7.6615707
      vertex -4.52545 -83.8104 7.9231407
      vertex -4.52066 -83.8468 7.9231407
    endloop
  endfacet
  facet normal -0.244997 0.591131 0.768467
    outer loop
      vertex 3.8468 -84.5207 7.9231407
      vertex 4.04272 -84.4395 7.9231407
      vertex 3.63293 -84.2693 7.6615707
    endloop
  endfacet
  facet normal -0.245663 0.590811 0.7685
    outer loop
      vertex 3.84999 -84.1794 7.6615707
      vertex 4.04272 -84.4395 7.9231407
      vertex 4.07663 -84.4254 7.9231407
    endloop
  endfacet
  facet normal -0.244889 0.591274 0.768391
    outer loop
      vertex 4.04272 -84.4395 7.9231407
      vertex 3.84999 -84.1794 7.6615707
      vertex 3.63293 -84.2693 7.6615707
    endloop
  endfacet
  facet normal 0.489927 0.375909 0.786552
    outer loop
      vertex -4.29635 -84.2449 7.9231407
      vertex -4.03639 -84.0364 7.6615707
      vertex -4.17941 -83.85 7.6615707
    endloop
  endfacet
  facet normal 0.489825 0.376038 0.786554
    outer loop
      vertex -4.03639 -84.0364 7.6615707
      vertex -4.29635 -84.2449 7.9231407
      vertex -4.27401 -84.274 7.9231407
    endloop
  endfacet
  facet normal 0.591224 0.24497 0.768404
    outer loop
      vertex -4.43949 -84.0427 7.9231407
      vertex -4.26933 -83.6329 7.6615707
      vertex -4.52066 -83.8468 7.9231407
    endloop
  endfacet
  facet normal -0.0893529 0.680733 0.727062
    outer loop
      vertex 3.60014 -84.5531 7.9231407
      vertex 3.81041 -84.5255 7.9231407
      vertex 3.39999 -84.3 7.6615707
    endloop
  endfacet
  facet normal -0.0897476 0.680399 0.727326
    outer loop
      vertex 3.63293 -84.2693 7.6615707
      vertex 3.81041 -84.5255 7.9231407
      vertex 3.8468 -84.5207 7.9231407
    endloop
  endfacet
  facet normal -0.0896762 0.680429 0.727307
    outer loop
      vertex 3.81041 -84.5255 7.9231407
      vertex 3.63293 -84.2693 7.6615707
      vertex 3.39999 -84.3 7.6615707
    endloop
  endfacet
  facet normal 0.375942 -0.489948 0.786523
    outer loop
      vertex -3.84999 -75.8206 7.6615707
      vertex -4.07663 -75.5746 7.9231407
      vertex -4.24488 -75.7037 7.9231407
    endloop
  endfacet
  facet normal -0.375942 -0.489948 0.786523
    outer loop
      vertex 4.24488 -75.7037 7.9231407
      vertex 4.07663 -75.5746 7.9231407
      vertex 3.84999 -75.8206 7.6615707
    endloop
  endfacet
  facet normal 0.680609 0.0895504 0.727154
    outer loop
      vertex -4.52545 -83.8104 7.9231407
      vertex -4.29999 -83.4 7.6615707
      vertex -4.55312 -83.6001 7.9231407
    endloop
  endfacet
  facet normal 0.0896762 -0.680429 0.727307
    outer loop
      vertex -3.81041 -75.4745 7.9231407
      vertex -3.63293 -75.7307 7.6615707
      vertex -3.39999 -75.7 7.6615707
    endloop
  endfacet
  facet normal 0.0897476 -0.680399 0.727326
    outer loop
      vertex -3.63293 -75.7307 7.6615707
      vertex -3.81041 -75.4745 7.9231407
      vertex -3.8468 -75.4793 7.9231407
    endloop
  endfacet
  facet normal 0.680582 -0.0895602 0.727177
    outer loop
      vertex -4.52545 -76.1896 7.9231407
      vertex -4.26933 -76.3671 7.6615707
      vertex -4.52066 -76.1532 7.9231407
    endloop
  endfacet
  facet normal 0.680569 -0.0895931 0.727186
    outer loop
      vertex -4.26933 -76.3671 7.6615707
      vertex -4.52545 -76.1896 7.9231407
      vertex -4.29999 -76.6 7.6615707
    endloop
  endfacet
  facet normal -0.591224 -0.24497 0.768404
    outer loop
      vertex 4.52066 -76.1532 7.9231407
      vertex 4.43949 -75.9573 7.9231407
      vertex 4.26933 -76.3671 7.6615707
    endloop
  endfacet
  facet normal -0.0893529 -0.680733 0.727062
    outer loop
      vertex 3.81041 -75.4745 7.9231407
      vertex 3.60014 -75.4469 7.9231407
      vertex 3.39999 -75.7 7.6615707
    endloop
  endfacet
  facet normal 0.244889 -0.591274 0.768391
    outer loop
      vertex -4.04272 -75.5605 7.9231407
      vertex -3.84999 -75.8206 7.6615707
      vertex -3.63293 -75.7307 7.6615707
    endloop
  endfacet
  facet normal 0.245663 -0.590811 0.7685
    outer loop
      vertex -3.84999 -75.8206 7.6615707
      vertex -4.04272 -75.5605 7.9231407
      vertex -4.07663 -75.5746 7.9231407
    endloop
  endfacet
  facet normal 0.244997 -0.591131 0.768467
    outer loop
      vertex -3.63293 -75.7307 7.6615707
      vertex -3.8468 -75.4793 7.9231407
      vertex -4.04272 -75.5605 7.9231407
    endloop
  endfacet
  facet normal -0.375414 -0.490395 0.786496
    outer loop
      vertex 4.24488 -75.7037 7.9231407
      vertex 4.03639 -75.9636 7.6615707
      vertex 4.27401 -75.726 7.9231407
    endloop
  endfacet
  facet normal -0.375913 -0.490002 0.786503
    outer loop
      vertex 4.03639 -75.9636 7.6615707
      vertex 4.24488 -75.7037 7.9231407
      vertex 3.84999 -75.8206 7.6615707
    endloop
  endfacet
  facet normal 0.375942 0.489948 0.786523
    outer loop
      vertex -4.07663 -84.4254 7.9231407
      vertex -3.84999 -84.1794 7.6615707
      vertex -4.24488 -84.2963 7.9231407
    endloop
  endfacet
  facet normal 0.244997 0.591131 0.768467
    outer loop
      vertex -3.8468 -84.5207 7.9231407
      vertex -3.63293 -84.2693 7.6615707
      vertex -4.04272 -84.4395 7.9231407
    endloop
  endfacet
  facet normal -0.245663 -0.590811 0.7685
    outer loop
      vertex 4.04272 -75.5605 7.9231407
      vertex 3.84999 -75.8206 7.6615707
      vertex 4.07663 -75.5746 7.9231407
    endloop
  endfacet
  facet normal -0.244889 -0.591274 0.768391
    outer loop
      vertex 3.84999 -75.8206 7.6615707
      vertex 4.04272 -75.5605 7.9231407
      vertex 3.63293 -75.7307 7.6615707
    endloop
  endfacet
  facet normal 0 -0.718646 0.695376
    outer loop
      vertex -3.39999 -75.7 7.6615707
      vertex 3.60014 -75.4469 7.9231407
      vertex -3.60014 -75.4469 7.9231407
    endloop
  endfacet
  facet normal 0 -0.718646 0.695376
    outer loop
      vertex 3.60014 -75.4469 7.9231407
      vertex -3.39999 -75.7 7.6615707
      vertex 3.39999 -75.7 7.6615707
    endloop
  endfacet
  facet normal 0.0893529 -0.680733 0.727062
    outer loop
      vertex -3.39999 -75.7 7.6615707
      vertex -3.60014 -75.4469 7.9231407
      vertex -3.81041 -75.4745 7.9231407
    endloop
  endfacet
  facet normal 0.680609 -0.0895504 0.727154
    outer loop
      vertex -4.29999 -76.6 7.6615707
      vertex -4.52545 -76.1896 7.9231407
      vertex -4.55312 -76.3999 7.9231407
    endloop
  endfacet
  facet normal 0.591224 -0.24497 0.768404
    outer loop
      vertex -4.26933 -76.3671 7.6615707
      vertex -4.43949 -75.9573 7.9231407
      vertex -4.52066 -76.1532 7.9231407
    endloop
  endfacet
  facet normal -0.680609 0.0895504 0.727154
    outer loop
      vertex 4.52545 -83.8104 7.9231407
      vertex 4.55312 -83.6001 7.9231407
      vertex 4.29999 -83.4 7.6615707
    endloop
  endfacet
  facet normal 0.591303 0.24491 0.768362
    outer loop
      vertex -4.43949 -84.0427 7.9231407
      vertex -4.17941 -83.85 7.6615707
      vertex -4.26933 -83.6329 7.6615707
    endloop
  endfacet
  facet normal 0.591311 0.244897 0.76836
    outer loop
      vertex -4.17941 -83.85 7.6615707
      vertex -4.43949 -84.0427 7.9231407
      vertex -4.42545 -84.0766 7.9231407
    endloop
  endfacet
  facet normal 0.244889 0.591274 0.768391
    outer loop
      vertex -3.84999 -84.1794 7.6615707
      vertex -4.04272 -84.4395 7.9231407
      vertex -3.63293 -84.2693 7.6615707
    endloop
  endfacet
  facet normal 0.245663 0.590811 0.7685
    outer loop
      vertex -4.04272 -84.4395 7.9231407
      vertex -3.84999 -84.1794 7.6615707
      vertex -4.07663 -84.4254 7.9231407
    endloop
  endfacet
  facet normal -0.680609 -0.0895504 0.727154
    outer loop
      vertex 4.55312 -76.3999 7.9231407
      vertex 4.52545 -76.1896 7.9231407
      vertex 4.29999 -76.6 7.6615707
    endloop
  endfacet
  facet normal 0.0893529 0.680733 0.727062
    outer loop
      vertex -3.60014 -84.5531 7.9231407
      vertex -3.39999 -84.3 7.6615707
      vertex -3.81041 -84.5255 7.9231407
    endloop
  endfacet
  facet normal -0.489999 -0.37587 0.786526
    outer loop
      vertex 4.42545 -75.9234 7.9231407
      vertex 4.29635 -75.7551 7.9231407
      vertex 4.17941 -76.15 7.6615707
    endloop
  endfacet
  facet normal -0.718605 0 0.695418
    outer loop
      vertex 4.29999 -83.4 7.6615707
      vertex 4.55312 -76.3999 7.9231407
      vertex 4.29999 -76.6 7.6615707
    endloop
  endfacet
  facet normal -0.718605 0 0.695418
    outer loop
      vertex 4.55312 -76.3999 7.9231407
      vertex 4.29999 -83.4 7.6615707
      vertex 4.55312 -83.6001 7.9231407
    endloop
  endfacet
  facet normal -0.489999 0.37587 0.786526
    outer loop
      vertex 4.29635 -84.2449 7.9231407
      vertex 4.42545 -84.0766 7.9231407
      vertex 4.17941 -83.85 7.6615707
    endloop
  endfacet
  facet normal 0.489825 -0.376038 0.786554
    outer loop
      vertex -4.29635 -75.7551 7.9231407
      vertex -4.03639 -75.9636 7.6615707
      vertex -4.27401 -75.726 7.9231407
    endloop
  endfacet
  facet normal 0.489927 -0.375909 0.786552
    outer loop
      vertex -4.03639 -75.9636 7.6615707
      vertex -4.29635 -75.7551 7.9231407
      vertex -4.17941 -76.15 7.6615707
    endloop
  endfacet
  facet normal -0.680569 0.0895931 0.727186
    outer loop
      vertex 4.26933 -83.6329 7.6615707
      vertex 4.52545 -83.8104 7.9231407
      vertex 4.29999 -83.4 7.6615707
    endloop
  endfacet
  facet normal -0.680582 0.0895602 0.727177
    outer loop
      vertex 4.52545 -83.8104 7.9231407
      vertex 4.26933 -83.6329 7.6615707
      vertex 4.52066 -83.8468 7.9231407
    endloop
  endfacet
  facet normal -0.0897476 -0.680399 0.727326
    outer loop
      vertex 3.81041 -75.4745 7.9231407
      vertex 3.63293 -75.7307 7.6615707
      vertex 3.8468 -75.4793 7.9231407
    endloop
  endfacet
  facet normal -0.0896762 -0.680429 0.727307
    outer loop
      vertex 3.63293 -75.7307 7.6615707
      vertex 3.81041 -75.4745 7.9231407
      vertex 3.39999 -75.7 7.6615707
    endloop
  endfacet
  facet normal -0.591224 0.24497 0.768404
    outer loop
      vertex 4.43949 -84.0427 7.9231407
      vertex 4.52066 -83.8468 7.9231407
      vertex 4.26933 -83.6329 7.6615707
    endloop
  endfacet
  facet normal -0.244997 -0.591131 0.768467
    outer loop
      vertex 4.04272 -75.5605 7.9231407
      vertex 3.8468 -75.4793 7.9231407
      vertex 3.63293 -75.7307 7.6615707
    endloop
  endfacet
  facet normal 0.375913 -0.490002 0.786503
    outer loop
      vertex -4.24488 -75.7037 7.9231407
      vertex -4.03639 -75.9636 7.6615707
      vertex -3.84999 -75.8206 7.6615707
    endloop
  endfacet
  facet normal 0.375414 -0.490395 0.786496
    outer loop
      vertex -4.03639 -75.9636 7.6615707
      vertex -4.24488 -75.7037 7.9231407
      vertex -4.27401 -75.726 7.9231407
    endloop
  endfacet
  facet normal -0.375942 0.489948 0.786523
    outer loop
      vertex 4.07663 -84.4254 7.9231407
      vertex 4.24488 -84.2963 7.9231407
      vertex 3.84999 -84.1794 7.6615707
    endloop
  endfacet
  facet normal -0.591303 0.24491 0.768362
    outer loop
      vertex 4.17941 -83.85 7.6615707
      vertex 4.43949 -84.0427 7.9231407
      vertex 4.26933 -83.6329 7.6615707
    endloop
  endfacet
  facet normal -0.591311 0.244897 0.76836
    outer loop
      vertex 4.43949 -84.0427 7.9231407
      vertex 4.17941 -83.85 7.6615707
      vertex 4.42545 -84.0766 7.9231407
    endloop
  endfacet
  facet normal 0.718605 0 0.695418
    outer loop
      vertex -4.55312 -76.3999 7.9231407
      vertex -4.29999 -83.4 7.6615707
      vertex -4.29999 -76.6 7.6615707
    endloop
  endfacet
  facet normal 0.718605 0 0.695418
    outer loop
      vertex -4.29999 -83.4 7.6615707
      vertex -4.55312 -76.3999 7.9231407
      vertex -4.55312 -83.6001 7.9231407
    endloop
  endfacet
  facet normal 0.375913 0.490002 0.786503
    outer loop
      vertex -4.03639 -84.0364 7.6615707
      vertex -4.24488 -84.2963 7.9231407
      vertex -3.84999 -84.1794 7.6615707
    endloop
  endfacet
  facet normal 0.375414 0.490395 0.786496
    outer loop
      vertex -4.24488 -84.2963 7.9231407
      vertex -4.03639 -84.0364 7.6615707
      vertex -4.27401 -84.274 7.9231407
    endloop
  endfacet
  facet normal 0.489999 -0.37587 0.786526
    outer loop
      vertex -4.17941 -76.15 7.6615707
      vertex -4.29635 -75.7551 7.9231407
      vertex -4.42545 -75.9234 7.9231407
    endloop
  endfacet
  facet normal -0.680582 -0.0895602 0.727177
    outer loop
      vertex 4.26933 -76.3671 7.6615707
      vertex 4.52545 -76.1896 7.9231407
      vertex 4.52066 -76.1532 7.9231407
    endloop
  endfacet
  facet normal -0.680569 -0.0895931 0.727186
    outer loop
      vertex 4.52545 -76.1896 7.9231407
      vertex 4.26933 -76.3671 7.6615707
      vertex 4.29999 -76.6 7.6615707
    endloop
  endfacet
  facet normal 0.591311 -0.244897 0.76836
    outer loop
      vertex -4.43949 -75.9573 7.9231407
      vertex -4.17941 -76.15 7.6615707
      vertex -4.42545 -75.9234 7.9231407
    endloop
  endfacet
  facet normal 0.591303 -0.24491 0.768362
    outer loop
      vertex -4.17941 -76.15 7.6615707
      vertex -4.43949 -75.9573 7.9231407
      vertex -4.26933 -76.3671 7.6615707
    endloop
  endfacet
  facet normal 0.489999 0.37587 0.786526
    outer loop
      vertex -4.29635 -84.2449 7.9231407
      vertex -4.17941 -83.85 7.6615707
      vertex -4.42545 -84.0766 7.9231407
    endloop
  endfacet
  facet normal 0.0896762 0.680429 0.727307
    outer loop
      vertex -3.63293 -84.2693 7.6615707
      vertex -3.81041 -84.5255 7.9231407
      vertex -3.39999 -84.3 7.6615707
    endloop
  endfacet
  facet normal 0.0897476 0.680399 0.727326
    outer loop
      vertex -3.81041 -84.5255 7.9231407
      vertex -3.63293 -84.2693 7.6615707
      vertex -3.8468 -84.5207 7.9231407
    endloop
  endfacet
  facet normal -0.489927 0.375909 0.786552
    outer loop
      vertex 4.03639 -84.0364 7.6615707
      vertex 4.29635 -84.2449 7.9231407
      vertex 4.17941 -83.85 7.6615707
    endloop
  endfacet
  facet normal -0.489825 0.376038 0.786554
    outer loop
      vertex 4.29635 -84.2449 7.9231407
      vertex 4.03639 -84.0364 7.6615707
      vertex 4.27401 -84.274 7.9231407
    endloop
  endfacet
  facet normal -0.375414 0.490395 0.786496
    outer loop
      vertex 4.03639 -84.0364 7.6615707
      vertex 4.24488 -84.2963 7.9231407
      vertex 4.27401 -84.274 7.9231407
    endloop
  endfacet
  facet normal -0.375913 0.490002 0.786503
    outer loop
      vertex 4.24488 -84.2963 7.9231407
      vertex 4.03639 -84.0364 7.6615707
      vertex 3.84999 -84.1794 7.6615707
    endloop
  endfacet
  facet normal -0.489825 -0.376038 0.786554
    outer loop
      vertex 4.03639 -75.9636 7.6615707
      vertex 4.29635 -75.7551 7.9231407
      vertex 4.27401 -75.726 7.9231407
    endloop
  endfacet
  facet normal -0.489927 -0.375909 0.786552
    outer loop
      vertex 4.29635 -75.7551 7.9231407
      vertex 4.03639 -75.9636 7.6615707
      vertex 4.17941 -76.15 7.6615707
    endloop
  endfacet
  facet normal -0.591311 -0.244897 0.76836
    outer loop
      vertex 4.17941 -76.15 7.6615707
      vertex 4.43949 -75.9573 7.9231407
      vertex 4.42545 -75.9234 7.9231407
    endloop
  endfacet
  facet normal -0.591303 -0.24491 0.768362
    outer loop
      vertex 4.43949 -75.9573 7.9231407
      vertex 4.17941 -76.15 7.6615707
      vertex 4.26933 -76.3671 7.6615707
    endloop
  endfacet
  facet normal -0.131918 0.991261 0
    outer loop
      vertex 3.63293 -104.269 7.6615707
      vertex 3.39999 -104.3 0.2615707
      vertex 3.39999 -104.3 7.6615707
    endloop
  endfacet
  facet normal -0.131918 0.991261 0
    outer loop
      vertex 3.63293 -104.269 7.6615707
      vertex 3.63293 -104.269 0.2615707
      vertex 3.39999 -104.3 0.2615707
    endloop
  endfacet
  facet normal 0 -1 0
    outer loop
      vertex -3.39999 -95.7 0.2615707
      vertex 3.39999 -95.7 7.6615707
      vertex -3.39999 -95.7 7.6615707
    endloop
  endfacet
  facet normal 0 -1 -0
    outer loop
      vertex 3.39999 -95.7 7.6615707
      vertex -3.39999 -95.7 0.2615707
      vertex 3.39999 -95.7 0.2615707
    endloop
  endfacet
  facet normal 0.131918 0.991261 -0
    outer loop
      vertex -3.39999 -104.3 0.2615707
      vertex -3.63293 -104.269 7.6615707
      vertex -3.39999 -104.3 7.6615707
    endloop
  endfacet
  facet normal 0.131918 0.991261 -0
    outer loop
      vertex -3.63293 -104.269 0.2615707
      vertex -3.63293 -104.269 7.6615707
      vertex -3.39999 -104.3 0.2615707
    endloop
  endfacet
  facet normal 0.923888 -0.382662 0
    outer loop
      vertex -4.26933 -96.3671 7.6615707
      vertex -4.17941 -96.15 0.2615707
      vertex -4.17941 -96.15 7.6615707
    endloop
  endfacet
  facet normal 0.923888 -0.382662 0
    outer loop
      vertex -4.17941 -96.15 0.2615707
      vertex -4.26933 -96.3671 7.6615707
      vertex -4.26933 -96.3671 0.2615707
    endloop
  endfacet
  facet normal 1 -0 0
    outer loop
      vertex -4.29999 -103.4 7.6615707
      vertex -4.29999 -96.6 0.2615707
      vertex -4.29999 -96.6 7.6615707
    endloop
  endfacet
  facet normal 1 0 0
    outer loop
      vertex -4.29999 -96.6 0.2615707
      vertex -4.29999 -103.4 7.6615707
      vertex -4.29999 -103.4 0.2615707
    endloop
  endfacet
  facet normal -0.130664 -0.991427 0
    outer loop
      vertex 3.39999 -95.7 0.2615707
      vertex 3.63293 -95.7307 7.6615707
      vertex 3.39999 -95.7 7.6615707
    endloop
  endfacet
  facet normal -0.130664 -0.991427 0
    outer loop
      vertex 3.63293 -95.7307 0.2615707
      vertex 3.63293 -95.7307 7.6615707
      vertex 3.39999 -95.7 0.2615707
    endloop
  endfacet
  facet normal -1 0 0
    outer loop
      vertex 4.29999 -103.4 0.2615707
      vertex 4.29999 -96.6 7.6615707
      vertex 4.29999 -96.6 0.2615707
    endloop
  endfacet
  facet normal -1 -0 0
    outer loop
      vertex 4.29999 -96.6 7.6615707
      vertex 4.29999 -103.4 0.2615707
      vertex 4.29999 -103.4 7.6615707
    endloop
  endfacet
  facet normal 0.991446 -0.130518 0
    outer loop
      vertex -4.29999 -96.6 7.6615707
      vertex -4.26933 -96.3671 0.2615707
      vertex -4.26933 -96.3671 7.6615707
    endloop
  endfacet
  facet normal 0.991446 -0.130518 0
    outer loop
      vertex -4.26933 -96.3671 0.2615707
      vertex -4.29999 -96.6 7.6615707
      vertex -4.29999 -96.6 0.2615707
    endloop
  endfacet
  facet normal 0 1 -0
    outer loop
      vertex 3.39999 -104.3 0.2615707
      vertex -3.39999 -104.3 7.6615707
      vertex 3.39999 -104.3 7.6615707
    endloop
  endfacet
  facet normal 0 1 0
    outer loop
      vertex -3.39999 -104.3 7.6615707
      vertex 3.39999 -104.3 0.2615707
      vertex -3.39999 -104.3 0.2615707
    endloop
  endfacet
  facet normal 0.38265 -0.923893 0
    outer loop
      vertex -3.84999 -95.8206 7.6615707
      vertex -3.84999 -95.8206 0.2615707
      vertex -3.63293 -95.7307 7.6615707
    endloop
  endfacet
  facet normal 0.38265 -0.923893 0
    outer loop
      vertex -3.63293 -95.7307 7.6615707
      vertex -3.84999 -95.8206 0.2615707
      vertex -3.63293 -95.7307 0.2615707
    endloop
  endfacet
  facet normal 0.130664 -0.991427 0
    outer loop
      vertex -3.63293 -95.7307 7.6615707
      vertex -3.39999 -95.7 0.2615707
      vertex -3.39999 -95.7 7.6615707
    endloop
  endfacet
  facet normal 0.130664 -0.991427 0
    outer loop
      vertex -3.63293 -95.7307 7.6615707
      vertex -3.63293 -95.7307 0.2615707
      vertex -3.39999 -95.7 0.2615707
    endloop
  endfacet
  facet normal 0.608682 0.793414 0
    outer loop
      vertex -3.84999 -104.179 7.6615707
      vertex -4.03639 -104.036 0.2615707
      vertex -4.03639 -104.036 7.6615707
    endloop
  endfacet
  facet normal 0.608682 0.793414 0
    outer loop
      vertex -4.03639 -104.036 0.2615707
      vertex -3.84999 -104.179 7.6615707
      vertex -3.84999 -104.179 0.2615707
    endloop
  endfacet
  facet normal -0.923888 -0.382662 0
    outer loop
      vertex 4.26933 -96.3671 0.2615707
      vertex 4.17941 -96.15 7.6615707
      vertex 4.17941 -96.15 0.2615707
    endloop
  endfacet
  facet normal -0.923888 -0.382662 0
    outer loop
      vertex 4.17941 -96.15 7.6615707
      vertex 4.26933 -96.3671 0.2615707
      vertex 4.26933 -96.3671 7.6615707
    endloop
  endfacet
  facet normal 0.793373 -0.608735 0
    outer loop
      vertex -4.17941 -96.15 7.6615707
      vertex -4.03639 -95.9636 0.2615707
      vertex -4.03639 -95.9636 7.6615707
    endloop
  endfacet
  facet normal 0.793373 -0.608735 0
    outer loop
      vertex -4.03639 -95.9636 0.2615707
      vertex -4.17941 -96.15 7.6615707
      vertex -4.17941 -96.15 0.2615707
    endloop
  endfacet
  facet normal 0.608682 -0.793414 0
    outer loop
      vertex -4.03639 -95.9636 0.2615707
      vertex -3.84999 -95.8206 7.6615707
      vertex -4.03639 -95.9636 7.6615707
    endloop
  endfacet
  facet normal 0.608682 -0.793414 0
    outer loop
      vertex -3.84999 -95.8206 7.6615707
      vertex -4.03639 -95.9636 0.2615707
      vertex -3.84999 -95.8206 0.2615707
    endloop
  endfacet
  facet normal -0.991446 -0.130518 0
    outer loop
      vertex 4.29999 -96.6 0.2615707
      vertex 4.26933 -96.3671 7.6615707
      vertex 4.26933 -96.3671 0.2615707
    endloop
  endfacet
  facet normal -0.991446 -0.130518 0
    outer loop
      vertex 4.26933 -96.3671 7.6615707
      vertex 4.29999 -96.6 0.2615707
      vertex 4.29999 -96.6 7.6615707
    endloop
  endfacet
  facet normal 0.383013 0.923743 -0
    outer loop
      vertex -3.63293 -104.269 0.2615707
      vertex -3.84999 -104.179 7.6615707
      vertex -3.63293 -104.269 7.6615707
    endloop
  endfacet
  facet normal 0.383013 0.923743 -0
    outer loop
      vertex -3.84999 -104.179 0.2615707
      vertex -3.84999 -104.179 7.6615707
      vertex -3.63293 -104.269 0.2615707
    endloop
  endfacet
  facet normal -0.792741 0.609558 0
    outer loop
      vertex 4.03639 -104.036 0.2615707
      vertex 4.17941 -103.85 7.6615707
      vertex 4.17941 -103.85 0.2615707
    endloop
  endfacet
  facet normal -0.792741 0.609558 0
    outer loop
      vertex 4.17941 -103.85 7.6615707
      vertex 4.03639 -104.036 0.2615707
      vertex 4.03639 -104.036 7.6615707
    endloop
  endfacet
  facet normal -0.38265 -0.923893 0
    outer loop
      vertex 3.63293 -95.7307 0.2615707
      vertex 3.84999 -95.8206 7.6615707
      vertex 3.63293 -95.7307 7.6615707
    endloop
  endfacet
  facet normal -0.38265 -0.923893 0
    outer loop
      vertex 3.84999 -95.8206 0.2615707
      vertex 3.84999 -95.8206 7.6615707
      vertex 3.63293 -95.7307 0.2615707
    endloop
  endfacet
  facet normal -0.608682 -0.793414 0
    outer loop
      vertex 3.84999 -95.8206 7.6615707
      vertex 4.03639 -95.9636 0.2615707
      vertex 4.03639 -95.9636 7.6615707
    endloop
  endfacet
  facet normal -0.608682 -0.793414 0
    outer loop
      vertex 4.03639 -95.9636 0.2615707
      vertex 3.84999 -95.8206 7.6615707
      vertex 3.84999 -95.8206 0.2615707
    endloop
  endfacet
  facet normal -0.383013 0.923743 0
    outer loop
      vertex 3.84999 -104.179 7.6615707
      vertex 3.84999 -104.179 0.2615707
      vertex 3.63293 -104.269 7.6615707
    endloop
  endfacet
  facet normal -0.383013 0.923743 0
    outer loop
      vertex 3.63293 -104.269 7.6615707
      vertex 3.84999 -104.179 0.2615707
      vertex 3.63293 -104.269 0.2615707
    endloop
  endfacet
  facet normal 0.991453 0.130463 0
    outer loop
      vertex -4.26933 -103.633 7.6615707
      vertex -4.29999 -103.4 0.2615707
      vertex -4.29999 -103.4 7.6615707
    endloop
  endfacet
  facet normal 0.991453 0.130463 0
    outer loop
      vertex -4.29999 -103.4 0.2615707
      vertex -4.26933 -103.633 7.6615707
      vertex -4.26933 -103.633 0.2615707
    endloop
  endfacet
  facet normal -0.991453 0.130463 0
    outer loop
      vertex 4.26933 -103.633 0.2615707
      vertex 4.29999 -103.4 7.6615707
      vertex 4.29999 -103.4 0.2615707
    endloop
  endfacet
  facet normal -0.991453 0.130463 0
    outer loop
      vertex 4.29999 -103.4 7.6615707
      vertex 4.26933 -103.633 0.2615707
      vertex 4.26933 -103.633 7.6615707
    endloop
  endfacet
  facet normal -0.793373 -0.608735 0
    outer loop
      vertex 4.17941 -96.15 0.2615707
      vertex 4.03639 -95.9636 7.6615707
      vertex 4.03639 -95.9636 0.2615707
    endloop
  endfacet
  facet normal -0.793373 -0.608735 0
    outer loop
      vertex 4.03639 -95.9636 7.6615707
      vertex 4.17941 -96.15 0.2615707
      vertex 4.17941 -96.15 7.6615707
    endloop
  endfacet
  facet normal -0.923826 0.382813 0
    outer loop
      vertex 4.17941 -103.85 0.2615707
      vertex 4.26933 -103.633 7.6615707
      vertex 4.26933 -103.633 0.2615707
    endloop
  endfacet
  facet normal -0.923826 0.382813 0
    outer loop
      vertex 4.26933 -103.633 7.6615707
      vertex 4.17941 -103.85 0.2615707
      vertex 4.17941 -103.85 7.6615707
    endloop
  endfacet
  facet normal 0.923826 0.382813 0
    outer loop
      vertex -4.17941 -103.85 7.6615707
      vertex -4.26933 -103.633 0.2615707
      vertex -4.26933 -103.633 7.6615707
    endloop
  endfacet
  facet normal 0.923826 0.382813 0
    outer loop
      vertex -4.26933 -103.633 0.2615707
      vertex -4.17941 -103.85 7.6615707
      vertex -4.17941 -103.85 0.2615707
    endloop
  endfacet
  facet normal -0.608682 0.793414 0
    outer loop
      vertex 4.03639 -104.036 0.2615707
      vertex 3.84999 -104.179 7.6615707
      vertex 4.03639 -104.036 7.6615707
    endloop
  endfacet
  facet normal -0.608682 0.793414 0
    outer loop
      vertex 3.84999 -104.179 7.6615707
      vertex 4.03639 -104.036 0.2615707
      vertex 3.84999 -104.179 0.2615707
    endloop
  endfacet
  facet normal 0.792741 0.609558 0
    outer loop
      vertex -4.03639 -104.036 7.6615707
      vertex -4.17941 -103.85 0.2615707
      vertex -4.17941 -103.85 7.6615707
    endloop
  endfacet
  facet normal 0.792741 0.609558 0
    outer loop
      vertex -4.17941 -103.85 0.2615707
      vertex -4.03639 -104.036 7.6615707
      vertex -4.03639 -104.036 0.2615707
    endloop
  endfacet
  facet normal 0.0896763 -0.68043 -0.727306
    outer loop
      vertex -3.63293 -95.7307 0.2615707
      vertex -3.81041 -95.4745 0
      vertex -3.39999 -95.7 0.2615707
    endloop
  endfacet
  facet normal 0.0897477 -0.6804 -0.727325
    outer loop
      vertex -3.81041 -95.4745 0
      vertex -3.63293 -95.7307 0.2615707
      vertex -3.8468 -95.4793 0
    endloop
  endfacet
  facet normal -0.0905931 0.68029 -0.727323
    outer loop
      vertex 3.81041 -104.525 0
      vertex 3.60015 -104.553 0
      vertex 3.39999 -104.3 0.2615707
    endloop
  endfacet
  facet normal 0.37243 0.492961 -0.786311
    outer loop
      vertex -4.10575 -104.403 0
      vertex -3.84999 -104.179 0.2615707
      vertex -4.07663 -104.425 0
    endloop
  endfacet
  facet normal 0.375712 0.48974 -0.786762
    outer loop
      vertex -3.84999 -104.179 0.2615707
      vertex -4.10575 -104.403 0
      vertex -4.03639 -104.036 0.2615707
    endloop
  endfacet
  facet normal -0.075467 0.686561 -0.723145
    outer loop
      vertex 3.81041 -104.525 0
      vertex 3.63293 -104.269 0.2615707
      vertex 3.8468 -104.521 0
    endloop
  endfacet
  facet normal -0.0905406 0.680339 -0.727283
    outer loop
      vertex 3.63293 -104.269 0.2615707
      vertex 3.81041 -104.525 0
      vertex 3.39999 -104.3 0.2615707
    endloop
  endfacet
  facet normal -0.246633 0.589273 -0.769369
    outer loop
      vertex 3.8468 -104.521 0
      vertex 3.63293 -104.269 0.2615707
      vertex 4.04272 -104.439 0
    endloop
  endfacet
  facet normal 0.246633 0.589273 -0.769369
    outer loop
      vertex -3.63293 -104.269 0.2615707
      vertex -3.8468 -104.521 0
      vertex -4.04272 -104.439 0
    endloop
  endfacet
  facet normal 0.0905406 0.680339 -0.727283
    outer loop
      vertex -3.81041 -104.525 0
      vertex -3.63293 -104.269 0.2615707
      vertex -3.39999 -104.3 0.2615707
    endloop
  endfacet
  facet normal 0.075467 0.686561 -0.723145
    outer loop
      vertex -3.63293 -104.269 0.2615707
      vertex -3.81041 -104.525 0
      vertex -3.8468 -104.521 0
    endloop
  endfacet
  facet normal -0.68061 -0.0895505 -0.727153
    outer loop
      vertex 4.52545 -96.1896 0
      vertex 4.55312 -96.3999 0
      vertex 4.29999 -96.6 0.2615707
    endloop
  endfacet
  facet normal 0.718606 0 -0.695417
    outer loop
      vertex -4.29999 -103.4 0.2615707
      vertex -4.55312 -96.3999 0
      vertex -4.29999 -96.6 0.2615707
    endloop
  endfacet
  facet normal 0.718606 0 -0.695417
    outer loop
      vertex -4.55312 -96.3999 0
      vertex -4.29999 -103.4 0.2615707
      vertex -4.55312 -103.6 0
    endloop
  endfacet
  facet normal 0.0893568 -0.68073 -0.727064
    outer loop
      vertex -3.60015 -95.4469 0
      vertex -3.39999 -95.7 0.2615707
      vertex -3.81041 -95.4745 0
    endloop
  endfacet
  facet normal -0.0893568 -0.68073 -0.727064
    outer loop
      vertex 3.60015 -95.4469 0
      vertex 3.81041 -95.4745 0
      vertex 3.39999 -95.7 0.2615707
    endloop
  endfacet
  facet normal -0.375916 -0.489943 -0.786539
    outer loop
      vertex 4.10575 -95.5969 0
      vertex 4.27401 -95.726 0
      vertex 4.03639 -95.9636 0.2615707
    endloop
  endfacet
  facet normal -0.489431 0.376104 -0.786767
    outer loop
      vertex 4.42545 -104.077 0
      vertex 4.29635 -104.245 0
      vertex 4.17941 -103.85 0.2615707
    endloop
  endfacet
  facet normal -0.681243 0.0881933 -0.726726
    outer loop
      vertex 4.26933 -103.633 0.2615707
      vertex 4.52545 -103.81 0
      vertex 4.52066 -103.847 0
    endloop
  endfacet
  facet normal -0.68067 0.0895679 -0.727095
    outer loop
      vertex 4.52545 -103.81 0
      vertex 4.26933 -103.633 0.2615707
      vertex 4.29999 -103.4 0.2615707
    endloop
  endfacet
  facet normal 0.24515 0.591247 -0.768328
    outer loop
      vertex -4.04272 -104.439 0
      vertex -3.84999 -104.179 0.2615707
      vertex -3.63293 -104.269 0.2615707
    endloop
  endfacet
  facet normal 0.244309 0.591751 -0.768208
    outer loop
      vertex -3.84999 -104.179 0.2615707
      vertex -4.04272 -104.439 0
      vertex -4.07663 -104.425 0
    endloop
  endfacet
  facet normal 0.680571 0.0896733 -0.727174
    outer loop
      vertex -4.29999 -103.4 0.2615707
      vertex -4.52545 -103.81 0
      vertex -4.55312 -103.6 0
    endloop
  endfacet
  facet normal 0 -0.718647 -0.695375
    outer loop
      vertex -3.60015 -95.4469 0
      vertex 3.39999 -95.7 0.2615707
      vertex -3.39999 -95.7 0.2615707
    endloop
  endfacet
  facet normal 0 -0.718647 -0.695375
    outer loop
      vertex 3.39999 -95.7 0.2615707
      vertex -3.60015 -95.4469 0
      vertex 3.60015 -95.4469 0
    endloop
  endfacet
  facet normal -0.718606 0 -0.695417
    outer loop
      vertex 4.55312 -96.3999 0
      vertex 4.29999 -103.4 0.2615707
      vertex 4.29999 -96.6 0.2615707
    endloop
  endfacet
  facet normal -0.718606 0 -0.695417
    outer loop
      vertex 4.29999 -103.4 0.2615707
      vertex 4.55312 -96.3999 0
      vertex 4.55312 -103.6 0
    endloop
  endfacet
  facet normal 0.68061 -0.0895505 -0.727153
    outer loop
      vertex -4.52545 -96.1896 0
      vertex -4.29999 -96.6 0.2615707
      vertex -4.55312 -96.3999 0
    endloop
  endfacet
  facet normal 0.59124 -0.244947 -0.768398
    outer loop
      vertex -4.4395 -95.9573 0
      vertex -4.26933 -96.3671 0.2615707
      vertex -4.52066 -96.1532 0
    endloop
  endfacet
  facet normal 0.0905931 0.68029 -0.727323
    outer loop
      vertex -3.39999 -104.3 0.2615707
      vertex -3.60015 -104.553 0
      vertex -3.81041 -104.525 0
    endloop
  endfacet
  facet normal 0 0.718785 -0.695233
    outer loop
      vertex 3.60015 -104.553 0
      vertex -3.39999 -104.3 0.2615707
      vertex 3.39999 -104.3 0.2615707
    endloop
  endfacet
  facet normal 0 0.718785 -0.695233
    outer loop
      vertex -3.39999 -104.3 0.2615707
      vertex 3.60015 -104.553 0
      vertex -3.60015 -104.553 0
    endloop
  endfacet
  facet normal 0.375523 0.48981 -0.78681
    outer loop
      vertex -4.03639 -104.036 0.2615707
      vertex -4.10575 -104.403 0
      vertex -4.27401 -104.274 0
    endloop
  endfacet
  facet normal 0.244997 -0.591132 -0.768466
    outer loop
      vertex -3.8468 -95.4793 0
      vertex -3.63293 -95.7307 0.2615707
      vertex -4.04272 -95.5605 0
    endloop
  endfacet
  facet normal -0.0897477 -0.6804 -0.727325
    outer loop
      vertex 3.63293 -95.7307 0.2615707
      vertex 3.81041 -95.4745 0
      vertex 3.8468 -95.4793 0
    endloop
  endfacet
  facet normal -0.0896763 -0.68043 -0.727306
    outer loop
      vertex 3.81041 -95.4745 0
      vertex 3.63293 -95.7307 0.2615707
      vertex 3.39999 -95.7 0.2615707
    endloop
  endfacet
  facet normal -0.680571 0.0896733 -0.727174
    outer loop
      vertex 4.55312 -103.6 0
      vertex 4.52545 -103.81 0
      vertex 4.29999 -103.4 0.2615707
    endloop
  endfacet
  facet normal 0.488913 0.376631 -0.786838
    outer loop
      vertex -4.29635 -104.245 0
      vertex -4.03639 -104.036 0.2615707
      vertex -4.27401 -104.274 0
    endloop
  endfacet
  facet normal 0.489254 0.3762 -0.786832
    outer loop
      vertex -4.03639 -104.036 0.2615707
      vertex -4.29635 -104.245 0
      vertex -4.17941 -103.85 0.2615707
    endloop
  endfacet
  facet normal 0.244889 -0.591275 -0.76839
    outer loop
      vertex -3.84999 -95.8206 0.2615707
      vertex -4.04272 -95.5605 0
      vertex -3.63293 -95.7307 0.2615707
    endloop
  endfacet
  facet normal 0.245663 -0.590812 -0.768499
    outer loop
      vertex -4.04272 -95.5605 0
      vertex -3.84999 -95.8206 0.2615707
      vertex -4.07663 -95.5746 0
    endloop
  endfacet
  facet normal 0.68057 -0.0895932 -0.727185
    outer loop
      vertex -4.52545 -96.1896 0
      vertex -4.26933 -96.3671 0.2615707
      vertex -4.29999 -96.6 0.2615707
    endloop
  endfacet
  facet normal 0.680583 -0.0895603 -0.727176
    outer loop
      vertex -4.26933 -96.3671 0.2615707
      vertex -4.52545 -96.1896 0
      vertex -4.52066 -96.1532 0
    endloop
  endfacet
  facet normal 0.489928 -0.375909 -0.786551
    outer loop
      vertex -4.29635 -95.7551 0
      vertex -4.03639 -95.9636 0.2615707
      vertex -4.17941 -96.15 0.2615707
    endloop
  endfacet
  facet normal 0.489826 -0.376038 -0.786553
    outer loop
      vertex -4.03639 -95.9636 0.2615707
      vertex -4.29635 -95.7551 0
      vertex -4.27401 -95.726 0
    endloop
  endfacet
  facet normal -0.244997 -0.591132 -0.768466
    outer loop
      vertex 3.63293 -95.7307 0.2615707
      vertex 3.8468 -95.4793 0
      vertex 4.04272 -95.5605 0
    endloop
  endfacet
  facet normal 0.681243 0.0881933 -0.726726
    outer loop
      vertex -4.52545 -103.81 0
      vertex -4.26933 -103.633 0.2615707
      vertex -4.52066 -103.847 0
    endloop
  endfacet
  facet normal 0.68067 0.0895679 -0.727095
    outer loop
      vertex -4.26933 -103.633 0.2615707
      vertex -4.52545 -103.81 0
      vertex -4.29999 -103.4 0.2615707
    endloop
  endfacet
  facet normal -0.591436 0.244402 -0.768421
    outer loop
      vertex 4.17941 -103.85 0.2615707
      vertex 4.4395 -104.043 0
      vertex 4.42545 -104.077 0
    endloop
  endfacet
  facet normal -0.591112 0.244944 -0.768498
    outer loop
      vertex 4.4395 -104.043 0
      vertex 4.17941 -103.85 0.2615707
      vertex 4.26933 -103.633 0.2615707
    endloop
  endfacet
  facet normal 0.591436 0.244402 -0.768421
    outer loop
      vertex -4.4395 -104.043 0
      vertex -4.17941 -103.85 0.2615707
      vertex -4.42545 -104.077 0
    endloop
  endfacet
  facet normal 0.591112 0.244944 -0.768498
    outer loop
      vertex -4.17941 -103.85 0.2615707
      vertex -4.4395 -104.043 0
      vertex -4.26933 -103.633 0.2615707
    endloop
  endfacet
  facet normal -0.49 -0.37587 -0.786525
    outer loop
      vertex 4.29635 -95.7551 0
      vertex 4.42545 -95.9234 0
      vertex 4.17941 -96.15 0.2615707
    endloop
  endfacet
  facet normal -0.489928 -0.375909 -0.786551
    outer loop
      vertex 4.03639 -95.9636 0.2615707
      vertex 4.29635 -95.7551 0
      vertex 4.17941 -96.15 0.2615707
    endloop
  endfacet
  facet normal -0.489826 -0.376038 -0.786553
    outer loop
      vertex 4.29635 -95.7551 0
      vertex 4.03639 -95.9636 0.2615707
      vertex 4.27401 -95.726 0
    endloop
  endfacet
  facet normal -0.245663 -0.590812 -0.768499
    outer loop
      vertex 3.84999 -95.8206 0.2615707
      vertex 4.04272 -95.5605 0
      vertex 4.07663 -95.5746 0
    endloop
  endfacet
  facet normal -0.244889 -0.591275 -0.76839
    outer loop
      vertex 3.63293 -95.7307 0.2615707
      vertex 4.04272 -95.5605 0
      vertex 3.84999 -95.8206 0.2615707
    endloop
  endfacet
  facet normal 0.591294 -0.244906 -0.76837
    outer loop
      vertex -4.4395 -95.9573 0
      vertex -4.17941 -96.15 0.2615707
      vertex -4.26933 -96.3671 0.2615707
    endloop
  endfacet
  facet normal 0.591218 -0.245033 -0.768388
    outer loop
      vertex -4.17941 -96.15 0.2615707
      vertex -4.4395 -95.9573 0
      vertex -4.42545 -95.9234 0
    endloop
  endfacet
  facet normal 0.49 -0.37587 -0.786525
    outer loop
      vertex -4.29635 -95.7551 0
      vertex -4.17941 -96.15 0.2615707
      vertex -4.42545 -95.9234 0
    endloop
  endfacet
  facet normal -0.37243 0.492961 -0.786311
    outer loop
      vertex 3.84999 -104.179 0.2615707
      vertex 4.10575 -104.403 0
      vertex 4.07663 -104.425 0
    endloop
  endfacet
  facet normal -0.375712 0.48974 -0.786762
    outer loop
      vertex 4.10575 -104.403 0
      vertex 3.84999 -104.179 0.2615707
      vertex 4.03639 -104.036 0.2615707
    endloop
  endfacet
  facet normal 0.375916 -0.489943 -0.786539
    outer loop
      vertex -4.10575 -95.5969 0
      vertex -4.03639 -95.9636 0.2615707
      vertex -4.27401 -95.726 0
    endloop
  endfacet
  facet normal 0.375879 -0.489956 -0.786548
    outer loop
      vertex -4.10575 -95.5969 0
      vertex -3.84999 -95.8206 0.2615707
      vertex -4.03639 -95.9636 0.2615707
    endloop
  endfacet
  facet normal 0.375496 -0.490333 -0.786496
    outer loop
      vertex -3.84999 -95.8206 0.2615707
      vertex -4.10575 -95.5969 0
      vertex -4.07663 -95.5746 0
    endloop
  endfacet
  facet normal -0.375879 -0.489956 -0.786548
    outer loop
      vertex 3.84999 -95.8206 0.2615707
      vertex 4.10575 -95.5969 0
      vertex 4.03639 -95.9636 0.2615707
    endloop
  endfacet
  facet normal -0.375496 -0.490333 -0.786496
    outer loop
      vertex 4.10575 -95.5969 0
      vertex 3.84999 -95.8206 0.2615707
      vertex 4.07663 -95.5746 0
    endloop
  endfacet
  facet normal -0.68057 -0.0895932 -0.727185
    outer loop
      vertex 4.26933 -96.3671 0.2615707
      vertex 4.52545 -96.1896 0
      vertex 4.29999 -96.6 0.2615707
    endloop
  endfacet
  facet normal -0.680583 -0.0895603 -0.727176
    outer loop
      vertex 4.52545 -96.1896 0
      vertex 4.26933 -96.3671 0.2615707
      vertex 4.52066 -96.1532 0
    endloop
  endfacet
  facet normal -0.591262 0.244831 -0.768418
    outer loop
      vertex 4.52066 -103.847 0
      vertex 4.4395 -104.043 0
      vertex 4.26933 -103.633 0.2615707
    endloop
  endfacet
  facet normal -0.488913 0.376631 -0.786838
    outer loop
      vertex 4.03639 -104.036 0.2615707
      vertex 4.29635 -104.245 0
      vertex 4.27401 -104.274 0
    endloop
  endfacet
  facet normal -0.489254 0.3762 -0.786832
    outer loop
      vertex 4.29635 -104.245 0
      vertex 4.03639 -104.036 0.2615707
      vertex 4.17941 -103.85 0.2615707
    endloop
  endfacet
  facet normal -0.375523 0.48981 -0.78681
    outer loop
      vertex 4.27401 -104.274 0
      vertex 4.10575 -104.403 0
      vertex 4.03639 -104.036 0.2615707
    endloop
  endfacet
  facet normal 0.489431 0.376104 -0.786767
    outer loop
      vertex -4.17941 -103.85 0.2615707
      vertex -4.29635 -104.245 0
      vertex -4.42545 -104.077 0
    endloop
  endfacet
  facet normal -0.244309 0.591751 -0.768208
    outer loop
      vertex 4.04272 -104.439 0
      vertex 3.84999 -104.179 0.2615707
      vertex 4.07663 -104.425 0
    endloop
  endfacet
  facet normal -0.24515 0.591247 -0.768328
    outer loop
      vertex 4.04272 -104.439 0
      vertex 3.63293 -104.269 0.2615707
      vertex 3.84999 -104.179 0.2615707
    endloop
  endfacet
  facet normal 0.591262 0.244831 -0.768418
    outer loop
      vertex -4.26933 -103.633 0.2615707
      vertex -4.4395 -104.043 0
      vertex -4.52066 -103.847 0
    endloop
  endfacet
  facet normal -0.59124 -0.244947 -0.768398
    outer loop
      vertex 4.4395 -95.9573 0
      vertex 4.52066 -96.1532 0
      vertex 4.26933 -96.3671 0.2615707
    endloop
  endfacet
  facet normal -0.591294 -0.244906 -0.76837
    outer loop
      vertex 4.17941 -96.15 0.2615707
      vertex 4.4395 -95.9573 0
      vertex 4.26933 -96.3671 0.2615707
    endloop
  endfacet
  facet normal -0.591218 -0.245033 -0.768388
    outer loop
      vertex 4.4395 -95.9573 0
      vertex 4.17941 -96.15 0.2615707
      vertex 4.42545 -95.9234 0
    endloop
  endfacet
  facet normal 0 0.718784 0.695234
    outer loop
      vertex 3.39999 -104.3 7.6615707
      vertex -3.60014 -104.553 7.9231407
      vertex 3.60014 -104.553 7.9231407
    endloop
  endfacet
  facet normal 0 0.718784 0.695234
    outer loop
      vertex -3.60014 -104.553 7.9231407
      vertex 3.39999 -104.3 7.6615707
      vertex -3.39999 -104.3 7.6615707
    endloop
  endfacet
  facet normal 0.680669 0.0895678 0.727095
    outer loop
      vertex -4.52545 -103.81 7.9231407
      vertex -4.26933 -103.633 7.6615707
      vertex -4.29999 -103.4 7.6615707
    endloop
  endfacet
  facet normal 0.681242 0.0881932 0.726727
    outer loop
      vertex -4.26933 -103.633 7.6615707
      vertex -4.52545 -103.81 7.9231407
      vertex -4.52066 -103.847 7.9231407
    endloop
  endfacet
  facet normal -0.246633 0.589273 0.76937
    outer loop
      vertex 3.8468 -104.521 7.9231407
      vertex 4.04272 -104.439 7.9231407
      vertex 3.63293 -104.269 7.6615707
    endloop
  endfacet
  facet normal -0.244308 0.59175 0.768209
    outer loop
      vertex 3.84999 -104.179 7.6615707
      vertex 4.04272 -104.439 7.9231407
      vertex 4.07663 -104.425 7.9231407
    endloop
  endfacet
  facet normal -0.24515 0.591246 0.768329
    outer loop
      vertex 4.04272 -104.439 7.9231407
      vertex 3.84999 -104.179 7.6615707
      vertex 3.63293 -104.269 7.6615707
    endloop
  endfacet
  facet normal 0.489253 0.376199 0.786833
    outer loop
      vertex -4.29635 -104.245 7.9231407
      vertex -4.03639 -104.036 7.6615707
      vertex -4.17941 -103.85 7.6615707
    endloop
  endfacet
  facet normal 0.488912 0.376631 0.786838
    outer loop
      vertex -4.03639 -104.036 7.6615707
      vertex -4.29635 -104.245 7.9231407
      vertex -4.27401 -104.274 7.9231407
    endloop
  endfacet
  facet normal 0.591246 0.244854 0.768424
    outer loop
      vertex -4.43949 -104.043 7.9231407
      vertex -4.26933 -103.633 7.6615707
      vertex -4.52066 -103.847 7.9231407
    endloop
  endfacet
  facet normal -0.0905892 0.680292 0.727321
    outer loop
      vertex 3.60014 -104.553 7.9231407
      vertex 3.81041 -104.525 7.9231407
      vertex 3.39999 -104.3 7.6615707
    endloop
  endfacet
  facet normal -0.0754669 0.68656 0.723146
    outer loop
      vertex 3.63293 -104.269 7.6615707
      vertex 3.81041 -104.525 7.9231407
      vertex 3.8468 -104.521 7.9231407
    endloop
  endfacet
  facet normal -0.0905404 0.680338 0.727284
    outer loop
      vertex 3.81041 -104.525 7.9231407
      vertex 3.63293 -104.269 7.6615707
      vertex 3.39999 -104.3 7.6615707
    endloop
  endfacet
  facet normal 0.375942 -0.489948 0.786523
    outer loop
      vertex -3.84999 -95.8206 7.6615707
      vertex -4.07663 -95.5746 7.9231407
      vertex -4.24488 -95.7037 7.9231407
    endloop
  endfacet
  facet normal -0.375942 -0.489948 0.786523
    outer loop
      vertex 4.24488 -95.7037 7.9231407
      vertex 4.07663 -95.5746 7.9231407
      vertex 3.84999 -95.8206 7.6615707
    endloop
  endfacet
  facet normal 0.68057 0.0896731 0.727175
    outer loop
      vertex -4.52545 -103.81 7.9231407
      vertex -4.29999 -103.4 7.6615707
      vertex -4.55312 -103.6 7.9231407
    endloop
  endfacet
  facet normal 0.0896762 -0.680429 0.727307
    outer loop
      vertex -3.81041 -95.4745 7.9231407
      vertex -3.63293 -95.7307 7.6615707
      vertex -3.39999 -95.7 7.6615707
    endloop
  endfacet
  facet normal 0.0897476 -0.680399 0.727326
    outer loop
      vertex -3.63293 -95.7307 7.6615707
      vertex -3.81041 -95.4745 7.9231407
      vertex -3.8468 -95.4793 7.9231407
    endloop
  endfacet
  facet normal 0.680582 -0.0895602 0.727177
    outer loop
      vertex -4.52545 -96.1896 7.9231407
      vertex -4.26933 -96.3671 7.6615707
      vertex -4.52066 -96.1532 7.9231407
    endloop
  endfacet
  facet normal 0.680569 -0.0895931 0.727186
    outer loop
      vertex -4.26933 -96.3671 7.6615707
      vertex -4.52545 -96.1896 7.9231407
      vertex -4.29999 -96.6 7.6615707
    endloop
  endfacet
  facet normal -0.591224 -0.24497 0.768404
    outer loop
      vertex 4.52066 -96.1532 7.9231407
      vertex 4.43949 -95.9573 7.9231407
      vertex 4.26933 -96.3671 7.6615707
    endloop
  endfacet
  facet normal -0.0893529 -0.680733 0.727062
    outer loop
      vertex 3.81041 -95.4745 7.9231407
      vertex 3.60014 -95.4469 7.9231407
      vertex 3.39999 -95.7 7.6615707
    endloop
  endfacet
  facet normal 0.244889 -0.591274 0.768391
    outer loop
      vertex -4.04272 -95.5605 7.9231407
      vertex -3.84999 -95.8206 7.6615707
      vertex -3.63293 -95.7307 7.6615707
    endloop
  endfacet
  facet normal 0.245663 -0.590811 0.7685
    outer loop
      vertex -3.84999 -95.8206 7.6615707
      vertex -4.04272 -95.5605 7.9231407
      vertex -4.07663 -95.5746 7.9231407
    endloop
  endfacet
  facet normal 0.244997 -0.591131 0.768467
    outer loop
      vertex -3.63293 -95.7307 7.6615707
      vertex -3.8468 -95.4793 7.9231407
      vertex -4.04272 -95.5605 7.9231407
    endloop
  endfacet
  facet normal -0.375414 -0.490395 0.786496
    outer loop
      vertex 4.24488 -95.7037 7.9231407
      vertex 4.03639 -95.9636 7.6615707
      vertex 4.27401 -95.726 7.9231407
    endloop
  endfacet
  facet normal -0.375913 -0.490002 0.786503
    outer loop
      vertex 4.03639 -95.9636 7.6615707
      vertex 4.24488 -95.7037 7.9231407
      vertex 3.84999 -95.8206 7.6615707
    endloop
  endfacet
  facet normal 0.375767 0.490099 0.786513
    outer loop
      vertex -4.07663 -104.425 7.9231407
      vertex -3.84999 -104.179 7.6615707
      vertex -4.24488 -104.296 7.9231407
    endloop
  endfacet
  facet normal 0.246633 0.589273 0.76937
    outer loop
      vertex -3.8468 -104.521 7.9231407
      vertex -3.63293 -104.269 7.6615707
      vertex -4.04272 -104.439 7.9231407
    endloop
  endfacet
  facet normal -0.245663 -0.590811 0.7685
    outer loop
      vertex 4.04272 -95.5605 7.9231407
      vertex 3.84999 -95.8206 7.6615707
      vertex 4.07663 -95.5746 7.9231407
    endloop
  endfacet
  facet normal -0.244889 -0.591274 0.768391
    outer loop
      vertex 3.84999 -95.8206 7.6615707
      vertex 4.04272 -95.5605 7.9231407
      vertex 3.63293 -95.7307 7.6615707
    endloop
  endfacet
  facet normal 0 -0.718646 0.695376
    outer loop
      vertex -3.39999 -95.7 7.6615707
      vertex 3.60014 -95.4469 7.9231407
      vertex -3.60014 -95.4469 7.9231407
    endloop
  endfacet
  facet normal 0 -0.718646 0.695376
    outer loop
      vertex 3.60014 -95.4469 7.9231407
      vertex -3.39999 -95.7 7.6615707
      vertex 3.39999 -95.7 7.6615707
    endloop
  endfacet
  facet normal 0.0893529 -0.680733 0.727062
    outer loop
      vertex -3.39999 -95.7 7.6615707
      vertex -3.60014 -95.4469 7.9231407
      vertex -3.81041 -95.4745 7.9231407
    endloop
  endfacet
  facet normal 0.680609 -0.0895504 0.727154
    outer loop
      vertex -4.29999 -96.6 7.6615707
      vertex -4.52545 -96.1896 7.9231407
      vertex -4.55312 -96.3999 7.9231407
    endloop
  endfacet
  facet normal 0.591224 -0.24497 0.768404
    outer loop
      vertex -4.26933 -96.3671 7.6615707
      vertex -4.43949 -95.9573 7.9231407
      vertex -4.52066 -96.1532 7.9231407
    endloop
  endfacet
  facet normal -0.68057 0.0896731 0.727175
    outer loop
      vertex 4.52545 -103.81 7.9231407
      vertex 4.55312 -103.6 7.9231407
      vertex 4.29999 -103.4 7.6615707
    endloop
  endfacet
  facet normal 0.591122 0.244948 0.768489
    outer loop
      vertex -4.43949 -104.043 7.9231407
      vertex -4.17941 -103.85 7.6615707
      vertex -4.26933 -103.633 7.6615707
    endloop
  endfacet
  facet normal 0.591529 0.244267 0.768392
    outer loop
      vertex -4.17941 -103.85 7.6615707
      vertex -4.43949 -104.043 7.9231407
      vertex -4.42545 -104.077 7.9231407
    endloop
  endfacet
  facet normal 0.24515 0.591246 0.768329
    outer loop
      vertex -3.84999 -104.179 7.6615707
      vertex -4.04272 -104.439 7.9231407
      vertex -3.63293 -104.269 7.6615707
    endloop
  endfacet
  facet normal 0.244308 0.59175 0.768209
    outer loop
      vertex -4.04272 -104.439 7.9231407
      vertex -3.84999 -104.179 7.6615707
      vertex -4.07663 -104.425 7.9231407
    endloop
  endfacet
  facet normal -0.680609 -0.0895504 0.727154
    outer loop
      vertex 4.55312 -96.3999 7.9231407
      vertex 4.52545 -96.1896 7.9231407
      vertex 4.29999 -96.6 7.6615707
    endloop
  endfacet
  facet normal 0.0905892 0.680292 0.727321
    outer loop
      vertex -3.60014 -104.553 7.9231407
      vertex -3.39999 -104.3 7.6615707
      vertex -3.81041 -104.525 7.9231407
    endloop
  endfacet
  facet normal -0.489999 -0.37587 0.786526
    outer loop
      vertex 4.42545 -95.9234 7.9231407
      vertex 4.29635 -95.7551 7.9231407
      vertex 4.17941 -96.15 7.6615707
    endloop
  endfacet
  facet normal -0.718605 0 0.695418
    outer loop
      vertex 4.29999 -103.4 7.6615707
      vertex 4.55312 -96.3999 7.9231407
      vertex 4.29999 -96.6 7.6615707
    endloop
  endfacet
  facet normal -0.718605 0 0.695418
    outer loop
      vertex 4.55312 -96.3999 7.9231407
      vertex 4.29999 -103.4 7.6615707
      vertex 4.55312 -103.6 7.9231407
    endloop
  endfacet
  facet normal -0.48943 0.376104 0.786768
    outer loop
      vertex 4.29635 -104.245 7.9231407
      vertex 4.42545 -104.077 7.9231407
      vertex 4.17941 -103.85 7.6615707
    endloop
  endfacet
  facet normal 0.489825 -0.376038 0.786554
    outer loop
      vertex -4.29635 -95.7551 7.9231407
      vertex -4.03639 -95.9636 7.6615707
      vertex -4.27401 -95.726 7.9231407
    endloop
  endfacet
  facet normal 0.489927 -0.375909 0.786552
    outer loop
      vertex -4.03639 -95.9636 7.6615707
      vertex -4.29635 -95.7551 7.9231407
      vertex -4.17941 -96.15 7.6615707
    endloop
  endfacet
  facet normal -0.680669 0.0895678 0.727095
    outer loop
      vertex 4.26933 -103.633 7.6615707
      vertex 4.52545 -103.81 7.9231407
      vertex 4.29999 -103.4 7.6615707
    endloop
  endfacet
  facet normal -0.681242 0.0881932 0.726727
    outer loop
      vertex 4.52545 -103.81 7.9231407
      vertex 4.26933 -103.633 7.6615707
      vertex 4.52066 -103.847 7.9231407
    endloop
  endfacet
  facet normal -0.0897476 -0.680399 0.727326
    outer loop
      vertex 3.81041 -95.4745 7.9231407
      vertex 3.63293 -95.7307 7.6615707
      vertex 3.8468 -95.4793 7.9231407
    endloop
  endfacet
  facet normal -0.0896762 -0.680429 0.727307
    outer loop
      vertex 3.63293 -95.7307 7.6615707
      vertex 3.81041 -95.4745 7.9231407
      vertex 3.39999 -95.7 7.6615707
    endloop
  endfacet
  facet normal -0.591246 0.244854 0.768424
    outer loop
      vertex 4.43949 -104.043 7.9231407
      vertex 4.52066 -103.847 7.9231407
      vertex 4.26933 -103.633 7.6615707
    endloop
  endfacet
  facet normal -0.244997 -0.591131 0.768467
    outer loop
      vertex 4.04272 -95.5605 7.9231407
      vertex 3.8468 -95.4793 7.9231407
      vertex 3.63293 -95.7307 7.6615707
    endloop
  endfacet
  facet normal 0.375913 -0.490002 0.786503
    outer loop
      vertex -4.24488 -95.7037 7.9231407
      vertex -4.03639 -95.9636 7.6615707
      vertex -3.84999 -95.8206 7.6615707
    endloop
  endfacet
  facet normal 0.375414 -0.490395 0.786496
    outer loop
      vertex -4.03639 -95.9636 7.6615707
      vertex -4.24488 -95.7037 7.9231407
      vertex -4.27401 -95.726 7.9231407
    endloop
  endfacet
  facet normal -0.375767 0.490099 0.786513
    outer loop
      vertex 4.07663 -104.425 7.9231407
      vertex 4.24488 -104.296 7.9231407
      vertex 3.84999 -104.179 7.6615707
    endloop
  endfacet
  facet normal -0.591122 0.244948 0.768489
    outer loop
      vertex 4.17941 -103.85 7.6615707
      vertex 4.43949 -104.043 7.9231407
      vertex 4.26933 -103.633 7.6615707
    endloop
  endfacet
  facet normal -0.591529 0.244267 0.768392
    outer loop
      vertex 4.43949 -104.043 7.9231407
      vertex 4.17941 -103.85 7.6615707
      vertex 4.42545 -104.077 7.9231407
    endloop
  endfacet
  facet normal 0.718605 0 0.695418
    outer loop
      vertex -4.55312 -96.3999 7.9231407
      vertex -4.29999 -103.4 7.6615707
      vertex -4.29999 -96.6 7.6615707
    endloop
  endfacet
  facet normal 0.718605 0 0.695418
    outer loop
      vertex -4.29999 -103.4 7.6615707
      vertex -4.55312 -96.3999 7.9231407
      vertex -4.55312 -103.6 7.9231407
    endloop
  endfacet
  facet normal 0.375858 0.48993 0.786575
    outer loop
      vertex -4.03639 -104.036 7.6615707
      vertex -4.24488 -104.296 7.9231407
      vertex -3.84999 -104.179 7.6615707
    endloop
  endfacet
  facet normal 0.37219 0.492813 0.786517
    outer loop
      vertex -4.24488 -104.296 7.9231407
      vertex -4.03639 -104.036 7.6615707
      vertex -4.27401 -104.274 7.9231407
    endloop
  endfacet
  facet normal 0.489999 -0.37587 0.786526
    outer loop
      vertex -4.17941 -96.15 7.6615707
      vertex -4.29635 -95.7551 7.9231407
      vertex -4.42545 -95.9234 7.9231407
    endloop
  endfacet
  facet normal -0.680582 -0.0895602 0.727177
    outer loop
      vertex 4.26933 -96.3671 7.6615707
      vertex 4.52545 -96.1896 7.9231407
      vertex 4.52066 -96.1532 7.9231407
    endloop
  endfacet
  facet normal -0.680569 -0.0895931 0.727186
    outer loop
      vertex 4.52545 -96.1896 7.9231407
      vertex 4.26933 -96.3671 7.6615707
      vertex 4.29999 -96.6 7.6615707
    endloop
  endfacet
  facet normal 0.591311 -0.244897 0.76836
    outer loop
      vertex -4.43949 -95.9573 7.9231407
      vertex -4.17941 -96.15 7.6615707
      vertex -4.42545 -95.9234 7.9231407
    endloop
  endfacet
  facet normal 0.591303 -0.24491 0.768362
    outer loop
      vertex -4.17941 -96.15 7.6615707
      vertex -4.43949 -95.9573 7.9231407
      vertex -4.26933 -96.3671 7.6615707
    endloop
  endfacet
  facet normal 0.48943 0.376104 0.786768
    outer loop
      vertex -4.29635 -104.245 7.9231407
      vertex -4.17941 -103.85 7.6615707
      vertex -4.42545 -104.077 7.9231407
    endloop
  endfacet
  facet normal 0.0905404 0.680338 0.727284
    outer loop
      vertex -3.63293 -104.269 7.6615707
      vertex -3.81041 -104.525 7.9231407
      vertex -3.39999 -104.3 7.6615707
    endloop
  endfacet
  facet normal 0.0754669 0.68656 0.723146
    outer loop
      vertex -3.81041 -104.525 7.9231407
      vertex -3.63293 -104.269 7.6615707
      vertex -3.8468 -104.521 7.9231407
    endloop
  endfacet
  facet normal -0.489253 0.376199 0.786833
    outer loop
      vertex 4.03639 -104.036 7.6615707
      vertex 4.29635 -104.245 7.9231407
      vertex 4.17941 -103.85 7.6615707
    endloop
  endfacet
  facet normal -0.488912 0.376631 0.786838
    outer loop
      vertex 4.29635 -104.245 7.9231407
      vertex 4.03639 -104.036 7.6615707
      vertex 4.27401 -104.274 7.9231407
    endloop
  endfacet
  facet normal -0.37219 0.492813 0.786517
    outer loop
      vertex 4.03639 -104.036 7.6615707
      vertex 4.24488 -104.296 7.9231407
      vertex 4.27401 -104.274 7.9231407
    endloop
  endfacet
  facet normal -0.375858 0.48993 0.786575
    outer loop
      vertex 4.24488 -104.296 7.9231407
      vertex 4.03639 -104.036 7.6615707
      vertex 3.84999 -104.179 7.6615707
    endloop
  endfacet
  facet normal -0.489825 -0.376038 0.786554
    outer loop
      vertex 4.03639 -95.9636 7.6615707
      vertex 4.29635 -95.7551 7.9231407
      vertex 4.27401 -95.726 7.9231407
    endloop
  endfacet
  facet normal -0.489927 -0.375909 0.786552
    outer loop
      vertex 4.29635 -95.7551 7.9231407
      vertex 4.03639 -95.9636 7.6615707
      vertex 4.17941 -96.15 7.6615707
    endloop
  endfacet
  facet normal -0.591311 -0.244897 0.76836
    outer loop
      vertex 4.17941 -96.15 7.6615707
      vertex 4.43949 -95.9573 7.9231407
      vertex 4.42545 -95.9234 7.9231407
    endloop
  endfacet
  facet normal -0.591303 -0.24491 0.768362
    outer loop
      vertex 4.43949 -95.9573 7.9231407
      vertex 4.17941 -96.15 7.6615707
      vertex 4.26933 -96.3671 7.6615707
    endloop
  endfacet
  facet normal -0.77034 -0.376305 -0.514753
    outer loop
      vertex -24.1759 -119.111 0.7856947
      vertex -24.5364 -119.111 1.3251907
      vertex -24.387 -118.39 0.5745307
    endloop
  endfacet
  facet normal -0.0759826 -0.921042 0.381979
    outer loop
      vertex -23 -119.663 7.0727107
      vertex -23.4252 -119.663 6.9881307
      vertex -23 -119.962 6.3517507
    endloop
  endfacet
  facet normal 0.980789 0 -0.195071
    outer loop
      vertex 24.9616 -118.39 1.9615707
      vertex 24.8123 -1.60982 1.2109107
      vertex 24.9616 -1.60982 1.9615707
    endloop
  endfacet
  facet normal 0.980789 0 -0.195071
    outer loop
      vertex 24.8123 -1.60982 1.2109107
      vertex 24.9616 -118.39 1.9615707
      vertex 24.8123 -118.39 1.2109107
    endloop
  endfacet
  facet normal -0.180737 -0.376363 -0.908672
    outer loop
      vertex -23 -119.111 0.2986307
      vertex -23.7507 -118.39 0.1493157
      vertex -23 -118.39 0
    endloop
  endfacet
  facet normal -0.908637 0.376456 -0.18072
    outer loop
      vertex -24.8123 -1.60982 1.2109107
      vertex -24.9616 -1.60982 1.9615707
      vertex -24.6629 -0.888859 1.9615707
    endloop
  endfacet
  facet normal -0.0759028 0.921215 -0.381578
    outer loop
      vertex -23 -0.33706 0.8504297
      vertex -23.4252 -0.33706 0.9350097
      vertex -23 -0.0384293 1.5713907
    endloop
  endfacet
  facet normal 0.700238 0.700209 0.139194
    outer loop
      vertex 24.6629 -0.888859 5.9615707
      vertex 24.0266 -0.33706 6.3867807
      vertex 24.5364 -0.888859 6.5979507
    endloop
  endfacet
  facet normal 0.139272 0.700221 0.70021
    outer loop
      vertex 23.4252 -0.33706 6.9881307
      vertex 23 -0.888859 7.6245107
      vertex 23.6364 -0.888859 7.4979307
    endloop
  endfacet
  facet normal -0.908696 -0.376355 0.180631
    outer loop
      vertex -24.5364 -119.111 6.5979507
      vertex -24.8123 -118.39 6.7122307
      vertex -24.6629 -119.111 5.9615707
    endloop
  endfacet
  facet normal 0 -0.382664 0.923888
    outer loop
      vertex -23 -118.39 7.9231407
      vertex 23 -119.111 7.6245107
      vertex 23 -118.39 7.9231407
    endloop
  endfacet
  facet normal 0 -0.382664 0.923888
    outer loop
      vertex 23 -119.111 7.6245107
      vertex -23 -118.39 7.9231407
      vertex -23 -119.111 7.6245107
    endloop
  endfacet
  facet normal 0.831419 0 -0.555647
    outer loop
      vertex 24.8123 -118.39 1.2109107
      vertex 24.387 -1.60982 0.5745307
      vertex 24.8123 -1.60982 1.2109107
    endloop
  endfacet
  facet normal 0.831419 0 -0.555647
    outer loop
      vertex 24.387 -1.60982 0.5745307
      vertex 24.8123 -118.39 1.2109107
      vertex 24.387 -118.39 0.5745307
    endloop
  endfacet
  facet normal 0.216351 -0.921044 0.323836
    outer loop
      vertex 23.4252 -119.663 6.9881307
      vertex 23.1493 -119.962 6.3220507
      vertex 23.2759 -119.962 6.2374707
    endloop
  endfacet
  facet normal 0.908696 -0.376355 -0.180631
    outer loop
      vertex 24.6629 -119.111 1.9615707
      vertex 24.5364 -119.111 1.3251907
      vertex 24.8123 -118.39 1.2109107
    endloop
  endfacet
  facet normal -0.980789 0 0.195071
    outer loop
      vertex -24.9616 -118.39 5.9615707
      vertex -24.8123 -1.60982 6.7122307
      vertex -24.9616 -1.60982 5.9615707
    endloop
  endfacet
  facet normal -0.980789 0 0.195071
    outer loop
      vertex -24.8123 -1.60982 6.7122307
      vertex -24.9616 -118.39 5.9615707
      vertex -24.8123 -118.39 6.7122307
    endloop
  endfacet
  facet normal -0.38197 -0.921046 0.0759795
    outer loop
      vertex -23.3605 -119.962 6.1108807
      vertex -24.0266 -119.663 6.3867807
      vertex -23.3902 -119.962 5.9615707
    endloop
  endfacet
  facet normal -0 0 1
    outer loop
      vertex 4.52066 -83.8468 7.9231407
      vertex 23 -118.39 7.9231407
      vertex 4.52545 -83.8104 7.9231407
    endloop
  endfacet
  facet normal 0 0 1
    outer loop
      vertex 23 -118.39 7.9231407
      vertex 4.52545 -96.1896 7.9231407
      vertex 4.55312 -96.3999 7.9231407
    endloop
  endfacet
  facet normal -0 0 1
    outer loop
      vertex 4.52066 -96.1532 7.9231407
      vertex 23 -118.39 7.9231407
      vertex 4.52066 -83.8468 7.9231407
    endloop
  endfacet
  facet normal 0 0 1
    outer loop
      vertex 23 -118.39 7.9231407
      vertex 4.52066 -96.1532 7.9231407
      vertex 4.52545 -96.1896 7.9231407
    endloop
  endfacet
  facet normal -0 0 1
    outer loop
      vertex 4.43949 -84.0427 7.9231407
      vertex 4.52066 -96.1532 7.9231407
      vertex 4.52066 -83.8468 7.9231407
    endloop
  endfacet
  facet normal 0 0 1
    outer loop
      vertex 4.43949 -84.0427 7.9231407
      vertex 4.43949 -95.9573 7.9231407
      vertex 4.52066 -96.1532 7.9231407
    endloop
  endfacet
  facet normal -0 0 1
    outer loop
      vertex 4.42545 -84.0766 7.9231407
      vertex 4.43949 -95.9573 7.9231407
      vertex 4.43949 -84.0427 7.9231407
    endloop
  endfacet
  facet normal 0 0 1
    outer loop
      vertex 4.42545 -84.0766 7.9231407
      vertex 4.42545 -95.9234 7.9231407
      vertex 4.43949 -95.9573 7.9231407
    endloop
  endfacet
  facet normal -0 0 1
    outer loop
      vertex 4.29635 -84.2449 7.9231407
      vertex 4.42545 -95.9234 7.9231407
      vertex 4.42545 -84.0766 7.9231407
    endloop
  endfacet
  facet normal 0 0 1
    outer loop
      vertex 4.29635 -84.2449 7.9231407
      vertex 4.29635 -95.7551 7.9231407
      vertex 4.42545 -95.9234 7.9231407
    endloop
  endfacet
  facet normal -0 0 1
    outer loop
      vertex 4.27401 -84.274 7.9231407
      vertex 4.29635 -95.7551 7.9231407
      vertex 4.29635 -84.2449 7.9231407
    endloop
  endfacet
  facet normal 0 0 1
    outer loop
      vertex 4.27401 -84.274 7.9231407
      vertex 4.27401 -95.726 7.9231407
      vertex 4.29635 -95.7551 7.9231407
    endloop
  endfacet
  facet normal -0 0 1
    outer loop
      vertex 4.24488 -84.2963 7.9231407
      vertex 4.27401 -95.726 7.9231407
      vertex 4.27401 -84.274 7.9231407
    endloop
  endfacet
  facet normal 0 0 1
    outer loop
      vertex 4.24488 -84.2963 7.9231407
      vertex 4.24488 -95.7037 7.9231407
      vertex 4.27401 -95.726 7.9231407
    endloop
  endfacet
  facet normal -0 0 1
    outer loop
      vertex 4.07663 -84.4254 7.9231407
      vertex 4.24488 -95.7037 7.9231407
      vertex 4.24488 -84.2963 7.9231407
    endloop
  endfacet
  facet normal 0 0 1
    outer loop
      vertex 4.07663 -84.4254 7.9231407
      vertex 4.07663 -95.5746 7.9231407
      vertex 4.24488 -95.7037 7.9231407
    endloop
  endfacet
  facet normal -0 0 1
    outer loop
      vertex 4.04272 -84.4395 7.9231407
      vertex 4.07663 -95.5746 7.9231407
      vertex 4.07663 -84.4254 7.9231407
    endloop
  endfacet
  facet normal 0 0 1
    outer loop
      vertex 4.04272 -84.4395 7.9231407
      vertex 4.04272 -95.5605 7.9231407
      vertex 4.07663 -95.5746 7.9231407
    endloop
  endfacet
  facet normal -0 0 1
    outer loop
      vertex 3.8468 -84.5207 7.9231407
      vertex 4.04272 -95.5605 7.9231407
      vertex 4.04272 -84.4395 7.9231407
    endloop
  endfacet
  facet normal 0 0 1
    outer loop
      vertex 3.8468 -84.5207 7.9231407
      vertex 3.8468 -95.4793 7.9231407
      vertex 4.04272 -95.5605 7.9231407
    endloop
  endfacet
  facet normal -0 0 1
    outer loop
      vertex 3.81041 -84.5255 7.9231407
      vertex 3.8468 -95.4793 7.9231407
      vertex 3.8468 -84.5207 7.9231407
    endloop
  endfacet
  facet normal 0 0 1
    outer loop
      vertex 3.81041 -84.5255 7.9231407
      vertex 3.81041 -95.4745 7.9231407
      vertex 3.8468 -95.4793 7.9231407
    endloop
  endfacet
  facet normal -0 0 1
    outer loop
      vertex 3.60014 -84.5531 7.9231407
      vertex 3.81041 -95.4745 7.9231407
      vertex 3.81041 -84.5255 7.9231407
    endloop
  endfacet
  facet normal 0 0 1
    outer loop
      vertex 3.60014 -84.5531 7.9231407
      vertex 3.60014 -95.4469 7.9231407
      vertex 3.81041 -95.4745 7.9231407
    endloop
  endfacet
  facet normal -0 0 1
    outer loop
      vertex -3.60014 -84.5531 7.9231407
      vertex 3.60014 -95.4469 7.9231407
      vertex 3.60014 -84.5531 7.9231407
    endloop
  endfacet
  facet normal 0 0 1
    outer loop
      vertex -3.60014 -84.5531 7.9231407
      vertex -3.60014 -95.4469 7.9231407
      vertex 3.60014 -95.4469 7.9231407
    endloop
  endfacet
  facet normal 0 0 1
    outer loop
      vertex -3.81041 -84.5255 7.9231407
      vertex -3.60014 -95.4469 7.9231407
      vertex -3.60014 -84.5531 7.9231407
    endloop
  endfacet
  facet normal 0 0 1
    outer loop
      vertex -3.81041 -84.5255 7.9231407
      vertex -3.81041 -95.4745 7.9231407
      vertex -3.60014 -95.4469 7.9231407
    endloop
  endfacet
  facet normal 0 0 1
    outer loop
      vertex -3.8468 -84.5207 7.9231407
      vertex -3.81041 -95.4745 7.9231407
      vertex -3.81041 -84.5255 7.9231407
    endloop
  endfacet
  facet normal 0 0 1
    outer loop
      vertex -3.8468 -84.5207 7.9231407
      vertex -3.8468 -95.4793 7.9231407
      vertex -3.81041 -95.4745 7.9231407
    endloop
  endfacet
  facet normal 0 0 1
    outer loop
      vertex -4.04272 -84.4395 7.9231407
      vertex -3.8468 -95.4793 7.9231407
      vertex -3.8468 -84.5207 7.9231407
    endloop
  endfacet
  facet normal 0 0 1
    outer loop
      vertex -4.04272 -84.4395 7.9231407
      vertex -4.04272 -95.5605 7.9231407
      vertex -3.8468 -95.4793 7.9231407
    endloop
  endfacet
  facet normal 0 0 1
    outer loop
      vertex -4.07663 -84.4254 7.9231407
      vertex -4.04272 -95.5605 7.9231407
      vertex -4.04272 -84.4395 7.9231407
    endloop
  endfacet
  facet normal 0 0 1
    outer loop
      vertex -4.07663 -84.4254 7.9231407
      vertex -4.07663 -95.5746 7.9231407
      vertex -4.04272 -95.5605 7.9231407
    endloop
  endfacet
  facet normal 0 0 1
    outer loop
      vertex -4.24488 -84.2963 7.9231407
      vertex -4.07663 -95.5746 7.9231407
      vertex -4.07663 -84.4254 7.9231407
    endloop
  endfacet
  facet normal 0 0 1
    outer loop
      vertex -4.24488 -84.2963 7.9231407
      vertex -4.24488 -95.7037 7.9231407
      vertex -4.07663 -95.5746 7.9231407
    endloop
  endfacet
  facet normal 0 0 1
    outer loop
      vertex -4.27401 -84.274 7.9231407
      vertex -4.24488 -95.7037 7.9231407
      vertex -4.24488 -84.2963 7.9231407
    endloop
  endfacet
  facet normal 0 0 1
    outer loop
      vertex -4.27401 -84.274 7.9231407
      vertex -4.27401 -95.726 7.9231407
      vertex -4.24488 -95.7037 7.9231407
    endloop
  endfacet
  facet normal 0 0 1
    outer loop
      vertex -4.29635 -84.2449 7.9231407
      vertex -4.27401 -95.726 7.9231407
      vertex -4.27401 -84.274 7.9231407
    endloop
  endfacet
  facet normal 0 0 1
    outer loop
      vertex -4.29635 -84.2449 7.9231407
      vertex -4.29635 -95.7551 7.9231407
      vertex -4.27401 -95.726 7.9231407
    endloop
  endfacet
  facet normal 0 0 1
    outer loop
      vertex -4.42545 -84.0766 7.9231407
      vertex -4.29635 -95.7551 7.9231407
      vertex -4.29635 -84.2449 7.9231407
    endloop
  endfacet
  facet normal 0 0 1
    outer loop
      vertex -4.42545 -84.0766 7.9231407
      vertex -4.42545 -95.9234 7.9231407
      vertex -4.29635 -95.7551 7.9231407
    endloop
  endfacet
  facet normal 0 0 1
    outer loop
      vertex -4.43949 -84.0427 7.9231407
      vertex -4.42545 -95.9234 7.9231407
      vertex -4.42545 -84.0766 7.9231407
    endloop
  endfacet
  facet normal 0 0 1
    outer loop
      vertex -4.43949 -84.0427 7.9231407
      vertex -4.43949 -95.9573 7.9231407
      vertex -4.42545 -95.9234 7.9231407
    endloop
  endfacet
  facet normal 0 0 1
    outer loop
      vertex -4.52066 -83.8468 7.9231407
      vertex -4.43949 -95.9573 7.9231407
      vertex -4.43949 -84.0427 7.9231407
    endloop
  endfacet
  facet normal 0 0 1
    outer loop
      vertex -4.52066 -83.8468 7.9231407
      vertex -4.52066 -96.1532 7.9231407
      vertex -4.43949 -95.9573 7.9231407
    endloop
  endfacet
  facet normal 0 0 1
    outer loop
      vertex -23 -118.39 7.9231407
      vertex -4.52066 -83.8468 7.9231407
      vertex -4.52545 -83.8104 7.9231407
    endloop
  endfacet
  facet normal 0 0 1
    outer loop
      vertex -4.52066 -83.8468 7.9231407
      vertex -23 -118.39 7.9231407
      vertex -4.52066 -96.1532 7.9231407
    endloop
  endfacet
  facet normal 0 0 1
    outer loop
      vertex -23 -118.39 7.9231407
      vertex -4.52545 -83.8104 7.9231407
      vertex -4.55312 -83.6001 7.9231407
    endloop
  endfacet
  facet normal 0 0 1
    outer loop
      vertex -4.52066 -96.1532 7.9231407
      vertex -23 -118.39 7.9231407
      vertex -4.52545 -96.1896 7.9231407
    endloop
  endfacet
  facet normal 0 0 1
    outer loop
      vertex 23 -1.60982 7.9231407
      vertex 4.52066 -43.8468 7.9231407
      vertex 23 -118.39 7.9231407
    endloop
  endfacet
  facet normal 0 0 1
    outer loop
      vertex 23 -118.39 7.9231407
      vertex 4.52545 -76.1896 7.9231407
      vertex 4.55312 -76.3999 7.9231407
    endloop
  endfacet
  facet normal -0 0 1
    outer loop
      vertex 4.52066 -76.1532 7.9231407
      vertex 23 -118.39 7.9231407
      vertex 4.52066 -43.8468 7.9231407
    endloop
  endfacet
  facet normal 0 0 1
    outer loop
      vertex 23 -118.39 7.9231407
      vertex 4.52066 -76.1532 7.9231407
      vertex 4.52545 -76.1896 7.9231407
    endloop
  endfacet
  facet normal -0 0 1
    outer loop
      vertex 4.43949 -44.0427 7.9231407
      vertex 4.52066 -76.1532 7.9231407
      vertex 4.52066 -43.8468 7.9231407
    endloop
  endfacet
  facet normal 0 0 1
    outer loop
      vertex 4.43949 -44.0427 7.9231407
      vertex 4.43949 -75.9573 7.9231407
      vertex 4.52066 -76.1532 7.9231407
    endloop
  endfacet
  facet normal -0 0 1
    outer loop
      vertex 4.42545 -44.0766 7.9231407
      vertex 4.43949 -75.9573 7.9231407
      vertex 4.43949 -44.0427 7.9231407
    endloop
  endfacet
  facet normal 0 0 1
    outer loop
      vertex 4.42545 -44.0766 7.9231407
      vertex 4.42545 -75.9234 7.9231407
      vertex 4.43949 -75.9573 7.9231407
    endloop
  endfacet
  facet normal -0 0 1
    outer loop
      vertex 4.29635 -44.2449 7.9231407
      vertex 4.42545 -75.9234 7.9231407
      vertex 4.42545 -44.0766 7.9231407
    endloop
  endfacet
  facet normal 0 0 1
    outer loop
      vertex 4.29635 -44.2449 7.9231407
      vertex 4.29635 -75.7551 7.9231407
      vertex 4.42545 -75.9234 7.9231407
    endloop
  endfacet
  facet normal -0 0 1
    outer loop
      vertex 4.27401 -44.274 7.9231407
      vertex 4.29635 -75.7551 7.9231407
      vertex 4.29635 -44.2449 7.9231407
    endloop
  endfacet
  facet normal 0 0 1
    outer loop
      vertex 4.27401 -44.274 7.9231407
      vertex 4.27401 -75.726 7.9231407
      vertex 4.29635 -75.7551 7.9231407
    endloop
  endfacet
  facet normal -0 0 1
    outer loop
      vertex 4.24488 -44.2963 7.9231407
      vertex 4.27401 -75.726 7.9231407
      vertex 4.27401 -44.274 7.9231407
    endloop
  endfacet
  facet normal 0 0 1
    outer loop
      vertex 4.24488 -44.2963 7.9231407
      vertex 4.24488 -75.7037 7.9231407
      vertex 4.27401 -75.726 7.9231407
    endloop
  endfacet
  facet normal -0 0 1
    outer loop
      vertex 4.07663 -44.4254 7.9231407
      vertex 4.24488 -75.7037 7.9231407
      vertex 4.24488 -44.2963 7.9231407
    endloop
  endfacet
  facet normal 0 0 1
    outer loop
      vertex 4.07663 -44.4254 7.9231407
      vertex 4.07663 -75.5746 7.9231407
      vertex 4.24488 -75.7037 7.9231407
    endloop
  endfacet
  facet normal -0 0 1
    outer loop
      vertex 4.04272 -44.4395 7.9231407
      vertex 4.07663 -75.5746 7.9231407
      vertex 4.07663 -44.4254 7.9231407
    endloop
  endfacet
  facet normal 0 0 1
    outer loop
      vertex 4.04272 -44.4395 7.9231407
      vertex 4.04272 -75.5605 7.9231407
      vertex 4.07663 -75.5746 7.9231407
    endloop
  endfacet
  facet normal -0 0 1
    outer loop
      vertex 3.8468 -44.5207 7.9231407
      vertex 4.04272 -75.5605 7.9231407
      vertex 4.04272 -44.4395 7.9231407
    endloop
  endfacet
  facet normal 0 0 1
    outer loop
      vertex 3.8468 -44.5207 7.9231407
      vertex 3.8468 -75.4793 7.9231407
      vertex 4.04272 -75.5605 7.9231407
    endloop
  endfacet
  facet normal -0 0 1
    outer loop
      vertex 3.81041 -44.5254 7.9231407
      vertex 3.8468 -75.4793 7.9231407
      vertex 3.8468 -44.5207 7.9231407
    endloop
  endfacet
  facet normal 0 0 1
    outer loop
      vertex 3.81041 -44.5254 7.9231407
      vertex 3.81041 -75.4745 7.9231407
      vertex 3.8468 -75.4793 7.9231407
    endloop
  endfacet
  facet normal -0 0 1
    outer loop
      vertex 3.60014 -44.5531 7.9231407
      vertex 3.81041 -75.4745 7.9231407
      vertex 3.81041 -44.5254 7.9231407
    endloop
  endfacet
  facet normal 0 0 1
    outer loop
      vertex 3.60014 -44.5531 7.9231407
      vertex 3.60014 -75.4469 7.9231407
      vertex 3.81041 -75.4745 7.9231407
    endloop
  endfacet
  facet normal -0 0 1
    outer loop
      vertex -3.60014 -44.5531 7.9231407
      vertex 3.60014 -75.4469 7.9231407
      vertex 3.60014 -44.5531 7.9231407
    endloop
  endfacet
  facet normal 0 0 1
    outer loop
      vertex -3.60014 -44.5531 7.9231407
      vertex -3.60014 -75.4469 7.9231407
      vertex 3.60014 -75.4469 7.9231407
    endloop
  endfacet
  facet normal 0 0 1
    outer loop
      vertex -3.81041 -44.5254 7.9231407
      vertex -3.60014 -75.4469 7.9231407
      vertex -3.60014 -44.5531 7.9231407
    endloop
  endfacet
  facet normal 0 0 1
    outer loop
      vertex -3.81041 -44.5254 7.9231407
      vertex -3.81041 -75.4745 7.9231407
      vertex -3.60014 -75.4469 7.9231407
    endloop
  endfacet
  facet normal 0 0 1
    outer loop
      vertex -3.8468 -44.5207 7.9231407
      vertex -3.81041 -75.4745 7.9231407
      vertex -3.81041 -44.5254 7.9231407
    endloop
  endfacet
  facet normal 0 0 1
    outer loop
      vertex -3.8468 -44.5207 7.9231407
      vertex -3.8468 -75.4793 7.9231407
      vertex -3.81041 -75.4745 7.9231407
    endloop
  endfacet
  facet normal 0 0 1
    outer loop
      vertex -4.04272 -44.4395 7.9231407
      vertex -3.8468 -75.4793 7.9231407
      vertex -3.8468 -44.5207 7.9231407
    endloop
  endfacet
  facet normal 0 0 1
    outer loop
      vertex -4.04272 -44.4395 7.9231407
      vertex -4.04272 -75.5605 7.9231407
      vertex -3.8468 -75.4793 7.9231407
    endloop
  endfacet
  facet normal 0 0 1
    outer loop
      vertex -4.07663 -44.4254 7.9231407
      vertex -4.04272 -75.5605 7.9231407
      vertex -4.04272 -44.4395 7.9231407
    endloop
  endfacet
  facet normal 0 0 1
    outer loop
      vertex -4.07663 -44.4254 7.9231407
      vertex -4.07663 -75.5746 7.9231407
      vertex -4.04272 -75.5605 7.9231407
    endloop
  endfacet
  facet normal 0 0 1
    outer loop
      vertex -4.24488 -44.2963 7.9231407
      vertex -4.07663 -75.5746 7.9231407
      vertex -4.07663 -44.4254 7.9231407
    endloop
  endfacet
  facet normal 0 0 1
    outer loop
      vertex -4.24488 -44.2963 7.9231407
      vertex -4.24488 -75.7037 7.9231407
      vertex -4.07663 -75.5746 7.9231407
    endloop
  endfacet
  facet normal 0 0 1
    outer loop
      vertex -4.27401 -44.274 7.9231407
      vertex -4.24488 -75.7037 7.9231407
      vertex -4.24488 -44.2963 7.9231407
    endloop
  endfacet
  facet normal 0 0 1
    outer loop
      vertex -4.27401 -44.274 7.9231407
      vertex -4.27401 -75.726 7.9231407
      vertex -4.24488 -75.7037 7.9231407
    endloop
  endfacet
  facet normal 0 0 1
    outer loop
      vertex -4.29635 -44.2449 7.9231407
      vertex -4.27401 -75.726 7.9231407
      vertex -4.27401 -44.274 7.9231407
    endloop
  endfacet
  facet normal 0 0 1
    outer loop
      vertex -4.29635 -44.2449 7.9231407
      vertex -4.29635 -75.7551 7.9231407
      vertex -4.27401 -75.726 7.9231407
    endloop
  endfacet
  facet normal 0 0 1
    outer loop
      vertex -4.42545 -44.0766 7.9231407
      vertex -4.29635 -75.7551 7.9231407
      vertex -4.29635 -44.2449 7.9231407
    endloop
  endfacet
  facet normal 0 0 1
    outer loop
      vertex -4.42545 -44.0766 7.9231407
      vertex -4.42545 -75.9234 7.9231407
      vertex -4.29635 -75.7551 7.9231407
    endloop
  endfacet
  facet normal 0 0 1
    outer loop
      vertex -4.43949 -44.0427 7.9231407
      vertex -4.42545 -75.9234 7.9231407
      vertex -4.42545 -44.0766 7.9231407
    endloop
  endfacet
  facet normal 0 0 1
    outer loop
      vertex -4.43949 -44.0427 7.9231407
      vertex -4.43949 -75.9573 7.9231407
      vertex -4.42545 -75.9234 7.9231407
    endloop
  endfacet
  facet normal 0 0 1
    outer loop
      vertex -4.52066 -43.8468 7.9231407
      vertex -4.43949 -75.9573 7.9231407
      vertex -4.43949 -44.0427 7.9231407
    endloop
  endfacet
  facet normal 0 0 1
    outer loop
      vertex -4.52066 -43.8468 7.9231407
      vertex -4.52066 -76.1532 7.9231407
      vertex -4.43949 -75.9573 7.9231407
    endloop
  endfacet
  facet normal 0 0 1
    outer loop
      vertex -23 -1.60982 7.9231407
      vertex -4.52066 -43.8468 7.9231407
      vertex -4.52545 -43.8104 7.9231407
    endloop
  endfacet
  facet normal 0 0 1
    outer loop
      vertex -4.52066 -43.8468 7.9231407
      vertex -23 -1.60982 7.9231407
      vertex -4.52066 -76.1532 7.9231407
    endloop
  endfacet
  facet normal 0 0 1
    outer loop
      vertex -23 -1.60982 7.9231407
      vertex -4.52545 -43.8104 7.9231407
      vertex -4.55312 -43.6001 7.9231407
    endloop
  endfacet
  facet normal 0 0 1
    outer loop
      vertex -23 -118.39 7.9231407
      vertex -4.52066 -76.1532 7.9231407
      vertex -23 -1.60982 7.9231407
    endloop
  endfacet
  facet normal 0 0 1
    outer loop
      vertex 4.52066 -23.8468 7.9231407
      vertex 23 -1.60982 7.9231407
      vertex 4.52545 -23.8104 7.9231407
    endloop
  endfacet
  facet normal 0 0 1
    outer loop
      vertex 23 -1.60982 7.9231407
      vertex 4.52545 -36.1896 7.9231407
      vertex 4.55312 -36.3999 7.9231407
    endloop
  endfacet
  facet normal 0 0 1
    outer loop
      vertex 4.52066 -36.1532 7.9231407
      vertex 23 -1.60982 7.9231407
      vertex 4.52066 -23.8468 7.9231407
    endloop
  endfacet
  facet normal 0 0 1
    outer loop
      vertex 23 -1.60982 7.9231407
      vertex 4.52066 -36.1532 7.9231407
      vertex 4.52545 -36.1896 7.9231407
    endloop
  endfacet
  facet normal -0 0 1
    outer loop
      vertex 4.43949 -24.0427 7.9231407
      vertex 4.52066 -36.1532 7.9231407
      vertex 4.52066 -23.8468 7.9231407
    endloop
  endfacet
  facet normal 0 0 1
    outer loop
      vertex 4.43949 -24.0427 7.9231407
      vertex 4.43949 -35.9573 7.9231407
      vertex 4.52066 -36.1532 7.9231407
    endloop
  endfacet
  facet normal -0 0 1
    outer loop
      vertex 4.42545 -24.0766 7.9231407
      vertex 4.43949 -35.9573 7.9231407
      vertex 4.43949 -24.0427 7.9231407
    endloop
  endfacet
  facet normal 0 0 1
    outer loop
      vertex 4.42545 -24.0766 7.9231407
      vertex 4.42545 -35.9234 7.9231407
      vertex 4.43949 -35.9573 7.9231407
    endloop
  endfacet
  facet normal -0 0 1
    outer loop
      vertex 4.29635 -24.2449 7.9231407
      vertex 4.42545 -35.9234 7.9231407
      vertex 4.42545 -24.0766 7.9231407
    endloop
  endfacet
  facet normal 0 0 1
    outer loop
      vertex 4.29635 -24.2449 7.9231407
      vertex 4.29635 -35.7551 7.9231407
      vertex 4.42545 -35.9234 7.9231407
    endloop
  endfacet
  facet normal -0 0 1
    outer loop
      vertex 4.27401 -24.274 7.9231407
      vertex 4.29635 -35.7551 7.9231407
      vertex 4.29635 -24.2449 7.9231407
    endloop
  endfacet
  facet normal 0 0 1
    outer loop
      vertex 4.27401 -24.274 7.9231407
      vertex 4.27401 -35.726 7.9231407
      vertex 4.29635 -35.7551 7.9231407
    endloop
  endfacet
  facet normal -0 0 1
    outer loop
      vertex 4.24488 -24.2964 7.9231407
      vertex 4.27401 -35.726 7.9231407
      vertex 4.27401 -24.274 7.9231407
    endloop
  endfacet
  facet normal 0 0 1
    outer loop
      vertex 4.24488 -24.2964 7.9231407
      vertex 4.24488 -35.7037 7.9231407
      vertex 4.27401 -35.726 7.9231407
    endloop
  endfacet
  facet normal -0 0 1
    outer loop
      vertex 4.07663 -24.4254 7.9231407
      vertex 4.24488 -35.7037 7.9231407
      vertex 4.24488 -24.2964 7.9231407
    endloop
  endfacet
  facet normal 0 0 1
    outer loop
      vertex 4.07663 -24.4254 7.9231407
      vertex 4.07663 -35.5746 7.9231407
      vertex 4.24488 -35.7037 7.9231407
    endloop
  endfacet
  facet normal -0 0 1
    outer loop
      vertex 4.04272 -24.4395 7.9231407
      vertex 4.07663 -35.5746 7.9231407
      vertex 4.07663 -24.4254 7.9231407
    endloop
  endfacet
  facet normal 0 0 1
    outer loop
      vertex 4.04272 -24.4395 7.9231407
      vertex 4.04272 -35.5605 7.9231407
      vertex 4.07663 -35.5746 7.9231407
    endloop
  endfacet
  facet normal -0 0 1
    outer loop
      vertex 3.8468 -24.5207 7.9231407
      vertex 4.04272 -35.5605 7.9231407
      vertex 4.04272 -24.4395 7.9231407
    endloop
  endfacet
  facet normal 0 0 1
    outer loop
      vertex 3.8468 -24.5207 7.9231407
      vertex 3.8468 -35.4793 7.9231407
      vertex 4.04272 -35.5605 7.9231407
    endloop
  endfacet
  facet normal -0 0 1
    outer loop
      vertex 3.81041 -24.5254 7.9231407
      vertex 3.8468 -35.4793 7.9231407
      vertex 3.8468 -24.5207 7.9231407
    endloop
  endfacet
  facet normal 0 0 1
    outer loop
      vertex 3.81041 -24.5254 7.9231407
      vertex 3.81041 -35.4746 7.9231407
      vertex 3.8468 -35.4793 7.9231407
    endloop
  endfacet
  facet normal -0 0 1
    outer loop
      vertex 3.60014 -24.5531 7.9231407
      vertex 3.81041 -35.4746 7.9231407
      vertex 3.81041 -24.5254 7.9231407
    endloop
  endfacet
  facet normal 0 0 1
    outer loop
      vertex 3.60014 -24.5531 7.9231407
      vertex 3.60014 -35.4469 7.9231407
      vertex 3.81041 -35.4746 7.9231407
    endloop
  endfacet
  facet normal -0 0 1
    outer loop
      vertex -3.60014 -24.5531 7.9231407
      vertex 3.60014 -35.4469 7.9231407
      vertex 3.60014 -24.5531 7.9231407
    endloop
  endfacet
  facet normal 0 0 1
    outer loop
      vertex -3.60014 -24.5531 7.9231407
      vertex -3.60014 -35.4469 7.9231407
      vertex 3.60014 -35.4469 7.9231407
    endloop
  endfacet
  facet normal 0 0 1
    outer loop
      vertex -3.81041 -24.5254 7.9231407
      vertex -3.60014 -35.4469 7.9231407
      vertex -3.60014 -24.5531 7.9231407
    endloop
  endfacet
  facet normal 0 0 1
    outer loop
      vertex -3.81041 -24.5254 7.9231407
      vertex -3.81041 -35.4746 7.9231407
      vertex -3.60014 -35.4469 7.9231407
    endloop
  endfacet
  facet normal 0 0 1
    outer loop
      vertex -3.8468 -24.5207 7.9231407
      vertex -3.81041 -35.4746 7.9231407
      vertex -3.81041 -24.5254 7.9231407
    endloop
  endfacet
  facet normal 0 0 1
    outer loop
      vertex -3.8468 -24.5207 7.9231407
      vertex -3.8468 -35.4793 7.9231407
      vertex -3.81041 -35.4746 7.9231407
    endloop
  endfacet
  facet normal 0 0 1
    outer loop
      vertex -4.04272 -24.4395 7.9231407
      vertex -3.8468 -35.4793 7.9231407
      vertex -3.8468 -24.5207 7.9231407
    endloop
  endfacet
  facet normal 0 0 1
    outer loop
      vertex -4.04272 -24.4395 7.9231407
      vertex -4.04272 -35.5605 7.9231407
      vertex -3.8468 -35.4793 7.9231407
    endloop
  endfacet
  facet normal 0 0 1
    outer loop
      vertex -4.07663 -24.4254 7.9231407
      vertex -4.04272 -35.5605 7.9231407
      vertex -4.04272 -24.4395 7.9231407
    endloop
  endfacet
  facet normal 0 0 1
    outer loop
      vertex -4.07663 -24.4254 7.9231407
      vertex -4.07663 -35.5746 7.9231407
      vertex -4.04272 -35.5605 7.9231407
    endloop
  endfacet
  facet normal 0 0 1
    outer loop
      vertex -4.24488 -24.2964 7.9231407
      vertex -4.07663 -35.5746 7.9231407
      vertex -4.07663 -24.4254 7.9231407
    endloop
  endfacet
  facet normal 0 0 1
    outer loop
      vertex -4.24488 -24.2964 7.9231407
      vertex -4.24488 -35.7037 7.9231407
      vertex -4.07663 -35.5746 7.9231407
    endloop
  endfacet
  facet normal 0 0 1
    outer loop
      vertex -4.27401 -24.274 7.9231407
      vertex -4.24488 -35.7037 7.9231407
      vertex -4.24488 -24.2964 7.9231407
    endloop
  endfacet
  facet normal 0 0 1
    outer loop
      vertex -4.27401 -24.274 7.9231407
      vertex -4.27401 -35.726 7.9231407
      vertex -4.24488 -35.7037 7.9231407
    endloop
  endfacet
  facet normal 0 0 1
    outer loop
      vertex -4.29635 -24.2449 7.9231407
      vertex -4.27401 -35.726 7.9231407
      vertex -4.27401 -24.274 7.9231407
    endloop
  endfacet
  facet normal 0 0 1
    outer loop
      vertex -4.29635 -24.2449 7.9231407
      vertex -4.29635 -35.7551 7.9231407
      vertex -4.27401 -35.726 7.9231407
    endloop
  endfacet
  facet normal 0 0 1
    outer loop
      vertex -4.42545 -24.0766 7.9231407
      vertex -4.29635 -35.7551 7.9231407
      vertex -4.29635 -24.2449 7.9231407
    endloop
  endfacet
  facet normal 0 0 1
    outer loop
      vertex -4.42545 -24.0766 7.9231407
      vertex -4.42545 -35.9234 7.9231407
      vertex -4.29635 -35.7551 7.9231407
    endloop
  endfacet
  facet normal 0 0 1
    outer loop
      vertex -4.43949 -24.0427 7.9231407
      vertex -4.42545 -35.9234 7.9231407
      vertex -4.42545 -24.0766 7.9231407
    endloop
  endfacet
  facet normal 0 0 1
    outer loop
      vertex -4.43949 -24.0427 7.9231407
      vertex -4.43949 -35.9573 7.9231407
      vertex -4.42545 -35.9234 7.9231407
    endloop
  endfacet
  facet normal 0 0 1
    outer loop
      vertex -4.52066 -23.8468 7.9231407
      vertex -4.43949 -35.9573 7.9231407
      vertex -4.43949 -24.0427 7.9231407
    endloop
  endfacet
  facet normal 0 0 1
    outer loop
      vertex -4.52066 -23.8468 7.9231407
      vertex -4.52066 -36.1532 7.9231407
      vertex -4.43949 -35.9573 7.9231407
    endloop
  endfacet
  facet normal 0 0 1
    outer loop
      vertex -23 -1.60982 7.9231407
      vertex -4.52066 -23.8468 7.9231407
      vertex -4.52545 -23.8104 7.9231407
    endloop
  endfacet
  facet normal 0 0 1
    outer loop
      vertex -4.52066 -23.8468 7.9231407
      vertex -23 -1.60982 7.9231407
      vertex -4.52066 -36.1532 7.9231407
    endloop
  endfacet
  facet normal 0 0 1
    outer loop
      vertex -23 -1.60982 7.9231407
      vertex -4.52545 -23.8104 7.9231407
      vertex -4.55312 -23.6001 7.9231407
    endloop
  endfacet
  facet normal 0 0 1
    outer loop
      vertex -4.52066 -36.1532 7.9231407
      vertex -23 -1.60982 7.9231407
      vertex -4.52545 -36.1896 7.9231407
    endloop
  endfacet
  facet normal 0 0 1
    outer loop
      vertex 4.55312 -23.6001 7.9231407
      vertex 23 -1.60982 7.9231407
      vertex 4.55312 -16.3999 7.9231407
    endloop
  endfacet
  facet normal 0 0 1
    outer loop
      vertex 23 -1.60982 7.9231407
      vertex 4.52545 -16.1896 7.9231407
      vertex 4.55312 -16.3999 7.9231407
    endloop
  endfacet
  facet normal 0 0 1
    outer loop
      vertex 23 -1.60982 7.9231407
      vertex 4.52066 -16.1532 7.9231407
      vertex 4.52545 -16.1896 7.9231407
    endloop
  endfacet
  facet normal 0 0 1
    outer loop
      vertex 23 -1.60982 7.9231407
      vertex 4.43949 -15.9573 7.9231407
      vertex 4.52066 -16.1532 7.9231407
    endloop
  endfacet
  facet normal 0 0 1
    outer loop
      vertex 23 -1.60982 7.9231407
      vertex 4.42545 -15.9234 7.9231407
      vertex 4.43949 -15.9573 7.9231407
    endloop
  endfacet
  facet normal 0 0 1
    outer loop
      vertex 23 -1.60982 7.9231407
      vertex 4.29635 -15.7551 7.9231407
      vertex 4.42545 -15.9234 7.9231407
    endloop
  endfacet
  facet normal 0 0 1
    outer loop
      vertex 23 -1.60982 7.9231407
      vertex 4.27401 -15.726 7.9231407
      vertex 4.29635 -15.7551 7.9231407
    endloop
  endfacet
  facet normal 0 0 1
    outer loop
      vertex 23 -1.60982 7.9231407
      vertex 4.24488 -15.7036 7.9231407
      vertex 4.27401 -15.726 7.9231407
    endloop
  endfacet
  facet normal 0 0 1
    outer loop
      vertex 23 -1.60982 7.9231407
      vertex 4.07663 -15.5746 7.9231407
      vertex 4.24488 -15.7036 7.9231407
    endloop
  endfacet
  facet normal 0 0 1
    outer loop
      vertex 23 -1.60982 7.9231407
      vertex 4.04272 -15.5605 7.9231407
      vertex 4.07663 -15.5746 7.9231407
    endloop
  endfacet
  facet normal 0 0 1
    outer loop
      vertex 23 -1.60982 7.9231407
      vertex 3.8468 -15.4793 7.9231407
      vertex 4.04272 -15.5605 7.9231407
    endloop
  endfacet
  facet normal 0 0 1
    outer loop
      vertex 23 -1.60982 7.9231407
      vertex 3.81041 -15.4746 7.9231407
      vertex 3.8468 -15.4793 7.9231407
    endloop
  endfacet
  facet normal 0 0 1
    outer loop
      vertex 23 -1.60982 7.9231407
      vertex 3.60014 -15.4469 7.9231407
      vertex 3.81041 -15.4746 7.9231407
    endloop
  endfacet
  facet normal 0 0 1
    outer loop
      vertex 23 -1.60982 7.9231407
      vertex -3.60014 -15.4469 7.9231407
      vertex 3.60014 -15.4469 7.9231407
    endloop
  endfacet
  facet normal -0 0 1
    outer loop
      vertex -23 -1.60982 7.9231407
      vertex -3.60014 -15.4469 7.9231407
      vertex 23 -1.60982 7.9231407
    endloop
  endfacet
  facet normal 0 0 1
    outer loop
      vertex -3.60014 -15.4469 7.9231407
      vertex -23 -1.60982 7.9231407
      vertex -3.81041 -15.4746 7.9231407
    endloop
  endfacet
  facet normal 0 0 1
    outer loop
      vertex -3.81041 -15.4746 7.9231407
      vertex -23 -1.60982 7.9231407
      vertex -3.8468 -15.4793 7.9231407
    endloop
  endfacet
  facet normal 0 0 1
    outer loop
      vertex -3.8468 -15.4793 7.9231407
      vertex -23 -1.60982 7.9231407
      vertex -4.04272 -15.5605 7.9231407
    endloop
  endfacet
  facet normal 0 0 1
    outer loop
      vertex -23 -1.60982 7.9231407
      vertex -4.29635 -15.7551 7.9231407
      vertex -4.27401 -15.726 7.9231407
    endloop
  endfacet
  facet normal 0 0 1
    outer loop
      vertex -23 -1.60982 7.9231407
      vertex -4.43949 -15.9573 7.9231407
      vertex -4.42545 -15.9234 7.9231407
    endloop
  endfacet
  facet normal 0 0 1
    outer loop
      vertex -23 -1.60982 7.9231407
      vertex -4.55312 -23.6001 7.9231407
      vertex -4.55312 -16.3999 7.9231407
    endloop
  endfacet
  facet normal 0 0 1
    outer loop
      vertex -4.52545 -36.1896 7.9231407
      vertex -23 -1.60982 7.9231407
      vertex -4.55312 -36.3999 7.9231407
    endloop
  endfacet
  facet normal 0 0 1
    outer loop
      vertex -4.55312 -36.3999 7.9231407
      vertex -23 -1.60982 7.9231407
      vertex -4.55312 -43.6001 7.9231407
    endloop
  endfacet
  facet normal 0 0 1
    outer loop
      vertex -4.52066 -76.1532 7.9231407
      vertex -23 -118.39 7.9231407
      vertex -4.52545 -76.1896 7.9231407
    endloop
  endfacet
  facet normal 0 0 1
    outer loop
      vertex -4.52545 -76.1896 7.9231407
      vertex -23 -118.39 7.9231407
      vertex -4.55312 -76.3999 7.9231407
    endloop
  endfacet
  facet normal 0 0 1
    outer loop
      vertex -4.55312 -76.3999 7.9231407
      vertex -23 -118.39 7.9231407
      vertex -4.55312 -83.6001 7.9231407
    endloop
  endfacet
  facet normal 0 0 1
    outer loop
      vertex -4.52545 -96.1896 7.9231407
      vertex -23 -118.39 7.9231407
      vertex -4.55312 -96.3999 7.9231407
    endloop
  endfacet
  facet normal 0 0 1
    outer loop
      vertex -4.52545 -16.1896 7.9231407
      vertex -23 -1.60982 7.9231407
      vertex -4.55312 -16.3999 7.9231407
    endloop
  endfacet
  facet normal 0 0 1
    outer loop
      vertex -4.52066 -16.1532 7.9231407
      vertex -23 -1.60982 7.9231407
      vertex -4.52545 -16.1896 7.9231407
    endloop
  endfacet
  facet normal 0 0 1
    outer loop
      vertex -4.43949 -15.9573 7.9231407
      vertex -23 -1.60982 7.9231407
      vertex -4.52066 -16.1532 7.9231407
    endloop
  endfacet
  facet normal 0 0 1
    outer loop
      vertex -4.29635 -15.7551 7.9231407
      vertex -23 -1.60982 7.9231407
      vertex -4.42545 -15.9234 7.9231407
    endloop
  endfacet
  facet normal 0 0 1
    outer loop
      vertex -4.24488 -15.7036 7.9231407
      vertex -23 -1.60982 7.9231407
      vertex -4.27401 -15.726 7.9231407
    endloop
  endfacet
  facet normal 0 0 1
    outer loop
      vertex -4.07663 -15.5746 7.9231407
      vertex -23 -1.60982 7.9231407
      vertex -4.24488 -15.7036 7.9231407
    endloop
  endfacet
  facet normal 0 0 1
    outer loop
      vertex -4.04272 -15.5605 7.9231407
      vertex -23 -1.60982 7.9231407
      vertex -4.07663 -15.5746 7.9231407
    endloop
  endfacet
  facet normal 0 0 1
    outer loop
      vertex 4.52545 -23.8104 7.9231407
      vertex 23 -1.60982 7.9231407
      vertex 4.55312 -23.6001 7.9231407
    endloop
  endfacet
  facet normal 0 0 1
    outer loop
      vertex 4.55312 -43.6001 7.9231407
      vertex 23 -1.60982 7.9231407
      vertex 4.55312 -36.3999 7.9231407
    endloop
  endfacet
  facet normal 0 0 1
    outer loop
      vertex 4.52545 -43.8104 7.9231407
      vertex 23 -1.60982 7.9231407
      vertex 4.55312 -43.6001 7.9231407
    endloop
  endfacet
  facet normal 0 0 1
    outer loop
      vertex 4.52066 -43.8468 7.9231407
      vertex 23 -1.60982 7.9231407
      vertex 4.52545 -43.8104 7.9231407
    endloop
  endfacet
  facet normal -0 0 1
    outer loop
      vertex 4.55312 -83.6001 7.9231407
      vertex 23 -118.39 7.9231407
      vertex 4.55312 -76.3999 7.9231407
    endloop
  endfacet
  facet normal -0 0 1
    outer loop
      vertex 4.52545 -83.8104 7.9231407
      vertex 23 -118.39 7.9231407
      vertex 4.55312 -83.6001 7.9231407
    endloop
  endfacet
  facet normal -0 0 1
    outer loop
      vertex 4.55312 -103.6 7.9231407
      vertex 23 -118.39 7.9231407
      vertex 4.55312 -96.3999 7.9231407
    endloop
  endfacet
  facet normal -0 0 1
    outer loop
      vertex 4.52545 -103.81 7.9231407
      vertex 23 -118.39 7.9231407
      vertex 4.55312 -103.6 7.9231407
    endloop
  endfacet
  facet normal -0 0 1
    outer loop
      vertex 4.52066 -103.847 7.9231407
      vertex 23 -118.39 7.9231407
      vertex 4.52545 -103.81 7.9231407
    endloop
  endfacet
  facet normal -0 0 1
    outer loop
      vertex 4.43949 -104.043 7.9231407
      vertex 23 -118.39 7.9231407
      vertex 4.52066 -103.847 7.9231407
    endloop
  endfacet
  facet normal -0 0 1
    outer loop
      vertex 4.42545 -104.077 7.9231407
      vertex 23 -118.39 7.9231407
      vertex 4.43949 -104.043 7.9231407
    endloop
  endfacet
  facet normal -0 0 1
    outer loop
      vertex 4.29635 -104.245 7.9231407
      vertex 23 -118.39 7.9231407
      vertex 4.42545 -104.077 7.9231407
    endloop
  endfacet
  facet normal -0 0 1
    outer loop
      vertex 4.27401 -104.274 7.9231407
      vertex 23 -118.39 7.9231407
      vertex 4.29635 -104.245 7.9231407
    endloop
  endfacet
  facet normal -0 0 1
    outer loop
      vertex 4.24488 -104.296 7.9231407
      vertex 23 -118.39 7.9231407
      vertex 4.27401 -104.274 7.9231407
    endloop
  endfacet
  facet normal -0 0 1
    outer loop
      vertex 4.07663 -104.425 7.9231407
      vertex 23 -118.39 7.9231407
      vertex 4.24488 -104.296 7.9231407
    endloop
  endfacet
  facet normal -0 0 1
    outer loop
      vertex 4.04272 -104.439 7.9231407
      vertex 23 -118.39 7.9231407
      vertex 4.07663 -104.425 7.9231407
    endloop
  endfacet
  facet normal -0 0 1
    outer loop
      vertex 3.8468 -104.521 7.9231407
      vertex 23 -118.39 7.9231407
      vertex 4.04272 -104.439 7.9231407
    endloop
  endfacet
  facet normal -0 0 1
    outer loop
      vertex 3.81041 -104.525 7.9231407
      vertex 23 -118.39 7.9231407
      vertex 3.8468 -104.521 7.9231407
    endloop
  endfacet
  facet normal -0 0 1
    outer loop
      vertex 3.60014 -104.553 7.9231407
      vertex 23 -118.39 7.9231407
      vertex 3.81041 -104.525 7.9231407
    endloop
  endfacet
  facet normal -0 0 1
    outer loop
      vertex -3.60014 -104.553 7.9231407
      vertex 23 -118.39 7.9231407
      vertex 3.60014 -104.553 7.9231407
    endloop
  endfacet
  facet normal 0 0 1
    outer loop
      vertex -23 -118.39 7.9231407
      vertex -3.60014 -104.553 7.9231407
      vertex -3.81041 -104.525 7.9231407
    endloop
  endfacet
  facet normal 0 0 1
    outer loop
      vertex -23 -118.39 7.9231407
      vertex -3.81041 -104.525 7.9231407
      vertex -3.8468 -104.521 7.9231407
    endloop
  endfacet
  facet normal 0 0 1
    outer loop
      vertex -23 -118.39 7.9231407
      vertex -3.8468 -104.521 7.9231407
      vertex -4.04272 -104.439 7.9231407
    endloop
  endfacet
  facet normal 0 0 1
    outer loop
      vertex -23 -118.39 7.9231407
      vertex -4.04272 -104.439 7.9231407
      vertex -4.07663 -104.425 7.9231407
    endloop
  endfacet
  facet normal 0 0 1
    outer loop
      vertex -23 -118.39 7.9231407
      vertex -4.43949 -104.043 7.9231407
      vertex -4.52066 -103.847 7.9231407
    endloop
  endfacet
  facet normal 0 0 1
    outer loop
      vertex -4.55312 -96.3999 7.9231407
      vertex -23 -118.39 7.9231407
      vertex -4.55312 -103.6 7.9231407
    endloop
  endfacet
  facet normal 0 0 1
    outer loop
      vertex -4.55312 -103.6 7.9231407
      vertex -23 -118.39 7.9231407
      vertex -4.52545 -103.81 7.9231407
    endloop
  endfacet
  facet normal 0 0 1
    outer loop
      vertex -3.60014 -104.553 7.9231407
      vertex -23 -118.39 7.9231407
      vertex 23 -118.39 7.9231407
    endloop
  endfacet
  facet normal 0 0 1
    outer loop
      vertex -4.24488 -104.296 7.9231407
      vertex -23 -118.39 7.9231407
      vertex -4.07663 -104.425 7.9231407
    endloop
  endfacet
  facet normal 0 0 1
    outer loop
      vertex -4.27401 -104.274 7.9231407
      vertex -23 -118.39 7.9231407
      vertex -4.24488 -104.296 7.9231407
    endloop
  endfacet
  facet normal 0 0 1
    outer loop
      vertex -4.29635 -104.245 7.9231407
      vertex -23 -118.39 7.9231407
      vertex -4.27401 -104.274 7.9231407
    endloop
  endfacet
  facet normal 0 0 1
    outer loop
      vertex -4.42545 -104.077 7.9231407
      vertex -23 -118.39 7.9231407
      vertex -4.29635 -104.245 7.9231407
    endloop
  endfacet
  facet normal 0 0 1
    outer loop
      vertex -4.43949 -104.043 7.9231407
      vertex -23 -118.39 7.9231407
      vertex -4.42545 -104.077 7.9231407
    endloop
  endfacet
  facet normal 0 0 1
    outer loop
      vertex -4.52545 -103.81 7.9231407
      vertex -23 -118.39 7.9231407
      vertex -4.52066 -103.847 7.9231407
    endloop
  endfacet
  facet normal -0.770288 -0.376357 -0.514793
    outer loop
      vertex -24.5364 -119.111 1.3251907
      vertex -24.8123 -118.39 1.2109107
      vertex -24.387 -118.39 0.5745307
    endloop
  endfacet
  facet normal -0.381608 0.921208 -0.0758334
    outer loop
      vertex -24.0266 -0.33706 1.5363507
      vertex -24.1111 -0.33706 1.9615707
      vertex -23.3902 -0.0384293 1.9615707
    endloop
  endfacet
  facet normal -0.700363 -0.700079 0.139218
    outer loop
      vertex -24.5364 -119.111 6.5979507
      vertex -24.6629 -119.111 5.9615707
      vertex -24.0266 -119.663 6.3867807
    endloop
  endfacet
  facet normal 0.770288 -0.376357 -0.514793
    outer loop
      vertex 24.5364 -119.111 1.3251907
      vertex 24.387 -118.39 0.5745307
      vertex 24.8123 -118.39 1.2109107
    endloop
  endfacet
  facet normal 0.0759029 0.921215 0.381579
    outer loop
      vertex 23.4252 -0.33706 6.9881307
      vertex 23 -0.0384293 6.3517507
      vertex 23 -0.33706 7.0727107
    endloop
  endfacet
  facet normal -0.216351 -0.921044 0.323836
    outer loop
      vertex -23.1493 -119.962 6.3220507
      vertex -23.4252 -119.663 6.9881307
      vertex -23.2759 -119.962 6.2374707
    endloop
  endfacet
  facet normal 0.770334 0.376323 -0.51475
    outer loop
      vertex 24.387 -1.60982 0.5745307
      vertex 24.1759 -0.888859 0.7856947
      vertex 24.5364 -0.888859 1.3251907
    endloop
  endfacet
  facet normal -0.180736 -0.376356 0.908675
    outer loop
      vertex -23 -119.111 7.6245107
      vertex -23.7507 -118.39 7.7738207
      vertex -23.6364 -119.111 7.4979307
    endloop
  endfacet
  facet normal 0 0 -1
    outer loop
      vertex 4.52066 -36.1532 0
      vertex 23 -1.60982 0
      vertex 4.52545 -36.1896 0
    endloop
  endfacet
  facet normal 0 0 -1
    outer loop
      vertex 23 -1.60982 0
      vertex 4.52545 -23.8104 0
      vertex 4.55312 -23.6001 0
    endloop
  endfacet
  facet normal 0 0 -1
    outer loop
      vertex 4.52066 -23.8468 0
      vertex 23 -1.60982 0
      vertex 4.52066 -36.1532 0
    endloop
  endfacet
  facet normal 0 0 -1
    outer loop
      vertex 23 -1.60982 0
      vertex 4.52066 -23.8468 0
      vertex 4.52545 -23.8104 0
    endloop
  endfacet
  facet normal 0 0 -1
    outer loop
      vertex 4.4395 -35.9573 0
      vertex 4.52066 -23.8468 0
      vertex 4.52066 -36.1532 0
    endloop
  endfacet
  facet normal 0 0 -1
    outer loop
      vertex 4.4395 -35.9573 0
      vertex 4.4395 -24.0427 0
      vertex 4.52066 -23.8468 0
    endloop
  endfacet
  facet normal 0 0 -1
    outer loop
      vertex 4.42545 -35.9234 0
      vertex 4.4395 -24.0427 0
      vertex 4.4395 -35.9573 0
    endloop
  endfacet
  facet normal 0 0 -1
    outer loop
      vertex 4.42545 -35.9234 0
      vertex 4.42545 -24.0766 0
      vertex 4.4395 -24.0427 0
    endloop
  endfacet
  facet normal 0 0 -1
    outer loop
      vertex 4.29635 -35.7551 0
      vertex 4.42545 -24.0766 0
      vertex 4.42545 -35.9234 0
    endloop
  endfacet
  facet normal 0 0 -1
    outer loop
      vertex 4.29635 -35.7551 0
      vertex 4.29635 -24.2449 0
      vertex 4.42545 -24.0766 0
    endloop
  endfacet
  facet normal 0 0 -1
    outer loop
      vertex 4.27401 -35.726 0
      vertex 4.29635 -24.2449 0
      vertex 4.29635 -35.7551 0
    endloop
  endfacet
  facet normal 0 0 -1
    outer loop
      vertex 4.27401 -35.726 0
      vertex 4.27401 -24.274 0
      vertex 4.29635 -24.2449 0
    endloop
  endfacet
  facet normal 0 0 -1
    outer loop
      vertex 4.10575 -35.5969 0
      vertex 4.27401 -24.274 0
      vertex 4.27401 -35.726 0
    endloop
  endfacet
  facet normal 0 0 -1
    outer loop
      vertex 4.10575 -35.5969 0
      vertex 4.10575 -24.4031 0
      vertex 4.27401 -24.274 0
    endloop
  endfacet
  facet normal 0 0 -1
    outer loop
      vertex 4.07663 -35.5746 0
      vertex 4.10575 -24.4031 0
      vertex 4.10575 -35.5969 0
    endloop
  endfacet
  facet normal 0 0 -1
    outer loop
      vertex 4.07663 -35.5746 0
      vertex 4.07663 -24.4254 0
      vertex 4.10575 -24.4031 0
    endloop
  endfacet
  facet normal 0 0 -1
    outer loop
      vertex 4.04272 -35.5605 0
      vertex 4.07663 -24.4254 0
      vertex 4.07663 -35.5746 0
    endloop
  endfacet
  facet normal 0 0 -1
    outer loop
      vertex 4.04272 -35.5605 0
      vertex 4.04272 -24.4395 0
      vertex 4.07663 -24.4254 0
    endloop
  endfacet
  facet normal 0 0 -1
    outer loop
      vertex 3.8468 -35.4793 0
      vertex 4.04272 -24.4395 0
      vertex 4.04272 -35.5605 0
    endloop
  endfacet
  facet normal 0 0 -1
    outer loop
      vertex 3.8468 -35.4793 0
      vertex 3.8468 -24.5207 0
      vertex 4.04272 -24.4395 0
    endloop
  endfacet
  facet normal 0 0 -1
    outer loop
      vertex 3.81041 -35.4745 0
      vertex 3.8468 -24.5207 0
      vertex 3.8468 -35.4793 0
    endloop
  endfacet
  facet normal 0 0 -1
    outer loop
      vertex 3.81041 -35.4745 0
      vertex 3.81041 -24.5254 0
      vertex 3.8468 -24.5207 0
    endloop
  endfacet
  facet normal 0 0 -1
    outer loop
      vertex 3.60015 -35.4469 0
      vertex 3.81041 -24.5254 0
      vertex 3.81041 -35.4745 0
    endloop
  endfacet
  facet normal 0 0 -1
    outer loop
      vertex 3.60015 -35.4469 0
      vertex 3.60015 -24.5531 0
      vertex 3.81041 -24.5254 0
    endloop
  endfacet
  facet normal 0 0 -1
    outer loop
      vertex -3.60015 -35.4469 0
      vertex 3.60015 -24.5531 0
      vertex 3.60015 -35.4469 0
    endloop
  endfacet
  facet normal 0 0 -1
    outer loop
      vertex -3.60015 -35.4469 0
      vertex -3.60015 -24.5531 0
      vertex 3.60015 -24.5531 0
    endloop
  endfacet
  facet normal 0 0 -1
    outer loop
      vertex -3.81041 -35.4745 0
      vertex -3.60015 -24.5531 0
      vertex -3.60015 -35.4469 0
    endloop
  endfacet
  facet normal 0 0 -1
    outer loop
      vertex -3.81041 -35.4745 0
      vertex -3.81041 -24.5254 0
      vertex -3.60015 -24.5531 0
    endloop
  endfacet
  facet normal 0 0 -1
    outer loop
      vertex -3.8468 -35.4793 0
      vertex -3.81041 -24.5254 0
      vertex -3.81041 -35.4745 0
    endloop
  endfacet
  facet normal 0 0 -1
    outer loop
      vertex -3.8468 -35.4793 0
      vertex -3.8468 -24.5207 0
      vertex -3.81041 -24.5254 0
    endloop
  endfacet
  facet normal 0 0 -1
    outer loop
      vertex -4.04272 -35.5605 0
      vertex -3.8468 -24.5207 0
      vertex -3.8468 -35.4793 0
    endloop
  endfacet
  facet normal 0 0 -1
    outer loop
      vertex -4.04272 -35.5605 0
      vertex -4.04272 -24.4395 0
      vertex -3.8468 -24.5207 0
    endloop
  endfacet
  facet normal 0 0 -1
    outer loop
      vertex -4.07663 -35.5746 0
      vertex -4.04272 -24.4395 0
      vertex -4.04272 -35.5605 0
    endloop
  endfacet
  facet normal 0 0 -1
    outer loop
      vertex -4.07663 -35.5746 0
      vertex -4.07663 -24.4254 0
      vertex -4.04272 -24.4395 0
    endloop
  endfacet
  facet normal 0 0 -1
    outer loop
      vertex -4.10575 -35.5969 0
      vertex -4.07663 -24.4254 0
      vertex -4.07663 -35.5746 0
    endloop
  endfacet
  facet normal 0 0 -1
    outer loop
      vertex -4.10575 -35.5969 0
      vertex -4.10575 -24.4031 0
      vertex -4.07663 -24.4254 0
    endloop
  endfacet
  facet normal 0 0 -1
    outer loop
      vertex -4.27401 -35.726 0
      vertex -4.10575 -24.4031 0
      vertex -4.10575 -35.5969 0
    endloop
  endfacet
  facet normal 0 0 -1
    outer loop
      vertex -4.27401 -35.726 0
      vertex -4.27401 -24.274 0
      vertex -4.10575 -24.4031 0
    endloop
  endfacet
  facet normal 0 0 -1
    outer loop
      vertex -4.29635 -35.7551 0
      vertex -4.27401 -24.274 0
      vertex -4.27401 -35.726 0
    endloop
  endfacet
  facet normal 0 0 -1
    outer loop
      vertex -4.29635 -35.7551 0
      vertex -4.29635 -24.2449 0
      vertex -4.27401 -24.274 0
    endloop
  endfacet
  facet normal 0 0 -1
    outer loop
      vertex -4.42545 -35.9234 0
      vertex -4.29635 -24.2449 0
      vertex -4.29635 -35.7551 0
    endloop
  endfacet
  facet normal 0 0 -1
    outer loop
      vertex -4.42545 -35.9234 0
      vertex -4.42545 -24.0766 0
      vertex -4.29635 -24.2449 0
    endloop
  endfacet
  facet normal 0 0 -1
    outer loop
      vertex -4.4395 -35.9573 0
      vertex -4.42545 -24.0766 0
      vertex -4.42545 -35.9234 0
    endloop
  endfacet
  facet normal 0 0 -1
    outer loop
      vertex -4.4395 -35.9573 0
      vertex -4.4395 -24.0427 0
      vertex -4.42545 -24.0766 0
    endloop
  endfacet
  facet normal 0 0 -1
    outer loop
      vertex -4.52066 -36.1532 0
      vertex -4.4395 -24.0427 0
      vertex -4.4395 -35.9573 0
    endloop
  endfacet
  facet normal 0 0 -1
    outer loop
      vertex -4.52066 -36.1532 0
      vertex -4.52066 -23.8468 0
      vertex -4.4395 -24.0427 0
    endloop
  endfacet
  facet normal 0 0 -1
    outer loop
      vertex -23 -1.60982 0
      vertex -4.52066 -36.1532 0
      vertex -4.52545 -36.1896 0
    endloop
  endfacet
  facet normal 0 0 -1
    outer loop
      vertex -4.52066 -36.1532 0
      vertex -23 -1.60982 0
      vertex -4.52066 -23.8468 0
    endloop
  endfacet
  facet normal 0 0 -1
    outer loop
      vertex -23 -1.60982 0
      vertex -4.52545 -36.1896 0
      vertex -4.55312 -36.3999 0
    endloop
  endfacet
  facet normal 0 0 -1
    outer loop
      vertex -4.52066 -23.8468 0
      vertex -23 -1.60982 0
      vertex -4.52545 -23.8104 0
    endloop
  endfacet
  facet normal 0 0 -1
    outer loop
      vertex 23 -118.39 0
      vertex 4.52066 -76.1532 0
      vertex 23 -1.60982 0
    endloop
  endfacet
  facet normal 0 0 -1
    outer loop
      vertex 23 -1.60982 0
      vertex 4.52545 -43.8104 0
      vertex 4.55312 -43.6001 0
    endloop
  endfacet
  facet normal 0 0 -1
    outer loop
      vertex 4.52066 -43.8468 0
      vertex 23 -1.60982 0
      vertex 4.52066 -76.1532 0
    endloop
  endfacet
  facet normal 0 0 -1
    outer loop
      vertex 23 -1.60982 0
      vertex 4.52066 -43.8468 0
      vertex 4.52545 -43.8104 0
    endloop
  endfacet
  facet normal 0 0 -1
    outer loop
      vertex 4.4395 -75.9573 0
      vertex 4.52066 -43.8468 0
      vertex 4.52066 -76.1532 0
    endloop
  endfacet
  facet normal 0 0 -1
    outer loop
      vertex 4.4395 -75.9573 0
      vertex 4.4395 -44.0427 0
      vertex 4.52066 -43.8468 0
    endloop
  endfacet
  facet normal 0 0 -1
    outer loop
      vertex 4.42545 -75.9234 0
      vertex 4.4395 -44.0427 0
      vertex 4.4395 -75.9573 0
    endloop
  endfacet
  facet normal 0 0 -1
    outer loop
      vertex 4.42545 -75.9234 0
      vertex 4.42545 -44.0766 0
      vertex 4.4395 -44.0427 0
    endloop
  endfacet
  facet normal 0 0 -1
    outer loop
      vertex 4.29635 -75.7551 0
      vertex 4.42545 -44.0766 0
      vertex 4.42545 -75.9234 0
    endloop
  endfacet
  facet normal 0 0 -1
    outer loop
      vertex 4.29635 -75.7551 0
      vertex 4.29635 -44.2449 0
      vertex 4.42545 -44.0766 0
    endloop
  endfacet
  facet normal 0 0 -1
    outer loop
      vertex 4.27401 -75.726 0
      vertex 4.29635 -44.2449 0
      vertex 4.29635 -75.7551 0
    endloop
  endfacet
  facet normal 0 0 -1
    outer loop
      vertex 4.27401 -75.726 0
      vertex 4.27401 -44.274 0
      vertex 4.29635 -44.2449 0
    endloop
  endfacet
  facet normal 0 0 -1
    outer loop
      vertex 4.10575 -75.5969 0
      vertex 4.27401 -44.274 0
      vertex 4.27401 -75.726 0
    endloop
  endfacet
  facet normal 0 0 -1
    outer loop
      vertex 4.10575 -75.5969 0
      vertex 4.10575 -44.4031 0
      vertex 4.27401 -44.274 0
    endloop
  endfacet
  facet normal 0 0 -1
    outer loop
      vertex 4.07663 -75.5746 0
      vertex 4.10575 -44.4031 0
      vertex 4.10575 -75.5969 0
    endloop
  endfacet
  facet normal 0 0 -1
    outer loop
      vertex 4.07663 -75.5746 0
      vertex 4.07663 -44.4254 0
      vertex 4.10575 -44.4031 0
    endloop
  endfacet
  facet normal 0 0 -1
    outer loop
      vertex 4.04272 -75.5605 0
      vertex 4.07663 -44.4254 0
      vertex 4.07663 -75.5746 0
    endloop
  endfacet
  facet normal 0 0 -1
    outer loop
      vertex 4.04272 -75.5605 0
      vertex 4.04272 -44.4395 0
      vertex 4.07663 -44.4254 0
    endloop
  endfacet
  facet normal 0 0 -1
    outer loop
      vertex 3.8468 -75.4793 0
      vertex 4.04272 -44.4395 0
      vertex 4.04272 -75.5605 0
    endloop
  endfacet
  facet normal 0 0 -1
    outer loop
      vertex 3.8468 -75.4793 0
      vertex 3.8468 -44.5207 0
      vertex 4.04272 -44.4395 0
    endloop
  endfacet
  facet normal 0 0 -1
    outer loop
      vertex 3.81041 -75.4745 0
      vertex 3.8468 -44.5207 0
      vertex 3.8468 -75.4793 0
    endloop
  endfacet
  facet normal 0 0 -1
    outer loop
      vertex 3.81041 -75.4745 0
      vertex 3.81041 -44.5255 0
      vertex 3.8468 -44.5207 0
    endloop
  endfacet
  facet normal 0 0 -1
    outer loop
      vertex 3.60015 -75.4469 0
      vertex 3.81041 -44.5255 0
      vertex 3.81041 -75.4745 0
    endloop
  endfacet
  facet normal 0 0 -1
    outer loop
      vertex 3.60015 -75.4469 0
      vertex 3.60015 -44.5531 0
      vertex 3.81041 -44.5255 0
    endloop
  endfacet
  facet normal 0 0 -1
    outer loop
      vertex -3.60015 -75.4469 0
      vertex 3.60015 -44.5531 0
      vertex 3.60015 -75.4469 0
    endloop
  endfacet
  facet normal 0 0 -1
    outer loop
      vertex -3.60015 -75.4469 0
      vertex -3.60015 -44.5531 0
      vertex 3.60015 -44.5531 0
    endloop
  endfacet
  facet normal 0 0 -1
    outer loop
      vertex -3.81041 -75.4745 0
      vertex -3.60015 -44.5531 0
      vertex -3.60015 -75.4469 0
    endloop
  endfacet
  facet normal 0 0 -1
    outer loop
      vertex -3.81041 -75.4745 0
      vertex -3.81041 -44.5255 0
      vertex -3.60015 -44.5531 0
    endloop
  endfacet
  facet normal 0 0 -1
    outer loop
      vertex -3.8468 -75.4793 0
      vertex -3.81041 -44.5255 0
      vertex -3.81041 -75.4745 0
    endloop
  endfacet
  facet normal 0 0 -1
    outer loop
      vertex -3.8468 -75.4793 0
      vertex -3.8468 -44.5207 0
      vertex -3.81041 -44.5255 0
    endloop
  endfacet
  facet normal 0 0 -1
    outer loop
      vertex -4.04272 -75.5605 0
      vertex -3.8468 -44.5207 0
      vertex -3.8468 -75.4793 0
    endloop
  endfacet
  facet normal 0 0 -1
    outer loop
      vertex -4.04272 -75.5605 0
      vertex -4.04272 -44.4395 0
      vertex -3.8468 -44.5207 0
    endloop
  endfacet
  facet normal 0 0 -1
    outer loop
      vertex -4.07663 -75.5746 0
      vertex -4.04272 -44.4395 0
      vertex -4.04272 -75.5605 0
    endloop
  endfacet
  facet normal 0 0 -1
    outer loop
      vertex -4.07663 -75.5746 0
      vertex -4.07663 -44.4254 0
      vertex -4.04272 -44.4395 0
    endloop
  endfacet
  facet normal 0 0 -1
    outer loop
      vertex -4.10575 -75.5969 0
      vertex -4.07663 -44.4254 0
      vertex -4.07663 -75.5746 0
    endloop
  endfacet
  facet normal 0 0 -1
    outer loop
      vertex -4.10575 -75.5969 0
      vertex -4.10575 -44.4031 0
      vertex -4.07663 -44.4254 0
    endloop
  endfacet
  facet normal 0 0 -1
    outer loop
      vertex -4.27401 -75.726 0
      vertex -4.10575 -44.4031 0
      vertex -4.10575 -75.5969 0
    endloop
  endfacet
  facet normal 0 0 -1
    outer loop
      vertex -4.27401 -75.726 0
      vertex -4.27401 -44.274 0
      vertex -4.10575 -44.4031 0
    endloop
  endfacet
  facet normal 0 0 -1
    outer loop
      vertex -4.29635 -75.7551 0
      vertex -4.27401 -44.274 0
      vertex -4.27401 -75.726 0
    endloop
  endfacet
  facet normal 0 0 -1
    outer loop
      vertex -4.29635 -75.7551 0
      vertex -4.29635 -44.2449 0
      vertex -4.27401 -44.274 0
    endloop
  endfacet
  facet normal 0 0 -1
    outer loop
      vertex -4.42545 -75.9234 0
      vertex -4.29635 -44.2449 0
      vertex -4.29635 -75.7551 0
    endloop
  endfacet
  facet normal 0 0 -1
    outer loop
      vertex -4.42545 -75.9234 0
      vertex -4.42545 -44.0766 0
      vertex -4.29635 -44.2449 0
    endloop
  endfacet
  facet normal 0 0 -1
    outer loop
      vertex -4.4395 -75.9573 0
      vertex -4.42545 -44.0766 0
      vertex -4.42545 -75.9234 0
    endloop
  endfacet
  facet normal 0 0 -1
    outer loop
      vertex -4.4395 -75.9573 0
      vertex -4.4395 -44.0427 0
      vertex -4.42545 -44.0766 0
    endloop
  endfacet
  facet normal 0 0 -1
    outer loop
      vertex -4.52066 -76.1532 0
      vertex -4.4395 -44.0427 0
      vertex -4.4395 -75.9573 0
    endloop
  endfacet
  facet normal 0 0 -1
    outer loop
      vertex -4.52066 -76.1532 0
      vertex -4.52066 -43.8468 0
      vertex -4.4395 -44.0427 0
    endloop
  endfacet
  facet normal 0 0 -1
    outer loop
      vertex -23 -118.39 0
      vertex -4.52066 -76.1532 0
      vertex -4.52545 -76.1896 0
    endloop
  endfacet
  facet normal -0 0 -1
    outer loop
      vertex -4.52066 -76.1532 0
      vertex -23 -118.39 0
      vertex -4.52066 -43.8468 0
    endloop
  endfacet
  facet normal 0 0 -1
    outer loop
      vertex -23 -118.39 0
      vertex -4.52545 -76.1896 0
      vertex -4.55312 -76.3999 0
    endloop
  endfacet
  facet normal 0 0 -1
    outer loop
      vertex -23 -1.60982 0
      vertex -4.52066 -43.8468 0
      vertex -23 -118.39 0
    endloop
  endfacet
  facet normal 0 0 -1
    outer loop
      vertex 4.52066 -96.1532 0
      vertex 23 -118.39 0
      vertex 4.52545 -96.1896 0
    endloop
  endfacet
  facet normal 0 0 -1
    outer loop
      vertex 23 -118.39 0
      vertex 4.52545 -83.8104 0
      vertex 4.55312 -83.6001 0
    endloop
  endfacet
  facet normal 0 0 -1
    outer loop
      vertex 4.52066 -83.8468 0
      vertex 23 -118.39 0
      vertex 4.52066 -96.1532 0
    endloop
  endfacet
  facet normal 0 0 -1
    outer loop
      vertex 23 -118.39 0
      vertex 4.52066 -83.8468 0
      vertex 4.52545 -83.8104 0
    endloop
  endfacet
  facet normal 0 0 -1
    outer loop
      vertex 4.4395 -95.9573 0
      vertex 4.52066 -83.8468 0
      vertex 4.52066 -96.1532 0
    endloop
  endfacet
  facet normal 0 0 -1
    outer loop
      vertex 4.4395 -95.9573 0
      vertex 4.4395 -84.0427 0
      vertex 4.52066 -83.8468 0
    endloop
  endfacet
  facet normal 0 0 -1
    outer loop
      vertex 4.42545 -95.9234 0
      vertex 4.4395 -84.0427 0
      vertex 4.4395 -95.9573 0
    endloop
  endfacet
  facet normal 0 0 -1
    outer loop
      vertex 4.42545 -95.9234 0
      vertex 4.42545 -84.0766 0
      vertex 4.4395 -84.0427 0
    endloop
  endfacet
  facet normal 0 0 -1
    outer loop
      vertex 4.29635 -95.7551 0
      vertex 4.42545 -84.0766 0
      vertex 4.42545 -95.9234 0
    endloop
  endfacet
  facet normal 0 0 -1
    outer loop
      vertex 4.29635 -95.7551 0
      vertex 4.29635 -84.2449 0
      vertex 4.42545 -84.0766 0
    endloop
  endfacet
  facet normal 0 0 -1
    outer loop
      vertex 4.27401 -95.726 0
      vertex 4.29635 -84.2449 0
      vertex 4.29635 -95.7551 0
    endloop
  endfacet
  facet normal 0 0 -1
    outer loop
      vertex 4.27401 -95.726 0
      vertex 4.27401 -84.274 0
      vertex 4.29635 -84.2449 0
    endloop
  endfacet
  facet normal 0 0 -1
    outer loop
      vertex 4.10575 -95.5969 0
      vertex 4.27401 -84.274 0
      vertex 4.27401 -95.726 0
    endloop
  endfacet
  facet normal 0 0 -1
    outer loop
      vertex 4.10575 -95.5969 0
      vertex 4.10575 -84.4031 0
      vertex 4.27401 -84.274 0
    endloop
  endfacet
  facet normal 0 0 -1
    outer loop
      vertex 4.07663 -95.5746 0
      vertex 4.10575 -84.4031 0
      vertex 4.10575 -95.5969 0
    endloop
  endfacet
  facet normal 0 0 -1
    outer loop
      vertex 4.07663 -95.5746 0
      vertex 4.07663 -84.4254 0
      vertex 4.10575 -84.4031 0
    endloop
  endfacet
  facet normal 0 0 -1
    outer loop
      vertex 4.04272 -95.5605 0
      vertex 4.07663 -84.4254 0
      vertex 4.07663 -95.5746 0
    endloop
  endfacet
  facet normal 0 0 -1
    outer loop
      vertex 4.04272 -95.5605 0
      vertex 4.04272 -84.4395 0
      vertex 4.07663 -84.4254 0
    endloop
  endfacet
  facet normal 0 0 -1
    outer loop
      vertex 3.8468 -95.4793 0
      vertex 4.04272 -84.4395 0
      vertex 4.04272 -95.5605 0
    endloop
  endfacet
  facet normal 0 0 -1
    outer loop
      vertex 3.8468 -95.4793 0
      vertex 3.8468 -84.5207 0
      vertex 4.04272 -84.4395 0
    endloop
  endfacet
  facet normal 0 0 -1
    outer loop
      vertex 3.81041 -95.4745 0
      vertex 3.8468 -84.5207 0
      vertex 3.8468 -95.4793 0
    endloop
  endfacet
  facet normal 0 0 -1
    outer loop
      vertex 3.81041 -95.4745 0
      vertex 3.81041 -84.5255 0
      vertex 3.8468 -84.5207 0
    endloop
  endfacet
  facet normal 0 0 -1
    outer loop
      vertex 3.60015 -95.4469 0
      vertex 3.81041 -84.5255 0
      vertex 3.81041 -95.4745 0
    endloop
  endfacet
  facet normal 0 0 -1
    outer loop
      vertex 3.60015 -95.4469 0
      vertex 3.60015 -84.5531 0
      vertex 3.81041 -84.5255 0
    endloop
  endfacet
  facet normal 0 0 -1
    outer loop
      vertex -3.60015 -95.4469 0
      vertex 3.60015 -84.5531 0
      vertex 3.60015 -95.4469 0
    endloop
  endfacet
  facet normal 0 0 -1
    outer loop
      vertex -3.60015 -95.4469 0
      vertex -3.60015 -84.5531 0
      vertex 3.60015 -84.5531 0
    endloop
  endfacet
  facet normal 0 0 -1
    outer loop
      vertex -3.81041 -95.4745 0
      vertex -3.60015 -84.5531 0
      vertex -3.60015 -95.4469 0
    endloop
  endfacet
  facet normal 0 0 -1
    outer loop
      vertex -3.81041 -95.4745 0
      vertex -3.81041 -84.5255 0
      vertex -3.60015 -84.5531 0
    endloop
  endfacet
  facet normal 0 0 -1
    outer loop
      vertex -3.8468 -95.4793 0
      vertex -3.81041 -84.5255 0
      vertex -3.81041 -95.4745 0
    endloop
  endfacet
  facet normal 0 0 -1
    outer loop
      vertex -3.8468 -95.4793 0
      vertex -3.8468 -84.5207 0
      vertex -3.81041 -84.5255 0
    endloop
  endfacet
  facet normal 0 0 -1
    outer loop
      vertex -4.04272 -95.5605 0
      vertex -3.8468 -84.5207 0
      vertex -3.8468 -95.4793 0
    endloop
  endfacet
  facet normal 0 0 -1
    outer loop
      vertex -4.04272 -95.5605 0
      vertex -4.04272 -84.4395 0
      vertex -3.8468 -84.5207 0
    endloop
  endfacet
  facet normal 0 0 -1
    outer loop
      vertex -4.07663 -95.5746 0
      vertex -4.04272 -84.4395 0
      vertex -4.04272 -95.5605 0
    endloop
  endfacet
  facet normal 0 0 -1
    outer loop
      vertex -4.07663 -95.5746 0
      vertex -4.07663 -84.4254 0
      vertex -4.04272 -84.4395 0
    endloop
  endfacet
  facet normal 0 0 -1
    outer loop
      vertex -4.10575 -95.5969 0
      vertex -4.07663 -84.4254 0
      vertex -4.07663 -95.5746 0
    endloop
  endfacet
  facet normal 0 0 -1
    outer loop
      vertex -4.10575 -95.5969 0
      vertex -4.10575 -84.4031 0
      vertex -4.07663 -84.4254 0
    endloop
  endfacet
  facet normal 0 0 -1
    outer loop
      vertex -4.27401 -95.726 0
      vertex -4.10575 -84.4031 0
      vertex -4.10575 -95.5969 0
    endloop
  endfacet
  facet normal 0 0 -1
    outer loop
      vertex -4.27401 -95.726 0
      vertex -4.27401 -84.274 0
      vertex -4.10575 -84.4031 0
    endloop
  endfacet
  facet normal 0 0 -1
    outer loop
      vertex -4.29635 -95.7551 0
      vertex -4.27401 -84.274 0
      vertex -4.27401 -95.726 0
    endloop
  endfacet
  facet normal 0 0 -1
    outer loop
      vertex -4.29635 -95.7551 0
      vertex -4.29635 -84.2449 0
      vertex -4.27401 -84.274 0
    endloop
  endfacet
  facet normal 0 0 -1
    outer loop
      vertex -4.42545 -95.9234 0
      vertex -4.29635 -84.2449 0
      vertex -4.29635 -95.7551 0
    endloop
  endfacet
  facet normal 0 0 -1
    outer loop
      vertex -4.42545 -95.9234 0
      vertex -4.42545 -84.0766 0
      vertex -4.29635 -84.2449 0
    endloop
  endfacet
  facet normal 0 0 -1
    outer loop
      vertex -4.4395 -95.9573 0
      vertex -4.42545 -84.0766 0
      vertex -4.42545 -95.9234 0
    endloop
  endfacet
  facet normal 0 0 -1
    outer loop
      vertex -4.4395 -95.9573 0
      vertex -4.4395 -84.0427 0
      vertex -4.42545 -84.0766 0
    endloop
  endfacet
  facet normal 0 0 -1
    outer loop
      vertex -4.52066 -96.1532 0
      vertex -4.4395 -84.0427 0
      vertex -4.4395 -95.9573 0
    endloop
  endfacet
  facet normal 0 0 -1
    outer loop
      vertex -4.52066 -96.1532 0
      vertex -4.52066 -83.8468 0
      vertex -4.4395 -84.0427 0
    endloop
  endfacet
  facet normal 0 0 -1
    outer loop
      vertex -23 -118.39 0
      vertex -4.52066 -96.1532 0
      vertex -4.52545 -96.1896 0
    endloop
  endfacet
  facet normal -0 0 -1
    outer loop
      vertex -4.52066 -96.1532 0
      vertex -23 -118.39 0
      vertex -4.52066 -83.8468 0
    endloop
  endfacet
  facet normal 0 0 -1
    outer loop
      vertex -23 -118.39 0
      vertex -4.52545 -96.1896 0
      vertex -4.55312 -96.3999 0
    endloop
  endfacet
  facet normal -0 0 -1
    outer loop
      vertex -4.52066 -83.8468 0
      vertex -23 -118.39 0
      vertex -4.52545 -83.8104 0
    endloop
  endfacet
  facet normal 0 0 -1
    outer loop
      vertex 4.55312 -96.3999 0
      vertex 23 -118.39 0
      vertex 4.55312 -103.6 0
    endloop
  endfacet
  facet normal 0 0 -1
    outer loop
      vertex 23 -118.39 0
      vertex 4.52545 -103.81 0
      vertex 4.55312 -103.6 0
    endloop
  endfacet
  facet normal 0 0 -1
    outer loop
      vertex 23 -118.39 0
      vertex 4.52066 -103.847 0
      vertex 4.52545 -103.81 0
    endloop
  endfacet
  facet normal 0 0 -1
    outer loop
      vertex 23 -118.39 0
      vertex 4.4395 -104.043 0
      vertex 4.52066 -103.847 0
    endloop
  endfacet
  facet normal 0 0 -1
    outer loop
      vertex 23 -118.39 0
      vertex 4.42545 -104.077 0
      vertex 4.4395 -104.043 0
    endloop
  endfacet
  facet normal 0 0 -1
    outer loop
      vertex 23 -118.39 0
      vertex 4.29635 -104.245 0
      vertex 4.42545 -104.077 0
    endloop
  endfacet
  facet normal 0 0 -1
    outer loop
      vertex 23 -118.39 0
      vertex 4.27401 -104.274 0
      vertex 4.29635 -104.245 0
    endloop
  endfacet
  facet normal 0 0 -1
    outer loop
      vertex 23 -118.39 0
      vertex 4.10575 -104.403 0
      vertex 4.27401 -104.274 0
    endloop
  endfacet
  facet normal 0 0 -1
    outer loop
      vertex 23 -118.39 0
      vertex 4.07663 -104.425 0
      vertex 4.10575 -104.403 0
    endloop
  endfacet
  facet normal 0 0 -1
    outer loop
      vertex 23 -118.39 0
      vertex 4.04272 -104.439 0
      vertex 4.07663 -104.425 0
    endloop
  endfacet
  facet normal 0 0 -1
    outer loop
      vertex 23 -118.39 0
      vertex 3.8468 -104.521 0
      vertex 4.04272 -104.439 0
    endloop
  endfacet
  facet normal 0 0 -1
    outer loop
      vertex 23 -118.39 0
      vertex 3.81041 -104.525 0
      vertex 3.8468 -104.521 0
    endloop
  endfacet
  facet normal 0 0 -1
    outer loop
      vertex 23 -118.39 0
      vertex 3.60015 -104.553 0
      vertex 3.81041 -104.525 0
    endloop
  endfacet
  facet normal 0 0 -1
    outer loop
      vertex 23 -118.39 0
      vertex -3.60015 -104.553 0
      vertex 3.60015 -104.553 0
    endloop
  endfacet
  facet normal 0 0 -1
    outer loop
      vertex -23 -118.39 0
      vertex -3.60015 -104.553 0
      vertex 23 -118.39 0
    endloop
  endfacet
  facet normal -0 0 -1
    outer loop
      vertex -3.60015 -104.553 0
      vertex -23 -118.39 0
      vertex -3.81041 -104.525 0
    endloop
  endfacet
  facet normal -0 0 -1
    outer loop
      vertex -3.81041 -104.525 0
      vertex -23 -118.39 0
      vertex -3.8468 -104.521 0
    endloop
  endfacet
  facet normal -0 0 -1
    outer loop
      vertex -3.8468 -104.521 0
      vertex -23 -118.39 0
      vertex -4.04272 -104.439 0
    endloop
  endfacet
  facet normal 0 0 -1
    outer loop
      vertex -23 -118.39 0
      vertex -4.29635 -104.245 0
      vertex -4.27401 -104.274 0
    endloop
  endfacet
  facet normal 0 0 -1
    outer loop
      vertex -4.52066 -103.847 0
      vertex -4.55312 -103.6 0
      vertex -4.52545 -103.81 0
    endloop
  endfacet
  facet normal 0 0 -1
    outer loop
      vertex -23 -118.39 0
      vertex -4.55312 -96.3999 0
      vertex -4.55312 -103.6 0
    endloop
  endfacet
  facet normal -0 0 -1
    outer loop
      vertex -4.52545 -83.8104 0
      vertex -23 -118.39 0
      vertex -4.55312 -83.6001 0
    endloop
  endfacet
  facet normal -0 0 -1
    outer loop
      vertex -4.55312 -83.6001 0
      vertex -23 -118.39 0
      vertex -4.55312 -76.3999 0
    endloop
  endfacet
  facet normal 0 0 -1
    outer loop
      vertex -4.52066 -43.8468 0
      vertex -23 -1.60982 0
      vertex -4.52545 -43.8104 0
    endloop
  endfacet
  facet normal 0 0 -1
    outer loop
      vertex -4.52545 -43.8104 0
      vertex -23 -1.60982 0
      vertex -4.55312 -43.6001 0
    endloop
  endfacet
  facet normal 0 0 -1
    outer loop
      vertex -4.55312 -43.6001 0
      vertex -23 -1.60982 0
      vertex -4.55312 -36.3999 0
    endloop
  endfacet
  facet normal 0 0 -1
    outer loop
      vertex -4.52545 -23.8104 0
      vertex -23 -1.60982 0
      vertex -4.55312 -23.6001 0
    endloop
  endfacet
  facet normal -0 0 -1
    outer loop
      vertex -4.52066 -103.847 0
      vertex -23 -118.39 0
      vertex -4.55312 -103.6 0
    endloop
  endfacet
  facet normal -0 0 -1
    outer loop
      vertex -4.4395 -104.043 0
      vertex -23 -118.39 0
      vertex -4.52066 -103.847 0
    endloop
  endfacet
  facet normal -0 0 -1
    outer loop
      vertex -4.42545 -104.077 0
      vertex -23 -118.39 0
      vertex -4.4395 -104.043 0
    endloop
  endfacet
  facet normal -0 0 -1
    outer loop
      vertex -4.29635 -104.245 0
      vertex -23 -118.39 0
      vertex -4.42545 -104.077 0
    endloop
  endfacet
  facet normal -0 0 -1
    outer loop
      vertex -4.10575 -104.403 0
      vertex -23 -118.39 0
      vertex -4.27401 -104.274 0
    endloop
  endfacet
  facet normal -0 0 -1
    outer loop
      vertex -4.07663 -104.425 0
      vertex -23 -118.39 0
      vertex -4.10575 -104.403 0
    endloop
  endfacet
  facet normal -0 0 -1
    outer loop
      vertex -4.04272 -104.439 0
      vertex -23 -118.39 0
      vertex -4.07663 -104.425 0
    endloop
  endfacet
  facet normal 0 0 -1
    outer loop
      vertex 4.52545 -96.1896 0
      vertex 23 -118.39 0
      vertex 4.55312 -96.3999 0
    endloop
  endfacet
  facet normal 0 0 -1
    outer loop
      vertex 4.55312 -76.3999 0
      vertex 23 -118.39 0
      vertex 4.55312 -83.6001 0
    endloop
  endfacet
  facet normal 0 0 -1
    outer loop
      vertex 4.52545 -76.1896 0
      vertex 23 -118.39 0
      vertex 4.55312 -76.3999 0
    endloop
  endfacet
  facet normal 0 0 -1
    outer loop
      vertex 4.52066 -76.1532 0
      vertex 23 -118.39 0
      vertex 4.52545 -76.1896 0
    endloop
  endfacet
  facet normal 0 0 -1
    outer loop
      vertex 4.55312 -36.3999 0
      vertex 23 -1.60982 0
      vertex 4.55312 -43.6001 0
    endloop
  endfacet
  facet normal 0 0 -1
    outer loop
      vertex 4.52545 -36.1896 0
      vertex 23 -1.60982 0
      vertex 4.55312 -36.3999 0
    endloop
  endfacet
  facet normal 0 0 -1
    outer loop
      vertex 4.55312 -16.3999 0
      vertex 23 -1.60982 0
      vertex 4.55312 -23.6001 0
    endloop
  endfacet
  facet normal 0 0 -1
    outer loop
      vertex 4.52545 -16.1896 0
      vertex 23 -1.60982 0
      vertex 4.55312 -16.3999 0
    endloop
  endfacet
  facet normal 0 0 -1
    outer loop
      vertex 4.52066 -16.1532 0
      vertex 23 -1.60982 0
      vertex 4.52545 -16.1896 0
    endloop
  endfacet
  facet normal 0 0 -1
    outer loop
      vertex 4.4395 -15.9573 0
      vertex 23 -1.60982 0
      vertex 4.52066 -16.1532 0
    endloop
  endfacet
  facet normal 0 0 -1
    outer loop
      vertex 4.42545 -15.9234 0
      vertex 23 -1.60982 0
      vertex 4.4395 -15.9573 0
    endloop
  endfacet
  facet normal 0 0 -1
    outer loop
      vertex 4.29635 -15.7551 0
      vertex 23 -1.60982 0
      vertex 4.42545 -15.9234 0
    endloop
  endfacet
  facet normal 0 0 -1
    outer loop
      vertex 4.27401 -15.726 0
      vertex 23 -1.60982 0
      vertex 4.29635 -15.7551 0
    endloop
  endfacet
  facet normal 0 0 -1
    outer loop
      vertex 4.10575 -15.5969 0
      vertex 23 -1.60982 0
      vertex 4.27401 -15.726 0
    endloop
  endfacet
  facet normal 0 0 -1
    outer loop
      vertex 4.07663 -15.5746 0
      vertex 23 -1.60982 0
      vertex 4.10575 -15.5969 0
    endloop
  endfacet
  facet normal 0 0 -1
    outer loop
      vertex 4.04272 -15.5605 0
      vertex 23 -1.60982 0
      vertex 4.07663 -15.5746 0
    endloop
  endfacet
  facet normal 0 0 -1
    outer loop
      vertex 3.8468 -15.4793 0
      vertex 23 -1.60982 0
      vertex 4.04272 -15.5605 0
    endloop
  endfacet
  facet normal 0 0 -1
    outer loop
      vertex 3.81041 -15.4745 0
      vertex 23 -1.60982 0
      vertex 3.8468 -15.4793 0
    endloop
  endfacet
  facet normal 0 0 -1
    outer loop
      vertex 3.60015 -15.4469 0
      vertex 23 -1.60982 0
      vertex 3.81041 -15.4745 0
    endloop
  endfacet
  facet normal 0 0 -1
    outer loop
      vertex -3.60015 -15.4469 0
      vertex 23 -1.60982 0
      vertex 3.60015 -15.4469 0
    endloop
  endfacet
  facet normal 0 0 -1
    outer loop
      vertex -23 -1.60982 0
      vertex -3.60015 -15.4469 0
      vertex -3.81041 -15.4745 0
    endloop
  endfacet
  facet normal 0 0 -1
    outer loop
      vertex -23 -1.60982 0
      vertex -3.81041 -15.4745 0
      vertex -3.8468 -15.4793 0
    endloop
  endfacet
  facet normal 0 0 -1
    outer loop
      vertex -23 -1.60982 0
      vertex -3.8468 -15.4793 0
      vertex -4.04272 -15.5605 0
    endloop
  endfacet
  facet normal 0 0 -1
    outer loop
      vertex -23 -1.60982 0
      vertex -4.04272 -15.5605 0
      vertex -4.07663 -15.5746 0
    endloop
  endfacet
  facet normal 0 0 -1
    outer loop
      vertex -23 -1.60982 0
      vertex -4.29635 -15.7551 0
      vertex -4.42545 -15.9234 0
    endloop
  endfacet
  facet normal 0 0 1
    outer loop
      vertex -4.55312 -16.3999 0
      vertex -4.52066 -16.1532 0
      vertex -4.52545 -16.1896 0
    endloop
  endfacet
  facet normal 0 0 -1
    outer loop
      vertex -4.55312 -23.6001 0
      vertex -23 -1.60982 0
      vertex -4.55312 -16.3999 0
    endloop
  endfacet
  facet normal 0 0 -1
    outer loop
      vertex -3.60015 -15.4469 0
      vertex -23 -1.60982 0
      vertex 23 -1.60982 0
    endloop
  endfacet
  facet normal 0 0 -1
    outer loop
      vertex -4.10575 -15.5969 0
      vertex -23 -1.60982 0
      vertex -4.07663 -15.5746 0
    endloop
  endfacet
  facet normal 0 0 -1
    outer loop
      vertex -4.27401 -15.726 0
      vertex -23 -1.60982 0
      vertex -4.10575 -15.5969 0
    endloop
  endfacet
  facet normal 0 0 -1
    outer loop
      vertex -4.29635 -15.7551 0
      vertex -23 -1.60982 0
      vertex -4.27401 -15.726 0
    endloop
  endfacet
  facet normal 0 0 -1
    outer loop
      vertex -4.4395 -15.9573 0
      vertex -23 -1.60982 0
      vertex -4.42545 -15.9234 0
    endloop
  endfacet
  facet normal 0 0 -1
    outer loop
      vertex -4.52066 -16.1532 0
      vertex -23 -1.60982 0
      vertex -4.4395 -15.9573 0
    endloop
  endfacet
  facet normal 0 0 -1
    outer loop
      vertex -4.55312 -16.3999 0
      vertex -23 -1.60982 0
      vertex -4.52066 -16.1532 0
    endloop
  endfacet
  facet normal -0.770336 -0.376309 0.514757
    outer loop
      vertex -24.387 -118.39 7.3486107
      vertex -24.5364 -119.111 6.5979507
      vertex -24.1759 -119.111 7.1374407
    endloop
  endfacet
  facet normal -0.3238 -0.921042 -0.216413
    outer loop
      vertex -23.3605 -119.962 1.8122507
      vertex -24.0266 -119.663 1.5363507
      vertex -23.2759 -119.962 1.6856707
    endloop
  endfacet
  facet normal -1 0 0
    outer loop
      vertex -24.9616 -118.39 1.9615707
      vertex -24.9616 -1.60982 5.9615707
      vertex -24.9616 -1.60982 1.9615707
    endloop
  endfacet
  facet normal -1 -0 0
    outer loop
      vertex -24.9616 -1.60982 5.9615707
      vertex -24.9616 -118.39 1.9615707
      vertex -24.9616 -118.39 5.9615707
    endloop
  endfacet
  facet normal -0.216363 -0.921043 -0.323833
    outer loop
      vertex -23.2759 -119.962 1.6856707
      vertex -23.7857 -119.663 1.1758707
      vertex -23.4252 -119.663 0.9350097
    endloop
  endfacet
  facet normal -0.707235 -0.706979 0
    outer loop
      vertex -24.1111 -119.663 1.9615707
      vertex -24.6629 -119.111 5.9615707
      vertex -24.6629 -119.111 1.9615707
    endloop
  endfacet
  facet normal -0.707235 -0.706979 0
    outer loop
      vertex -24.6629 -119.111 5.9615707
      vertex -24.1111 -119.663 1.9615707
      vertex -24.1111 -119.663 5.9615707
    endloop
  endfacet
  facet normal -0.195086 0 0.980786
    outer loop
      vertex -23.7507 -1.60982 7.7738207
      vertex -23 -118.39 7.9231407
      vertex -23 -1.60982 7.9231407
    endloop
  endfacet
  facet normal -0.195086 0 0.980786
    outer loop
      vertex -23 -118.39 7.9231407
      vertex -23.7507 -1.60982 7.7738207
      vertex -23.7507 -118.39 7.7738207
    endloop
  endfacet
  facet normal 0 0.382682 -0.92388
    outer loop
      vertex -23 -1.60982 0
      vertex 23 -0.888859 0.2986307
      vertex 23 -1.60982 0
    endloop
  endfacet
  facet normal 0 0.382682 -0.92388
    outer loop
      vertex 23 -0.888859 0.2986307
      vertex -23 -1.60982 0
      vertex -23 -0.888859 0.2986307
    endloop
  endfacet
  facet normal 0 0.92388 -0.382682
    outer loop
      vertex 23 -0.33706 0.8504297
      vertex -23 -0.0384293 1.5713907
      vertex 23 -0.0384293 1.5713907
    endloop
  endfacet
  facet normal 0 0.92388 -0.382682
    outer loop
      vertex -23 -0.0384293 1.5713907
      vertex 23 -0.33706 0.8504297
      vertex -23 -0.33706 0.8504297
    endloop
  endfacet
  facet normal -0.831419 0 -0.555647
    outer loop
      vertex -24.387 -118.39 0.5745307
      vertex -24.8123 -1.60982 1.2109107
      vertex -24.387 -1.60982 0.5745307
    endloop
  endfacet
  facet normal -0.831419 -0 -0.555647
    outer loop
      vertex -24.8123 -1.60982 1.2109107
      vertex -24.387 -118.39 0.5745307
      vertex -24.8123 -118.39 1.2109107
    endloop
  endfacet
  facet normal -0.180735 0.37638 -0.908665
    outer loop
      vertex -23 -1.60982 0
      vertex -23.7507 -1.60982 0.1493157
      vertex -23 -0.888859 0.2986307
    endloop
  endfacet
  facet normal 0.323469 0.921217 0.216166
    outer loop
      vertex 24.0266 -0.33706 6.3867807
      vertex 23.2759 -0.0384293 6.2374707
      vertex 23.7857 -0.33706 6.7472607
    endloop
  endfacet
  facet normal -0.700352 -0.700098 0.139178
    outer loop
      vertex -24.0266 -119.663 6.3867807
      vertex -24.6629 -119.111 5.9615707
      vertex -24.1111 -119.663 5.9615707
    endloop
  endfacet
  facet normal -0.39669 -0.700087 -0.593731
    outer loop
      vertex -23.7857 -119.663 1.1758707
      vertex -24.1759 -119.111 0.7856947
      vertex -23.4252 -119.663 0.9350097
    endloop
  endfacet
  facet normal 0.195081 0 -0.980787
    outer loop
      vertex 23 -118.39 0
      vertex 23.7507 -1.60982 0.1493157
      vertex 23.7507 -118.39 0.1493157
    endloop
  endfacet
  facet normal 0.195081 0 -0.980787
    outer loop
      vertex 23.7507 -1.60982 0.1493157
      vertex 23 -118.39 0
      vertex 23 -1.60982 0
    endloop
  endfacet
  facet normal 0.700364 -0.700078 -0.139219
    outer loop
      vertex 24.6629 -119.111 1.9615707
      vertex 24.0266 -119.663 1.5363507
      vertex 24.5364 -119.111 1.3251907
    endloop
  endfacet
  facet normal 0.980789 -0 0.195071
    outer loop
      vertex 24.8123 -118.39 6.7122307
      vertex 24.9616 -1.60982 5.9615707
      vertex 24.8123 -1.60982 6.7122307
    endloop
  endfacet
  facet normal 0.980789 0 0.195071
    outer loop
      vertex 24.9616 -1.60982 5.9615707
      vertex 24.8123 -118.39 6.7122307
      vertex 24.9616 -118.39 5.9615707
    endloop
  endfacet
  facet normal 0.770283 0.376374 -0.514789
    outer loop
      vertex 24.8123 -1.60982 1.2109107
      vertex 24.387 -1.60982 0.5745307
      vertex 24.5364 -0.888859 1.3251907
    endloop
  endfacet
  facet normal -0.514763 -0.37637 -0.770302
    outer loop
      vertex -23.6364 -119.111 0.4252147
      vertex -24.387 -118.39 0.5745307
      vertex -23.7507 -118.39 0.1493157
    endloop
  endfacet
  facet normal -0.555618 0 -0.831438
    outer loop
      vertex -24.387 -118.39 0.5745307
      vertex -23.7507 -1.60982 0.1493157
      vertex -23.7507 -118.39 0.1493157
    endloop
  endfacet
  facet normal -0.555618 0 -0.831438
    outer loop
      vertex -23.7507 -1.60982 0.1493157
      vertex -24.387 -118.39 0.5745307
      vertex -24.387 -1.60982 0.5745307
    endloop
  endfacet
  facet normal -0.514727 -0.376323 -0.770349
    outer loop
      vertex -24.1759 -119.111 0.7856947
      vertex -24.387 -118.39 0.5745307
      vertex -23.6364 -119.111 0.4252147
    endloop
  endfacet
  facet normal -0.908644 -0.376438 -0.180722
    outer loop
      vertex -24.6629 -119.111 1.9615707
      vertex -24.9616 -118.39 1.9615707
      vertex -24.8123 -118.39 1.2109107
    endloop
  endfacet
  facet normal 0.323806 -0.921045 -0.216391
    outer loop
      vertex 24.0266 -119.663 1.5363507
      vertex 23.2759 -119.962 1.6856707
      vertex 23.7857 -119.663 1.1758707
    endloop
  endfacet
  facet normal -0.514761 -0.376362 0.770307
    outer loop
      vertex -23.7507 -118.39 7.7738207
      vertex -24.387 -118.39 7.3486107
      vertex -23.6364 -119.111 7.4979307
    endloop
  endfacet
  facet normal -0.908644 -0.376438 0.180722
    outer loop
      vertex -24.8123 -118.39 6.7122307
      vertex -24.9616 -118.39 5.9615707
      vertex -24.6629 -119.111 5.9615707
    endloop
  endfacet
  facet normal -0.18074 -0.376366 -0.90867
    outer loop
      vertex -23.6364 -119.111 0.4252147
      vertex -23.7507 -118.39 0.1493157
      vertex -23 -119.111 0.2986307
    endloop
  endfacet
  facet normal 0 -0.706978 -0.707236
    outer loop
      vertex -23 -119.663 0.8504297
      vertex 23 -119.111 0.2986307
      vertex 23 -119.663 0.8504297
    endloop
  endfacet
  facet normal -0 -0.706978 -0.707236
    outer loop
      vertex 23 -119.111 0.2986307
      vertex -23 -119.663 0.8504297
      vertex -23 -119.111 0.2986307
    endloop
  endfacet
  facet normal -0.700352 -0.700098 -0.139174
    outer loop
      vertex -24.1111 -119.663 1.9615707
      vertex -24.6629 -119.111 1.9615707
      vertex -24.0266 -119.663 1.5363507
    endloop
  endfacet
  facet normal -0.514723 0.37634 -0.770343
    outer loop
      vertex -23.6364 -0.888859 0.4252147
      vertex -24.387 -1.60982 0.5745307
      vertex -24.1759 -0.888859 0.7856947
    endloop
  endfacet
  facet normal 0.514759 0.376388 -0.770296
    outer loop
      vertex 23.7507 -1.60982 0.1493157
      vertex 23.6364 -0.888859 0.4252147
      vertex 24.387 -1.60982 0.5745307
    endloop
  endfacet
  facet normal 0.38271 0.923869 -0
    outer loop
      vertex 24.1111 -0.33706 1.9615707
      vertex 23.3902 -0.0384293 5.9615707
      vertex 24.1111 -0.33706 5.9615707
    endloop
  endfacet
  facet normal 0.38271 0.923869 0
    outer loop
      vertex 23.3902 -0.0384293 5.9615707
      vertex 24.1111 -0.33706 1.9615707
      vertex 23.3902 -0.0384293 1.9615707
    endloop
  endfacet
  facet normal 0.139285 0.700215 0.700213
    outer loop
      vertex 23.4252 -0.33706 6.9881307
      vertex 23 -0.33706 7.0727107
      vertex 23 -0.888859 7.6245107
    endloop
  endfacet
  facet normal 0 -0.706979 0.707235
    outer loop
      vertex -23 -119.111 7.6245107
      vertex 23 -119.663 7.0727107
      vertex 23 -119.111 7.6245107
    endloop
  endfacet
  facet normal 0 -0.706979 0.707235
    outer loop
      vertex 23 -119.663 7.0727107
      vertex -23 -119.111 7.6245107
      vertex -23 -119.663 7.0727107
    endloop
  endfacet
  facet normal -0.396698 -0.70009 0.593721
    outer loop
      vertex -23.4252 -119.663 6.9881307
      vertex -24.1759 -119.111 7.1374407
      vertex -23.7857 -119.663 6.7472607
    endloop
  endfacet
  facet normal 0.514727 -0.376323 -0.770349
    outer loop
      vertex 24.1759 -119.111 0.7856947
      vertex 23.6364 -119.111 0.4252147
      vertex 24.387 -118.39 0.5745307
    endloop
  endfacet
  facet normal 0.700352 -0.700098 -0.139174
    outer loop
      vertex 24.1111 -119.663 1.9615707
      vertex 24.0266 -119.663 1.5363507
      vertex 24.6629 -119.111 1.9615707
    endloop
  endfacet
  facet normal 0.180737 -0.376363 -0.908672
    outer loop
      vertex 23 -119.111 0.2986307
      vertex 23 -118.39 0
      vertex 23.7507 -118.39 0.1493157
    endloop
  endfacet
  facet normal 0.555618 0 -0.831438
    outer loop
      vertex 23.7507 -118.39 0.1493157
      vertex 24.387 -1.60982 0.5745307
      vertex 24.387 -118.39 0.5745307
    endloop
  endfacet
  facet normal 0.555618 0 -0.831438
    outer loop
      vertex 24.387 -1.60982 0.5745307
      vertex 23.7507 -118.39 0.1493157
      vertex 23.7507 -1.60982 0.1493157
    endloop
  endfacet
  facet normal 1 -0 0
    outer loop
      vertex 24.9616 -118.39 5.9615707
      vertex 24.9616 -1.60982 1.9615707
      vertex 24.9616 -1.60982 5.9615707
    endloop
  endfacet
  facet normal 1 0 0
    outer loop
      vertex 24.9616 -1.60982 1.9615707
      vertex 24.9616 -118.39 5.9615707
      vertex 24.9616 -118.39 1.9615707
    endloop
  endfacet
  facet normal -0.195081 0 -0.980787
    outer loop
      vertex -23.7507 -118.39 0.1493157
      vertex -23 -1.60982 0
      vertex -23 -118.39 0
    endloop
  endfacet
  facet normal -0.195081 0 -0.980787
    outer loop
      vertex -23 -1.60982 0
      vertex -23.7507 -118.39 0.1493157
      vertex -23.7507 -1.60982 0.1493157
    endloop
  endfacet
  facet normal -0.396702 -0.700097 -0.59371
    outer loop
      vertex -23.4252 -119.663 0.9350097
      vertex -24.1759 -119.111 0.7856947
      vertex -23.6364 -119.111 0.4252147
    endloop
  endfacet
  facet normal 0.700352 -0.700098 0.139178
    outer loop
      vertex 24.6629 -119.111 5.9615707
      vertex 24.0266 -119.663 6.3867807
      vertex 24.1111 -119.663 5.9615707
    endloop
  endfacet
  facet normal 0.707235 -0.706979 0
    outer loop
      vertex 24.1111 -119.663 5.9615707
      vertex 24.6629 -119.111 1.9615707
      vertex 24.6629 -119.111 5.9615707
    endloop
  endfacet
  facet normal 0.707235 -0.706979 0
    outer loop
      vertex 24.6629 -119.111 1.9615707
      vertex 24.1111 -119.663 5.9615707
      vertex 24.1111 -119.663 1.9615707
    endloop
  endfacet
  facet normal -0.323806 -0.921043 0.216399
    outer loop
      vertex -23.2759 -119.962 6.2374707
      vertex -24.0266 -119.663 6.3867807
      vertex -23.3605 -119.962 6.1108807
    endloop
  endfacet
  facet normal 0 -0.923713 -0.383086
    outer loop
      vertex -23 -119.663 0.8504297
      vertex 23 -119.962 1.5713907
      vertex -23 -119.962 1.5713907
    endloop
  endfacet
  facet normal 0 -0.923713 -0.383086
    outer loop
      vertex 23 -119.962 1.5713907
      vertex -23 -119.663 0.8504297
      vertex 23 -119.663 0.8504297
    endloop
  endfacet
  facet normal -0.831419 0 0.555647
    outer loop
      vertex -24.8123 -118.39 6.7122307
      vertex -24.387 -1.60982 7.3486107
      vertex -24.8123 -1.60982 6.7122307
    endloop
  endfacet
  facet normal -0.831419 0 0.555647
    outer loop
      vertex -24.387 -1.60982 7.3486107
      vertex -24.8123 -118.39 6.7122307
      vertex -24.387 -118.39 7.3486107
    endloop
  endfacet
  facet normal -0.381972 -0.921046 -0.0759748
    outer loop
      vertex -23.3902 -119.962 1.9615707
      vertex -24.0266 -119.663 1.5363507
      vertex -23.3605 -119.962 1.8122507
    endloop
  endfacet
  facet normal -0.555614 0 0.831441
    outer loop
      vertex -24.387 -1.60982 7.3486107
      vertex -23.7507 -118.39 7.7738207
      vertex -23.7507 -1.60982 7.7738207
    endloop
  endfacet
  facet normal -0.555614 0 0.831441
    outer loop
      vertex -23.7507 -118.39 7.7738207
      vertex -24.387 -1.60982 7.3486107
      vertex -24.387 -118.39 7.3486107
    endloop
  endfacet
  facet normal -0.514736 -0.376329 0.77034
    outer loop
      vertex -23.6364 -119.111 7.4979307
      vertex -24.387 -118.39 7.3486107
      vertex -24.1759 -119.111 7.1374407
    endloop
  endfacet
  facet normal 0.0759825 -0.921042 -0.381979
    outer loop
      vertex 23 -119.962 1.5713907
      vertex 23 -119.663 0.8504297
      vertex 23.4252 -119.663 0.9350097
    endloop
  endfacet
  facet normal 0.13931 -0.700084 -0.700339
    outer loop
      vertex 23 -119.663 0.8504297
      vertex 23 -119.111 0.2986307
      vertex 23.4252 -119.663 0.9350097
    endloop
  endfacet
  facet normal 0.770336 -0.376309 0.514757
    outer loop
      vertex 24.387 -118.39 7.3486107
      vertex 24.1759 -119.111 7.1374407
      vertex 24.5364 -119.111 6.5979507
    endloop
  endfacet
  facet normal -0.700227 0.700228 -0.13915
    outer loop
      vertex -24.0266 -0.33706 1.5363507
      vertex -24.6629 -0.888859 1.9615707
      vertex -24.1111 -0.33706 1.9615707
    endloop
  endfacet
  facet normal 0 0.707107 0.707106
    outer loop
      vertex 23 -0.33706 7.0727107
      vertex -23 -0.888859 7.6245107
      vertex 23 -0.888859 7.6245107
    endloop
  endfacet
  facet normal 0 0.707107 0.707106
    outer loop
      vertex -23 -0.888859 7.6245107
      vertex 23 -0.33706 7.0727107
      vertex -23 -0.33706 7.0727107
    endloop
  endfacet
  facet normal -0.382008 -0.921036 0.0759147
    outer loop
      vertex -24.0266 -119.663 6.3867807
      vertex -24.1111 -119.663 5.9615707
      vertex -23.3902 -119.962 5.9615707
    endloop
  endfacet
  facet normal 0 -0.923712 0.383086
    outer loop
      vertex -23 -119.962 6.3517507
      vertex 23 -119.663 7.0727107
      vertex -23 -119.663 7.0727107
    endloop
  endfacet
  facet normal 0 -0.923712 0.383086
    outer loop
      vertex 23 -119.663 7.0727107
      vertex -23 -119.962 6.3517507
      vertex 23 -119.962 6.3517507
    endloop
  endfacet
  facet normal 0.514763 -0.37637 -0.770302
    outer loop
      vertex 24.387 -118.39 0.5745307
      vertex 23.6364 -119.111 0.4252147
      vertex 23.7507 -118.39 0.1493157
    endloop
  endfacet
  facet normal 0.075986 -0.921043 -0.381977
    outer loop
      vertex 23.1493 -119.962 1.6010907
      vertex 23 -119.962 1.5713907
      vertex 23.4252 -119.663 0.9350097
    endloop
  endfacet
  facet normal 0.18074 0.376379 0.908665
    outer loop
      vertex 23.7507 -1.60982 7.7738207
      vertex 23 -0.888859 7.6245107
      vertex 23 -1.60982 7.9231407
    endloop
  endfacet
  facet normal -0.980789 0 -0.195071
    outer loop
      vertex -24.8123 -118.39 1.2109107
      vertex -24.9616 -1.60982 1.9615707
      vertex -24.8123 -1.60982 1.2109107
    endloop
  endfacet
  facet normal -0.980789 -0 -0.195071
    outer loop
      vertex -24.9616 -1.60982 1.9615707
      vertex -24.8123 -118.39 1.2109107
      vertex -24.9616 -118.39 1.9615707
    endloop
  endfacet
  facet normal -0.139301 -0.700088 -0.700337
    outer loop
      vertex -23.4252 -119.663 0.9350097
      vertex -23.6364 -119.111 0.4252147
      vertex -23 -119.111 0.2986307
    endloop
  endfacet
  facet normal 0 -1 0
    outer loop
      vertex -23.3902 -119.962 5.9615707
      vertex -23 -119.962 6.3517507
      vertex -23.1493 -119.962 6.3220507
    endloop
  endfacet
  facet normal 0 -1 0
    outer loop
      vertex -23 -119.962 6.3517507
      vertex -23 -119.962 1.5713907
      vertex 23 -119.962 6.3517507
    endloop
  endfacet
  facet normal 0 -1 0
    outer loop
      vertex -23.3902 -119.962 5.9615707
      vertex -23.1493 -119.962 6.3220507
      vertex -23.2759 -119.962 6.2374707
    endloop
  endfacet
  facet normal 0 -1 0
    outer loop
      vertex 23 -119.962 1.5713907
      vertex 23 -119.962 6.3517507
      vertex -23 -119.962 1.5713907
    endloop
  endfacet
  facet normal 0 -1 0
    outer loop
      vertex -23.3902 -119.962 5.9615707
      vertex -23.2759 -119.962 6.2374707
      vertex -23.3605 -119.962 6.1108807
    endloop
  endfacet
  facet normal -0 -1 0
    outer loop
      vertex 23.3902 -119.962 5.9615707
      vertex 23 -119.962 6.3517507
      vertex 23 -119.962 1.5713907
    endloop
  endfacet
  facet normal 0 -1 -0
    outer loop
      vertex -23 -119.962 6.3517507
      vertex -23.3902 -119.962 5.9615707
      vertex -23 -119.962 1.5713907
    endloop
  endfacet
  facet normal 0 -1 0
    outer loop
      vertex 23 -119.962 6.3517507
      vertex 23.3902 -119.962 5.9615707
      vertex 23.1493 -119.962 6.3220507
    endloop
  endfacet
  facet normal 0 -1 0
    outer loop
      vertex -23 -119.962 1.5713907
      vertex -23.3902 -119.962 5.9615707
      vertex -23.3902 -119.962 1.9615707
    endloop
  endfacet
  facet normal 0 -1 0
    outer loop
      vertex 23.1493 -119.962 6.3220507
      vertex 23.3902 -119.962 5.9615707
      vertex 23.2759 -119.962 6.2374707
    endloop
  endfacet
  facet normal 0 -1 0
    outer loop
      vertex -23 -119.962 1.5713907
      vertex -23.3902 -119.962 1.9615707
      vertex -23.3605 -119.962 1.8122507
    endloop
  endfacet
  facet normal 0 -1 0
    outer loop
      vertex 23.2759 -119.962 6.2374707
      vertex 23.3902 -119.962 5.9615707
      vertex 23.3605 -119.962 6.1108807
    endloop
  endfacet
  facet normal 0 -1 0
    outer loop
      vertex -23 -119.962 1.5713907
      vertex -23.3605 -119.962 1.8122507
      vertex -23.2759 -119.962 1.6856707
    endloop
  endfacet
  facet normal 0 -1 -0
    outer loop
      vertex 23.3902 -119.962 5.9615707
      vertex 23 -119.962 1.5713907
      vertex 23.3902 -119.962 1.9615707
    endloop
  endfacet
  facet normal 0 -1 0
    outer loop
      vertex -23 -119.962 1.5713907
      vertex -23.2759 -119.962 1.6856707
      vertex -23.1493 -119.962 1.6010907
    endloop
  endfacet
  facet normal 0 -1 0
    outer loop
      vertex 23.3902 -119.962 1.9615707
      vertex 23 -119.962 1.5713907
      vertex 23.3605 -119.962 1.8122507
    endloop
  endfacet
  facet normal 0 -1 0
    outer loop
      vertex 23.3605 -119.962 1.8122507
      vertex 23 -119.962 1.5713907
      vertex 23.2759 -119.962 1.6856707
    endloop
  endfacet
  facet normal 0 -1 0
    outer loop
      vertex 23.2759 -119.962 1.6856707
      vertex 23 -119.962 1.5713907
      vertex 23.1493 -119.962 1.6010907
    endloop
  endfacet
  facet normal 0.908644 -0.376438 -0.180722
    outer loop
      vertex 24.9616 -118.39 1.9615707
      vertex 24.6629 -119.111 1.9615707
      vertex 24.8123 -118.39 1.2109107
    endloop
  endfacet
  facet normal -0.13931 -0.700084 -0.700339
    outer loop
      vertex -23 -119.663 0.8504297
      vertex -23.4252 -119.663 0.9350097
      vertex -23 -119.111 0.2986307
    endloop
  endfacet
  facet normal -0.0759825 -0.921042 -0.381979
    outer loop
      vertex -23 -119.962 1.5713907
      vertex -23.4252 -119.663 0.9350097
      vertex -23 -119.663 0.8504297
    endloop
  endfacet
  facet normal -0.593705 -0.700087 0.396728
    outer loop
      vertex -24.1759 -119.111 7.1374407
      vertex -24.5364 -119.111 6.5979507
      vertex -24.0266 -119.663 6.3867807
    endloop
  endfacet
  facet normal -0.770288 -0.376357 0.514793
    outer loop
      vertex -24.387 -118.39 7.3486107
      vertex -24.8123 -118.39 6.7122307
      vertex -24.5364 -119.111 6.5979507
    endloop
  endfacet
  facet normal -0.180742 -0.376362 0.908672
    outer loop
      vertex -23 -118.39 7.9231407
      vertex -23.7507 -118.39 7.7738207
      vertex -23 -119.111 7.6245107
    endloop
  endfacet
  facet normal 0.0759826 -0.921042 0.381979
    outer loop
      vertex 23 -119.663 7.0727107
      vertex 23 -119.962 6.3517507
      vertex 23.4252 -119.663 6.9881307
    endloop
  endfacet
  facet normal 0.831419 -0 0.555647
    outer loop
      vertex 24.387 -118.39 7.3486107
      vertex 24.8123 -1.60982 6.7122307
      vertex 24.387 -1.60982 7.3486107
    endloop
  endfacet
  facet normal 0.831419 0 0.555647
    outer loop
      vertex 24.8123 -1.60982 6.7122307
      vertex 24.387 -118.39 7.3486107
      vertex 24.8123 -118.39 6.7122307
    endloop
  endfacet
  facet normal 0.180742 -0.376362 0.908672
    outer loop
      vertex 23 -118.39 7.9231407
      vertex 23 -119.111 7.6245107
      vertex 23.7507 -118.39 7.7738207
    endloop
  endfacet
  facet normal -0.323467 0.921216 0.216173
    outer loop
      vertex -23.3605 -0.0384293 6.1108807
      vertex -24.0266 -0.33706 6.3867807
      vertex -23.2759 -0.0384293 6.2374707
    endloop
  endfacet
  facet normal -0.770283 0.376374 0.514789
    outer loop
      vertex -24.5364 -0.888859 6.5979507
      vertex -24.8123 -1.60982 6.7122307
      vertex -24.387 -1.60982 7.3486107
    endloop
  endfacet
  facet normal 0.90869 0.376372 -0.18063
    outer loop
      vertex 24.8123 -1.60982 1.2109107
      vertex 24.5364 -0.888859 1.3251907
      vertex 24.6629 -0.888859 1.9615707
    endloop
  endfacet
  facet normal 0.139277 0.700218 -0.700212
    outer loop
      vertex 23.6364 -0.888859 0.4252147
      vertex 23 -0.888859 0.2986307
      vertex 23.4252 -0.33706 0.9350097
    endloop
  endfacet
  facet normal 0.396631 0.700227 -0.593604
    outer loop
      vertex 23.6364 -0.888859 0.4252147
      vertex 23.4252 -0.33706 0.9350097
      vertex 24.1759 -0.888859 0.7856947
    endloop
  endfacet
  facet normal 0.180735 0.37638 -0.908665
    outer loop
      vertex 23.7507 -1.60982 0.1493157
      vertex 23 -1.60982 0
      vertex 23 -0.888859 0.2986307
    endloop
  endfacet
  facet normal 0.908644 -0.376438 0.180722
    outer loop
      vertex 24.8123 -118.39 6.7122307
      vertex 24.6629 -119.111 5.9615707
      vertex 24.9616 -118.39 5.9615707
    endloop
  endfacet
  facet normal 0.139301 -0.700088 -0.700337
    outer loop
      vertex 23.4252 -119.663 0.9350097
      vertex 23 -119.111 0.2986307
      vertex 23.6364 -119.111 0.4252147
    endloop
  endfacet
  facet normal -0.13931 -0.700085 0.700339
    outer loop
      vertex -23 -119.111 7.6245107
      vertex -23.4252 -119.663 6.9881307
      vertex -23 -119.663 7.0727107
    endloop
  endfacet
  facet normal -0.139297 -0.700091 0.700335
    outer loop
      vertex -23 -119.111 7.6245107
      vertex -23.6364 -119.111 7.4979307
      vertex -23.4252 -119.663 6.9881307
    endloop
  endfacet
  facet normal -0.382008 -0.921036 -0.0759129
    outer loop
      vertex -23.3902 -119.962 1.9615707
      vertex -24.1111 -119.663 1.9615707
      vertex -24.0266 -119.663 1.5363507
    endloop
  endfacet
  facet normal 0.381972 -0.921046 -0.0759748
    outer loop
      vertex 23.3902 -119.962 1.9615707
      vertex 23.3605 -119.962 1.8122507
      vertex 24.0266 -119.663 1.5363507
    endloop
  endfacet
  facet normal 0.3238 -0.921042 -0.216413
    outer loop
      vertex 23.3605 -119.962 1.8122507
      vertex 23.2759 -119.962 1.6856707
      vertex 24.0266 -119.663 1.5363507
    endloop
  endfacet
  facet normal 0.216351 -0.921044 -0.323836
    outer loop
      vertex 23.2759 -119.962 1.6856707
      vertex 23.1493 -119.962 1.6010907
      vertex 23.4252 -119.663 0.9350097
    endloop
  endfacet
  facet normal 0.18074 -0.376366 -0.90867
    outer loop
      vertex 23.6364 -119.111 0.4252147
      vertex 23 -119.111 0.2986307
      vertex 23.7507 -118.39 0.1493157
    endloop
  endfacet
  facet normal -0.700364 -0.700078 -0.139219
    outer loop
      vertex -24.0266 -119.663 1.5363507
      vertex -24.6629 -119.111 1.9615707
      vertex -24.5364 -119.111 1.3251907
    endloop
  endfacet
  facet normal -0.908696 -0.376355 -0.180631
    outer loop
      vertex -24.6629 -119.111 1.9615707
      vertex -24.8123 -118.39 1.2109107
      vertex -24.5364 -119.111 1.3251907
    endloop
  endfacet
  facet normal 0.383114 -0.923701 0
    outer loop
      vertex 23.3902 -119.962 1.9615707
      vertex 24.1111 -119.663 5.9615707
      vertex 23.3902 -119.962 5.9615707
    endloop
  endfacet
  facet normal 0.383114 -0.923701 0
    outer loop
      vertex 24.1111 -119.663 5.9615707
      vertex 23.3902 -119.962 1.9615707
      vertex 24.1111 -119.663 1.9615707
    endloop
  endfacet
  facet normal 0.382008 -0.921036 -0.0759129
    outer loop
      vertex 24.1111 -119.663 1.9615707
      vertex 23.3902 -119.962 1.9615707
      vertex 24.0266 -119.663 1.5363507
    endloop
  endfacet
  facet normal -0.383114 -0.923701 0
    outer loop
      vertex -24.1111 -119.663 1.9615707
      vertex -23.3902 -119.962 5.9615707
      vertex -24.1111 -119.663 5.9615707
    endloop
  endfacet
  facet normal -0.383114 -0.923701 -0
    outer loop
      vertex -23.3902 -119.962 5.9615707
      vertex -24.1111 -119.663 1.9615707
      vertex -23.3902 -119.962 1.9615707
    endloop
  endfacet
  facet normal -0.075986 -0.921043 0.381977
    outer loop
      vertex -23 -119.962 6.3517507
      vertex -23.4252 -119.663 6.9881307
      vertex -23.1493 -119.962 6.3220507
    endloop
  endfacet
  facet normal 0.323806 -0.921043 0.216399
    outer loop
      vertex 24.0266 -119.663 6.3867807
      vertex 23.2759 -119.962 6.2374707
      vertex 23.3605 -119.962 6.1108807
    endloop
  endfacet
  facet normal -0.216351 -0.921044 -0.323836
    outer loop
      vertex -23.2759 -119.962 1.6856707
      vertex -23.4252 -119.663 0.9350097
      vertex -23.1493 -119.962 1.6010907
    endloop
  endfacet
  facet normal -0.075986 -0.921043 -0.381977
    outer loop
      vertex -23.1493 -119.962 1.6010907
      vertex -23.4252 -119.663 0.9350097
      vertex -23 -119.962 1.5713907
    endloop
  endfacet
  facet normal -0.59371 -0.700083 -0.396727
    outer loop
      vertex -24.0266 -119.663 1.5363507
      vertex -24.5364 -119.111 1.3251907
      vertex -24.1759 -119.111 0.7856947
    endloop
  endfacet
  facet normal 0.38197 -0.921046 0.0759795
    outer loop
      vertex 24.0266 -119.663 6.3867807
      vertex 23.3605 -119.962 6.1108807
      vertex 23.3902 -119.962 5.9615707
    endloop
  endfacet
  facet normal 0.555614 0 0.831441
    outer loop
      vertex 23.7507 -1.60982 7.7738207
      vertex 24.387 -118.39 7.3486107
      vertex 24.387 -1.60982 7.3486107
    endloop
  endfacet
  facet normal 0.555614 0 0.831441
    outer loop
      vertex 24.387 -118.39 7.3486107
      vertex 23.7507 -1.60982 7.7738207
      vertex 23.7507 -118.39 7.7738207
    endloop
  endfacet
  facet normal 0.195086 0 0.980786
    outer loop
      vertex 23 -1.60982 7.9231407
      vertex 23.7507 -118.39 7.7738207
      vertex 23.7507 -1.60982 7.7738207
    endloop
  endfacet
  facet normal 0.195086 0 0.980786
    outer loop
      vertex 23.7507 -118.39 7.7738207
      vertex 23 -1.60982 7.9231407
      vertex 23 -118.39 7.9231407
    endloop
  endfacet
  facet normal 0.514761 -0.376362 0.770307
    outer loop
      vertex 23.7507 -118.39 7.7738207
      vertex 23.6364 -119.111 7.4979307
      vertex 24.387 -118.39 7.3486107
    endloop
  endfacet
  facet normal 0.180736 -0.376356 0.908675
    outer loop
      vertex 23.7507 -118.39 7.7738207
      vertex 23 -119.111 7.6245107
      vertex 23.6364 -119.111 7.4979307
    endloop
  endfacet
  facet normal -0.700239 0.700208 -0.139194
    outer loop
      vertex -24.5364 -0.888859 1.3251907
      vertex -24.6629 -0.888859 1.9615707
      vertex -24.0266 -0.33706 1.5363507
    endloop
  endfacet
  facet normal 0 0.92388 0.382683
    outer loop
      vertex 23 -0.0384293 6.3517507
      vertex -23 -0.33706 7.0727107
      vertex 23 -0.33706 7.0727107
    endloop
  endfacet
  facet normal 0 0.92388 0.382683
    outer loop
      vertex -23 -0.33706 7.0727107
      vertex 23 -0.0384293 6.3517507
      vertex -23 -0.0384293 6.3517507
    endloop
  endfacet
  facet normal -0.18074 0.376379 0.908665
    outer loop
      vertex -23 -0.888859 7.6245107
      vertex -23.7507 -1.60982 7.7738207
      vertex -23 -1.60982 7.9231407
    endloop
  endfacet
  facet normal 0.700239 0.700208 -0.139194
    outer loop
      vertex 24.5364 -0.888859 1.3251907
      vertex 24.0266 -0.33706 1.5363507
      vertex 24.6629 -0.888859 1.9615707
    endloop
  endfacet
  facet normal 0.396637 0.700229 0.593597
    outer loop
      vertex 24.1759 -0.888859 7.1374407
      vertex 23.4252 -0.33706 6.9881307
      vertex 23.6364 -0.888859 7.4979307
    endloop
  endfacet
  facet normal -0.21637 -0.921041 0.323832
    outer loop
      vertex -23.4252 -119.663 6.9881307
      vertex -23.7857 -119.663 6.7472607
      vertex -23.2759 -119.962 6.2374707
    endloop
  endfacet
  facet normal -0.396708 -0.700099 0.593703
    outer loop
      vertex -23.6364 -119.111 7.4979307
      vertex -24.1759 -119.111 7.1374407
      vertex -23.4252 -119.663 6.9881307
    endloop
  endfacet
  facet normal 0.382008 -0.921036 0.0759147
    outer loop
      vertex 24.0266 -119.663 6.3867807
      vertex 23.3902 -119.962 5.9615707
      vertex 24.1111 -119.663 5.9615707
    endloop
  endfacet
  facet normal 0.13931 -0.700085 0.700339
    outer loop
      vertex 23 -119.111 7.6245107
      vertex 23 -119.663 7.0727107
      vertex 23.4252 -119.663 6.9881307
    endloop
  endfacet
  facet normal 0 -0.382665 -0.923887
    outer loop
      vertex -23 -119.111 0.2986307
      vertex 23 -118.39 0
      vertex 23 -119.111 0.2986307
    endloop
  endfacet
  facet normal -0 -0.382665 -0.923887
    outer loop
      vertex 23 -118.39 0
      vertex -23 -119.111 0.2986307
      vertex -23 -118.39 0
    endloop
  endfacet
  facet normal 0.77034 -0.376305 -0.514753
    outer loop
      vertex 24.5364 -119.111 1.3251907
      vertex 24.1759 -119.111 0.7856947
      vertex 24.387 -118.39 0.5745307
    endloop
  endfacet
  facet normal 0.59371 -0.700083 -0.396727
    outer loop
      vertex 24.5364 -119.111 1.3251907
      vertex 24.0266 -119.663 1.5363507
      vertex 24.1759 -119.111 0.7856947
    endloop
  endfacet
  facet normal 0.396702 -0.700097 -0.59371
    outer loop
      vertex 24.1759 -119.111 0.7856947
      vertex 23.4252 -119.663 0.9350097
      vertex 23.6364 -119.111 0.4252147
    endloop
  endfacet
  facet normal 0.216363 -0.921043 -0.323833
    outer loop
      vertex 23.7857 -119.663 1.1758707
      vertex 23.2759 -119.962 1.6856707
      vertex 23.4252 -119.663 0.9350097
    endloop
  endfacet
  facet normal -0.923856 -0.38274 0
    outer loop
      vertex -24.6629 -119.111 1.9615707
      vertex -24.9616 -118.39 5.9615707
      vertex -24.9616 -118.39 1.9615707
    endloop
  endfacet
  facet normal -0.923856 -0.38274 0
    outer loop
      vertex -24.9616 -118.39 5.9615707
      vertex -24.6629 -119.111 1.9615707
      vertex -24.6629 -119.111 5.9615707
    endloop
  endfacet
  facet normal -0.323806 -0.921045 -0.216391
    outer loop
      vertex -23.2759 -119.962 1.6856707
      vertex -24.0266 -119.663 1.5363507
      vertex -23.7857 -119.663 1.1758707
    endloop
  endfacet
  facet normal -0.593682 -0.700098 -0.396743
    outer loop
      vertex -24.0266 -119.663 1.5363507
      vertex -24.1759 -119.111 0.7856947
      vertex -23.7857 -119.663 1.1758707
    endloop
  endfacet
  facet normal -0.90869 0.376372 -0.18063
    outer loop
      vertex -24.5364 -0.888859 1.3251907
      vertex -24.8123 -1.60982 1.2109107
      vertex -24.6629 -0.888859 1.9615707
    endloop
  endfacet
  facet normal -0.514732 0.376347 0.770334
    outer loop
      vertex -24.1759 -0.888859 7.1374407
      vertex -24.387 -1.60982 7.3486107
      vertex -23.6364 -0.888859 7.4979307
    endloop
  endfacet
  facet normal -0.139285 0.700214 -0.700214
    outer loop
      vertex -23 -0.888859 0.2986307
      vertex -23.4252 -0.33706 0.9350097
      vertex -23 -0.33706 0.8504297
    endloop
  endfacet
  facet normal 0.180739 0.376383 -0.908663
    outer loop
      vertex 23.7507 -1.60982 0.1493157
      vertex 23 -0.888859 0.2986307
      vertex 23.6364 -0.888859 0.4252147
    endloop
  endfacet
  facet normal 0.700227 0.700228 -0.13915
    outer loop
      vertex 24.6629 -0.888859 1.9615707
      vertex 24.0266 -0.33706 1.5363507
      vertex 24.1111 -0.33706 1.9615707
    endloop
  endfacet
  facet normal 0.908637 0.376456 -0.18072
    outer loop
      vertex 24.8123 -1.60982 1.2109107
      vertex 24.6629 -0.888859 1.9615707
      vertex 24.9616 -1.60982 1.9615707
    endloop
  endfacet
  facet normal -0.59368 -0.700099 0.396742
    outer loop
      vertex -23.7857 -119.663 6.7472607
      vertex -24.1759 -119.111 7.1374407
      vertex -24.0266 -119.663 6.3867807
    endloop
  endfacet
  facet normal -0.323808 -0.921044 0.216393
    outer loop
      vertex -23.7857 -119.663 6.7472607
      vertex -24.0266 -119.663 6.3867807
      vertex -23.2759 -119.962 6.2374707
    endloop
  endfacet
  facet normal 0.59368 -0.700099 0.396742
    outer loop
      vertex 24.1759 -119.111 7.1374407
      vertex 23.7857 -119.663 6.7472607
      vertex 24.0266 -119.663 6.3867807
    endloop
  endfacet
  facet normal 0.923856 -0.38274 0
    outer loop
      vertex 24.6629 -119.111 5.9615707
      vertex 24.9616 -118.39 1.9615707
      vertex 24.9616 -118.39 5.9615707
    endloop
  endfacet
  facet normal 0.923856 -0.38274 0
    outer loop
      vertex 24.9616 -118.39 1.9615707
      vertex 24.6629 -119.111 5.9615707
      vertex 24.6629 -119.111 1.9615707
    endloop
  endfacet
  facet normal 0.593705 -0.700087 0.396728
    outer loop
      vertex 24.1759 -119.111 7.1374407
      vertex 24.0266 -119.663 6.3867807
      vertex 24.5364 -119.111 6.5979507
    endloop
  endfacet
  facet normal 0.700363 -0.700079 0.139218
    outer loop
      vertex 24.5364 -119.111 6.5979507
      vertex 24.0266 -119.663 6.3867807
      vertex 24.6629 -119.111 5.9615707
    endloop
  endfacet
  facet normal 0.396698 -0.70009 0.593721
    outer loop
      vertex 24.1759 -119.111 7.1374407
      vertex 23.4252 -119.663 6.9881307
      vertex 23.7857 -119.663 6.7472607
    endloop
  endfacet
  facet normal 0.39669 -0.700087 -0.593731
    outer loop
      vertex 23.7857 -119.663 1.1758707
      vertex 23.4252 -119.663 0.9350097
      vertex 24.1759 -119.111 0.7856947
    endloop
  endfacet
  facet normal 0.593682 -0.700098 -0.396743
    outer loop
      vertex 24.0266 -119.663 1.5363507
      vertex 23.7857 -119.663 1.1758707
      vertex 24.1759 -119.111 0.7856947
    endloop
  endfacet
  facet normal -0.323466 0.921218 -0.216165
    outer loop
      vertex -23.7857 -0.33706 1.1758707
      vertex -24.0266 -0.33706 1.5363507
      vertex -23.2759 -0.0384293 1.6856707
    endloop
  endfacet
  facet normal -0.770283 0.376374 -0.514789
    outer loop
      vertex -24.387 -1.60982 0.5745307
      vertex -24.8123 -1.60982 1.2109107
      vertex -24.5364 -0.888859 1.3251907
    endloop
  endfacet
  facet normal -0.908637 0.376456 0.18072
    outer loop
      vertex -24.6629 -0.888859 5.9615707
      vertex -24.9616 -1.60982 5.9615707
      vertex -24.8123 -1.60982 6.7122307
    endloop
  endfacet
  facet normal -0.700238 0.700209 0.139194
    outer loop
      vertex -24.0266 -0.33706 6.3867807
      vertex -24.6629 -0.888859 5.9615707
      vertex -24.5364 -0.888859 6.5979507
    endloop
  endfacet
  facet normal 0.90869 0.376372 0.18063
    outer loop
      vertex 24.6629 -0.888859 5.9615707
      vertex 24.5364 -0.888859 6.5979507
      vertex 24.8123 -1.60982 6.7122307
    endloop
  endfacet
  facet normal -0.90869 0.376372 0.18063
    outer loop
      vertex -24.6629 -0.888859 5.9615707
      vertex -24.8123 -1.60982 6.7122307
      vertex -24.5364 -0.888859 6.5979507
    endloop
  endfacet
  facet normal -0.514759 0.376388 -0.770296
    outer loop
      vertex -23.7507 -1.60982 0.1493157
      vertex -24.387 -1.60982 0.5745307
      vertex -23.6364 -0.888859 0.4252147
    endloop
  endfacet
  facet normal -0.139277 0.700218 -0.700212
    outer loop
      vertex -23 -0.888859 0.2986307
      vertex -23.6364 -0.888859 0.4252147
      vertex -23.4252 -0.33706 0.9350097
    endloop
  endfacet
  facet normal 0 0.707107 -0.707107
    outer loop
      vertex 23 -0.888859 0.2986307
      vertex -23 -0.33706 0.8504297
      vertex 23 -0.33706 0.8504297
    endloop
  endfacet
  facet normal 0 0.707107 -0.707107
    outer loop
      vertex -23 -0.33706 0.8504297
      vertex 23 -0.888859 0.2986307
      vertex -23 -0.888859 0.2986307
    endloop
  endfacet
  facet normal -0.38271 0.923869 0
    outer loop
      vertex -23.3902 -0.0384293 1.9615707
      vertex -24.1111 -0.33706 5.9615707
      vertex -23.3902 -0.0384293 5.9615707
    endloop
  endfacet
  facet normal -0.38271 0.923869 0
    outer loop
      vertex -24.1111 -0.33706 5.9615707
      vertex -23.3902 -0.0384293 1.9615707
      vertex -24.1111 -0.33706 1.9615707
    endloop
  endfacet
  facet normal -0.700227 0.700228 0.139153
    outer loop
      vertex -24.1111 -0.33706 5.9615707
      vertex -24.6629 -0.888859 5.9615707
      vertex -24.0266 -0.33706 6.3867807
    endloop
  endfacet
  facet normal 0.075986 -0.921043 0.381977
    outer loop
      vertex 23.4252 -119.663 6.9881307
      vertex 23 -119.962 6.3517507
      vertex 23.1493 -119.962 6.3220507
    endloop
  endfacet
  facet normal 0.514736 -0.376329 0.77034
    outer loop
      vertex 24.387 -118.39 7.3486107
      vertex 23.6364 -119.111 7.4979307
      vertex 24.1759 -119.111 7.1374407
    endloop
  endfacet
  facet normal 0.908696 -0.376355 0.180631
    outer loop
      vertex 24.8123 -118.39 6.7122307
      vertex 24.5364 -119.111 6.5979507
      vertex 24.6629 -119.111 5.9615707
    endloop
  endfacet
  facet normal 0.770288 -0.376357 0.514793
    outer loop
      vertex 24.8123 -118.39 6.7122307
      vertex 24.387 -118.39 7.3486107
      vertex 24.5364 -119.111 6.5979507
    endloop
  endfacet
  facet normal -0.514757 0.37638 0.770301
    outer loop
      vertex -23.6364 -0.888859 7.4979307
      vertex -24.387 -1.60982 7.3486107
      vertex -23.7507 -1.60982 7.7738207
    endloop
  endfacet
  facet normal -0.180734 0.376373 0.908668
    outer loop
      vertex -23.6364 -0.888859 7.4979307
      vertex -23.7507 -1.60982 7.7738207
      vertex -23 -0.888859 7.6245107
    endloop
  endfacet
  facet normal -0.707106 0.707107 0
    outer loop
      vertex -24.1111 -0.33706 1.9615707
      vertex -24.6629 -0.888859 5.9615707
      vertex -24.1111 -0.33706 5.9615707
    endloop
  endfacet
  facet normal -0.707106 0.707107 0
    outer loop
      vertex -24.6629 -0.888859 5.9615707
      vertex -24.1111 -0.33706 1.9615707
      vertex -24.6629 -0.888859 1.9615707
    endloop
  endfacet
  facet normal -0.923849 0.382758 0
    outer loop
      vertex -24.9616 -1.60982 1.9615707
      vertex -24.6629 -0.888859 5.9615707
      vertex -24.6629 -0.888859 1.9615707
    endloop
  endfacet
  facet normal -0.923849 0.382758 0
    outer loop
      vertex -24.6629 -0.888859 5.9615707
      vertex -24.9616 -1.60982 1.9615707
      vertex -24.9616 -1.60982 5.9615707
    endloop
  endfacet
  facet normal -0 0.382681 0.92388
    outer loop
      vertex -23 -0.888859 7.6245107
      vertex 23 -1.60982 7.9231407
      vertex 23 -0.888859 7.6245107
    endloop
  endfacet
  facet normal 0 0.382681 0.92388
    outer loop
      vertex 23 -1.60982 7.9231407
      vertex -23 -0.888859 7.6245107
      vertex -23 -1.60982 7.9231407
    endloop
  endfacet
  facet normal 0.908637 0.376456 0.18072
    outer loop
      vertex 24.9616 -1.60982 5.9615707
      vertex 24.6629 -0.888859 5.9615707
      vertex 24.8123 -1.60982 6.7122307
    endloop
  endfacet
  facet normal -0.396627 0.70022 0.593615
    outer loop
      vertex -23.7857 -0.33706 6.7472607
      vertex -24.1759 -0.888859 7.1374407
      vertex -23.4252 -0.33706 6.9881307
    endloop
  endfacet
  facet normal -0.381608 0.921208 0.0758351
    outer loop
      vertex -23.3902 -0.0384293 5.9615707
      vertex -24.1111 -0.33706 5.9615707
      vertex -24.0266 -0.33706 6.3867807
    endloop
  endfacet
  facet normal 0.396619 0.700217 -0.593625
    outer loop
      vertex 24.1759 -0.888859 0.7856947
      vertex 23.4252 -0.33706 0.9350097
      vertex 23.7857 -0.33706 1.1758707
    endloop
  endfacet
  facet normal -0.381569 0.921219 0.0758999
    outer loop
      vertex -23.3902 -0.0384293 5.9615707
      vertex -24.0266 -0.33706 6.3867807
      vertex -23.3605 -0.0384293 6.1108807
    endloop
  endfacet
  facet normal -0.180739 0.376383 -0.908663
    outer loop
      vertex -23 -0.888859 0.2986307
      vertex -23.7507 -1.60982 0.1493157
      vertex -23.6364 -0.888859 0.4252147
    endloop
  endfacet
  facet normal -0.323461 0.921215 -0.216186
    outer loop
      vertex -23.2759 -0.0384293 1.6856707
      vertex -24.0266 -0.33706 1.5363507
      vertex -23.3605 -0.0384293 1.8122507
    endloop
  endfacet
  facet normal -0.381571 0.921218 -0.0758952
    outer loop
      vertex -23.3605 -0.0384293 1.8122507
      vertex -24.0266 -0.33706 1.5363507
      vertex -23.3902 -0.0384293 1.9615707
    endloop
  endfacet
  facet normal -0.0759064 0.921215 0.381577
    outer loop
      vertex -23.1493 -0.0384293 6.3220507
      vertex -23.4252 -0.33706 6.9881307
      vertex -23 -0.0384293 6.3517507
    endloop
  endfacet
  facet normal 0.396708 -0.700099 0.593703
    outer loop
      vertex 23.6364 -119.111 7.4979307
      vertex 23.4252 -119.663 6.9881307
      vertex 24.1759 -119.111 7.1374407
    endloop
  endfacet
  facet normal 0.139297 -0.700091 0.700335
    outer loop
      vertex 23.6364 -119.111 7.4979307
      vertex 23 -119.111 7.6245107
      vertex 23.4252 -119.663 6.9881307
    endloop
  endfacet
  facet normal -0.593599 0.700217 0.396657
    outer loop
      vertex -24.0266 -0.33706 6.3867807
      vertex -24.5364 -0.888859 6.5979507
      vertex -24.1759 -0.888859 7.1374407
    endloop
  endfacet
  facet normal -0.77033 0.376327 0.514753
    outer loop
      vertex -24.1759 -0.888859 7.1374407
      vertex -24.5364 -0.888859 6.5979507
      vertex -24.387 -1.60982 7.3486107
    endloop
  endfacet
  facet normal 0.216125 0.921217 0.323497
    outer loop
      vertex 23.2759 -0.0384293 6.2374707
      vertex 23.1493 -0.0384293 6.3220507
      vertex 23.4252 -0.33706 6.9881307
    endloop
  endfacet
  facet normal 0.180734 0.376373 0.908668
    outer loop
      vertex 23.6364 -0.888859 7.4979307
      vertex 23 -0.888859 7.6245107
      vertex 23.7507 -1.60982 7.7738207
    endloop
  endfacet
  facet normal 0.514757 0.37638 0.770301
    outer loop
      vertex 24.387 -1.60982 7.3486107
      vertex 23.6364 -0.888859 7.4979307
      vertex 23.7507 -1.60982 7.7738207
    endloop
  endfacet
  facet normal -0.0759063 0.921215 -0.381576
    outer loop
      vertex -23 -0.0384293 1.5713907
      vertex -23.4252 -0.33706 0.9350097
      vertex -23.1493 -0.0384293 1.6010907
    endloop
  endfacet
  facet normal 0.923849 0.382758 0
    outer loop
      vertex 24.9616 -1.60982 5.9615707
      vertex 24.6629 -0.888859 1.9615707
      vertex 24.6629 -0.888859 5.9615707
    endloop
  endfacet
  facet normal 0.923849 0.382758 0
    outer loop
      vertex 24.6629 -0.888859 1.9615707
      vertex 24.9616 -1.60982 5.9615707
      vertex 24.9616 -1.60982 1.9615707
    endloop
  endfacet
  facet normal 0.381608 0.921208 0.0758351
    outer loop
      vertex 24.1111 -0.33706 5.9615707
      vertex 23.3902 -0.0384293 5.9615707
      vertex 24.0266 -0.33706 6.3867807
    endloop
  endfacet
  facet normal -0.396637 0.700229 0.593597
    outer loop
      vertex -23.4252 -0.33706 6.9881307
      vertex -24.1759 -0.888859 7.1374407
      vertex -23.6364 -0.888859 7.4979307
    endloop
  endfacet
  facet normal -0.139272 0.700221 0.70021
    outer loop
      vertex -23.4252 -0.33706 6.9881307
      vertex -23.6364 -0.888859 7.4979307
      vertex -23 -0.888859 7.6245107
    endloop
  endfacet
  facet normal 0.514723 0.37634 -0.770343
    outer loop
      vertex 24.387 -1.60982 0.5745307
      vertex 23.6364 -0.888859 0.4252147
      vertex 24.1759 -0.888859 0.7856947
    endloop
  endfacet
  facet normal 0.593576 0.700228 -0.396672
    outer loop
      vertex 24.1759 -0.888859 0.7856947
      vertex 23.7857 -0.33706 1.1758707
      vertex 24.0266 -0.33706 1.5363507
    endloop
  endfacet
  facet normal 0.593604 0.700213 -0.396656
    outer loop
      vertex 24.1759 -0.888859 0.7856947
      vertex 24.0266 -0.33706 1.5363507
      vertex 24.5364 -0.888859 1.3251907
    endloop
  endfacet
  facet normal 0.139285 0.700214 -0.700214
    outer loop
      vertex 23.4252 -0.33706 0.9350097
      vertex 23 -0.888859 0.2986307
      vertex 23 -0.33706 0.8504297
    endloop
  endfacet
  facet normal 0.0759028 0.921215 -0.381578
    outer loop
      vertex 23.4252 -0.33706 0.9350097
      vertex 23 -0.33706 0.8504297
      vertex 23 -0.0384293 1.5713907
    endloop
  endfacet
  facet normal -0.770334 0.376323 -0.51475
    outer loop
      vertex -24.387 -1.60982 0.5745307
      vertex -24.5364 -0.888859 1.3251907
      vertex -24.1759 -0.888859 0.7856947
    endloop
  endfacet
  facet normal -0.593604 0.700213 -0.396656
    outer loop
      vertex -24.1759 -0.888859 0.7856947
      vertex -24.5364 -0.888859 1.3251907
      vertex -24.0266 -0.33706 1.5363507
    endloop
  endfacet
  facet normal -0.396631 0.700227 -0.593604
    outer loop
      vertex -23.6364 -0.888859 0.4252147
      vertex -24.1759 -0.888859 0.7856947
      vertex -23.4252 -0.33706 0.9350097
    endloop
  endfacet
  facet normal -0.216136 0.921215 -0.323494
    outer loop
      vertex -23.4252 -0.33706 0.9350097
      vertex -23.7857 -0.33706 1.1758707
      vertex -23.2759 -0.0384293 1.6856707
    endloop
  endfacet
  facet normal 0.21637 -0.921041 0.323832
    outer loop
      vertex 23.4252 -119.663 6.9881307
      vertex 23.2759 -119.962 6.2374707
      vertex 23.7857 -119.663 6.7472607
    endloop
  endfacet
  facet normal 0.323808 -0.921044 0.216393
    outer loop
      vertex 23.7857 -119.663 6.7472607
      vertex 23.2759 -119.962 6.2374707
      vertex 24.0266 -119.663 6.3867807
    endloop
  endfacet
  facet normal 0.381608 0.921208 -0.0758334
    outer loop
      vertex 24.0266 -0.33706 1.5363507
      vertex 23.3902 -0.0384293 1.9615707
      vertex 24.1111 -0.33706 1.9615707
    endloop
  endfacet
  facet normal 0.323467 0.921216 0.216173
    outer loop
      vertex 23.3605 -0.0384293 6.1108807
      vertex 23.2759 -0.0384293 6.2374707
      vertex 24.0266 -0.33706 6.3867807
    endloop
  endfacet
  facet normal 0.514732 0.376347 0.770334
    outer loop
      vertex 24.1759 -0.888859 7.1374407
      vertex 23.6364 -0.888859 7.4979307
      vertex 24.387 -1.60982 7.3486107
    endloop
  endfacet
  facet normal 0.593599 0.700217 0.396657
    outer loop
      vertex 24.5364 -0.888859 6.5979507
      vertex 24.0266 -0.33706 6.3867807
      vertex 24.1759 -0.888859 7.1374407
    endloop
  endfacet
  facet normal 0.216143 0.921214 0.323492
    outer loop
      vertex 23.7857 -0.33706 6.7472607
      vertex 23.2759 -0.0384293 6.2374707
      vertex 23.4252 -0.33706 6.9881307
    endloop
  endfacet
  facet normal 0.0759064 0.921215 0.381577
    outer loop
      vertex 23.1493 -0.0384293 6.3220507
      vertex 23 -0.0384293 6.3517507
      vertex 23.4252 -0.33706 6.9881307
    endloop
  endfacet
  facet normal -0.216124 0.921217 -0.323497
    outer loop
      vertex -23.1493 -0.0384293 1.6010907
      vertex -23.4252 -0.33706 0.9350097
      vertex -23.2759 -0.0384293 1.6856707
    endloop
  endfacet
  facet normal 0.700227 0.700228 0.139153
    outer loop
      vertex 24.1111 -0.33706 5.9615707
      vertex 24.0266 -0.33706 6.3867807
      vertex 24.6629 -0.888859 5.9615707
    endloop
  endfacet
  facet normal 0.707106 0.707107 0
    outer loop
      vertex 24.6629 -0.888859 5.9615707
      vertex 24.1111 -0.33706 1.9615707
      vertex 24.1111 -0.33706 5.9615707
    endloop
  endfacet
  facet normal 0.707106 0.707107 0
    outer loop
      vertex 24.1111 -0.33706 1.9615707
      vertex 24.6629 -0.888859 5.9615707
      vertex 24.6629 -0.888859 1.9615707
    endloop
  endfacet
  facet normal -0.0759029 0.921215 0.381579
    outer loop
      vertex -23 -0.0384293 6.3517507
      vertex -23.4252 -0.33706 6.9881307
      vertex -23 -0.33706 7.0727107
    endloop
  endfacet
  facet normal -0.139285 0.700215 0.700213
    outer loop
      vertex -23 -0.33706 7.0727107
      vertex -23.4252 -0.33706 6.9881307
      vertex -23 -0.888859 7.6245107
    endloop
  endfacet
  facet normal -0.396619 0.700217 -0.593625
    outer loop
      vertex -23.4252 -0.33706 0.9350097
      vertex -24.1759 -0.888859 0.7856947
      vertex -23.7857 -0.33706 1.1758707
    endloop
  endfacet
  facet normal -0.593576 0.700228 -0.396672
    outer loop
      vertex -23.7857 -0.33706 1.1758707
      vertex -24.1759 -0.888859 0.7856947
      vertex -24.0266 -0.33706 1.5363507
    endloop
  endfacet
  facet normal -0.593574 0.700229 0.396671
    outer loop
      vertex -24.0266 -0.33706 6.3867807
      vertex -24.1759 -0.888859 7.1374407
      vertex -23.7857 -0.33706 6.7472607
    endloop
  endfacet
  facet normal 0 1 0
    outer loop
      vertex 23.3902 -0.0384293 5.9615707
      vertex 23 -0.0384293 6.3517507
      vertex 23.1493 -0.0384293 6.3220507
    endloop
  endfacet
  facet normal 0 1 0
    outer loop
      vertex 23 -0.0384293 6.3517507
      vertex 23 -0.0384293 1.5713907
      vertex -23 -0.0384293 6.3517507
    endloop
  endfacet
  facet normal 0 1 0
    outer loop
      vertex 23.3902 -0.0384293 5.9615707
      vertex 23.1493 -0.0384293 6.3220507
      vertex 23.2759 -0.0384293 6.2374707
    endloop
  endfacet
  facet normal 0 1 0
    outer loop
      vertex -23 -0.0384293 1.5713907
      vertex -23 -0.0384293 6.3517507
      vertex 23 -0.0384293 1.5713907
    endloop
  endfacet
  facet normal 0 1 0
    outer loop
      vertex 23.3902 -0.0384293 5.9615707
      vertex 23.2759 -0.0384293 6.2374707
      vertex 23.3605 -0.0384293 6.1108807
    endloop
  endfacet
  facet normal -0 1 0
    outer loop
      vertex -23.3902 -0.0384293 5.9615707
      vertex -23 -0.0384293 6.3517507
      vertex -23 -0.0384293 1.5713907
    endloop
  endfacet
  facet normal 0 1 0
    outer loop
      vertex 23 -0.0384293 6.3517507
      vertex 23.3902 -0.0384293 5.9615707
      vertex 23 -0.0384293 1.5713907
    endloop
  endfacet
  facet normal 0 1 0
    outer loop
      vertex -23 -0.0384293 6.3517507
      vertex -23.3902 -0.0384293 5.9615707
      vertex -23.1493 -0.0384293 6.3220507
    endloop
  endfacet
  facet normal 0 1 0
    outer loop
      vertex 23 -0.0384293 1.5713907
      vertex 23.3902 -0.0384293 5.9615707
      vertex 23.3902 -0.0384293 1.9615707
    endloop
  endfacet
  facet normal 0 1 0
    outer loop
      vertex -23.1493 -0.0384293 6.3220507
      vertex -23.3902 -0.0384293 5.9615707
      vertex -23.2759 -0.0384293 6.2374707
    endloop
  endfacet
  facet normal 0 1 0
    outer loop
      vertex 23 -0.0384293 1.5713907
      vertex 23.3902 -0.0384293 1.9615707
      vertex 23.3605 -0.0384293 1.8122507
    endloop
  endfacet
  facet normal 0 1 0
    outer loop
      vertex -23.2759 -0.0384293 6.2374707
      vertex -23.3902 -0.0384293 5.9615707
      vertex -23.3605 -0.0384293 6.1108807
    endloop
  endfacet
  facet normal 0 1 0
    outer loop
      vertex 23 -0.0384293 1.5713907
      vertex 23.3605 -0.0384293 1.8122507
      vertex 23.2759 -0.0384293 1.6856707
    endloop
  endfacet
  facet normal 0 1 0
    outer loop
      vertex -23.3902 -0.0384293 5.9615707
      vertex -23 -0.0384293 1.5713907
      vertex -23.3902 -0.0384293 1.9615707
    endloop
  endfacet
  facet normal 0 1 0
    outer loop
      vertex 23 -0.0384293 1.5713907
      vertex 23.2759 -0.0384293 1.6856707
      vertex 23.1493 -0.0384293 1.6010907
    endloop
  endfacet
  facet normal 0 1 0
    outer loop
      vertex -23.3902 -0.0384293 1.9615707
      vertex -23 -0.0384293 1.5713907
      vertex -23.3605 -0.0384293 1.8122507
    endloop
  endfacet
  facet normal 0 1 0
    outer loop
      vertex -23.3605 -0.0384293 1.8122507
      vertex -23 -0.0384293 1.5713907
      vertex -23.2759 -0.0384293 1.6856707
    endloop
  endfacet
  facet normal 0 1 0
    outer loop
      vertex -23.2759 -0.0384293 1.6856707
      vertex -23 -0.0384293 1.5713907
      vertex -23.1493 -0.0384293 1.6010907
    endloop
  endfacet
  facet normal 0.77033 0.376327 0.514753
    outer loop
      vertex 24.5364 -0.888859 6.5979507
      vertex 24.1759 -0.888859 7.1374407
      vertex 24.387 -1.60982 7.3486107
    endloop
  endfacet
  facet normal 0.770283 0.376374 0.514789
    outer loop
      vertex 24.5364 -0.888859 6.5979507
      vertex 24.387 -1.60982 7.3486107
      vertex 24.8123 -1.60982 6.7122307
    endloop
  endfacet
  facet normal 0.396627 0.70022 0.593615
    outer loop
      vertex 23.7857 -0.33706 6.7472607
      vertex 23.4252 -0.33706 6.9881307
      vertex 24.1759 -0.888859 7.1374407
    endloop
  endfacet
  facet normal 0.593574 0.700229 0.396671
    outer loop
      vertex 24.0266 -0.33706 6.3867807
      vertex 23.7857 -0.33706 6.7472607
      vertex 24.1759 -0.888859 7.1374407
    endloop
  endfacet
  facet normal 0.381569 0.921219 0.0758999
    outer loop
      vertex 23.3902 -0.0384293 5.9615707
      vertex 23.3605 -0.0384293 6.1108807
      vertex 24.0266 -0.33706 6.3867807
    endloop
  endfacet
  facet normal 0.381571 0.921218 -0.0758952
    outer loop
      vertex 24.0266 -0.33706 1.5363507
      vertex 23.3605 -0.0384293 1.8122507
      vertex 23.3902 -0.0384293 1.9615707
    endloop
  endfacet
  facet normal 0.323466 0.921218 -0.216165
    outer loop
      vertex 23.7857 -0.33706 1.1758707
      vertex 23.2759 -0.0384293 1.6856707
      vertex 24.0266 -0.33706 1.5363507
    endloop
  endfacet
  facet normal -0.216125 0.921217 0.323497
    outer loop
      vertex -23.2759 -0.0384293 6.2374707
      vertex -23.4252 -0.33706 6.9881307
      vertex -23.1493 -0.0384293 6.3220507
    endloop
  endfacet
  facet normal -0.216143 0.921214 0.323492
    outer loop
      vertex -23.2759 -0.0384293 6.2374707
      vertex -23.7857 -0.33706 6.7472607
      vertex -23.4252 -0.33706 6.9881307
    endloop
  endfacet
  facet normal -0.323469 0.921217 0.216166
    outer loop
      vertex -23.2759 -0.0384293 6.2374707
      vertex -24.0266 -0.33706 6.3867807
      vertex -23.7857 -0.33706 6.7472607
    endloop
  endfacet
  facet normal 0.216136 0.921215 -0.323494
    outer loop
      vertex 23.4252 -0.33706 0.9350097
      vertex 23.2759 -0.0384293 1.6856707
      vertex 23.7857 -0.33706 1.1758707
    endloop
  endfacet
  facet normal 0.323461 0.921215 -0.216186
    outer loop
      vertex 24.0266 -0.33706 1.5363507
      vertex 23.2759 -0.0384293 1.6856707
      vertex 23.3605 -0.0384293 1.8122507
    endloop
  endfacet
  facet normal 0.216124 0.921217 -0.323497
    outer loop
      vertex 23.4252 -0.33706 0.9350097
      vertex 23.1493 -0.0384293 1.6010907
      vertex 23.2759 -0.0384293 1.6856707
    endloop
  endfacet
  facet normal 0.0759063 0.921215 -0.381576
    outer loop
      vertex 23.4252 -0.33706 0.9350097
      vertex 23 -0.0384293 1.5713907
      vertex 23.1493 -0.0384293 1.6010907
    endloop
  endfacet
endsolid OpenSCAD_Model
